date,price,bedrooms,bathrooms,sqft_living,sqft_lot,floors,waterfront,view,condition,sqft_above,sqft_basement,yr_built,yr_renovated,city,zipcode,was_renovated,effective_year,house_age,age_effective,price_per_sqft
2014-05-02,313000.0,3.0,1.5,1340,7912,1.5,0,0,3,1340,0,1955,,Shoreline,98133,0,1955,59,59,233.5820895522388
2014-05-02,2384000.0,5.0,2.5,3650,9050,2.0,0,4,5,3370,280,1921,,Seattle,98119,0,1921,93,93,653.1506849315068
2014-05-02,342000.0,3.0,2.0,1930,11947,1.0,0,0,4,1930,0,1966,,Kent,98042,0,1966,48,48,177.2020725388601
2014-05-02,420000.0,3.0,2.25,2000,8030,1.0,0,0,4,1000,1000,1963,,Bellevue,98008,0,1963,51,51,210.0
2014-05-02,550000.0,4.0,2.5,1940,10500,1.0,0,0,4,1140,800,1976,,Redmond,98052,0,1976,38,38,283.50515463917526
2014-05-02,490000.0,2.0,1.0,880,6380,1.0,0,0,3,880,0,1938,1994.0,Seattle,98115,1,1994,76,20,556.8181818181819
2014-05-02,335000.0,2.0,2.0,1350,2560,1.0,0,0,3,1350,0,1976,,Redmond,98052,0,1976,38,38,248.14814814814815
2014-05-02,482000.0,4.0,2.5,2710,35868,2.0,0,0,3,2710,0,1989,,Maple Valley,98038,0,1989,25,25,177.85977859778598
2014-05-02,452500.0,3.0,2.5,2430,88426,1.0,0,0,4,1570,860,1985,,North Bend,98045,0,1985,29,29,186.21399176954733
2014-05-02,640000.0,4.0,2.0,1520,6200,1.5,0,0,3,1520,0,1945,,Seattle,98115,0,1945,69,69,421.05263157894734
2014-05-02,463000.0,3.0,1.75,1710,7320,1.0,0,0,3,1710,0,1948,,Lake Forest Park,98155,0,1948,66,66,270.7602339181287
2014-05-02,1400000.0,4.0,2.5,2920,4000,1.5,0,0,5,1910,1010,1909,,Seattle,98105,0,1909,105,105,479.45205479452056
2014-05-02,588500.0,3.0,1.75,2330,14892,1.0,0,0,3,1970,360,1980,,Sammamish,98074,0,1980,34,34,252.57510729613733
2014-05-02,365000.0,3.0,1.0,1090,6435,1.0,0,0,4,1090,0,1955,,Seattle,98106,0,1955,59,59,334.86238532110093
2014-05-02,1200000.0,5.0,2.75,2910,9480,1.5,0,0,3,2910,0,1939,,Seattle,98105,0,1939,75,75,412.37113402061857
2014-05-02,242500.0,3.0,1.5,1200,9720,1.0,0,0,4,1200,0,1965,,Kent,98042,0,1965,49,49,202.08333333333334
2014-05-02,419000.0,3.0,1.5,1570,6700,1.0,0,0,4,1570,0,1956,,Bellevue,98007,0,1956,58,58,266.8789808917197
2014-05-02,367500.0,4.0,3.0,3110,7231,2.0,0,0,3,3110,0,1997,,Auburn,98092,0,1997,17,17,118.16720257234726
2014-05-02,257950.0,3.0,1.75,1370,5858,1.0,0,0,3,1370,0,1987,,Des Moines,98198,0,1987,27,27,188.28467153284672
2014-05-02,275000.0,3.0,1.5,1180,10277,1.0,0,0,3,1180,0,1983,,North Bend,98045,0,1983,31,31,233.05084745762713
2014-05-02,750000.0,3.0,1.75,2240,10578,2.0,0,0,5,1550,690,1923,,Seattle,98115,0,1923,91,91,334.82142857142856
2014-05-02,435000.0,4.0,1.0,1450,8800,1.0,0,0,4,1450,0,1954,,Bellevue,98006,0,1954,60,60,300.0
2014-05-02,626000.0,3.0,2.25,1750,1572,2.5,0,0,3,1470,280,2005,,Seattle,98102,0,2005,9,9,357.7142857142857
2014-05-02,612500.0,4.0,2.5,2730,12261,2.0,0,0,3,2730,0,1991,,Bothell,98011,0,1991,23,23,224.35897435897436
2014-05-02,495000.0,4.0,1.75,1600,6380,1.0,0,0,3,1130,470,1959,,Seattle,98125,0,1959,55,55,309.375
2014-05-02,285000.0,3.0,2.5,2090,10834,1.0,0,0,4,1360,730,1987,,Federal Way,98003,0,1987,27,27,136.36363636363637
2014-05-02,615000.0,3.0,1.75,2360,7291,1.0,0,0,4,1360,1000,1948,,Seattle,98136,0,1948,66,66,260.59322033898303
2014-05-02,698000.0,4.0,2.25,2200,11250,1.5,0,0,5,1300,900,1920,,Kirkland,98033,0,1920,94,94,317.27272727272725
2014-05-02,675000.0,5.0,2.5,2820,67518,2.0,0,0,3,2820,0,1979,,Issaquah,98029,0,1979,35,35,239.36170212765958
2014-05-02,790000.0,3.0,2.5,2600,4750,1.0,0,0,4,1700,900,1951,,Seattle,98117,0,1951,63,63,303.84615384615387
2014-05-02,382500.0,4.0,1.75,1560,8700,1.0,0,0,4,1560,0,1967,,Kirkland,98034,0,1967,47,47,245.19230769230768
2014-05-02,499950.0,4.0,2.5,2860,3345,2.0,0,0,3,2190,670,2004,,Woodinville,98072,0,2004,10,10,174.80769230769232
2014-05-02,650000.0,4.0,2.0,1820,5000,1.5,0,1,3,1640,180,1945,,Seattle,98115,0,1945,69,69,357.14285714285717
2014-05-02,625000.0,4.0,2.5,2820,8408,2.0,0,0,3,2820,0,2014,,Shoreline,98155,0,2014,0,0,221.63120567375887
2014-05-02,400000.0,4.0,2.5,3630,42884,1.5,0,0,3,2300,1330,1979,,Auburn,98092,0,1979,35,35,110.19283746556474
2014-05-02,604000.0,3.0,2.5,3240,33151,2.0,0,2,3,3240,0,1995,,Federal Way,98023,0,1995,19,19,186.41975308641975
2014-05-02,440000.0,2.0,1.0,800,4850,1.0,0,0,4,800,0,1944,,Seattle,98107,0,1944,70,70,550.0
2014-05-02,287200.0,3.0,3.0,1850,19966,1.0,0,0,4,1090,760,1992,,Maple Valley,98038,0,1992,22,22,155.24324324324326
2014-05-02,403000.0,3.0,2.0,1960,13100,1.0,0,2,5,1650,310,1957,,Normandy Park,98166,0,1957,57,57,205.6122448979592
2014-05-02,750000.0,3.0,2.5,2390,6550,1.0,0,2,4,1440,950,1955,,Seattle,98116,0,1955,59,59,313.8075313807531
2014-05-02,335000.0,3.0,2.25,1580,16215,1.0,0,0,4,1580,0,1978,,Fall City,98024,0,1978,36,36,212.0253164556962
2014-05-02,260000.0,4.0,2.0,1480,8625,1.0,0,0,4,1480,0,1974,,Renton,98055,0,1974,40,40,175.67567567567568
2014-05-02,308500.0,2.0,1.0,850,6174,1.0,0,0,4,850,0,1950,,Shoreline,98155,0,1950,64,64,362.94117647058823
2014-05-02,439950.0,3.0,2.5,1770,2875,2.0,0,0,3,1770,0,1990,,Seattle,98116,0,1990,24,24,248.5593220338983
2014-05-02,235000.0,2.0,1.0,1210,9400,1.0,0,0,2,1210,0,1949,,Seattle,98106,0,1949,65,65,194.21487603305786
2014-05-02,315000.0,3.0,1.0,1160,9180,1.0,0,0,3,1160,0,1968,,Woodinville,98077,0,1968,46,46,271.55172413793105
2014-05-02,437500.0,3.0,2.25,1970,35100,2.0,0,0,4,1970,0,1977,,Issaquah,98027,0,1977,37,37,222.08121827411168
2014-05-02,407500.0,3.0,2.5,1930,10460,2.0,0,0,3,1930,0,1996,,Renton,98059,0,1996,18,18,211.13989637305698
2014-05-02,445700.0,3.0,2.5,1270,1180,3.0,0,0,3,1270,0,2001,,Seattle,98107,0,2001,13,13,350.9448818897638
2014-05-02,838000.0,4.0,2.5,3310,42998,2.0,0,0,3,3310,0,2001,,Redmond,98052,0,2001,13,13,253.17220543806647
2014-05-02,630000.0,4.0,2.75,2710,37277,2.0,0,0,3,2710,0,2000,,Issaquah,98027,0,2000,14,14,232.47232472324723
2014-05-02,550000.0,3.0,1.75,2910,35200,1.5,0,0,3,2910,0,1979,,Sammamish,98075,0,1979,35,35,189.00343642611685
2014-05-02,805000.0,3.0,2.0,2710,4500,1.5,0,0,4,1880,830,1929,,Seattle,98115,0,1929,85,85,297.0479704797048
2014-05-02,284000.0,3.0,1.75,1800,23103,1.0,0,0,3,1800,0,1968,,Carnation,98014,0,1968,46,46,157.77777777777777
2014-05-02,470000.0,5.0,2.5,2210,9655,1.0,0,0,3,1460,750,1976,,Bothell,98011,0,1976,38,38,212.66968325791856
2014-05-02,430000.0,4.0,1.5,1920,10000,1.0,0,0,4,1070,850,1954,,Bellevue,98006,0,1954,60,60,223.95833333333334
2014-05-02,491500.0,4.0,1.75,2190,125452,1.0,0,2,3,2190,0,1968,,Auburn,98092,0,1968,46,46,224.42922374429224
2014-05-02,785000.0,5.0,3.25,3660,11995,2.0,0,2,3,3660,0,2006,,Snoqualmie,98065,0,2006,8,8,214.4808743169399
2014-05-02,385000.0,3.0,3.25,1320,1327,2.0,0,0,3,1040,280,2008,,Seattle,98199,0,2008,6,6,291.6666666666667
2014-05-02,295000.0,2.0,2.5,1630,1368,2.0,0,0,3,1280,350,2009,,Seattle,98106,0,2009,5,5,180.98159509202455
2014-05-02,555000.0,4.0,2.5,3310,6500,2.0,0,0,3,3310,0,2012,,Snoqualmie,98065,0,2012,2,2,167.67371601208458
2014-05-02,459990.0,3.0,2.5,2680,5539,2.0,0,0,3,2680,0,2013,,North Bend,98045,0,2013,1,1,171.63805970149255
2014-05-02,625000.0,4.0,3.25,2730,54014,1.0,0,0,3,1560,1170,2007,,Renton,98059,0,2007,7,7,228.93772893772893
2014-05-02,300000.0,3.0,2.5,2540,5050,2.0,0,0,3,2540,0,2006,,Kent,98042,0,2006,8,8,118.11023622047244
2014-05-03,625000.0,4.0,2.75,2920,6605,2.0,0,0,3,2920,0,2012,,Renton,98059,0,2012,2,2,214.04109589041096
2014-05-03,553000.0,2.0,1.0,900,5000,1.0,0,0,3,900,0,1944,,Seattle,98117,0,1944,70,70,614.4444444444445
2014-05-03,379880.0,3.0,2.5,1650,14054,1.0,0,0,4,1130,520,1986,,Issaquah,98027,0,1986,28,28,230.23030303030302
2014-05-03,310000.0,3.0,1.0,1010,9945,1.0,0,0,4,1010,0,1973,,Snoqualmie,98065,0,1973,41,41,306.9306930693069
2014-05-04,775000.0,2.0,2.5,2680,7392,1.0,0,0,3,2680,0,2004,,Redmond,98053,0,2004,10,10,289.17910447761193
2014-05-04,365000.0,3.0,2.5,2200,7350,1.0,0,0,5,1570,630,1988,,Renton,98058,0,1988,26,26,165.9090909090909
2014-05-04,331950.0,4.0,2.5,2530,9933,2.0,0,2,3,2010,520,1990,,Auburn,98092,0,1990,24,24,131.20553359683794
2014-05-04,783500.0,3.0,2.5,2850,7130,2.0,0,0,3,1990,860,1980,,Seattle,98122,0,1980,34,34,274.9122807017544
2014-05-04,628000.0,4.0,2.0,2280,6010,1.0,0,0,3,1140,1140,1900,,Seattle,98122,0,1900,114,114,275.43859649122805
2014-05-05,560000.0,3.0,2.5,1900,8744,2.0,0,0,3,1900,0,1987,,Sammamish,98074,0,1987,27,27,294.7368421052632
2014-05-05,900000.0,3.0,1.0,1330,77972,1.0,0,0,3,1330,0,1928,1954.0,Kirkland,98033,1,1954,86,60,676.6917293233083
2014-05-05,531000.0,2.0,3.0,1270,1175,2.0,0,0,3,1110,160,2000,,Seattle,98103,0,2000,14,14,418.1102362204724
2014-05-05,831000.0,4.0,3.0,2170,4000,2.0,0,0,4,1610,560,1982,2011.0,Seattle,98112,1,2011,32,3,382.94930875576034
2014-05-05,780000.0,4.0,2.5,2730,10281,2.0,0,2,3,2730,0,1996,,Sammamish,98074,0,1996,18,18,285.7142857142857
2014-05-05,755000.0,4.0,2.5,2120,10202,1.0,0,0,4,1620,500,1960,,Bellevue,98005,0,1960,54,54,356.1320754716981
2014-05-05,705380.0,3.0,2.5,2490,4343,2.0,0,0,3,2490,0,2003,,Issaquah,98029,0,2003,11,11,283.285140562249
2014-05-05,627000.0,4.0,2.25,1990,7712,1.0,0,0,3,1210,780,1973,,Issaquah,98027,0,1973,41,41,315.0753768844221
2014-05-05,865000.0,4.0,3.0,3690,9892,2.0,0,0,3,3690,0,1998,,Sammamish,98075,0,1998,16,16,234.41734417344173
2014-05-05,580000.0,2.0,1.0,2540,7000,1.0,0,0,5,1320,1220,1942,,Seattle,98118,0,1942,72,72,228.3464566929134
2014-05-05,410000.0,3.0,2.25,1800,36704,1.0,0,0,4,1360,440,1978,,Issaquah,98027,0,1978,36,36,227.77777777777777
2014-05-05,485000.0,4.0,3.0,2340,7048,1.0,0,0,4,1340,1000,1979,,Kirkland,98034,0,1979,35,35,207.26495726495727
2014-05-05,400000.0,2.0,1.75,2110,9519,1.0,0,0,2,2110,0,1948,,Shoreline,98155,0,1948,66,66,189.5734597156398
2014-05-05,549000.0,2.0,1.0,1140,5400,1.0,0,0,5,1140,0,1908,,Seattle,98112,0,1908,106,106,481.57894736842104
2014-05-05,620000.0,3.0,1.75,1480,2185,2.5,0,0,3,1480,0,2005,,Kirkland,98033,0,2005,9,9,418.9189189189189
2014-05-05,405000.0,2.0,3.0,1410,1240,2.0,0,0,3,1140,270,2006,,Seattle,98136,0,2006,8,8,287.2340425531915
2014-05-05,232000.0,2.0,1.0,1200,8063,1.0,0,0,4,1200,0,1958,,Des Moines,98198,0,1958,56,56,193.33333333333334
2014-05-05,800866.0,5.0,2.5,3180,13806,2.0,0,0,4,3180,0,1990,,Kirkland,98033,0,1990,24,24,251.8446540880503
2014-05-05,650000.0,3.0,1.5,2160,9000,1.0,0,2,4,1400,760,1949,,Seattle,98177,0,1949,65,65,300.9259259259259
2014-05-05,823000.0,6.0,1.75,2920,5000,2.5,0,0,4,2780,140,1908,,Seattle,98122,0,1908,106,106,281.8493150684931
2014-05-05,770000.0,3.0,2.0,2350,5700,1.5,0,0,4,1810,540,1939,,Seattle,98112,0,1939,75,75,327.6595744680851
2014-05-05,524000.0,3.0,1.75,1560,5520,1.0,0,0,4,780,780,1944,,Seattle,98199,0,1944,70,70,335.8974358974359
2014-05-05,541125.0,5.0,2.75,2740,8426,1.0,0,0,4,1370,1370,1960,,Bellevue,98006,0,1960,54,54,197.49087591240877
2014-05-05,670000.0,3.0,2.5,1680,2000,3.0,0,0,3,1680,0,1909,1998.0,Seattle,98105,1,1998,105,16,398.8095238095238
2014-05-05,384900.0,5.0,2.5,3090,12750,1.0,0,0,3,1750,1340,1968,,Federal Way,98023,0,1968,46,46,124.5631067961165
2014-05-05,406100.0,3.0,2.25,1410,1332,3.0,0,0,3,1410,0,2005,,Seattle,98103,0,2005,9,9,288.01418439716315
2014-05-05,1395000.0,5.0,3.5,4010,8510,2.0,0,1,5,2850,1160,1971,,Seattle,98105,0,1971,43,43,347.8802992518703
2014-05-05,736500.0,4.0,2.5,3180,21904,2.0,0,3,3,3180,0,2000,,Renton,98059,0,2000,14,14,231.60377358490567
2014-05-05,570000.0,3.0,2.25,2010,6000,1.0,0,0,3,1330,680,1975,,Redmond,98052,0,1975,39,39,283.5820895522388
2014-05-05,787000.0,3.0,1.75,1330,7500,1.0,0,0,3,1330,0,1961,,Bellevue,98004,0,1961,53,53,591.7293233082706
2014-05-05,328000.0,4.0,2.5,2370,6500,2.0,0,0,3,2370,0,1998,,Auburn,98092,0,1998,16,16,138.39662447257385
2014-05-05,435000.0,5.0,2.0,1840,9240,1.0,0,0,4,1540,300,1942,1958.0,Seattle,98133,1,1958,72,56,236.41304347826087
2014-05-05,499000.0,4.0,2.5,2910,6479,2.0,0,0,3,2910,0,2006,,Snoqualmie,98065,0,2006,8,8,171.47766323024055
2014-05-05,501000.0,4.0,1.0,2070,7519,1.0,0,0,3,1160,910,1963,,Bellevue,98008,0,1963,51,51,242.02898550724638
2014-05-05,1090000.0,4.0,2.5,4340,141570,2.5,0,0,3,4340,0,1992,,Redmond,98053,0,1992,22,22,251.1520737327189
2014-05-05,400000.0,2.0,1.0,840,5510,1.0,0,0,3,840,0,1955,,Seattle,98136,0,1955,59,59,476.1904761904762
2014-05-05,220000.0,4.0,1.5,1240,9600,1.0,0,0,3,1240,0,1971,,Federal Way,98023,0,1971,43,43,177.41935483870967
2014-05-05,657100.0,4.0,1.0,1390,4240,1.0,0,0,3,1050,340,1924,,Seattle,98103,0,1924,90,90,472.7338129496403
2014-05-05,309950.0,4.0,2.75,2310,5000,2.0,0,0,3,2310,0,2006,,Maple Valley,98038,0,2006,8,8,134.17748917748918
2014-05-05,300000.0,3.0,2.0,1050,10072,1.0,0,0,3,1050,0,1986,,Duvall,98019,0,1986,28,28,285.7142857142857
2014-05-05,525888.0,5.0,1.75,2550,71874,1.0,0,0,5,1810,740,1960,,Issaquah,98027,0,1960,54,54,206.2305882352941
2014-05-05,740000.0,4.0,1.75,2010,3600,1.5,0,0,3,2010,0,1902,,Seattle,98119,0,1902,112,112,368.1592039800995
2014-05-05,340000.0,5.0,1.0,1120,9022,1.5,0,0,4,1120,0,1962,,Kirkland,98034,0,1962,52,52,303.57142857142856
2014-05-05,398750.0,3.0,2.5,2230,4000,2.0,0,0,3,2230,0,1954,,Seattle,98144,0,1954,60,60,178.81165919282512
2014-05-05,206000.0,2.0,1.0,810,7158,1.0,0,0,5,810,0,1944,,Burien,98168,0,1944,70,70,254.320987654321
2014-05-05,1030000.0,5.0,2.75,3190,16920,1.0,0,3,3,1690,1500,1976,,Bellevue,98006,0,1976,38,38,322.88401253918494
2014-05-05,600000.0,3.0,1.75,1670,39639,1.0,0,0,4,1670,0,1976,1992.0,Sammamish,98075,1,1992,38,22,359.2814371257485
2014-05-05,379950.0,4.0,1.75,1970,9389,1.0,0,0,5,1140,830,1960,,Shoreline,98133,0,1960,54,54,192.86802030456852
2014-05-05,287000.0,3.0,1.0,1450,6000,1.0,0,0,4,1450,0,1953,,Seattle,98118,0,1953,61,61,197.93103448275863
2014-05-05,2280000.0,7.0,8.0,13540,307752,3.0,0,4,3,9410,4130,1999,,Redmond,98053,0,1999,15,15,168.38995568685377
2014-05-05,309950.0,3.0,2.5,1880,7838,2.0,0,0,3,1880,0,1994,,Renton,98055,0,1994,20,20,164.86702127659575
2014-05-05,600000.0,3.0,1.75,1880,6360,1.0,0,0,4,1040,840,1945,,Seattle,98115,0,1945,69,69,319.1489361702128
2014-05-05,418000.0,3.0,2.0,1410,6030,1.5,0,0,4,1410,0,1930,,Seattle,98103,0,1930,84,84,296.45390070921985
2014-05-05,449250.0,4.0,2.0,1480,3844,1.5,0,0,5,1480,0,1928,,Seattle,98133,0,1928,86,86,303.5472972972973
2014-05-05,329950.0,2.0,1.0,1140,5250,1.5,0,0,4,1140,0,1949,,Seattle,98133,0,1949,65,65,289.4298245614035
2014-05-05,245000.0,3.0,1.75,1920,9306,1.0,0,0,3,1000,920,1984,,Auburn,98001,0,1984,30,30,127.60416666666667
2014-05-05,549000.0,4.0,2.5,2910,6338,2.0,0,0,3,2910,0,2008,,Renton,98059,0,2008,6,6,188.659793814433
2014-05-05,800000.0,3.0,2.5,3240,7857,2.0,0,0,3,3240,0,1994,,Sammamish,98075,0,1994,20,20,246.91358024691357
2014-05-05,249950.0,3.0,2.0,1550,15040,1.0,0,0,4,1550,0,1958,,Renton,98059,0,1958,56,56,161.25806451612902
2014-05-05,210000.0,5.0,2.0,2050,10200,1.0,0,0,3,1430,620,1956,,Des Moines,98198,0,1956,58,58,102.4390243902439
2014-05-05,1425000.0,2.0,2.5,2220,4000,2.0,0,0,3,2220,0,2000,,Seattle,98112,0,2000,14,14,641.8918918918919
2014-05-05,585000.0,2.0,1.0,1770,8640,1.5,0,0,3,1520,250,1949,,Seattle,98117,0,1949,65,65,330.50847457627117
2014-05-05,615000.0,4.0,1.75,2300,11700,1.0,0,0,4,1960,340,1977,,Redmond,98052,0,1977,37,37,267.39130434782606
2014-05-05,618500.0,3.0,2.0,1800,5000,1.0,0,0,4,1080,720,1942,,Seattle,98115,0,1942,72,72,343.6111111111111
2014-05-05,487585.0,4.0,1.75,2010,9211,1.0,0,0,3,1470,540,1977,,Kirkland,98034,0,1977,37,37,242.57960199004975
2014-05-05,509900.0,3.0,2.5,1790,2700,2.0,0,0,3,1790,0,2010,,Issaquah,98027,0,2010,4,4,284.86033519553075
2014-05-05,631625.0,4.0,2.5,2440,6651,2.0,0,0,3,2440,0,2014,,Seattle,98117,0,2014,0,0,258.86270491803276
2014-05-05,555000.0,3.0,2.5,1940,3211,2.0,0,0,3,1940,0,2009,,Issaquah,98027,0,2009,5,5,286.08247422680415
2014-05-05,340000.0,2.0,1.5,1160,1438,2.0,0,0,3,1160,0,2001,,Seattle,98144,0,2001,13,13,293.1034482758621
2014-05-05,830000.0,4.0,2.5,3400,9692,2.0,0,0,3,3400,0,2007,,Redmond,98052,0,2007,7,7,244.11764705882354
2014-05-05,890000.0,4.0,4.25,4420,5750,2.0,0,0,3,3410,1010,2006,,Issaquah,98027,0,2006,8,8,201.35746606334843
2014-05-05,366750.0,3.0,3.0,1571,2017,3.0,0,0,3,1571,0,2008,,Seattle,98125,0,2008,6,6,233.45003182686187
2014-05-05,415000.0,3.0,2.25,1620,998,2.5,0,0,3,1540,80,2010,,Issaquah,98029,0,2010,4,4,256.17283950617286
2014-05-05,416286.0,3.0,2.5,1408,989,3.0,0,0,3,1408,0,2005,,Seattle,98115,0,2005,9,9,295.65767045454544
2014-05-05,478000.0,3.0,2.5,3040,4535,2.0,0,0,3,3040,0,2007,,Renton,98056,0,2007,7,7,157.23684210526315
2014-05-05,890000.0,5.0,3.5,4490,6000,2.0,0,0,3,3200,1290,2006,,Issaquah,98027,0,2006,8,8,198.21826280623608
2014-05-05,419190.0,2.0,2.5,1590,1426,2.0,0,0,3,1590,0,2014,,Issaquah,98029,0,2014,0,0,263.64150943396226
2014-05-05,712198.0,4.0,2.5,2450,4247,2.0,0,0,3,2450,0,2013,,Redmond,98052,0,2013,1,1,290.6930612244898
2014-05-06,397000.0,4.0,2.0,1440,7680,1.0,0,0,3,1200,240,1971,,Kirkland,98034,0,1971,43,43,275.69444444444446
2014-05-06,450000.0,2.0,2.0,1100,3000,1.5,0,0,3,1100,0,1912,2005.0,Seattle,98117,1,2005,102,9,409.09090909090907
2014-05-06,353000.0,3.0,1.0,1350,7740,1.0,0,0,4,860,490,1947,,Seattle,98125,0,1947,67,67,261.48148148148147
2014-05-06,609000.0,4.0,2.5,2150,37981,2.0,0,0,3,2150,0,1985,,Redmond,98052,0,1985,29,29,283.25581395348837
2014-05-06,234000.0,3.0,1.75,1490,8366,1.0,0,0,4,1010,480,1975,,Covington,98042,0,1975,39,39,157.04697986577182
2014-05-06,561000.0,3.0,2.0,2000,7000,2.0,0,0,3,2000,0,1916,1986.0,Seattle,98136,1,1986,98,28,280.5
2014-05-06,469000.0,2.0,1.0,1030,4400,1.0,0,0,3,1030,0,1924,,Seattle,98117,0,1924,90,90,455.3398058252427
2014-05-06,329350.0,2.0,1.0,720,6687,1.0,0,0,3,720,0,1942,,Seattle,98117,0,1942,72,72,457.43055555555554
2014-05-06,488000.0,5.0,2.0,2020,5000,1.5,0,0,4,2020,0,1938,,Seattle,98117,0,1938,76,76,241.58415841584159
2014-05-06,279900.0,3.0,1.75,1580,8151,1.0,0,1,4,1100,480,1962,,Des Moines,98198,0,1962,52,52,177.15189873417722
2014-05-06,606000.0,4.0,2.5,2110,13850,2.0,0,0,3,2110,0,1987,,Issaquah,98027,0,1987,27,27,287.2037914691943
2014-05-06,312000.0,4.0,2.0,1300,7054,1.0,0,0,3,1300,0,1950,2013.0,Seattle,98146,1,2013,64,1,240.0
2014-05-06,650000.0,3.0,1.5,1630,7475,1.0,0,1,3,1160,470,1940,,Seattle,98115,0,1940,74,74,398.7730061349693
2014-05-06,1135000.0,4.0,2.75,3370,8103,1.0,0,3,3,1970,1400,1970,2014.0,Seattle,98136,1,2014,44,0,336.7952522255193
2014-05-06,325000.0,4.0,2.5,1890,6156,1.0,0,0,3,980,910,1980,,Seattle,98106,0,1980,34,34,171.95767195767195
2014-05-06,425000.0,4.0,2.0,1520,7983,1.0,0,0,5,1520,0,1967,,Inglewood-Finn Hill,98034,0,1967,47,47,279.60526315789474
2014-05-06,219000.0,2.0,1.0,900,5160,1.0,0,0,3,900,0,1952,,Seattle,98106,0,1952,62,62,243.33333333333334
2014-05-06,250000.0,3.0,1.0,1050,6874,1.0,0,0,3,1050,0,1954,,Shoreline,98133,0,1954,60,60,238.0952380952381
2014-05-06,390000.0,3.0,1.75,1260,6500,1.0,0,0,4,1260,0,1966,,Bellevue,98008,0,1966,48,48,309.5238095238095
2014-05-06,475000.0,6.0,3.0,3470,117612,1.5,0,0,3,3470,0,1924,,Kenmore,98028,0,1924,90,90,136.88760806916426
2014-05-06,736000.0,4.0,2.5,2290,12047,2.0,0,0,4,2290,0,1988,,Bellevue,98006,0,1988,26,26,321.3973799126638
2014-05-06,407000.0,4.0,2.25,2810,23400,1.0,0,1,3,1710,1100,1958,,Des Moines,98198,0,1958,56,56,144.83985765124555
2014-05-06,272000.0,3.0,2.5,1650,13816,2.0,0,0,3,1650,0,1998,,Carnation,98014,0,1998,16,16,164.84848484848484
2014-05-06,362000.0,3.0,2.25,1640,14374,1.0,0,0,4,1140,500,1963,,Burien,98148,0,1963,51,51,220.73170731707316
2014-05-06,535000.0,3.0,2.5,1850,10109,2.0,0,0,3,1850,0,1991,,Kirkland,98034,0,1991,23,23,289.18918918918916
2014-05-06,284000.0,4.0,2.5,2000,5390,2.0,0,0,3,2000,0,2003,,Kent,98042,0,2003,11,11,142.0
2014-05-06,367500.0,3.0,1.5,1410,9647,1.0,0,0,3,1410,0,1961,,Shoreline,98177,0,1961,53,53,260.63829787234044
2014-05-06,379900.0,4.0,1.75,1500,11600,1.0,0,0,4,1000,500,1955,,Kenmore,98028,0,1955,59,59,253.26666666666668
2014-05-06,520000.0,3.0,2.5,2460,54885,2.0,0,0,4,2460,0,1980,,Renton,98059,0,1980,34,34,211.3821138211382
2014-05-06,175000.0,3.0,1.0,1010,7034,1.0,0,0,3,1010,0,1954,,Renton,98057,0,1954,60,60,173.26732673267327
2014-05-06,460000.0,2.0,2.25,1230,929,2.0,0,0,3,1020,210,2004,,Seattle,98112,0,2004,10,10,373.9837398373984
2014-05-06,345000.0,4.0,2.5,2331,3826,2.0,0,0,3,2331,0,2007,,Renton,98058,0,2007,7,7,148.00514800514802
2014-05-06,455000.0,5.0,2.5,2240,7770,1.0,0,0,3,1340,900,1978,,Kirkland,98034,0,1978,36,36,203.125
2014-05-06,610000.0,4.0,3.0,2450,10117,1.0,0,0,5,1580,870,1967,,Bellevue,98006,0,1967,47,47,248.9795918367347
2014-05-06,563000.0,4.0,3.0,3100,15480,2.0,0,0,3,2400,700,1996,,Kenmore,98028,0,1996,18,18,181.61290322580646
2014-05-06,612500.0,4.0,2.0,2060,5000,1.0,0,0,3,1030,1030,1949,2013.0,Seattle,98117,1,2013,65,1,297.33009708737865
2014-05-06,218000.0,3.0,1.75,1850,7684,1.0,0,0,3,1320,530,1979,,Federal Way,98023,0,1979,35,35,117.83783783783784
2014-05-06,404000.0,4.0,1.75,1840,10720,1.0,0,0,3,960,880,1958,,Bellevue,98008,0,1958,56,56,219.56521739130434
2014-05-06,860000.0,4.0,2.0,3740,32417,2.0,0,0,3,3740,0,2000,,Redmond,98053,0,2000,14,14,229.94652406417111
2014-05-06,136500.0,3.0,1.5,1420,8580,1.0,0,0,3,1420,0,1962,,Federal Way,98023,0,1962,52,52,96.12676056338029
2014-05-06,313950.0,3.0,1.0,1510,6083,1.0,0,0,4,860,650,1940,,Seattle,98115,0,1940,74,74,207.91390728476821
2014-05-06,575000.0,3.0,1.75,2130,6500,1.0,0,2,3,1170,960,1954,,Seattle,98199,0,1954,60,60,269.9530516431925
2014-05-06,1225000.0,4.0,2.25,3490,6906,2.0,0,0,4,2280,1210,1928,,Seattle,98199,0,1928,86,86,351.0028653295129
2014-05-06,280000.0,3.0,1.75,1630,11800,1.0,0,0,4,1630,0,1971,,North Bend,98045,0,1971,43,43,171.77914110429447
2014-05-06,515000.0,3.0,2.5,1790,7167,2.0,0,0,3,1790,0,1989,,Sammamish,98074,0,1989,25,25,287.70949720670393
2014-05-06,513000.0,4.0,2.5,2000,5684,2.0,0,0,3,2000,0,1996,,Kenmore,98028,0,1996,18,18,256.5
2014-05-06,599000.0,4.0,2.25,2260,29930,2.0,0,0,4,1400,860,1977,,Bellevue,98006,0,1977,37,37,265.04424778761063
2014-05-06,685000.0,4.0,2.5,3030,7864,2.0,0,0,3,3030,0,1999,,Sammamish,98074,0,1999,15,15,226.07260726072607
2014-05-06,365000.0,3.0,1.5,1310,8160,1.0,0,0,3,1310,0,1950,,Seattle,98133,0,1950,64,64,278.62595419847327
2014-05-06,762300.0,4.0,2.5,3880,14550,2.0,0,0,3,3880,0,1987,,Sammamish,98074,0,1987,27,27,196.46907216494844
2014-05-06,1580000.0,4.0,3.25,3760,10920,1.5,0,0,5,2400,1360,1950,,Seattle,98105,0,1950,64,64,420.21276595744683
2014-05-06,562000.0,5.0,2.25,3040,8111,2.0,0,0,3,3040,0,1984,,Redmond,98052,0,1984,30,30,184.8684210526316
2014-05-06,530000.0,5.0,2.5,2910,9636,1.0,0,0,4,1690,1220,1964,,Bellevue,98008,0,1964,50,50,182.13058419243987
2014-05-06,525000.0,3.0,2.5,2970,11985,1.0,0,0,3,1770,1200,1995,,Sammamish,98074,0,1995,19,19,176.76767676767676
2014-05-06,484000.0,2.0,1.75,1660,6000,1.0,0,0,3,1160,500,1942,,Seattle,98105,0,1942,72,72,291.56626506024094
2014-05-06,725126.0,4.0,2.5,3200,12369,2.0,0,0,3,3200,0,1998,,Newcastle,98059,0,1998,16,16,226.601875
2014-05-06,360000.0,4.0,2.0,2680,18768,1.0,0,0,5,2680,0,1965,,Auburn,98001,0,1965,49,49,134.32835820895522
2014-05-06,387000.0,3.0,1.0,1230,9568,1.0,0,0,5,1230,0,1962,,Newcastle,98056,0,1962,52,52,314.6341463414634
2014-05-06,483500.0,4.0,2.5,2740,45732,2.0,0,0,3,2740,0,1995,,Woodinville,98077,0,1995,19,19,176.45985401459853
2014-05-06,655500.0,4.0,3.5,3380,8330,2.0,0,0,3,3380,0,2000,,Shoreline,98177,0,2000,14,14,193.93491124260356
2014-05-06,345000.0,3.0,1.0,1110,6250,1.0,0,0,3,1110,0,1956,,Seattle,98115,0,1956,58,58,310.81081081081084
2014-05-06,533000.0,5.0,2.75,1800,3780,1.5,0,0,3,1400,400,1926,,Seattle,98103,0,1926,88,88,296.1111111111111
2014-05-06,385000.0,3.0,1.75,1900,5520,1.0,0,0,3,1280,620,1982,,Seattle,98118,0,1982,32,32,202.6315789473684
2014-05-06,675000.0,2.0,1.0,930,36478,1.0,0,2,3,930,0,1951,,Bellevue,98006,0,1951,63,63,725.8064516129032
2014-05-06,197000.0,3.0,1.75,1690,7735,1.0,0,0,4,1060,630,1976,,Auburn,98001,0,1976,38,38,116.5680473372781
2014-05-06,485000.0,3.0,2.0,1420,4080,1.5,0,0,3,1420,0,1905,2013.0,Seattle,98103,1,2013,109,1,341.5492957746479
2014-05-06,1870000.0,5.0,4.0,4510,15175,2.0,0,0,3,4510,0,1969,2002.0,Mercer Island,98040,1,2002,45,12,414.6341463414634
2014-05-06,295000.0,3.0,2.25,1980,8000,1.0,0,0,4,1560,420,1974,,Federal Way,98023,0,1974,40,40,148.989898989899
2014-05-06,499000.0,2.0,1.75,1170,2400,1.0,0,0,4,740,430,1903,,Seattle,98103,0,1903,111,111,426.4957264957265
2014-05-06,1050000.0,3.0,2.5,2200,1970,2.0,0,0,3,1610,590,2008,,Seattle,98102,0,2008,6,6,477.27272727272725
2014-05-06,191000.0,3.0,1.5,800,8850,1.0,0,0,4,800,0,1959,,Federal Way,98023,0,1959,55,55,238.75
2014-05-06,500000.0,3.0,2.5,1480,1171,3.0,0,0,3,1480,0,2006,,Seattle,98112,0,2006,8,8,337.8378378378378
2014-05-06,390000.0,5.0,3.75,2890,5000,1.0,0,0,3,1310,1580,2006,,Seattle,98144,0,2006,8,8,134.94809688581316
2014-05-06,979000.0,3.0,2.5,2690,4047,3.0,0,0,3,2690,0,2014,,Seattle,98117,0,2014,0,0,363.9405204460966
2014-05-06,580000.0,4.0,3.25,3569,8327,2.0,0,0,3,3569,0,2013,,Renton,98055,0,2013,1,1,162.5105071448585
2014-05-06,369950.0,3.0,2.0,1270,1320,3.0,0,0,3,1270,0,2006,,Seattle,98103,0,2006,8,8,291.2992125984252
2014-05-06,1800000.0,5.0,5.0,4490,10279,2.0,0,0,3,3930,560,2013,,Bellevue,98004,0,2013,1,1,400.89086859688194
2014-05-06,776000.0,4.0,2.5,3040,6425,2.0,0,0,3,3040,0,2008,,Redmond,98052,0,2008,6,6,255.26315789473685
2014-05-07,519950.0,3.0,2.25,1170,1249,3.0,0,0,3,1170,0,2014,,Seattle,98107,0,2014,0,0,444.4017094017094
2014-05-07,255000.0,5.0,2.25,2060,8632,1.0,0,0,3,1030,1030,1962,,Burien,98146,0,1962,52,52,123.7864077669903
2014-05-07,495000.0,3.0,1.0,990,6000,1.0,0,0,3,990,0,1943,,Seattle,98105,0,1943,71,71,500.0
2014-05-07,510000.0,4.0,2.5,2430,5203,2.0,0,0,3,2430,0,2003,,Shoreline,98155,0,2003,11,11,209.87654320987653
2014-05-07,1150000.0,4.0,4.0,4460,103382,2.0,0,0,3,4460,0,2001,,Redmond,98053,0,2001,13,13,257.84753363228697
2014-05-07,253000.0,3.0,1.75,1250,10122,1.0,0,0,3,1250,0,1994,,Black Diamond,98010,0,1994,20,20,202.4
2014-05-07,503000.0,3.0,2.75,1540,6760,1.0,0,0,5,1210,330,1980,,Kirkland,98034,0,1980,34,34,326.6233766233766
2014-05-07,275000.0,3.0,2.5,1600,7000,2.0,0,0,4,1600,0,1993,,Maple Valley,98038,0,1993,21,21,171.875
2014-05-07,249000.0,3.0,1.0,1110,8423,1.0,0,0,3,1110,0,1952,,Burien,98166,0,1952,62,62,224.32432432432432
2014-05-07,310000.0,3.0,1.75,1840,10723,1.0,0,0,4,1220,620,1974,,Renton,98058,0,1974,40,40,168.47826086956522
2014-05-07,750000.0,3.0,2.75,2520,5401,1.0,0,0,4,1360,1160,1946,,Seattle,98119,0,1946,68,68,297.6190476190476
2014-05-07,630000.0,3.0,2.5,2680,327135,2.0,0,0,3,2680,0,1995,,Ravensdale,98051,0,1995,19,19,235.07462686567163
2014-05-07,599999.0,9.0,4.5,3830,6988,2.5,0,0,3,2450,1380,1938,,Seattle,98103,0,1938,76,76,156.65770234986945
2014-05-07,758000.0,4.0,2.75,2410,9549,1.0,0,0,4,1780,630,1956,,Kirkland,98033,0,1956,58,58,314.5228215767635
2014-05-07,248500.0,4.0,1.75,1720,10018,1.0,0,0,5,1720,0,1960,,Covington,98042,0,1960,54,54,144.47674418604652
2014-05-07,310000.0,3.0,1.75,2070,37904,1.0,0,0,4,1420,650,1973,,Kent,98031,0,1973,41,41,149.7584541062802
2014-05-07,460000.0,3.0,2.0,1760,9055,2.0,0,0,4,1760,0,1985,,Redmond,98052,0,1985,29,29,261.3636363636364
2014-05-07,675000.0,3.0,1.75,1680,10500,1.0,0,0,4,1680,0,1959,,Bellevue,98005,0,1959,55,55,401.7857142857143
2014-05-07,526000.0,2.0,2.0,1550,2400,1.5,0,0,4,1550,0,1900,,Seattle,98103,0,1900,114,114,339.35483870967744
2014-05-07,560000.0,3.0,3.0,4120,60392,2.0,0,2,3,3180,940,1994,,Carnation,98014,0,1994,20,20,135.92233009708738
2014-05-07,415000.0,4.0,3.0,1830,9548,2.0,0,0,3,1830,0,1991,,Bothell,98028,0,1991,23,23,226.775956284153
2014-05-07,246000.0,3.0,1.0,1400,7410,1.0,0,0,3,1400,0,1944,,Burien,98166,0,1944,70,70,175.71428571428572
2014-05-07,314500.0,3.0,1.75,1870,12381,1.0,0,0,4,1870,0,1957,,Federal Way,98003,0,1957,57,57,168.1818181818182
2014-05-07,3200000.0,7.0,4.5,6210,8856,2.5,0,2,5,4760,1450,1910,,Seattle,98109,0,1910,104,104,515.2979066022544
2014-05-07,420000.0,2.0,1.5,1040,3500,1.5,0,0,4,1040,0,1904,,Seattle,98144,0,1904,110,110,403.84615384615387
2014-05-07,535000.0,3.0,1.75,2720,149410,1.5,0,0,3,2720,0,1988,,Carnation,98014,0,1988,26,26,196.69117647058823
2014-05-07,350000.0,3.0,1.0,1010,9360,1.0,0,0,3,1010,0,1981,,Kirkland,98033,0,1981,33,33,346.53465346534654
2014-05-07,515000.0,3.0,1.75,1580,9147,1.0,0,1,4,1210,370,1967,,Bellevue,98008,0,1967,47,47,325.9493670886076
2014-05-07,749950.0,4.0,2.75,2600,6050,2.0,0,0,5,1960,640,1949,,Seattle,98116,0,1949,65,65,288.4423076923077
2014-05-07,230000.0,3.0,2.5,1920,9180,2.0,0,0,3,1920,0,1988,,Renton,98057,0,1988,26,26,119.79166666666667
2014-05-07,568000.0,3.0,2.0,2350,5080,1.5,0,0,3,1780,570,1929,,Seattle,98118,0,1929,85,85,241.70212765957447
2014-05-07,250000.0,1.0,1.0,1100,4373,1.0,0,0,2,820,280,1947,,Burien,98166,0,1947,67,67,227.27272727272728
2014-05-07,581000.0,4.0,2.0,2510,13695,1.0,0,0,4,1280,1230,1961,2001.0,Kirkland,98033,1,2001,53,13,231.47410358565736
2014-05-07,651000.0,3.0,2.5,3240,108366,2.0,0,0,4,3240,0,1991,,Kent,98042,0,1991,23,23,200.92592592592592
2014-05-07,600000.0,3.0,2.5,2460,108900,1.0,0,0,4,1860,600,1977,,Issaquah,98027,0,1977,37,37,243.90243902439025
2014-05-07,500000.0,2.0,1.0,1010,3885,1.5,0,0,4,1010,0,1906,1990.0,Seattle,98112,1,1990,108,24,495.0495049504951
2014-05-07,475000.0,2.0,1.0,820,2723,1.0,0,0,3,820,0,1921,,Seattle,98103,0,1921,93,93,579.2682926829268
2014-05-07,352000.0,5.0,2.5,2420,8560,1.0,0,2,3,1620,800,1978,,Seattle,98118,0,1978,36,36,145.45454545454547
2014-05-07,420000.0,3.0,2.25,1770,8165,2.0,0,0,3,1770,0,1977,,Kirkland,98034,0,1977,37,37,237.28813559322035
2014-05-07,428000.0,2.0,2.0,1350,3900,1.0,0,0,3,1350,0,2003,,Redmond,98053,0,2003,11,11,317.037037037037
2014-05-07,599000.0,3.0,1.75,1960,4788,1.0,0,0,4,1090,870,1920,,Seattle,98115,0,1920,94,94,305.61224489795916
2014-05-07,492000.0,4.0,2.5,3305,16164,1.5,0,0,5,2245,1060,1922,1956.0,Shoreline,98133,1,1956,92,58,148.86535552193646
2014-05-07,630000.0,2.0,2.25,2550,5663,1.0,0,0,3,1720,830,2011,,Renton,98056,0,2011,3,3,247.05882352941177
2014-05-07,900000.0,5.0,3.75,4130,226076,2.0,0,0,3,3170,960,1985,,Woodinville,98077,0,1985,29,29,217.91767554479418
2014-05-07,1110000.0,4.0,1.5,2310,13300,1.0,0,0,3,1890,420,1950,,Clyde Hill,98004,0,1950,64,64,480.5194805194805
2014-05-07,575000.0,4.0,2.0,1650,5000,1.0,0,0,3,1650,0,1955,,Seattle,98117,0,1955,59,59,348.4848484848485
2014-05-07,705000.0,4.0,2.5,2650,4316,1.5,0,0,3,1520,1130,1905,2013.0,Seattle,98116,1,2013,109,1,266.0377358490566
2014-05-07,940000.0,4.0,2.25,1890,5940,1.0,0,1,3,1470,420,1963,,Seattle,98112,0,1963,51,51,497.35449735449737
2014-05-07,313000.0,3.0,1.75,2190,8000,1.0,0,0,4,2190,0,1967,,Federal Way,98023,0,1967,47,47,142.92237442922374
2014-05-07,618080.0,3.0,2.5,2030,6500,2.0,0,0,3,2030,0,1988,,Issaquah,98027,0,1988,26,26,304.4729064039409
2014-05-07,640000.0,3.0,3.0,2270,5175,2.0,0,0,3,2130,140,2002,,Renton,98056,0,2002,12,12,281.9383259911894
2014-05-07,485000.0,3.0,2.0,1610,4160,1.0,0,0,4,1010,600,1917,,Seattle,98136,0,1917,97,97,301.2422360248447
2014-05-07,300000.0,2.0,1.0,760,3001,1.0,0,0,3,760,0,1913,,Seattle,98144,0,1913,101,101,394.7368421052632
2014-05-07,379500.0,2.0,1.0,1640,17335,1.0,0,0,3,840,800,1978,,Redmond,98053,0,1978,36,36,231.40243902439025
2014-05-07,339950.0,3.0,2.25,1630,12295,2.0,0,0,4,1630,0,1985,,Renton,98058,0,1985,29,29,208.55828220858896
2014-05-07,1500000.0,6.0,2.5,3560,6480,2.5,0,0,4,3560,0,1914,,Seattle,98112,0,1914,100,100,421.34831460674155
2014-05-07,1340000.0,3.0,3.0,2960,5500,2.0,0,2,3,2440,520,1937,1990.0,Seattle,98199,1,1990,77,24,452.7027027027027
2014-05-07,500000.0,3.0,2.5,1940,37565,1.0,0,0,4,1940,0,1987,,Issaquah,98027,0,1987,27,27,257.7319587628866
2014-05-07,239900.0,3.0,2.0,1410,7566,1.0,0,0,3,1410,0,1985,,Kent,98030,0,1985,29,29,170.1418439716312
2014-05-07,314950.0,3.0,1.0,1040,16986,1.0,0,0,4,1040,0,1968,,Renton,98059,0,1968,46,46,302.83653846153845
2014-05-07,361280.0,2.0,1.0,820,6400,1.0,0,0,4,820,0,1944,,Seattle,98126,0,1944,70,70,440.5853658536585
2014-05-07,100000.0,2.0,1.0,910,22000,1.0,0,0,3,910,0,1956,,Algona,98001,0,1956,58,58,109.89010989010988
2014-05-07,540000.0,7.0,5.75,3700,7647,2.0,0,1,3,3700,0,1948,1984.0,Lake Forest Park,98155,1,1984,66,30,145.94594594594594
2014-05-07,480500.0,4.0,2.5,2180,11200,1.0,0,0,4,2180,0,1968,,Woodinville,98072,0,1968,46,46,220.41284403669724
2014-05-07,280000.0,3.0,2.5,1600,4271,2.0,0,0,3,1600,0,2000,,Auburn,98001,0,2000,14,14,175.0
2014-05-07,440000.0,3.0,1.75,1500,6180,1.0,0,0,4,1060,440,1947,,Seattle,98118,0,1947,67,67,293.3333333333333
2014-05-07,530000.0,3.0,1.0,1340,4284,1.0,0,0,3,1080,260,1910,,Seattle,98105,0,1910,104,104,395.5223880597015
2014-05-07,560000.0,3.0,2.0,1860,13374,1.0,0,0,3,1860,0,1985,,Issaquah,98027,0,1985,29,29,301.0752688172043
2014-05-07,775000.0,3.0,2.0,2540,7200,1.5,0,3,4,1600,940,1905,,Seattle,98144,0,1905,109,109,305.11811023622045
2014-05-07,160000.0,2.0,1.0,1040,13100,1.0,0,0,5,1040,0,1912,,Kent,98032,0,1912,102,102,153.84615384615384
2014-05-07,209950.0,3.0,1.5,1380,11130,1.0,0,0,3,1380,0,1960,,Federal Way,98003,0,1960,54,54,152.13768115942028
2014-05-07,226500.0,3.0,1.75,1640,10762,1.0,0,0,3,1130,510,1988,,Covington,98042,0,1988,26,26,138.109756097561
2014-05-07,380000.0,5.0,1.75,3000,6000,1.0,0,0,5,1500,1500,1958,,Seattle,98178,0,1958,56,56,126.66666666666667
2014-05-07,409500.0,4.0,2.75,2140,13000,1.0,0,0,3,1320,820,1968,,Kenmore,98028,0,1968,46,46,191.3551401869159
2014-05-07,690000.0,3.0,2.0,1760,6428,1.0,0,0,4,980,780,1942,,Seattle,98199,0,1942,72,72,392.04545454545456
2014-05-07,405000.0,3.0,2.25,1660,8307,1.0,0,0,4,1660,0,1961,,Shoreline,98133,0,1961,53,53,243.97590361445782
2014-05-07,375000.0,3.0,2.5,1830,13042,2.0,0,0,3,1830,0,1990,,Maple Valley,98038,0,1990,24,24,204.91803278688525
2014-05-07,794154.0,4.0,2.0,2210,8556,1.0,0,1,4,1210,1000,1954,,Seattle,98199,0,1954,60,60,359.34570135746606
2014-05-07,185000.0,4.0,1.0,1490,6600,1.0,0,0,3,1490,0,1969,,Burien,98168,0,1969,45,45,124.16107382550335
2014-05-07,245000.0,3.0,1.5,1260,1270,2.0,0,0,3,1040,220,2005,,Seattle,98133,0,2005,9,9,194.44444444444446
2014-05-07,1532500.0,5.0,4.5,4270,8076,2.0,0,0,3,3400,870,2007,,Kirkland,98033,0,2007,7,7,358.89929742388756
2014-05-07,1040000.0,4.0,3.5,3900,8391,2.0,0,0,3,3900,0,2006,,Kirkland,98033,0,2006,8,8,266.6666666666667
2014-05-07,425000.0,2.0,2.5,1150,1027,3.0,0,0,3,1150,0,2008,,Seattle,98103,0,2008,6,6,369.5652173913044
2014-05-07,495000.0,4.0,2.75,2656,21195,2.0,0,0,3,2656,0,2014,,Auburn,98001,0,2014,0,0,186.37048192771084
2014-05-07,365000.0,5.0,2.75,2410,5003,1.0,0,0,3,1410,1000,2008,,Seattle,98118,0,2008,6,6,151.45228215767634
2014-05-07,417250.0,3.0,2.25,1606,1452,3.0,0,0,3,1606,0,2009,,Seattle,98125,0,2009,5,5,259.80697384806973
2014-05-07,339950.0,2.0,1.0,820,681,3.0,0,0,3,820,0,2006,,Seattle,98103,0,2006,8,8,414.5731707317073
2014-05-08,615000.0,2.0,1.0,1540,6872,1.0,0,0,4,820,720,1946,,Seattle,98119,0,1946,68,68,399.35064935064935
2014-05-08,403000.0,3.0,2.75,2090,8354,2.0,0,0,3,2090,0,2012,,Duvall,98019,0,2012,2,2,192.82296650717703
2014-05-08,980000.0,5.0,2.5,3160,11470,1.0,0,0,4,1780,1380,1971,,Mercer Island,98040,0,1971,43,43,310.126582278481
2014-05-08,258000.0,4.0,1.75,1730,8320,1.0,0,0,3,1230,500,1977,,Federal Way,98023,0,1977,37,37,149.13294797687863
2014-05-08,533000.0,3.0,1.0,1670,4080,1.0,0,0,3,1170,500,1967,,Seattle,98115,0,1967,47,47,319.1616766467066
2014-05-08,537500.0,4.0,2.5,2550,4630,2.0,0,0,3,2550,0,2005,,Sammamish,98075,0,2005,9,9,210.7843137254902
2014-05-08,830000.0,5.0,3.0,3040,9601,1.0,0,0,5,1970,1070,1968,,Mercer Island,98040,0,1968,46,46,273.0263157894737
2014-05-08,712000.0,3.0,1.0,1250,4620,1.5,0,0,4,1150,100,1900,,Seattle,98103,0,1900,114,114,569.6
2014-05-08,262000.0,4.0,2.5,2020,6236,2.0,0,0,3,2020,0,2002,,Algona,98001,0,2002,12,12,129.7029702970297
2014-05-08,753888.0,4.0,2.5,2660,5500,2.0,0,2,3,2660,0,2003,,Issaquah,98029,0,2003,11,11,283.4165413533835
2014-05-08,134000.0,2.0,1.5,980,5000,2.0,0,0,3,980,0,1922,2003.0,Skykomish,98288,1,2003,92,11,136.73469387755102
2014-05-08,402000.0,3.0,2.5,1960,8000,1.0,0,0,4,1290,670,1977,,Kirkland,98034,0,1977,37,37,205.10204081632654
2014-05-08,205000.0,2.0,1.0,720,5040,1.0,0,0,3,720,0,1955,,Seattle,98106,0,1955,59,59,284.72222222222223
2014-05-08,553650.0,2.0,2.5,1360,1349,2.0,0,0,3,1050,310,1997,,Seattle,98112,0,1997,17,17,407.09558823529414
2014-05-08,559950.0,2.0,2.0,1870,4950,1.0,0,0,3,1870,0,2006,,Redmond,98053,0,2006,8,8,299.4385026737968
2014-05-08,260000.0,4.0,1.5,2130,8800,1.0,0,0,3,1100,1030,1962,,Kent,98032,0,1962,52,52,122.06572769953051
2014-05-08,270000.0,4.0,2.5,1810,6509,2.0,0,0,3,1810,0,1994,,Kent,98042,0,1994,20,20,149.17127071823205
2014-05-08,295000.0,2.0,1.75,2200,89298,1.0,0,0,3,1100,1100,1973,,Issaquah,98027,0,1973,41,41,134.0909090909091
2014-05-08,719000.0,3.0,2.5,1690,4500,1.5,0,1,4,1690,0,1928,,Seattle,98116,0,1928,86,86,425.4437869822485
2014-05-08,266000.0,3.0,2.5,1940,8547,1.0,0,0,3,1460,480,1989,,Kent,98030,0,1989,25,25,137.11340206185568
2014-05-08,325900.0,4.0,2.5,2320,6270,2.0,0,0,3,2320,0,2004,,Kent,98042,0,2004,10,10,140.47413793103448
2014-05-08,647500.0,4.0,1.75,2060,26036,1.0,0,0,4,1160,900,1947,,Normandy Park,98166,0,1947,67,67,314.3203883495146
2014-05-08,1039000.0,4.0,1.0,3410,5000,2.0,0,0,5,2190,1220,1910,,Seattle,98144,0,1910,104,104,304.69208211143695
2014-05-08,569000.0,4.0,2.25,2250,41688,2.0,0,0,3,2250,0,1980,,Redmond,98053,0,1980,34,34,252.88888888888889
2014-05-08,246000.0,3.0,1.75,1390,7399,1.0,0,0,4,1390,0,1975,,Kent,98031,0,1975,39,39,176.97841726618705
2014-05-08,515000.0,2.0,1.0,1060,4960,1.0,0,0,3,1060,0,1926,,Seattle,98103,0,1926,88,88,485.8490566037736
2014-05-08,207000.0,3.0,1.0,1490,8995,1.0,0,0,4,1490,0,1954,,Seattle,98168,0,1954,60,60,138.9261744966443
2014-05-08,780000.0,4.0,1.75,2480,9195,1.0,0,0,3,1390,1090,1950,,Bellevue,98004,0,1950,64,64,314.51612903225805
2014-05-08,489990.0,5.0,2.25,2440,20828,1.5,0,0,4,2440,0,1975,,Kent,98042,0,1975,39,39,200.8155737704918
2014-05-08,335000.0,3.0,1.5,2240,87625,1.5,0,0,2,1480,760,1980,,Auburn,98092,0,1980,34,34,149.55357142857142
2014-05-08,295000.0,3.0,2.5,1920,7229,2.0,0,0,3,1920,0,1993,,Federal Way,98003,0,1993,21,21,153.64583333333334
2014-05-08,385000.0,3.0,1.75,1890,9920,1.0,0,0,3,1230,660,1944,,Seattle,98125,0,1944,70,70,203.7037037037037
2014-05-08,350000.0,4.0,1.75,2250,13515,1.0,0,0,4,2150,100,1940,,Kent,98030,0,1940,74,74,155.55555555555554
2014-05-08,235000.0,2.0,1.0,1270,3008,1.0,0,0,4,650,620,1923,,Seattle,98118,0,1923,91,91,185.03937007874015
2014-05-08,358000.0,2.0,1.5,960,1808,2.0,0,0,3,960,0,1993,,Seattle,98122,0,1993,21,21,372.9166666666667
2014-05-08,716500.0,4.0,2.5,3290,6465,2.0,0,0,3,3290,0,2002,,Sammamish,98075,0,2002,12,12,217.78115501519756
2014-05-08,228000.0,4.0,1.75,2000,6120,1.0,0,0,3,1100,900,1965,,Seattle,98178,0,1965,49,49,114.0
2014-05-08,405000.0,2.0,1.0,1020,8155,1.0,0,0,4,1020,0,1948,,Seattle,98177,0,1948,66,66,397.05882352941177
2014-05-08,538000.0,4.0,1.75,1840,9600,1.0,0,0,3,1220,620,1967,,Redmond,98052,0,1967,47,47,292.39130434782606
2014-05-08,530000.0,3.0,1.75,1980,6760,1.0,0,0,4,1980,0,1973,,Bellevue,98008,0,1973,41,41,267.67676767676767
2014-05-08,1750000.0,6.0,3.0,3510,5760,2.5,0,0,4,3510,0,1906,,Seattle,98112,0,1906,108,108,498.57549857549856
2014-05-08,636000.0,2.0,1.75,1230,3600,1.5,0,0,5,1230,0,1925,,Seattle,98119,0,1925,89,89,517.0731707317074
2014-05-08,535000.0,4.0,2.5,2280,65836,2.0,0,0,3,2280,0,2004,,Woodinville,98077,0,2004,10,10,234.64912280701753
2014-05-08,1500000.0,3.0,1.75,2430,12757,1.0,0,2,4,1340,1090,1952,,Bellevue,98004,0,1952,62,62,617.283950617284
2014-05-08,868500.0,3.0,2.5,2920,3942,3.0,0,0,3,2920,0,2008,,Renton,98056,0,2008,6,6,297.43150684931504
2014-05-08,530000.0,4.0,2.75,2280,2850,1.5,0,0,4,1540,740,1930,,Seattle,98115,0,1930,84,84,232.4561403508772
2014-05-08,450000.0,3.0,2.0,1510,43560,1.0,0,0,3,1510,0,1954,,Woodinville,98077,0,1954,60,60,298.0132450331126
2014-05-08,230000.0,3.0,1.75,950,6000,1.0,0,0,3,790,160,1939,,Seattle,98108,0,1939,75,75,242.10526315789474
2014-05-08,229000.0,3.0,2.5,1190,3000,2.0,0,0,3,1190,0,2002,,Tukwila,98178,0,2002,12,12,192.43697478991598
2014-05-08,437000.0,3.0,1.75,1310,9282,1.0,0,0,4,1310,0,1976,,Redmond,98052,0,1976,38,38,333.587786259542
2014-05-08,1307000.0,5.0,3.25,2800,3200,1.5,0,0,5,1910,890,1932,2002.0,Seattle,98109,1,2002,82,12,466.7857142857143
2014-05-08,595000.0,3.0,2.5,1750,3354,2.0,0,0,4,1750,0,1991,,Kirkland,98033,0,1991,23,23,340.0
2014-05-08,660000.0,3.0,1.75,1320,5750,1.5,0,0,5,1320,0,1918,,Seattle,98116,0,1918,96,96,500.0
2014-05-08,347500.0,4.0,2.5,2460,7350,2.0,0,0,3,2460,0,1989,,Federal Way,98023,0,1989,25,25,141.260162601626
2014-05-08,297950.0,3.0,2.0,1240,10800,1.0,0,0,3,1240,0,1967,2010.0,Renton,98058,1,2010,47,4,240.28225806451613
2014-05-08,245000.0,3.0,1.5,1260,7964,1.0,0,0,4,1260,0,1955,,Des Moines,98148,0,1955,59,59,194.44444444444446
2014-05-08,543200.0,6.0,2.25,2820,15600,1.5,0,2,5,1970,850,1940,,Burien,98166,0,1940,74,74,192.6241134751773
2014-05-08,1250000.0,4.0,3.25,3820,24166,2.0,0,1,4,3310,510,1990,,Mercer Island,98040,0,1990,24,24,327.22513089005236
2014-05-08,413450.0,3.0,2.5,1540,1614,3.0,0,0,3,1470,70,2008,,Seattle,98103,0,2008,6,6,268.47402597402595
2014-05-08,330000.0,2.0,2.0,1550,435600,1.5,0,0,2,1550,0,1972,,Snoqualmie,98065,0,1972,42,42,212.90322580645162
2014-05-08,424500.0,3.0,1.75,1460,7700,1.0,0,0,3,1460,0,1979,,Redmond,98052,0,1979,35,35,290.75342465753425
2014-05-08,230000.0,3.0,1.0,1390,16000,1.0,0,0,4,1390,0,1960,,Algona,98001,0,1960,54,54,165.46762589928056
2014-05-08,930000.0,3.0,3.25,2640,4080,2.0,0,0,3,1840,800,1912,2000.0,Seattle,98105,1,2000,102,14,352.27272727272725
2014-05-08,349000.0,3.0,1.75,1590,9620,1.0,0,0,3,1590,0,1988,,Renton,98059,0,1988,26,26,219.49685534591194
2014-05-08,835000.0,4.0,2.0,1910,6960,1.5,0,0,5,1910,0,1941,,Seattle,98103,0,1941,73,73,437.17277486910996
2014-05-08,988500.0,3.0,2.75,2015,16807,2.0,1,4,3,2015,0,2007,,Burien,98166,0,2007,7,7,490.57071960297765
2014-05-08,500000.0,3.0,1.75,1410,1197,3.0,0,0,3,1410,0,2012,,Seattle,98103,0,2012,2,2,354.6099290780142
2014-05-08,499000.0,2.0,1.5,1110,957,2.0,0,0,3,930,180,2005,,Seattle,98119,0,2005,9,9,449.54954954954957
2014-05-08,321950.0,2.0,1.25,860,1277,2.0,0,0,3,860,0,2007,,Seattle,98144,0,2007,7,7,374.36046511627904
2014-05-08,494000.0,3.0,2.5,2310,4729,2.0,0,0,3,2310,0,2011,,Kenmore,98028,0,2011,3,3,213.85281385281385
2014-05-08,441750.0,2.0,1.5,1020,1060,3.0,0,0,3,1020,0,2008,,Seattle,98103,0,2008,6,6,433.0882352941176
2014-05-08,438000.0,2.0,1.0,980,1179,2.0,0,0,3,980,0,2010,,Seattle,98119,0,2010,4,4,446.9387755102041
2014-05-09,985000.0,4.0,2.25,4230,37769,2.0,0,0,3,4230,0,1989,,Woodinville,98077,0,1989,25,25,232.86052009456264
2014-05-09,352000.0,3.0,2.25,1640,11050,1.0,0,0,4,1640,0,1972,,Renton,98059,0,1972,42,42,214.6341463414634
2014-05-09,839900.0,4.0,3.5,3810,13592,1.0,0,1,3,2560,1250,2013,,Renton,98056,0,2013,1,1,220.4461942257218
2014-05-09,765000.0,4.0,2.75,2790,10819,2.0,0,0,3,2790,0,1996,,Issaquah,98027,0,1996,18,18,274.19354838709677
2014-05-09,460000.0,4.0,1.75,1750,5500,1.5,0,0,5,1050,700,1926,,Seattle,98117,0,1926,88,88,262.85714285714283
2014-05-09,224500.0,4.0,1.0,1430,8355,1.5,0,0,4,1430,0,1983,,Auburn,98092,0,1983,31,31,156.993006993007
2014-05-09,254000.0,3.0,2.5,1850,4597,2.0,0,0,3,1850,0,2003,,Covington,98042,0,2003,11,11,137.2972972972973
2014-05-09,255000.0,2.0,1.0,960,28717,1.0,0,0,4,960,0,1984,,Vashon,98070,0,1984,30,30,265.625
2014-05-09,610000.0,3.0,3.0,2480,45302,1.0,0,0,4,1620,860,1976,,Woodinville,98077,0,1976,38,38,245.96774193548387
2014-05-09,920000.0,4.0,3.0,3750,11025,2.0,0,0,3,3750,0,1976,,Sammamish,98074,0,1976,38,38,245.33333333333334
2014-05-09,402500.0,4.0,2.5,2600,11951,2.0,0,0,3,2600,0,1988,,Federal Way,98023,0,1988,26,26,154.80769230769232
2014-05-09,280950.0,3.0,1.75,1390,8700,1.0,0,3,4,840,550,1912,,Renton,98057,0,1912,102,102,202.12230215827338
2014-05-09,604000.0,4.0,2.5,2260,7753,2.0,0,0,3,2260,0,1989,,Issaquah,98029,0,1989,25,25,267.2566371681416
2014-05-09,565000.0,4.0,2.25,2470,7447,2.0,0,0,3,2470,0,1984,,Lake Forest Park,98155,0,1984,30,30,228.74493927125505
2014-05-09,255000.0,2.0,1.0,810,7980,1.0,0,0,1,810,0,1928,,Seattle,98146,0,1928,86,86,314.81481481481484
2014-05-09,445000.0,4.0,2.0,1650,6000,1.0,0,0,5,1000,650,1959,,Seattle,98144,0,1959,55,55,269.6969696969697
2014-05-09,2400000.0,3.0,2.25,3000,11665,1.5,1,4,3,3000,0,2001,,Sammamish,98075,0,2001,13,13,800.0
2014-05-09,195000.0,2.0,1.0,720,18000,1.0,0,0,3,720,0,1950,,Seattle,98178,0,1950,64,64,270.8333333333333
2014-05-09,275000.0,3.0,1.5,1390,48257,1.0,0,0,3,1390,0,1922,2013.0,Fall City,98024,1,2013,92,1,197.84172661870502
2014-05-09,387000.0,3.0,2.25,1445,1606,2.0,0,0,3,1300,145,2003,,Issaquah,98027,0,2003,11,11,267.8200692041523
2014-05-09,490000.0,2.0,1.0,1840,3300,1.5,0,0,4,1130,710,1910,,Seattle,98107,0,1910,104,104,266.30434782608694
2014-05-09,505000.0,3.0,2.5,2100,5824,2.0,0,2,3,2100,0,1999,,Snoqualmie,98065,0,1999,15,15,240.47619047619048
2014-05-09,303500.0,3.0,1.5,1060,10464,1.0,0,0,4,1060,0,1973,,Kirkland,98034,0,1973,41,41,286.3207547169811
2014-05-09,270000.0,3.0,1.5,1500,6337,1.0,0,0,5,1500,0,1953,,Seattle,98125,0,1953,61,61,180.0
2014-05-09,323000.0,4.0,2.75,1970,7213,1.0,0,0,3,1170,800,1977,,Renton,98058,0,1977,37,37,163.95939086294416
2014-05-09,382000.0,3.0,3.25,1410,1253,3.0,0,0,3,1410,0,2005,,Seattle,98103,0,2005,9,9,270.92198581560285
2014-05-09,1370000.0,4.0,2.75,3720,9450,1.0,0,4,5,1960,1760,1962,,Bellevue,98006,0,1962,52,52,368.2795698924731
2014-05-09,280000.0,4.0,2.0,2190,14439,1.0,0,0,4,1180,1010,1977,,Auburn,98001,0,1977,37,37,127.85388127853881
2014-05-09,260000.0,3.0,2.0,1920,8075,1.0,0,0,4,1510,410,1969,,Federal Way,98023,0,1969,45,45,135.41666666666666
2014-05-09,201500.0,3.0,1.0,1160,8320,1.0,0,0,4,1160,0,1959,,Kent,98032,0,1959,55,55,173.70689655172413
2014-05-09,1157200.0,4.0,4.25,5860,52889,2.0,0,0,4,4910,950,1996,,Woodinville,98072,0,1996,18,18,197.47440273037543
2014-05-09,536500.0,4.0,1.75,2000,4000,1.5,0,0,5,1450,550,1926,,Seattle,98126,0,1926,88,88,268.25
2014-05-09,248000.0,4.0,3.0,2163,5883,2.0,0,0,3,2163,0,2006,,Algona,98001,0,2006,8,8,114.65557096625058
2014-05-09,532000.0,5.0,3.0,3480,57499,1.0,0,0,4,2340,1140,1976,,Issaquah,98027,0,1976,38,38,152.8735632183908
2014-05-09,580000.0,4.0,2.5,2840,6268,2.0,0,0,3,2840,0,1998,,Kenmore,98028,0,1998,16,16,204.22535211267606
2014-05-09,463000.0,2.0,1.0,1150,4400,1.0,0,0,4,1150,0,1905,,Seattle,98112,0,1905,109,109,402.60869565217394
2014-05-09,742500.0,4.0,2.75,3100,3773,2.0,0,0,3,2000,1100,1919,1996.0,Seattle,98122,1,1996,95,18,239.51612903225808
2014-05-09,260000.0,3.0,2.5,1420,14850,1.0,0,0,4,1020,400,1963,,Kent,98032,0,1963,51,51,183.09859154929578
2014-05-09,590000.0,4.0,2.25,2430,32496,1.0,0,0,3,2430,0,1993,,Woodinville,98077,0,1993,21,21,242.79835390946502
2014-05-09,312000.0,4.0,2.25,1930,7452,1.0,0,0,3,1430,500,1984,,Kent,98031,0,1984,30,30,161.6580310880829
2014-05-09,566000.0,3.0,2.25,1660,10140,1.0,0,0,4,1370,290,1980,,Redmond,98052,0,1980,34,34,340.96385542168673
2014-05-09,511555.0,3.0,2.0,1400,7293,1.0,0,0,4,1400,0,1963,,Bellevue,98008,0,1963,51,51,365.39642857142854
2014-05-09,583000.0,4.0,2.5,2660,4000,2.0,0,0,3,2660,0,2001,,Redmond,98053,0,2001,13,13,219.17293233082708
2014-05-09,290000.0,4.0,2.5,2000,13300,1.0,0,0,4,1200,800,1968,,Auburn,98001,0,1968,46,46,145.0
2014-05-09,311100.0,4.0,2.25,2130,8078,1.0,0,0,4,1380,750,1977,,Renton,98055,0,1977,37,37,146.05633802816902
2014-05-09,325000.0,3.0,2.25,1352,1694,3.0,0,0,3,1352,0,2007,,Seattle,98125,0,2007,7,7,240.3846153846154
2014-05-09,491300.0,3.0,1.75,1750,11340,1.0,0,1,4,1300,450,1987,,Sammamish,98074,0,1987,27,27,280.74285714285713
2014-05-09,315000.0,5.0,1.75,2320,8100,1.0,0,0,4,1160,1160,1956,,Burien,98166,0,1956,58,58,135.77586206896552
2014-05-09,360000.0,2.0,1.0,1420,81892,1.0,0,0,3,1180,240,1956,,Renton,98055,0,1956,58,58,253.5211267605634
2014-05-09,330000.0,4.0,2.5,1940,3784,2.0,0,0,3,1940,0,2003,,Renton,98058,0,2003,11,11,170.10309278350516
2014-05-09,481450.0,3.0,2.0,1410,4800,1.0,0,0,3,1410,0,1940,,Seattle,98117,0,1940,74,74,341.45390070921985
2014-05-09,234950.0,3.0,1.0,1360,9948,1.0,0,0,3,1360,0,1977,,Black Diamond,98010,0,1977,37,37,172.75735294117646
2014-05-09,251000.0,3.0,1.75,1220,7250,1.0,0,0,3,1220,0,1962,,North Bend,98045,0,1962,52,52,205.7377049180328
2014-05-09,782000.0,4.0,2.5,2830,20345,2.0,0,0,3,1980,850,1979,,Bellevue,98004,0,1979,35,35,276.3250883392226
2014-05-09,833000.0,4.0,2.75,3780,10308,2.0,0,0,3,3780,0,1999,,Sammamish,98075,0,1999,15,15,220.37037037037038
2014-05-09,542500.0,4.0,2.5,2330,14289,2.0,0,0,4,2330,0,1978,,Bellevue,98007,0,1978,36,36,232.83261802575106
2014-05-09,851000.0,3.0,2.5,3560,107290,2.0,0,0,3,3560,0,1987,,Redmond,98053,0,1987,27,27,239.04494382022472
2014-05-09,325000.0,4.0,1.5,1470,70800,1.0,0,0,3,1470,0,1976,,Ravensdale,98051,0,1976,38,38,221.08843537414967
2014-05-09,415000.0,4.0,2.25,3060,48787,2.0,0,0,3,3060,0,1992,,Ravensdale,98051,0,1992,22,22,135.62091503267973
2014-05-09,252500.0,3.0,1.0,1030,6127,1.0,0,0,3,880,150,1947,,Seattle,98125,0,1947,67,67,245.14563106796118
2014-05-09,465000.0,4.0,2.5,1930,9653,1.0,0,0,4,1930,0,1968,,Federal Way,98023,0,1968,46,46,240.93264248704662
2014-05-09,336900.0,3.0,1.75,1780,120661,1.0,0,0,4,1780,0,1979,,Duvall,98019,0,1979,35,35,189.26966292134833
2014-05-09,225000.0,3.0,2.5,2000,9202,2.0,0,0,4,2000,0,1992,,Maple Valley,98038,0,1992,22,22,112.5
2014-05-09,270000.0,3.0,2.0,1690,9583,1.0,0,0,4,1690,0,1969,,Renton,98059,0,1969,45,45,159.76331360946745
2014-05-09,1702500.0,5.0,4.5,5190,23716,2.0,0,2,3,3390,1800,1987,2000.0,Mercer Island,98040,1,2000,27,14,328.0346820809249
2014-05-09,536000.0,3.0,1.75,1300,5413,1.5,0,0,3,1300,0,1925,1992.0,Seattle,98115,1,1992,89,22,412.3076923076923
2014-05-09,585000.0,4.0,3.25,2400,29252,2.0,0,0,4,2400,0,1982,,Woodinville,98072,0,1982,32,32,243.75
2014-05-09,445000.0,2.0,2.0,1150,6634,1.0,0,0,3,860,290,1940,,Seattle,98115,0,1940,74,74,386.95652173913044
2014-05-09,320000.0,4.0,2.25,2310,7490,2.0,0,0,3,2310,0,1980,,Renton,98055,0,1980,34,34,138.52813852813853
2014-05-09,769900.0,4.0,3.5,2730,3047,2.0,0,0,3,2400,330,2006,,Seattle,98116,0,2006,8,8,282.01465201465203
2014-05-09,557000.0,4.0,2.5,2840,4500,2.0,0,0,3,2840,0,2012,,Kenmore,98028,0,2012,2,2,196.1267605633803
2014-05-09,212000.0,2.0,1.5,1020,1525,2.0,0,0,3,1020,0,2004,,Seattle,98133,0,2004,10,10,207.84313725490196
2014-05-09,376000.0,3.0,2.0,1340,1384,3.0,0,0,3,1340,0,2008,,Seattle,98103,0,2008,6,6,280.5970149253731
2014-05-09,800000.0,4.0,3.25,3540,159430,2.0,0,0,3,3540,0,2007,,Carnation,98014,0,2007,7,7,225.98870056497177
2014-05-09,2238888.0,5.0,6.5,7270,130017,2.0,0,0,3,6420,850,2010,,Issaquah,98029,0,2010,4,4,307.96258596973865
2014-05-09,324000.0,3.0,2.25,998,904,2.0,0,0,3,798,200,2007,,Seattle,98117,0,2007,7,7,324.6492985971944
2014-05-10,549900.0,5.0,2.75,3060,7015,1.0,0,0,5,1600,1460,1979,,Seattle,98146,0,1979,35,35,179.7058823529412
2014-05-10,320000.0,3.0,2.5,2130,6969,2.0,0,0,3,2130,0,2003,,Maple Valley,98038,0,2003,11,11,150.23474178403757
2014-05-10,875000.0,4.0,2.0,2520,6000,1.0,0,0,3,1400,1120,1921,2007.0,Seattle,98103,1,2007,93,7,347.22222222222223
2014-05-10,265000.0,4.0,1.0,1940,9533,1.0,0,0,3,1080,860,1962,,Kent,98031,0,1962,52,52,136.5979381443299
2014-05-10,394950.0,3.0,2.5,1350,1250,3.0,0,0,3,1270,80,2006,,Seattle,98136,0,2006,8,8,292.55555555555554
2014-05-11,842500.0,4.0,2.5,2160,5298,2.5,0,0,4,2160,0,1902,,Seattle,98122,0,1902,112,112,390.0462962962963
2014-05-11,368000.0,3.0,2.5,1370,1350,2.0,0,0,3,1010,360,2007,,Seattle,98136,0,2007,7,7,268.6131386861314
2014-05-12,1225000.0,4.0,4.5,5420,101930,1.0,0,0,3,3890,1530,2001,,Redmond,98053,0,2001,13,13,226.01476014760146
2014-05-12,885000.0,4.0,2.5,2830,5000,2.0,0,0,3,2830,0,1995,,Seattle,98105,0,1995,19,19,312.7208480565371
2014-05-12,453246.0,3.0,2.5,2010,2287,2.0,0,0,3,1390,620,2014,,Issaquah,98029,0,2014,0,0,225.4955223880597
2014-05-12,927000.0,4.0,2.75,3300,12090,2.0,0,0,3,3300,0,1953,,Clyde Hill,98004,0,1953,61,61,280.90909090909093
2014-05-12,490000.0,2.0,2.5,1230,1391,2.0,0,0,3,870,360,2004,,Seattle,98112,0,2004,10,10,398.3739837398374
2014-05-12,341000.0,3.0,1.5,1720,7119,1.5,0,0,4,1720,0,1952,,Shoreline,98155,0,1952,62,62,198.25581395348837
2014-05-12,235000.0,1.0,1.0,810,2451,1.0,0,0,5,810,0,1941,,Seattle,98126,0,1941,73,73,290.12345679012344
2014-05-12,1200000.0,3.0,1.75,1560,8078,1.5,1,4,4,1560,0,1928,,Mercer Island,98040,0,1928,86,86,769.2307692307693
2014-05-12,560000.0,3.0,2.0,2560,216777,1.0,0,0,3,2560,0,1986,,Auburn,98092,0,1986,28,28,218.75
2014-05-12,900000.0,4.0,3.25,4700,38412,2.0,0,0,3,3420,1280,1978,,Bellevue,98005,0,1978,36,36,191.48936170212767
2014-05-12,255000.0,2.0,1.0,1220,2500,1.0,0,0,3,770,450,1910,,Seattle,98126,0,1910,104,104,209.01639344262296
2014-05-12,1575000.0,5.0,2.75,3650,20150,1.0,0,0,4,2360,1290,1975,,Bellevue,98004,0,1975,39,39,431.5068493150685
2014-05-12,876650.0,3.0,3.25,2170,12508,1.5,0,0,5,1650,520,1928,1970.0,Mercer Island,98040,1,1970,86,44,403.98617511520735
2014-05-12,540000.0,4.0,2.25,2540,228254,1.0,0,0,3,1450,1090,1990,,Duvall,98019,0,1990,24,24,212.5984251968504
2014-05-12,350000.0,2.0,1.0,910,4500,1.5,0,0,4,910,0,1906,,Seattle,98118,0,1906,108,108,384.61538461538464
2014-05-12,750000.0,4.0,2.5,2980,4930,2.0,0,0,3,2890,90,2000,,Bellevue,98006,0,2000,14,14,251.6778523489933
2014-05-12,582000.0,4.0,1.75,2120,4650,1.0,0,1,3,1190,930,1951,,Seattle,98117,0,1951,63,63,274.52830188679246
2014-05-12,1315000.0,4.0,3.5,3460,3997,2.0,0,0,3,2560,900,2004,,Seattle,98103,0,2004,10,10,380.0578034682081
2014-05-12,372500.0,5.0,3.0,2480,10090,1.0,0,0,3,1300,1180,2004,,Seattle,98178,0,2004,10,10,150.2016129032258
2014-05-12,410000.0,3.0,2.25,2200,16921,2.0,0,0,3,2200,0,1987,,Maple Valley,98038,0,1987,27,27,186.36363636363637
2014-05-12,360000.0,4.0,2.0,1730,5500,1.0,0,0,5,1010,720,1943,,Seattle,98106,0,1943,71,71,208.09248554913296
2014-05-12,1015000.0,3.0,2.5,2920,34527,1.0,0,4,4,1800,1120,1954,1983.0,Seattle,98116,1,1983,60,31,347.6027397260274
2014-05-12,225000.0,3.0,1.0,990,8012,1.0,0,0,4,990,0,1966,,Renton,98058,0,1966,48,48,227.27272727272728
2014-05-12,647000.0,4.0,2.5,3040,6887,2.0,0,0,3,3040,0,1999,,Sammamish,98074,0,1999,15,15,212.82894736842104
2014-05-12,950000.0,5.0,3.0,4530,258746,1.5,0,0,4,3200,1330,2003,,Woodinville,98077,0,2003,11,11,209.7130242825607
2014-05-12,185000.0,3.0,1.5,1370,8470,1.0,0,0,4,1370,0,1961,,Auburn,98092,0,1961,53,53,135.03649635036496
2014-05-12,335000.0,3.0,2.5,1940,4927,2.0,0,0,3,1940,0,2004,,Renton,98058,0,2004,10,10,172.68041237113403
2014-05-12,210000.0,3.0,2.5,1040,2643,2.0,0,0,3,720,320,2004,,Seattle,98118,0,2004,10,10,201.92307692307693
2014-05-12,522000.0,4.0,2.25,1800,8623,1.0,0,0,4,1360,440,1980,,Kirkland,98033,0,1980,34,34,290.0
2014-05-12,770000.0,3.0,1.75,1720,5000,1.0,0,0,3,1720,0,1954,2014.0,Seattle,98122,1,2014,60,0,447.6744186046512
2014-05-12,499950.0,3.0,1.0,980,6380,1.0,0,0,3,760,220,1941,,Seattle,98115,0,1941,73,73,510.1530612244898
2014-05-12,751000.0,4.0,2.5,3110,6142,2.0,0,0,3,3110,0,2004,,Redmond,98052,0,2004,10,10,241.47909967845658
2014-05-12,330000.0,5.0,3.0,2100,7715,1.0,0,0,3,1250,850,2013,,Burien,98168,0,2013,1,1,157.14285714285714
2014-05-12,465000.0,3.0,1.5,2020,11358,1.0,0,0,4,1190,830,1956,,Kirkland,98033,0,1956,58,58,230.1980198019802
2014-05-12,850000.0,4.0,1.75,2350,11914,1.0,0,0,4,2350,0,1961,,Mercer Island,98040,0,1961,53,53,361.70212765957444
2014-05-12,947500.0,4.0,2.25,3290,12329,1.5,0,0,4,3290,0,1968,,Mercer Island,98040,0,1968,46,46,287.9939209726444
2014-05-12,302000.0,5.0,2.25,2180,7813,2.0,0,0,3,2180,0,1986,,Maple Valley,98038,0,1986,28,28,138.5321100917431
2014-05-12,500000.0,2.0,2.25,1290,1334,3.0,0,0,3,1290,0,2007,,Seattle,98107,0,2007,7,7,387.5968992248062
2014-05-12,201000.0,3.0,1.0,1460,9750,1.0,0,0,4,1460,0,1969,,Kent,98042,0,1969,45,45,137.67123287671234
2014-05-12,265000.0,2.0,1.0,1290,2828,2.0,0,0,3,1290,0,2008,,Redmond,98053,0,2008,6,6,205.42635658914728
2014-05-12,870300.0,4.0,2.5,2350,3150,1.5,0,0,4,1690,660,1910,,Seattle,98103,0,1910,104,104,370.3404255319149
2014-05-12,339000.0,3.0,1.0,1080,8100,1.0,0,0,4,1080,0,1955,,Shoreline,98155,0,1955,59,59,313.8888888888889
2014-05-12,690000.0,4.0,2.5,2670,13463,2.0,0,0,4,2670,0,1989,,Issaquah,98029,0,1989,25,25,258.4269662921348
2014-05-12,788000.0,4.0,3.25,3680,5759,2.0,0,0,3,2840,840,2003,,Issaquah,98027,0,2003,11,11,214.1304347826087
2014-05-12,315275.0,3.0,1.75,1440,8040,1.0,0,0,3,960,480,1951,,Seattle,98125,0,1951,63,63,218.94097222222223
2014-05-12,505000.0,4.0,1.75,1940,4800,1.0,0,0,5,1030,910,1922,,Seattle,98122,0,1922,92,92,260.30927835051546
2014-05-12,368000.0,3.0,1.0,1280,9898,1.0,0,0,3,1280,0,1968,,Woodinville,98072,0,1968,46,46,287.5
2014-05-12,947500.0,3.0,2.75,2980,27144,1.5,1,2,5,2180,800,1917,,Burien,98166,0,1917,97,97,317.9530201342282
2014-05-12,156000.0,3.0,1.0,970,8580,1.0,0,0,3,970,0,1959,,Federal Way,98003,0,1959,55,55,160.82474226804123
2014-05-12,610000.0,4.0,3.0,2110,5000,1.5,0,2,4,1640,470,1930,,Seattle,98136,0,1930,84,84,289.09952606635073
2014-05-12,420000.0,2.0,2.5,1480,1369,3.0,0,0,3,1480,0,2009,,Redmond,98052,0,2009,5,5,283.7837837837838
2014-05-12,192000.0,2.0,1.0,700,10540,1.0,0,0,3,700,0,1953,,Normandy Park,98166,0,1953,61,61,274.2857142857143
2014-05-12,910000.0,3.0,2.0,2700,6120,1.0,0,0,4,1350,1350,1962,,Seattle,98115,0,1962,52,52,337.037037037037
2014-05-12,1300000.0,4.0,3.25,2330,9687,2.0,0,3,3,2330,0,1918,,Seattle,98112,0,1918,96,96,557.9399141630902
2014-05-12,1346400.0,5.0,1.75,3380,20021,1.0,0,0,4,1690,1690,1963,,Clyde Hill,98004,0,1963,51,51,398.3431952662722
2014-05-12,840000.0,4.0,2.75,2600,2750,1.5,0,0,3,1620,980,1936,,Seattle,98109,0,1936,78,78,323.0769230769231
2014-05-12,300000.0,2.0,1.75,1360,8100,1.0,0,0,3,860,500,1975,,Seattle,98177,0,1975,39,39,220.58823529411765
2014-05-12,505000.0,4.0,2.5,2780,6369,1.0,0,0,3,1590,1190,1978,,Kirkland,98034,0,1978,36,36,181.6546762589928
2014-05-12,110000.0,3.0,1.0,1250,53143,1.0,0,0,5,1250,0,1945,,Maple Valley,98038,0,1945,69,69,88.0
2014-05-12,746000.0,3.0,2.5,2620,8950,2.0,0,0,3,2620,0,1992,,Bellevue,98006,0,1992,22,22,284.7328244274809
2014-05-12,211000.0,3.0,1.5,1350,7620,1.0,0,0,5,1350,0,1941,,Burien,98166,0,1941,73,73,156.2962962962963
2014-05-12,675000.0,4.0,3.0,2400,3340,1.0,0,0,4,1200,1200,1964,,Seattle,98107,0,1964,50,50,281.25
2014-05-12,734200.0,4.0,2.5,2760,5000,1.5,0,0,5,1680,1080,1928,,Seattle,98107,0,1928,86,86,266.0144927536232
2014-05-12,1225000.0,4.0,2.25,3070,16028,1.0,0,3,3,1870,1200,1976,,Mercer Island,98040,0,1976,38,38,399.0228013029316
2014-05-12,615000.0,2.0,1.75,2040,28593,1.5,1,3,4,2040,0,1919,1990.0,Vashon,98070,1,1990,95,24,301.47058823529414
2014-05-12,630000.0,4.0,2.0,1770,6000,2.0,0,0,5,1770,0,1911,1981.0,Seattle,98199,1,1981,103,33,355.93220338983053
2014-05-12,1264000.0,4.0,3.75,3490,9170,2.0,0,0,3,3490,0,2012,,Bellevue,98004,0,2012,2,2,362.1776504297994
2014-05-12,301500.0,2.0,1.5,830,1333,2.0,0,0,3,830,0,2005,,Seattle,98136,0,2005,9,9,363.2530120481928
2014-05-12,369000.0,2.0,2.5,980,895,2.0,0,0,3,670,310,2009,,Seattle,98116,0,2009,5,5,376.53061224489795
2014-05-12,635000.0,3.0,2.5,1570,1433,3.0,0,0,3,1570,0,2010,,Seattle,98103,0,2010,4,4,404.45859872611464
2014-05-12,1033888.0,4.0,3.25,3270,5187,2.0,0,0,3,3110,160,2014,,Redmond,98052,0,2014,0,0,316.17370030581037
2014-05-12,383000.0,4.0,2.5,2160,6223,2.0,0,0,3,2160,0,2010,,Maple Valley,98038,0,2010,4,4,177.3148148148148
2014-05-12,1050000.0,4.0,3.75,3280,11000,2.0,0,0,3,2320,960,2008,,Kirkland,98033,0,2008,6,6,320.1219512195122
2014-05-13,455000.0,4.0,2.5,3360,7685,2.0,0,0,3,3360,0,2001,,Renton,98058,0,2001,13,13,135.41666666666666
2014-05-13,819900.0,5.0,2.75,3150,7119,2.0,0,0,3,3150,0,2013,,Redmond,98052,0,2013,1,1,260.2857142857143
2014-05-13,625000.0,3.0,3.5,1810,1846,2.0,0,0,4,1440,370,2009,,Seattle,98122,0,2009,5,5,345.30386740331494
2014-05-13,651000.0,4.0,2.5,2740,7140,2.0,0,0,3,2740,0,1993,,Sammamish,98074,0,1993,21,21,237.5912408759124
2014-05-13,480000.0,5.0,4.75,3830,35000,1.0,0,0,3,2130,1700,1976,,Woodinville,98077,0,1976,38,38,125.32637075718016
2014-05-13,757000.0,3.0,3.25,3190,5283,2.0,0,0,3,3190,0,2007,,Issaquah,98029,0,2007,7,7,237.3040752351097
2014-05-13,460000.0,3.0,2.25,2350,10450,1.0,0,0,3,1390,960,1977,,Kenmore,98028,0,1977,37,37,195.74468085106383
2014-05-13,267345.0,4.0,2.25,2510,8165,1.0,0,0,4,1610,900,1972,,Federal Way,98023,0,1972,42,42,106.51195219123505
2014-05-13,530000.0,2.0,2.0,1680,4950,1.0,0,0,3,1680,0,2006,,Redmond,98053,0,2006,8,8,315.4761904761905
2014-05-13,449500.0,3.0,2.0,1770,6610,1.0,0,0,4,960,810,1954,,Shoreline,98133,0,1954,60,60,253.954802259887
2014-05-13,289000.0,3.0,1.0,1090,7315,1.0,0,0,5,1090,0,1981,,Renton,98056,0,1981,33,33,265.13761467889907
2014-05-13,373000.0,5.0,2.5,3001,5710,2.0,0,0,3,3001,0,2006,,Kent,98030,0,2006,8,8,124.2919026991003
2014-05-13,525000.0,5.0,3.0,2450,4591,2.0,0,0,3,2450,0,1994,,Seattle,98117,0,1994,20,20,214.28571428571428
2014-05-13,777000.0,3.0,3.25,3610,59677,2.0,0,0,3,2440,1170,2003,,Issaquah,98027,0,2003,11,11,215.23545706371192
2014-05-13,550000.0,4.0,2.0,2250,7500,1.0,0,0,5,1200,1050,1956,,Bellevue,98005,0,1956,58,58,244.44444444444446
2014-05-13,523000.0,3.0,1.5,1240,7735,1.0,0,0,4,1240,0,1957,,Bellevue,98008,0,1957,57,57,421.7741935483871
2014-05-13,628000.0,4.0,2.0,2260,6000,1.0,0,0,3,1430,830,1958,,Seattle,98115,0,1958,56,56,277.87610619469024
2014-05-13,581000.0,4.0,1.75,2090,8164,1.0,0,0,4,1070,1020,1963,,Redmond,98052,0,1963,51,51,277.99043062200957
2014-05-13,245000.0,5.0,1.75,2020,7902,1.0,0,0,3,1220,800,1962,,Seattle,98168,0,1962,52,52,121.2871287128713
2014-05-13,415000.0,3.0,1.75,1960,5000,1.0,0,0,5,980,980,1911,,Seattle,98108,0,1911,103,103,211.73469387755102
2014-05-13,1895000.0,5.0,2.25,3120,16672,2.0,0,0,4,3120,0,1969,,Yarrow Point,98004,0,1969,45,45,607.3717948717949
2014-05-13,225000.0,3.0,1.5,1250,7500,1.0,0,0,3,1250,0,1967,,Kent,98030,0,1967,47,47,180.0
2014-05-13,287000.0,3.0,2.25,1490,9600,1.0,0,0,4,1170,320,1987,,Duvall,98019,0,1987,27,27,192.61744966442953
2014-05-13,799200.0,6.0,3.0,2890,2370,2.5,0,0,3,2290,600,1906,,Seattle,98102,0,1906,108,108,276.53979238754323
2014-05-13,239950.0,3.0,1.0,1900,33888,1.5,0,0,4,1900,0,1942,,Auburn,98001,0,1942,72,72,126.28947368421052
2014-05-13,591000.0,3.0,1.75,1680,2400,1.0,0,0,5,870,810,1922,,Seattle,98122,0,1922,92,92,351.7857142857143
2014-05-13,700000.0,3.0,2.5,2030,8398,2.0,0,0,4,2030,0,1975,,Bellevue,98008,0,1975,39,39,344.82758620689657
2014-05-13,475000.0,4.0,2.5,3740,8700,1.0,0,0,3,2260,1480,2004,,Renton,98058,0,2004,10,10,127.00534759358288
2014-05-13,575000.0,3.0,1.75,1580,11750,1.0,0,0,4,1180,400,1951,,Seattle,98118,0,1951,63,63,363.9240506329114
2014-05-13,771000.0,3.0,2.25,1780,6120,1.5,0,0,4,1390,390,1927,,Seattle,98122,0,1927,87,87,433.14606741573033
2014-05-13,155000.0,2.0,1.0,910,6232,1.0,0,0,3,910,0,1943,,Seattle,98118,0,1943,71,71,170.32967032967034
2014-05-13,550000.0,7.0,4.0,3440,8100,2.0,0,0,3,3440,0,1970,,Seattle,98103,0,1970,44,44,159.88372093023256
2014-05-13,645000.0,3.0,2.5,1740,13750,2.0,0,0,4,1740,0,1975,,Bellevue,98008,0,1975,39,39,370.6896551724138
2014-05-13,464000.0,5.0,2.5,3400,8970,1.0,0,0,4,1700,1700,1959,,Shoreline,98133,0,1959,55,55,136.47058823529412
2014-05-13,1050000.0,4.0,3.25,4400,16625,2.0,0,0,3,4400,0,2003,,Sammamish,98075,0,2003,11,11,238.63636363636363
2014-05-13,350000.0,3.0,2.5,2010,14298,2.0,0,0,3,2010,0,1977,,Vashon,98070,0,1977,37,37,174.12935323383084
2014-05-13,591000.0,4.0,2.25,2710,38180,2.0,0,0,4,2710,0,1977,,Woodinville,98077,0,1977,37,37,218.0811808118081
2014-05-13,2555000.0,4.0,2.5,5300,26211,2.0,1,2,2,4570,730,1923,,Seattle,98105,0,1923,91,91,482.07547169811323
2014-05-13,717000.0,3.0,1.5,1310,3880,1.0,0,0,3,1090,220,1956,,Seattle,98117,0,1956,58,58,547.3282442748092
2014-05-13,225000.0,4.0,1.5,1950,12559,1.5,0,0,3,1950,0,1939,,SeaTac,98188,0,1939,75,75,115.38461538461539
2014-05-13,225000.0,3.0,1.0,1040,6535,1.0,0,0,3,1040,0,1947,,Seattle,98168,0,1947,67,67,216.34615384615384
2014-05-13,345000.0,3.0,1.75,1090,7200,1.0,0,0,3,1090,0,1968,,Kirkland,98034,0,1968,46,46,316.51376146788994
2014-05-13,230000.0,2.0,0.75,650,5360,1.0,0,0,4,650,0,1931,,Seattle,98133,0,1931,83,83,353.84615384615387
2014-05-13,385000.0,3.0,2.0,1480,6600,1.0,0,2,3,740,740,1943,,Seattle,98146,0,1943,71,71,260.13513513513516
2014-05-13,90000.0,2.0,1.0,790,2640,1.0,0,0,3,790,0,1973,,Kirkland,98034,0,1973,41,41,113.92405063291139
2014-05-13,860000.0,4.0,2.5,3560,11119,1.0,0,2,3,2290,1270,1986,,Bellevue,98004,0,1986,28,28,241.57303370786516
2014-05-13,675000.0,4.0,2.5,3000,5548,2.0,0,0,3,3000,0,2006,,Newcastle,98056,0,2006,8,8,225.0
2014-05-13,975000.0,4.0,2.5,3490,7494,2.0,0,3,3,3490,0,2000,,Bellevue,98006,0,2000,14,14,279.36962750716333
2014-05-13,780000.0,3.0,1.75,2340,10495,1.0,0,0,4,2340,0,1967,,Mercer Island,98040,0,1967,47,47,333.3333333333333
2014-05-13,370000.0,3.0,1.75,1650,8254,1.0,0,0,5,1060,590,1951,,Shoreline,98155,0,1951,63,63,224.24242424242425
2014-05-13,665000.0,3.0,2.0,1940,5820,1.5,0,0,5,1150,790,1944,,Seattle,98107,0,1944,70,70,342.78350515463916
2014-05-13,675000.0,5.0,3.0,3410,9600,1.0,0,0,4,1870,1540,1968,,Redmond,98052,0,1968,46,46,197.94721407624633
2014-05-13,620000.0,3.0,1.0,1710,4050,1.5,0,0,3,1710,0,1909,,Seattle,98103,0,1909,105,105,362.5730994152047
2014-05-13,1105000.0,4.0,1.5,2740,4000,2.0,0,0,5,1930,810,1905,,Seattle,98109,0,1905,109,109,403.2846715328467
2014-05-13,450000.0,3.0,2.75,1250,892,2.0,0,0,3,1040,210,2010,,Seattle,98116,0,2010,4,4,360.0
2014-05-13,450000.0,3.0,2.25,2450,42180,1.0,0,0,4,2450,0,1978,2000.0,Covington,98042,1,2000,36,14,183.6734693877551
2014-05-13,530000.0,3.0,1.75,1690,8190,1.0,0,0,4,1690,0,1958,,Bellevue,98005,0,1958,56,56,313.6094674556213
2014-05-13,635000.0,4.0,1.75,1950,13320,1.0,0,0,4,1370,580,1969,,Bellevue,98007,0,1969,45,45,325.64102564102564
2014-05-13,580000.0,5.0,2.0,2290,7125,1.0,0,0,3,1190,1100,1964,,Bellevue,98008,0,1964,50,50,253.27510917030568
2014-05-13,1550000.0,5.0,3.25,3370,17458,1.0,0,2,5,2000,1370,1982,,Mercer Island,98040,0,1982,32,32,459.9406528189911
2014-05-13,285000.0,3.0,1.0,1090,8640,1.0,0,0,4,1090,0,1973,,Burien,98166,0,1973,41,41,261.4678899082569
2014-05-13,375000.0,3.0,1.0,1190,9486,1.0,0,0,4,1190,0,1953,,Normandy Park,98166,0,1953,61,61,315.12605042016804
2014-05-13,1400000.0,5.0,4.25,3530,7924,2.0,0,0,3,3530,0,2001,,Mercer Island,98040,0,2001,13,13,396.60056657223794
2014-05-13,560000.0,3.0,1.0,1440,5000,2.0,0,0,3,1440,0,1910,,Seattle,98103,0,1910,104,104,388.8888888888889
2014-05-13,405000.0,4.0,1.75,2180,13529,1.0,0,0,3,1090,1090,1956,,Lake Forest Park,98155,0,1956,58,58,185.77981651376146
2014-05-13,413000.0,4.0,1.0,1410,6000,1.0,0,0,3,810,600,1925,,Seattle,98126,0,1925,89,89,292.9078014184397
2014-05-13,287600.0,3.0,2.5,1950,8251,2.0,0,0,3,1950,0,1990,,Auburn,98001,0,1990,24,24,147.48717948717947
2014-05-13,1680000.0,5.0,3.25,4860,23723,2.0,0,2,4,3820,1040,1989,,Mercer Island,98040,0,1989,25,25,345.679012345679
2014-05-13,225000.0,3.0,1.0,1660,7210,1.0,0,0,3,1100,560,1963,,Auburn,98001,0,1963,51,51,135.5421686746988
2014-05-13,319000.0,3.0,1.0,1390,12823,1.0,0,0,4,1390,0,1968,,Woodinville,98077,0,1968,46,46,229.49640287769785
2014-05-13,322500.0,3.0,2.0,1350,14200,1.0,0,0,3,1350,0,1989,,Duvall,98019,0,1989,25,25,238.88888888888889
2014-05-13,570000.0,3.0,2.0,1530,5401,1.0,0,0,4,1530,0,1937,,Seattle,98115,0,1937,77,77,372.54901960784315
2014-05-13,465000.0,3.0,1.5,1270,5112,1.0,0,0,3,1270,0,1950,,Seattle,98115,0,1950,64,64,366.1417322834646
2014-05-13,435000.0,4.0,2.25,2140,6355,2.0,0,0,3,2140,0,2002,,Snoqualmie,98065,0,2002,12,12,203.2710280373832
2014-05-13,502000.0,4.0,2.5,2040,5616,2.0,0,0,3,2040,0,2012,,Kenmore,98028,0,2012,2,2,246.07843137254903
2014-05-13,525000.0,3.0,3.5,2876,5086,2.0,0,0,3,2360,516,2007,,Woodinville,98072,0,2007,7,7,182.5452016689847
2014-05-13,525000.0,3.0,2.5,1580,1161,2.0,0,0,3,1010,570,2008,,Seattle,98112,0,2008,6,6,332.27848101265823
2014-05-13,660000.0,4.0,3.5,3400,5196,2.0,0,0,3,3400,0,2012,,Snoqualmie,98065,0,2012,2,2,194.11764705882354
2014-05-13,870000.0,4.0,2.5,3520,6773,2.5,0,0,3,2650,870,2006,,Seattle,98136,0,2006,8,8,247.1590909090909
2014-05-13,650000.0,4.0,2.5,2210,4861,2.0,0,0,3,2210,0,2013,,Seattle,98117,0,2013,1,1,294.11764705882354
2014-05-13,505000.0,4.0,2.5,2790,5602,2.0,0,0,3,2790,0,2009,,Renton,98059,0,2009,5,5,181.00358422939067
2014-05-13,330000.0,3.0,2.5,1450,5008,1.0,0,0,3,840,610,2007,,Seattle,98106,0,2007,7,7,227.58620689655172
2014-05-14,385000.0,4.0,1.75,1620,4980,1.0,0,0,4,860,760,1947,,Seattle,98133,0,1947,67,67,237.65432098765433
2014-05-14,306000.0,3.0,1.5,1220,1086,3.0,0,0,3,1220,0,2007,,Seattle,98133,0,2007,7,7,250.81967213114754
2014-05-14,546000.0,3.0,1.75,2000,5000,1.0,0,0,4,1110,890,1921,,Seattle,98117,0,1921,93,93,273.0
2014-05-14,925000.0,4.0,2.5,2190,7350,2.5,0,0,5,2190,0,1958,,Mercer Island,98040,0,1958,56,56,422.3744292237443
2014-05-14,542000.0,4.0,1.75,1900,8250,1.0,0,0,4,950,950,1955,,Bellevue,98006,0,1955,59,59,285.2631578947368
2014-05-14,800000.0,3.0,1.0,1700,4400,1.5,0,0,4,1700,0,1906,,Seattle,98122,0,1906,108,108,470.5882352941176
2014-05-14,620000.0,5.0,2.5,2540,3832,2.0,0,0,5,1760,780,1929,,Seattle,98117,0,1929,85,85,244.09448818897638
2014-05-14,175000.0,2.0,1.0,1170,8925,1.0,0,2,3,1170,0,1911,,Des Moines,98198,0,1911,103,103,149.57264957264957
2014-05-14,740000.0,5.0,5.0,5774,31675,1.0,0,2,3,4490,1284,1984,,Federal Way,98003,0,1984,30,30,128.16072047107724
2014-05-14,345000.0,3.0,2.25,2120,15003,2.0,0,0,3,2120,0,1984,,Renton,98059,0,1984,30,30,162.73584905660377
2014-05-14,510000.0,3.0,1.75,2170,26460,1.0,0,0,3,1450,720,1986,,Sammamish,98074,0,1986,28,28,235.02304147465438
2014-05-14,530000.0,4.0,2.75,2450,15002,1.0,0,0,5,2450,0,1974,,Normandy Park,98166,0,1974,40,40,216.3265306122449
2014-05-14,155000.0,2.0,1.0,700,5200,1.0,0,0,5,700,0,1952,,Renton,98056,0,1952,62,62,221.42857142857142
2014-05-14,266000.0,3.0,2.5,1780,7214,1.0,0,0,4,1400,380,1986,,Kent,98030,0,1986,28,28,149.43820224719101
2014-05-14,257200.0,3.0,2.0,1850,8250,1.0,0,0,4,1150,700,1952,,Auburn,98002,0,1952,62,62,139.02702702702703
2014-05-14,265000.0,3.0,2.0,1570,5706,1.0,0,0,3,1570,0,1998,,Auburn,98092,0,1998,16,16,168.78980891719746
2014-05-14,372220.0,3.0,1.0,1290,5500,1.0,0,0,3,980,310,1951,,Seattle,98136,0,1951,63,63,288.5426356589147
2014-05-14,337500.0,5.0,2.0,1700,7314,1.0,0,0,3,1000,700,1956,,Seattle,98108,0,1956,58,58,198.52941176470588
2014-05-14,582500.0,2.0,1.5,1159,4800,1.0,0,0,3,1159,0,1948,,Seattle,98199,0,1948,66,66,502.58843830888696
2014-05-14,489200.0,3.0,2.75,1850,9600,1.5,0,0,5,1850,0,1965,,Kirkland,98034,0,1965,49,49,264.43243243243245
2014-05-14,405100.0,2.0,1.0,840,3522,1.0,0,0,3,840,0,1947,,Seattle,98199,0,1947,67,67,482.26190476190476
2014-05-14,372977.0,3.0,2.5,1690,1618,2.0,0,0,3,1150,540,2014,,Issaquah,98029,0,2014,0,0,220.69644970414203
2014-05-14,310000.0,3.0,1.0,1050,9876,1.0,0,0,3,1050,0,1953,,Kenmore,98028,0,1953,61,61,295.23809523809524
2014-05-14,538000.0,3.0,1.75,1400,3825,1.5,0,0,4,1100,300,1904,,Seattle,98117,0,1904,110,110,384.2857142857143
2014-05-14,1400000.0,3.0,2.5,2550,7200,2.0,0,2,3,2550,0,1981,2013.0,Seattle,98144,1,2013,33,1,549.0196078431372
2014-05-14,317000.0,3.0,2.5,1840,5011,2.0,0,0,3,1840,0,2012,,Maple Valley,98038,0,2012,2,2,172.2826086956522
2014-05-14,702500.0,3.0,1.5,2360,6750,2.0,0,0,5,1930,430,1926,,Seattle,98103,0,1926,88,88,297.6694915254237
2014-05-14,565000.0,4.0,2.5,2240,14667,2.0,0,0,4,2240,0,1989,,Newcastle,98059,0,1989,25,25,252.23214285714286
2014-05-14,723000.0,4.0,2.5,2700,4004,2.0,0,0,3,2700,0,2004,,Issaquah,98029,0,2004,10,10,267.77777777777777
2014-05-14,766950.0,3.0,2.5,3030,30007,1.5,0,0,4,3030,0,1992,,Woodinville,98077,0,1992,22,22,253.11881188118812
2014-05-14,682000.0,3.0,1.75,1830,5120,1.5,0,2,5,1830,0,1903,,Seattle,98122,0,1903,111,111,372.6775956284153
2014-05-14,325000.0,3.0,2.5,2220,6049,2.0,0,0,4,2220,0,1990,,Kent,98031,0,1990,24,24,146.3963963963964
2014-05-14,543000.0,3.0,2.5,2090,7640,1.0,0,0,3,1360,730,1962,2014.0,Shoreline,98133,1,2014,52,0,259.8086124401914
2014-05-14,525000.0,3.0,1.75,1600,6120,1.5,0,0,3,1600,0,1924,,Seattle,98115,0,1924,90,90,328.125
2014-05-14,364000.0,4.0,1.75,2010,8625,1.0,0,0,4,1340,670,1957,,Shoreline,98133,0,1957,57,57,181.09452736318408
2014-05-14,394475.0,2.0,1.0,830,4000,1.0,0,0,3,830,0,1955,,Seattle,98117,0,1955,59,59,475.2710843373494
2014-05-14,316000.0,4.0,2.5,2010,7226,2.0,0,0,3,2010,0,1995,,Auburn,98092,0,1995,19,19,157.2139303482587
2014-05-14,339950.0,3.0,1.0,1050,5402,1.5,0,0,4,1050,0,1906,,Seattle,98144,0,1906,108,108,323.76190476190476
2014-05-14,486000.0,4.0,2.5,2150,39449,1.0,0,0,3,1420,730,1978,,Fall City,98024,0,1978,36,36,226.04651162790697
2014-05-14,160000.0,3.0,1.0,860,11900,1.0,0,0,4,860,0,1963,,Kent,98030,0,1963,51,51,186.04651162790697
2014-05-14,930000.0,3.0,2.5,3100,20553,1.0,0,0,3,3100,0,1954,,Shoreline,98177,0,1954,60,60,300.0
2014-05-14,139000.0,3.0,1.0,1100,17334,1.0,0,0,3,1100,0,1978,,Auburn,98001,0,1978,36,36,126.36363636363636
2014-05-14,562000.0,3.0,1.5,1830,8000,1.0,0,0,4,1830,0,1957,,Bellevue,98008,0,1957,57,57,307.10382513661204
2014-05-14,299000.0,2.0,1.75,1250,34395,1.0,0,0,4,1250,0,1950,,Federal Way,98003,0,1950,64,64,239.2
2014-05-14,511000.0,3.0,2.5,1820,4883,2.0,0,0,3,1820,0,2005,,Kenmore,98028,0,2005,9,9,280.7692307692308
2014-05-14,499000.0,3.0,2.0,2090,42689,1.5,0,0,3,2090,0,1959,1998.0,Ravensdale,98051,1,1998,55,16,238.755980861244
2014-05-14,356000.0,3.0,3.5,2100,12384,2.0,0,0,3,2100,0,1980,,Tukwila,98168,0,1980,34,34,169.52380952380952
2014-05-14,470000.0,4.0,2.5,2310,14023,2.0,0,0,3,2310,0,1991,,Duvall,98019,0,1991,23,23,203.46320346320346
2014-05-14,715000.0,4.0,2.25,2060,5649,1.0,0,0,5,1360,700,1941,,Seattle,98199,0,1941,73,73,347.0873786407767
2014-05-14,1120000.0,4.0,2.25,4470,60373,2.0,0,0,3,4470,0,1988,,Woodinville,98072,0,1988,26,26,250.5592841163311
2014-05-14,458000.0,3.0,1.0,1660,7500,1.0,0,0,4,1060,600,1940,,Seattle,98125,0,1940,74,74,275.90361445783134
2014-05-14,966000.0,5.0,4.5,3810,8019,2.0,0,0,3,3810,0,2008,,Sammamish,98075,0,2008,6,6,253.54330708661416
2014-05-14,305495.0,3.0,1.75,2110,10200,2.0,0,0,4,2110,0,1966,,Renton,98059,0,1966,48,48,144.78436018957345
2014-05-14,543000.0,2.0,2.0,2370,217800,1.5,0,0,3,1600,770,1992,,Issaquah,98027,0,1992,22,22,229.1139240506329
2014-05-14,340000.0,3.0,2.25,1970,3716,2.0,0,0,3,1970,0,1997,,Renton,98056,0,1997,17,17,172.58883248730965
2014-05-14,633100.0,4.0,2.5,2470,33305,2.0,0,0,3,2470,0,1993,,Redmond,98053,0,1993,21,21,256.3157894736842
2014-05-14,310000.0,3.0,1.0,1480,7830,1.0,0,0,3,1480,0,1952,,Shoreline,98133,0,1952,62,62,209.45945945945945
2014-05-14,349950.0,5.0,3.0,2257,10117,1.0,0,0,3,1363,894,2005,,SeaTac,98188,0,2005,9,9,155.0509525919362
2014-05-14,267800.0,2.0,1.0,700,6000,1.0,0,0,4,700,0,1949,,Shoreline,98155,0,1949,65,65,382.57142857142856
2014-05-14,234000.0,4.0,2.0,1630,9010,1.0,0,0,4,1050,580,1975,,Auburn,98092,0,1975,39,39,143.55828220858896
2014-05-14,740000.0,4.0,2.5,3430,10157,2.0,0,0,3,3430,0,2000,,Kirkland,98034,0,2000,14,14,215.74344023323616
2014-05-14,607500.0,5.0,1.75,2220,6000,1.5,0,0,3,1420,800,1923,,Seattle,98199,0,1923,91,91,273.64864864864865
2014-05-14,223000.0,3.0,1.75,1340,7473,1.0,0,0,4,1340,0,1973,,Auburn,98002,0,1973,41,41,166.4179104477612
2014-05-14,400000.0,2.0,1.0,980,2130,1.0,0,0,4,860,120,1918,,Seattle,98117,0,1918,96,96,408.16326530612247
2014-05-14,802000.0,3.0,2.5,2580,13096,2.0,0,0,3,2580,0,1986,,Redmond,98052,0,1986,28,28,310.85271317829455
2014-05-14,253000.0,4.0,2.5,2230,4541,2.0,0,0,3,2230,0,2006,,Covington,98042,0,2006,8,8,113.45291479820628
2014-05-14,1058000.0,4.0,2.0,2290,11137,1.0,0,0,4,2290,0,1955,,Bellevue,98004,0,1955,59,59,462.0087336244541
2014-05-14,300000.0,3.0,1.0,1260,8280,1.0,0,0,3,1260,0,1946,,Seattle,98115,0,1946,68,68,238.0952380952381
2014-05-14,625000.0,4.0,2.75,1680,11180,1.0,0,0,4,1680,0,1966,,Redmond,98052,0,1966,48,48,372.0238095238095
2014-05-14,707000.0,4.0,3.25,3200,7081,2.0,0,0,3,3200,0,2004,,Sammamish,98075,0,2004,10,10,220.9375
2014-05-14,950000.0,4.0,2.5,3320,7644,2.0,0,0,3,3320,0,1995,,Bellevue,98006,0,1995,19,19,286.144578313253
2014-05-14,420000.0,4.0,2.5,3040,24123,2.0,0,0,3,3040,0,1999,,Auburn,98092,0,1999,15,15,138.1578947368421
2014-05-14,498000.0,4.0,2.75,2270,7375,1.0,0,0,4,1290,980,1973,,Kirkland,98034,0,1973,41,41,219.38325991189427
2014-05-14,450000.0,3.0,2.5,2910,17172,2.0,0,0,3,2910,0,1989,,Federal Way,98003,0,1989,25,25,154.63917525773195
2014-05-14,955000.0,5.0,2.25,2510,9887,2.0,0,0,3,2510,0,1972,,Mercer Island,98040,0,1972,42,42,380.47808764940237
2014-05-14,215000.0,2.0,1.0,1240,7200,1.0,0,0,3,1240,0,1967,,Tukwila,98168,0,1967,47,47,173.38709677419354
2014-05-14,437000.0,3.0,2.75,2580,5200,2.0,0,0,3,2580,0,2008,,Renton,98059,0,2008,6,6,169.3798449612403
2014-05-14,773000.0,3.0,2.75,2470,3600,2.0,0,0,3,2470,0,2007,,Issaquah,98029,0,2007,7,7,312.95546558704456
2014-05-14,1222500.0,4.0,3.5,4910,9444,1.5,0,0,3,3110,1800,2007,,Sammamish,98074,0,2007,7,7,248.9816700610998
2014-05-15,256883.0,3.0,2.5,1690,5025,2.0,0,0,3,1690,0,2003,,Federal Way,98023,0,2003,11,11,152.00177514792898
2014-05-15,592500.0,4.0,2.5,2240,12032,1.0,0,0,3,2240,0,1983,,Sammamish,98074,0,1983,31,31,264.50892857142856
2014-05-15,252350.0,3.0,2.0,1650,7352,1.0,0,0,3,1160,490,1979,,Renton,98058,0,1979,35,35,152.93939393939394
2014-05-15,370000.0,4.0,2.5,2710,5880,2.0,0,0,3,2710,0,1998,,Auburn,98092,0,1998,16,16,136.53136531365314
2014-05-15,465750.0,3.0,1.5,1260,10350,1.0,0,0,3,1260,0,1959,,Bellevue,98008,0,1959,55,55,369.64285714285717
2014-05-15,185000.0,3.0,1.0,1150,8100,1.0,0,0,3,1150,0,1932,,Seattle,98168,0,1932,82,82,160.8695652173913
2014-05-15,582800.0,4.0,2.75,2550,7636,1.0,0,0,3,1440,1110,1986,,Sammamish,98074,0,1986,28,28,228.54901960784315
2014-05-15,245000.0,3.0,1.75,1490,6930,1.0,0,0,4,1490,0,1990,,Kent,98030,0,1990,24,24,164.4295302013423
2014-05-15,302000.0,4.0,1.75,2020,7865,1.0,0,0,4,1010,1010,1963,,Renton,98059,0,1963,51,51,149.5049504950495
2014-05-15,451555.0,2.0,1.0,1320,4520,1.0,0,1,3,1320,0,1912,1971.0,Seattle,98116,1,1971,102,43,342.0871212121212
2014-05-15,250000.0,3.0,1.0,1230,10350,1.0,0,0,4,1230,0,1957,,Renton,98055,0,1957,57,57,203.2520325203252
2014-05-15,255000.0,4.0,2.5,2070,7800,2.0,0,0,3,2070,0,1989,,Federal Way,98003,0,1989,25,25,123.18840579710145
2014-05-15,840000.0,4.0,1.75,2930,11562,1.0,0,3,3,1670,1260,1947,,Seattle,98117,0,1947,67,67,286.68941979522185
2014-05-15,190000.0,3.0,1.0,1090,8520,1.0,0,0,3,1090,0,1967,,Federal Way,98003,0,1967,47,47,174.3119266055046
2014-05-15,349950.0,3.0,1.0,1400,7066,1.0,0,0,3,1400,0,1957,,Seattle,98125,0,1957,57,57,249.96428571428572
2014-05-15,613000.0,4.0,2.0,1550,4815,1.5,0,0,3,1550,0,1909,,Seattle,98103,0,1909,105,105,395.48387096774195
2014-05-15,300000.0,3.0,1.0,1220,13000,1.0,0,0,4,1220,0,1955,,Shoreline,98133,0,1955,59,59,245.9016393442623
2014-05-15,455000.0,3.0,2.5,1870,7344,1.0,0,0,3,1470,400,1980,,Kirkland,98034,0,1980,34,34,243.31550802139037
2014-05-15,335000.0,3.0,2.25,2150,30476,2.0,0,0,3,2150,0,1991,,Tukwila,98188,0,1991,23,23,155.8139534883721
2014-05-15,197500.0,3.0,1.0,980,3090,1.5,0,0,3,980,0,1903,,Seattle,98118,0,1903,111,111,201.53061224489795
2014-05-15,412500.0,3.0,1.5,1490,8475,1.0,0,0,4,1490,0,1963,,Redmond,98052,0,1963,51,51,276.8456375838926
2014-05-15,395300.0,3.0,1.5,1120,7000,1.0,0,0,3,1120,0,1955,,Bellevue,98007,0,1955,59,59,352.94642857142856
2014-05-15,342400.0,3.0,2.25,1180,9630,2.0,0,0,3,1180,0,1986,,Kenmore,98028,0,1986,28,28,290.1694915254237
2014-05-15,749400.0,4.0,2.5,3240,20301,2.0,0,0,3,3240,0,1985,,Redmond,98052,0,1985,29,29,231.2962962962963
2014-05-15,316500.0,4.0,2.5,2150,6807,2.0,0,0,4,2150,0,1991,,Kent,98031,0,1991,23,23,147.2093023255814
2014-05-15,390000.0,3.0,2.5,2240,10800,2.0,0,0,3,2240,0,1996,,Kenmore,98028,0,1996,18,18,174.10714285714286
2014-05-15,225000.0,3.0,2.0,1400,7384,1.0,0,0,3,1150,250,1979,,Renton,98058,0,1979,35,35,160.71428571428572
2014-05-15,550000.0,3.0,2.25,1980,40887,1.0,0,0,4,1980,0,1980,,Redmond,98053,0,1980,34,34,277.77777777777777
2014-05-15,280000.0,3.0,1.0,1330,20562,1.5,0,0,3,1330,0,1959,,North Bend,98045,0,1959,55,55,210.52631578947367
2014-05-15,1255000.0,4.0,2.5,3200,7535,2.0,0,0,3,3200,0,2006,,Seattle,98105,0,2006,8,8,392.1875
2014-05-15,575000.0,2.0,1.0,1490,6000,1.0,0,0,3,1090,400,1946,,Seattle,98112,0,1946,68,68,385.90604026845637
2014-05-15,1000000.0,5.0,4.25,3920,16258,2.0,0,0,3,2900,1020,1990,,Bellevue,98004,0,1990,24,24,255.10204081632654
2014-05-15,585000.0,5.0,1.75,2000,3750,2.0,0,0,4,2000,0,1921,,Seattle,98103,0,1921,93,93,292.5
2014-05-15,620000.0,4.0,2.5,2680,9185,2.0,0,0,3,2680,0,1989,,Issaquah,98029,0,1989,25,25,231.34328358208955
2014-05-15,204700.0,4.0,2.0,1670,9987,1.0,0,0,3,1670,0,1967,,Auburn,98001,0,1967,47,47,122.57485029940119
2014-05-15,695000.0,4.0,3.0,3150,9130,2.0,0,0,3,3150,0,2001,,Sammamish,98075,0,2001,13,13,220.63492063492063
2014-05-15,689900.0,4.0,3.25,2740,7266,2.0,0,0,3,2060,680,2003,,Issaquah,98027,0,2003,11,11,251.78832116788323
2014-05-15,375000.0,4.0,1.75,1890,8000,1.0,0,0,4,1250,640,1960,,Shoreline,98133,0,1960,54,54,198.4126984126984
2014-05-15,475000.0,7.0,3.5,2870,29699,1.0,0,0,3,1520,1350,1961,,Seattle,98125,0,1961,53,53,165.50522648083623
2014-05-15,215000.0,3.0,1.0,1160,10384,1.0,0,0,4,1160,0,1969,,Maple Valley,98038,0,1969,45,45,185.3448275862069
2014-05-15,2100000.0,4.0,1.75,3550,19865,2.0,0,0,3,3550,0,1962,2002.0,Medina,98039,1,2002,52,12,591.5492957746479
2014-05-15,790000.0,3.0,1.75,1790,6117,1.0,0,2,3,1350,440,1940,,Seattle,98199,0,1940,74,74,441.340782122905
2014-05-15,350000.0,3.0,1.75,1680,250470,1.0,0,0,4,1070,610,1940,,Duvall,98019,0,1940,74,74,208.33333333333334
2014-05-15,695000.0,3.0,2.5,4560,17622,2.0,0,0,4,3800,760,1986,,Sammamish,98074,0,1986,28,28,152.41228070175438
2014-05-15,263000.0,3.0,2.25,1590,7748,2.0,0,0,4,1590,0,1991,,Federal Way,98003,0,1991,23,23,165.40880503144655
2014-05-15,400000.0,3.0,1.0,1630,10304,1.0,0,0,5,1630,0,1953,,Shoreline,98155,0,1953,61,61,245.39877300613497
2014-05-15,525000.0,3.0,2.5,2700,7434,2.0,0,0,3,2700,0,1991,,Woodinville,98072,0,1991,23,23,194.44444444444446
2014-05-15,349950.0,3.0,2.5,1700,7496,2.0,0,0,3,1700,0,1994,,Renton,98055,0,1994,20,20,205.85294117647058
2014-05-15,1085000.0,4.0,3.25,3740,12080,1.0,0,0,3,2000,1740,1988,,Woodinville,98077,0,1988,26,26,290.10695187165777
2014-05-15,744000.0,4.0,3.0,1980,5352,2.5,0,0,3,1980,0,1941,2005.0,Seattle,98136,1,2005,73,9,375.75757575757575
2014-05-15,312500.0,2.0,1.0,880,6345,1.0,0,0,3,880,0,1919,,Seattle,98106,0,1919,95,95,355.1136363636364
2014-05-15,240000.0,3.0,2.0,1400,6200,1.0,0,0,3,700,700,1948,,Shoreline,98133,0,1948,66,66,171.42857142857142
2014-05-15,495000.0,4.0,2.0,2050,4000,1.5,0,0,5,1210,840,1941,,Seattle,98144,0,1941,73,73,241.46341463414635
2014-05-15,580050.0,3.0,2.5,2360,4638,2.0,0,3,3,2360,0,1996,,Seattle,98115,0,1996,18,18,245.78389830508473
2014-05-15,640000.0,4.0,2.0,2560,7798,1.0,0,0,4,1890,670,1947,,Seattle,98115,0,1947,67,67,250.0
2014-05-15,417000.0,3.0,1.5,1340,10224,1.0,0,0,4,1340,0,1956,,Bellevue,98006,0,1956,58,58,311.1940298507463
2014-05-15,174950.0,3.0,1.0,1060,5200,1.0,0,0,5,1060,0,1970,,Covington,98042,0,1970,44,44,165.04716981132074
2014-05-15,295000.0,3.0,1.5,850,2500,1.0,0,0,3,850,0,1986,,Seattle,98106,0,1986,28,28,347.05882352941177
2014-05-15,423000.0,4.0,1.75,1880,7303,1.0,0,0,3,1010,870,1976,,Kirkland,98034,0,1976,38,38,225.0
2014-05-15,839000.0,3.0,1.0,1230,12305,1.0,0,0,3,1230,0,1955,1990.0,Bellevue,98004,1,1990,59,24,682.1138211382114
2014-05-15,343000.0,4.0,1.75,2290,10290,1.0,0,0,3,1340,950,1960,,Seattle,98146,0,1960,54,54,149.7816593886463
2014-05-15,467000.0,3.0,1.0,1660,6582,1.0,0,0,5,1000,660,1946,,Seattle,98133,0,1946,68,68,281.32530120481925
2014-05-15,512500.0,3.0,2.5,1840,2875,2.0,0,0,4,1840,0,1997,,Seattle,98116,0,1997,17,17,278.5326086956522
2014-05-15,575000.0,4.0,2.5,3020,17810,1.0,0,0,3,1600,1420,1979,,Lake Forest Park,98155,0,1979,35,35,190.39735099337747
2014-05-15,465000.0,3.0,1.75,1410,6886,1.0,0,0,3,1410,0,1924,2013.0,Seattle,98133,1,2013,90,1,329.78723404255317
2014-05-15,270000.0,3.0,1.0,1010,9514,1.0,0,0,3,1010,0,1969,,Renton,98059,0,1969,45,45,267.3267326732673
2014-05-15,340000.0,3.0,1.75,1960,8136,1.0,0,0,3,980,980,1948,,Seattle,98106,0,1948,66,66,173.46938775510205
2014-05-15,765000.0,5.0,3.75,3580,14275,2.0,0,0,3,3190,390,1999,,Issaquah,98027,0,1999,15,15,213.68715083798884
2014-05-15,497000.0,4.0,2.5,2240,7200,2.0,0,0,3,2240,0,1995,,Seattle,98118,0,1995,19,19,221.875
2014-05-15,803100.0,4.0,2.5,3310,5404,2.0,0,0,3,3310,0,2004,,Redmond,98052,0,2004,10,10,242.62839879154077
2014-05-15,344000.0,3.0,2.5,1232,1130,3.0,0,0,3,1232,0,2007,,Seattle,98125,0,2007,7,7,279.2207792207792
2014-05-15,828950.0,4.0,3.5,3930,5680,2.0,0,1,3,2820,1110,2013,,Issaquah,98027,0,2013,1,1,210.92875318066157
2014-05-15,386380.0,3.0,2.5,1720,3600,2.0,0,0,3,1720,0,2010,,Redmond,98053,0,2010,4,4,224.63953488372093
2014-05-15,312000.0,3.0,2.25,1490,974,2.0,0,0,3,1220,270,2009,,Seattle,98106,0,2009,5,5,209.39597315436242
2014-05-15,720000.0,3.0,2.5,3150,151588,2.0,0,0,3,3150,0,2007,,Fall City,98024,0,2007,7,7,228.57142857142858
2014-05-15,914500.0,4.0,2.5,3950,10856,3.0,0,0,3,3950,0,2013,,Sammamish,98075,0,2013,1,1,231.51898734177215
2014-05-15,819995.0,5.0,2.75,3030,10335,2.0,0,0,3,3030,0,2013,,Newcastle,98056,0,2013,1,1,270.62541254125415
2014-05-16,252700.0,2.0,1.5,1070,9643,1.0,0,0,3,1070,0,1985,,Kent,98030,0,1985,29,29,236.16822429906543
2014-05-16,437500.0,3.0,2.5,2320,36847,2.0,0,2,3,2320,0,1992,,North Bend,98045,0,1992,22,22,188.57758620689654
2014-05-16,350000.0,1.0,1.0,700,5100,1.0,0,0,3,700,0,1942,,Seattle,98115,0,1942,72,72,500.0
2014-05-16,619000.0,3.0,2.5,2720,6439,2.0,0,0,3,2720,0,2005,,Snoqualmie,98065,0,2005,9,9,227.5735294117647
2014-05-16,408200.0,3.0,2.5,1800,5761,2.0,0,0,4,1800,0,1990,,Seattle,98106,0,1990,24,24,226.77777777777777
2014-05-16,451000.0,3.0,1.75,1560,4049,1.5,0,2,3,1000,560,1926,,Seattle,98126,0,1926,88,88,289.1025641025641
2014-05-16,317000.0,3.0,2.0,1760,11410,1.0,0,0,5,1060,700,1977,,Renton,98058,0,1977,37,37,180.11363636363637
2014-05-16,799000.0,4.0,3.25,3120,5000,2.0,0,0,3,2370,750,2005,,Seattle,98115,0,2005,9,9,256.0897435897436
2014-05-16,720000.0,2.0,1.0,2020,7200,1.0,0,3,4,1700,320,1947,,Seattle,98146,0,1947,67,67,356.43564356435644
2014-05-16,490000.0,3.0,2.0,1450,2400,1.5,0,0,3,1450,0,1900,2003.0,Seattle,98107,1,2003,114,11,337.9310344827586
2014-05-16,239900.0,4.0,2.25,1860,7000,1.0,0,0,3,1120,740,1979,,Federal Way,98023,0,1979,35,35,128.9784946236559
2014-05-16,446000.0,4.0,2.25,2270,7800,1.0,0,0,3,1290,980,1977,,Kirkland,98034,0,1977,37,37,196.47577092511014
2014-05-16,275000.0,3.0,2.5,1480,15639,2.0,0,0,3,1480,0,1987,,North Bend,98045,0,1987,27,27,185.8108108108108
2014-05-16,239950.0,5.0,1.0,1460,6032,2.0,0,0,4,1460,0,1941,,Tukwila,98168,0,1941,73,73,164.34931506849315
2014-05-16,248000.0,4.0,3.5,1850,6519,2.0,0,0,3,1130,720,1986,,Federal Way,98023,0,1986,28,28,134.05405405405406
2014-05-16,619500.0,3.0,2.5,2170,5000,2.0,0,0,3,2170,0,2003,,Issaquah,98029,0,2003,11,11,285.48387096774195
2014-05-16,363750.0,3.0,1.75,1726,197326,2.0,0,0,4,1726,0,1982,,Vashon,98070,0,1982,32,32,210.74739281575899
2014-05-16,385000.0,3.0,1.75,1180,10541,1.0,0,0,4,940,240,1981,,Sammamish,98074,0,1981,33,33,326.271186440678
2014-05-16,370000.0,4.0,1.5,1370,9957,1.0,0,0,3,900,470,1972,,Kirkland,98034,0,1972,42,42,270.0729927007299
2014-05-16,425000.0,3.0,2.5,2670,13218,1.0,0,0,4,2670,0,1988,,Kent,98042,0,1988,26,26,159.1760299625468
2014-05-16,342000.0,3.0,1.0,1260,6826,1.0,0,0,3,720,540,1944,,Seattle,98125,0,1944,70,70,271.42857142857144
2014-05-16,345000.0,4.0,1.0,1980,7991,1.5,0,0,3,1980,0,1962,,Renton,98058,0,1962,52,52,174.24242424242425
2014-05-16,724800.0,3.0,2.0,2050,3933,1.0,0,0,3,1180,870,1926,2001.0,Seattle,98112,1,2001,88,13,353.5609756097561
2014-05-16,725000.0,5.0,2.75,2830,5310,2.0,0,0,3,2830,0,2006,,Redmond,98052,0,2006,8,8,256.18374558303884
2014-05-16,605000.0,2.0,1.0,910,3600,1.0,0,0,4,910,0,1909,,Seattle,98119,0,1909,105,105,664.8351648351648
2014-05-16,350000.0,4.0,2.5,2440,4000,2.0,0,0,3,2440,0,2009,,Maple Valley,98038,0,2009,5,5,143.44262295081967
2014-05-16,785000.0,3.0,2.0,2180,5440,1.0,0,0,5,1100,1080,1904,,Seattle,98103,0,1904,110,110,360.091743119266
2014-05-16,250000.0,3.0,2.0,1900,6660,1.0,0,0,5,950,950,1966,,Maple Valley,98038,0,1966,48,48,131.57894736842104
2014-05-16,565000.0,3.0,2.25,1520,1221,3.0,0,0,3,1520,0,2013,,Seattle,98107,0,2013,1,1,371.7105263157895
2014-05-16,875000.0,3.0,2.0,2220,6641,1.0,0,2,4,1220,1000,1947,,Seattle,98199,0,1947,67,67,394.14414414414415
2014-05-16,862500.0,4.0,2.75,3280,24440,2.0,0,0,3,3280,0,1996,,Woodinville,98077,0,1996,18,18,262.9573170731707
2014-05-16,400000.0,3.0,2.5,2740,83199,2.0,0,4,3,2740,0,1973,,Kent,98032,0,1973,41,41,145.98540145985402
2014-05-16,282613.0,2.0,1.0,830,6017,1.0,0,0,4,830,0,1954,,Shoreline,98133,0,1954,60,60,340.49759036144576
2014-05-16,174500.0,2.0,1.0,1010,5200,1.0,0,0,3,1010,0,1955,,Des Moines,98198,0,1955,59,59,172.77227722772278
2014-05-16,306500.0,3.0,2.25,2060,38377,1.0,0,0,4,1560,500,1978,,Federal Way,98003,0,1978,36,36,148.7864077669903
2014-05-16,445000.0,3.0,2.25,1990,7340,2.0,0,0,3,1990,0,1984,,Woodinville,98072,0,1984,30,30,223.6180904522613
2014-05-16,433000.0,4.0,2.5,2280,7568,2.0,0,0,4,2280,0,2001,,Renton,98056,0,2001,13,13,189.91228070175438
2014-05-16,306000.0,3.0,2.5,1870,5874,2.0,0,0,3,1870,0,2005,,Kent,98042,0,2005,9,9,163.63636363636363
2014-05-16,620000.0,3.0,2.25,1720,4000,1.5,0,0,4,1450,270,1921,,Seattle,98105,0,1921,93,93,360.4651162790698
2014-05-16,245000.0,2.0,1.0,870,6150,1.0,0,0,3,870,0,1941,,Seattle,98106,0,1941,73,73,281.60919540229884
2014-05-16,238000.0,3.0,2.0,1020,1204,2.0,0,0,3,720,300,2004,,Seattle,98126,0,2004,10,10,233.33333333333334
2014-05-16,523000.0,3.0,1.5,1260,3135,1.5,0,0,3,1260,0,1931,,Seattle,98116,0,1931,83,83,415.07936507936506
2014-05-16,522500.0,3.0,2.5,2370,7875,2.0,0,0,3,2370,0,2003,,Snoqualmie,98065,0,2003,11,11,220.46413502109704
2014-05-16,180000.0,3.0,1.0,1000,18513,1.0,0,0,3,1000,0,1940,,Seattle,98146,0,1940,74,74,180.0
2014-05-16,375000.0,3.0,1.5,1100,1751,2.0,0,0,3,940,160,2007,,Seattle,98144,0,2007,7,7,340.90909090909093
2014-05-16,249000.0,3.0,2.25,1440,7673,1.0,0,0,3,940,500,1982,,Kent,98031,0,1982,32,32,172.91666666666666
2014-05-16,730100.0,4.0,2.5,3120,14300,2.0,0,0,3,3120,0,2003,,Issaquah,98027,0,2003,11,11,234.00641025641025
2014-05-16,551000.0,2.0,2.0,2260,9604,1.0,0,0,3,2260,0,1990,,Bothell,98011,0,1990,24,24,243.8053097345133
2014-05-16,375000.0,4.0,2.5,2790,7956,2.0,0,0,3,2790,0,2005,,Des Moines,98198,0,2005,9,9,134.40860215053763
2014-05-16,540000.0,1.0,1.0,1140,6700,1.5,0,0,3,1140,0,1920,,Seattle,98103,0,1920,94,94,473.6842105263158
2014-05-16,605000.0,3.0,2.25,1290,2500,2.0,0,0,4,1290,0,1987,,Seattle,98112,0,1987,27,27,468.9922480620155
2014-05-16,205000.0,5.0,1.75,1730,5200,1.0,0,0,4,1050,680,1978,,Covington,98042,0,1978,36,36,118.4971098265896
2014-05-16,645000.0,4.0,2.5,3160,11380,2.0,0,0,3,3160,0,1983,,Sammamish,98074,0,1983,31,31,204.1139240506329
2014-05-16,314000.0,4.0,2.5,2340,8990,2.0,0,0,3,2340,0,2003,,Maple Valley,98038,0,2003,11,11,134.18803418803418
2014-05-16,330000.0,3.0,1.5,1170,4950,1.0,0,0,4,1170,0,1960,,Bellevue,98007,0,1960,54,54,282.05128205128204
2014-05-16,490000.0,2.0,1.0,1160,5000,1.0,0,0,4,1160,0,1937,,Seattle,98117,0,1937,77,77,422.41379310344826
2014-05-16,445000.0,3.0,3.0,1970,24318,1.0,0,0,3,1970,0,2010,,Kenmore,98028,0,2010,4,4,225.88832487309645
2014-05-16,2000000.0,5.0,4.25,6490,10862,2.0,0,3,4,3940,2550,1991,,Mercer Island,98040,0,1991,23,23,308.1664098613251
2014-05-16,377500.0,3.0,2.25,1410,1377,2.0,0,0,3,1290,120,2005,,Issaquah,98027,0,2005,9,9,267.7304964539007
2014-05-16,480000.0,4.0,2.5,2430,5000,2.0,0,0,3,2430,0,2009,,Snoqualmie,98065,0,2009,5,5,197.53086419753086
2014-05-16,804995.0,5.0,1.5,3360,5402,2.0,0,0,3,3360,0,2014,,Sammamish,98074,0,2014,0,0,239.58184523809524
2014-05-16,341000.0,3.0,2.5,1480,1663,2.0,0,0,3,1180,300,2012,,Seattle,98126,0,2012,2,2,230.40540540540542
2014-05-16,675000.0,5.0,2.5,3200,6455,2.0,0,0,3,3200,0,2009,,Snoqualmie,98065,0,2009,5,5,210.9375
2014-05-16,611000.0,3.0,2.5,2134,1984,2.5,0,0,3,2134,0,2008,,Issaquah,98029,0,2008,6,6,286.31677600749765
2014-05-16,379950.0,3.0,3.25,1860,1787,3.0,0,0,3,1860,0,2007,,Shoreline,98155,0,2007,7,7,204.2741935483871
2014-05-16,1270000.0,4.0,3.0,5520,8313,2.0,0,3,3,3570,1950,2008,,Bellevue,98006,0,2008,6,6,230.07246376811594
2014-05-16,500000.0,2.0,2.5,1310,1500,2.0,0,0,3,1160,150,2006,,Seattle,98122,0,2006,8,8,381.6793893129771
2014-05-17,410000.0,3.0,2.0,1700,4250,1.0,0,0,3,890,810,1944,,Seattle,98199,0,1944,70,70,241.1764705882353
2014-05-18,415000.0,3.0,2.5,2480,8342,2.0,0,0,3,2480,0,1986,,Renton,98058,0,1986,28,28,167.33870967741936
2014-05-18,297000.0,5.0,2.5,1970,8605,2.0,0,0,4,1970,0,1994,,Enumclaw,98022,0,1994,20,20,150.76142131979697
2014-05-18,575550.0,4.0,2.5,2060,7475,1.0,0,0,3,1440,620,1985,,Redmond,98052,0,1985,29,29,279.3932038834951
2014-05-18,534640.0,3.0,2.5,2130,3500,1.0,0,0,4,1210,920,1994,,Woodinville,98072,0,1994,20,20,251.00469483568074
2014-05-18,352500.0,3.0,2.25,1410,14110,1.0,0,2,3,1170,240,1987,,Snoqualmie,98065,0,1987,27,27,250.0
2014-05-18,488000.0,2.0,2.0,1360,4688,1.0,0,0,3,780,580,1944,,Seattle,98115,0,1944,70,70,358.8235294117647
2014-05-18,732000.0,3.0,2.0,1940,55756,1.0,0,0,5,1940,0,1954,,Bellevue,98007,0,1954,60,60,377.319587628866
2014-05-19,215000.0,2.0,2.25,1610,2040,2.0,0,0,4,1610,0,1979,,Renton,98056,0,1979,35,35,133.54037267080744
2014-05-19,592500.0,2.0,2.0,1420,9191,1.5,0,2,5,1420,0,1928,,Seattle,98115,0,1928,86,86,417.2535211267606
2014-05-19,290000.0,4.0,2.5,1700,7280,2.0,0,0,4,1700,0,1988,,Kent,98031,0,1988,26,26,170.58823529411765
2014-05-19,475000.0,2.0,1.0,1490,3825,1.0,0,0,3,860,630,1929,,Seattle,98117,0,1929,85,85,318.79194630872485
2014-05-19,320000.0,3.0,2.5,2680,7757,2.0,0,0,3,2680,0,1990,,Federal Way,98023,0,1990,24,24,119.40298507462687
2014-05-19,1216000.0,4.0,2.5,3190,8684,1.0,0,3,5,1680,1510,1967,,Bellevue,98006,0,1967,47,47,381.19122257053294
2014-05-19,290000.0,5.0,1.5,2120,7700,1.5,0,0,5,2120,0,1962,,Renton,98058,0,1962,52,52,136.79245283018867
2014-05-19,487250.0,4.0,2.0,1690,3250,1.5,0,0,3,1550,140,1901,,Seattle,98103,0,1901,113,113,288.31360946745565
2014-05-19,339000.0,4.0,2.5,1830,8601,2.0,0,0,3,1830,0,2003,,Maple Valley,98038,0,2003,11,11,185.24590163934425
2014-05-19,440000.0,2.0,1.5,1010,1968,1.5,0,0,5,1010,0,1906,,Seattle,98107,0,1906,108,108,435.64356435643566
2014-05-19,366500.0,4.0,2.75,2070,9300,1.0,0,0,5,1120,950,1945,,Shoreline,98155,0,1945,69,69,177.05314009661836
2014-05-19,462000.0,3.0,1.5,1710,4500,1.5,0,0,3,1410,300,1928,,Seattle,98118,0,1928,86,86,270.17543859649123
2014-05-19,560000.0,4.0,1.0,1660,4690,1.5,0,0,3,1260,400,1945,,Seattle,98117,0,1945,69,69,337.34939759036143
2014-05-19,285000.0,4.0,1.75,2080,13629,1.0,0,0,4,1040,1040,1955,,Seattle,98178,0,1955,59,59,137.01923076923077
2014-05-19,280000.0,3.0,2.5,1270,9675,2.0,0,0,3,1270,0,1993,,North Bend,98045,0,1993,21,21,220.4724409448819
2014-05-19,210000.0,3.0,1.0,1080,21043,1.0,0,0,3,1080,0,1942,,Seattle,98106,0,1942,72,72,194.44444444444446
2014-05-19,690000.0,3.0,2.0,1610,5100,1.5,0,0,5,1610,0,1940,,Seattle,98115,0,1940,74,74,428.57142857142856
2014-05-19,256500.0,2.0,1.0,1120,9912,1.0,0,0,4,1120,0,1980,,Vashon,98070,0,1980,34,34,229.01785714285714
2014-05-19,411000.0,4.0,2.75,2500,5257,2.0,0,0,3,2500,0,1966,,Seattle,98118,0,1966,48,48,164.4
2014-05-19,215000.0,3.0,1.0,970,7275,1.0,0,0,4,970,0,1970,,Kent,98031,0,1970,44,44,221.64948453608247
2014-05-19,762000.0,5.0,2.0,3370,5000,1.5,0,0,4,2140,1230,1907,,Seattle,98109,0,1907,107,107,226.11275964391692
2014-05-19,359950.0,3.0,1.0,1290,189486,1.0,0,0,4,1290,0,1960,,Auburn,98092,0,1960,54,54,279.031007751938
2014-05-19,480000.0,4.0,3.5,3370,435600,2.0,0,3,3,3370,0,2005,,North Bend,98045,0,2005,9,9,142.43323442136497
2014-05-19,1405000.0,4.0,3.5,3410,10769,2.0,0,0,3,3410,0,2008,,Bellevue,98004,0,2008,6,6,412.02346041055716
2014-05-19,390000.0,4.0,2.5,2490,8290,2.0,0,0,3,2490,0,1999,,Auburn,98092,0,1999,15,15,156.6265060240964
2014-05-19,413500.0,2.0,1.0,770,4000,1.0,0,0,5,770,0,1924,,Seattle,98117,0,1924,90,90,537.012987012987
2014-05-19,285000.0,1.0,1.5,810,3211,2.0,0,0,4,810,0,1982,,Kirkland,98033,0,1982,32,32,351.85185185185185
2014-05-19,475000.0,4.0,2.5,3060,10043,1.0,0,0,4,1700,1360,1968,,Shoreline,98133,0,1968,46,46,155.22875816993465
2014-05-19,386591.0,3.0,2.5,1690,1613,2.0,0,0,3,1150,540,2014,,Issaquah,98029,0,2014,0,0,228.75207100591717
2014-05-19,524950.0,3.0,1.75,1890,3825,1.0,0,0,3,1290,600,1974,,Seattle,98117,0,1974,40,40,277.75132275132273
2014-05-19,241000.0,2.0,2.0,1470,3128,2.0,0,0,3,1470,0,2005,,Maple Valley,98038,0,2005,9,9,163.94557823129253
2014-05-19,461000.0,2.0,1.0,1060,7193,1.0,0,0,3,1060,0,1926,,Seattle,98133,0,1926,88,88,434.9056603773585
2014-05-19,810000.0,4.0,2.5,3480,59242,2.0,0,0,3,3480,0,1988,,Woodinville,98072,0,1988,26,26,232.75862068965517
2014-05-19,885000.0,4.0,2.75,2730,3560,1.5,0,0,3,1550,1180,1921,2007.0,Seattle,98115,1,2007,93,7,324.1758241758242
2014-05-19,247000.0,3.0,2.25,1580,7941,2.0,0,0,4,1580,0,1986,,Federal Way,98023,0,1986,28,28,156.32911392405063
2014-05-19,296500.0,3.0,2.75,2170,7900,1.0,0,0,4,1380,790,1978,,Kent,98032,0,1978,36,36,136.63594470046084
2014-05-19,141800.0,2.0,1.0,930,4743,1.0,0,0,4,930,0,1942,,Renton,98056,0,1942,72,72,152.4731182795699
2014-05-19,333000.0,4.0,2.0,1580,7800,2.0,0,0,2,1580,0,1906,,Seattle,98144,0,1906,108,108,210.7594936708861
2014-05-19,602000.0,5.0,1.75,3290,11900,1.5,0,0,3,3290,0,1973,,Redmond,98052,0,1973,41,41,182.9787234042553
2014-05-19,565000.0,4.0,2.25,2110,10698,2.0,0,0,4,2110,0,1979,,Issaquah,98027,0,1979,35,35,267.77251184834125
2014-05-19,373000.0,3.0,2.5,1670,3565,2.0,0,0,3,1670,0,1999,,Woodinville,98072,0,1999,15,15,223.35329341317365
2014-05-19,588000.0,3.0,2.25,2030,7350,1.0,0,0,4,1190,840,1977,,Redmond,98052,0,1977,37,37,289.6551724137931
2014-05-19,485000.0,3.0,1.0,1500,4100,1.5,0,0,3,1370,130,1926,,Seattle,98107,0,1926,88,88,323.3333333333333
2014-05-19,482500.0,3.0,2.25,1450,1445,2.0,0,0,3,980,470,2005,,Seattle,98122,0,2005,9,9,332.7586206896552
2014-05-19,251200.0,4.0,1.5,1310,8250,1.0,0,0,3,1060,250,1953,,Des Moines,98148,0,1953,61,61,191.75572519083968
2014-05-19,869000.0,5.0,3.25,4180,49222,2.0,0,0,4,2880,1300,1979,,Issaquah,98027,0,1979,35,35,207.89473684210526
2014-05-19,464000.0,3.0,1.75,1630,28600,1.0,0,0,3,1630,0,1967,,Woodinville,98072,0,1967,47,47,284.66257668711654
2014-05-19,755000.0,4.0,2.5,2660,10452,2.0,0,0,3,2660,0,1993,,Redmond,98052,0,1993,21,21,283.83458646616543
2014-05-19,280000.0,3.0,2.5,1720,1916,2.0,0,0,3,1720,0,2005,,Renton,98056,0,2005,9,9,162.7906976744186
2014-05-19,485000.0,2.0,2.25,1260,1240,3.0,0,0,3,1260,0,2004,,Seattle,98103,0,2004,10,10,384.92063492063494
2014-05-19,305000.0,3.0,1.75,1610,12247,1.0,0,0,3,1610,0,1981,,Renton,98058,0,1981,33,33,189.44099378881987
2014-05-19,110700.0,2.0,1.0,680,8064,1.0,0,0,3,680,0,1941,,SeaTac,98188,0,1941,73,73,162.7941176470588
2014-05-19,850000.0,4.0,3.5,2640,5900,2.0,0,2,3,2640,0,1937,1998.0,Seattle,98136,1,1998,77,16,321.969696969697
2014-05-19,350000.0,3.0,2.25,1640,7200,2.0,0,0,4,1640,0,1985,,Bellevue,98007,0,1985,29,29,213.41463414634146
2014-05-19,319950.0,4.0,1.75,2310,8045,1.0,0,0,4,1650,660,1976,,Renton,98058,0,1976,38,38,138.5064935064935
2014-05-19,700000.0,3.0,1.75,2010,4905,1.0,0,0,5,1230,780,1912,,Seattle,98122,0,1912,102,102,348.2587064676617
2014-05-19,368000.0,2.0,1.5,1660,4680,1.0,0,0,5,830,830,1908,,Seattle,98146,0,1908,106,106,221.6867469879518
2014-05-19,433500.0,3.0,2.5,2200,3360,2.0,0,0,3,2200,0,2009,,Seattle,98118,0,2009,5,5,197.04545454545453
2014-05-19,611000.0,4.0,2.5,2460,4200,2.0,0,0,3,2460,0,1998,,Redmond,98074,0,1998,16,16,248.3739837398374
2014-05-19,1000000.0,2.0,1.75,2430,23400,1.0,0,4,3,2430,0,1951,,Shoreline,98177,0,1951,63,63,411.52263374485597
2014-05-19,307000.0,3.0,1.0,1370,7500,1.0,0,0,3,1370,0,1960,,Carnation,98014,0,1960,54,54,224.08759124087592
2014-05-19,442500.0,3.0,1.75,1800,10200,1.0,0,0,3,1800,0,1967,,Renton,98058,0,1967,47,47,245.83333333333334
2014-05-19,485000.0,3.0,1.75,2200,7706,2.0,0,2,3,2200,0,1908,1988.0,Des Moines,98198,1,1988,106,26,220.45454545454547
2014-05-19,367000.0,2.0,1.0,700,2334,1.0,0,0,3,700,0,1945,,Seattle,98117,0,1945,69,69,524.2857142857143
2014-05-19,429000.0,3.0,2.5,1920,15124,2.0,0,0,3,1920,0,1995,,North Bend,98045,0,1995,19,19,223.4375
2014-05-19,446000.0,5.0,2.75,2190,12687,1.0,0,0,5,1370,820,1978,,Kenmore,98028,0,1978,36,36,203.65296803652967
2014-05-19,572500.0,3.0,2.25,2030,9791,1.0,0,0,4,1500,530,1984,,Newcastle,98059,0,1984,30,30,282.0197044334975
2014-05-19,477000.0,3.0,2.5,1350,2053,3.0,0,0,3,1350,0,2005,,Seattle,98117,0,2005,9,9,353.3333333333333
2014-05-19,518000.0,3.0,2.5,1680,2096,2.0,0,0,3,1380,300,2008,,Seattle,98117,0,2008,6,6,308.3333333333333
2014-05-19,462000.0,5.0,1.75,1250,10530,1.0,0,0,4,1250,0,1966,,Bellevue,98007,0,1966,48,48,369.6
2014-05-19,1190000.0,4.0,3.0,2240,6000,1.5,0,0,4,1270,970,1914,,Seattle,98109,0,1914,100,100,531.25
2014-05-19,137000.0,3.0,1.0,950,7620,1.0,0,0,3,950,0,1954,,Seattle,98106,0,1954,60,60,144.21052631578948
2014-05-19,530000.0,3.0,3.5,2320,3174,2.0,0,0,3,2060,260,1997,,Kirkland,98033,0,1997,17,17,228.44827586206895
2014-05-19,818000.0,2.0,2.5,2380,9374,1.0,0,2,3,2380,0,2011,,Redmond,98053,0,2011,3,3,343.69747899159665
2014-05-19,640000.0,2.0,2.25,1540,958,3.0,0,0,3,1540,0,2007,,Seattle,98122,0,2007,7,7,415.5844155844156
2014-05-19,298450.0,5.0,3.0,2100,9752,1.0,0,0,3,1200,900,2007,,Federal Way,98003,0,2007,7,7,142.11904761904762
2014-05-19,575000.0,4.0,2.5,2500,4945,2.0,0,0,3,2500,0,2013,,Snoqualmie,98065,0,2013,1,1,230.0
2014-05-20,730000.0,4.0,2.5,3230,7331,2.0,0,0,3,3230,0,2004,,Sammamish,98075,0,2004,10,10,226.0061919504644
2014-05-20,551000.0,3.0,2.5,2830,5802,2.0,0,0,3,2830,0,2001,,Kenmore,98028,0,2001,13,13,194.69964664310953
2014-05-20,271310.0,2.0,1.0,870,5340,1.5,0,0,2,870,0,1906,,Seattle,98144,0,1906,108,108,311.85057471264366
2014-05-20,675000.0,4.0,3.0,2690,28300,1.0,0,0,3,2690,0,1954,1999.0,Normandy Park,98166,1,1999,60,15,250.92936802973978
2014-05-20,479000.0,3.0,2.5,1260,889,3.0,0,0,3,1260,0,2008,,Seattle,98109,0,2008,6,6,380.1587301587302
2014-05-20,520000.0,4.0,3.5,2680,10000,2.0,0,0,3,2040,640,1942,2014.0,Seattle,98125,1,2014,72,0,194.02985074626866
2014-05-20,599950.0,3.0,2.5,2660,4975,2.0,0,0,3,2660,0,2014,,Seattle,98118,0,2014,0,0,225.54511278195488
2014-05-20,483945.0,2.0,1.75,1480,5120,1.0,0,0,4,840,640,1951,,Seattle,98116,0,1951,63,63,326.98986486486484
2014-05-20,390000.0,4.0,2.25,1770,33132,1.0,0,0,4,1190,580,1965,,Renton,98058,0,1965,49,49,220.33898305084745
2014-05-20,192500.0,2.0,1.0,950,7692,1.0,0,0,3,950,0,1926,,Seattle,98168,0,1926,88,88,202.6315789473684
2014-05-20,330000.0,2.0,1.0,860,8308,1.0,0,0,4,860,0,1948,,Seattle,98146,0,1948,66,66,383.72093023255815
2014-05-20,250000.0,4.0,2.0,1960,7560,1.0,0,0,5,1160,800,1978,,Kent,98031,0,1978,36,36,127.55102040816327
2014-05-20,243000.0,2.0,1.0,1770,5522,1.5,0,0,4,960,810,1943,,Seattle,98178,0,1943,71,71,137.28813559322035
2014-05-20,575000.0,4.0,1.75,1280,6060,1.0,0,0,3,860,420,1926,,Seattle,98117,0,1926,88,88,449.21875
2014-05-20,639000.0,4.0,2.5,2150,12028,2.0,0,0,4,2150,0,1982,,Redmond,98052,0,1982,32,32,297.2093023255814
2014-05-20,710000.0,2.0,1.0,1790,4000,1.0,0,0,4,1040,750,1923,,Seattle,98112,0,1923,91,91,396.6480446927374
2014-05-20,675000.0,3.0,2.25,1990,10260,2.0,0,0,4,1990,0,1987,,Redmond,98052,0,1987,27,27,339.1959798994975
2014-05-20,405000.0,5.0,2.5,2430,4781,2.0,0,0,3,2430,0,2001,,Renton,98058,0,2001,13,13,166.66666666666666
2014-05-20,615000.0,4.0,2.75,2820,13193,1.0,0,0,3,1860,960,1965,,Bellevue,98006,0,1965,49,49,218.08510638297872
2014-05-20,490000.0,3.0,1.0,1910,8190,1.0,0,0,4,1010,900,1946,,Seattle,98117,0,1946,68,68,256.5445026178011
2014-05-20,467000.0,3.0,2.25,1270,1213,2.0,0,0,3,1040,230,2005,,Seattle,98107,0,2005,9,9,367.7165354330709
2014-05-20,480000.0,4.0,2.75,2050,3960,1.0,0,0,4,1180,870,1986,,Seattle,98116,0,1986,28,28,234.14634146341464
2014-05-20,755000.0,6.0,2.0,2150,4505,1.0,0,0,3,1270,880,1952,,Seattle,98119,0,1952,62,62,351.16279069767444
2014-05-20,760000.0,4.0,1.75,2450,13300,1.0,0,2,4,1630,820,1987,,Bellevue,98006,0,1987,27,27,310.2040816326531
2014-05-20,387000.0,2.0,2.25,1230,1280,2.0,0,0,3,960,270,2012,,Seattle,98144,0,2012,2,2,314.6341463414634
2014-05-20,925000.0,4.0,2.25,2260,41984,1.0,0,0,4,2260,0,1967,,Kirkland,98033,0,1967,47,47,409.2920353982301
2014-05-20,415000.0,2.0,1.0,1050,60113,1.0,0,0,4,1050,0,1943,,Auburn,98001,0,1943,71,71,395.23809523809524
2014-05-20,263000.0,3.0,1.75,1570,7775,2.0,0,0,3,1570,0,1982,,Kent,98031,0,1982,32,32,167.51592356687897
2014-05-20,519900.0,4.0,2.0,1820,9350,1.0,0,0,4,1820,0,1967,,Redmond,98052,0,1967,47,47,285.65934065934067
2014-05-20,570000.0,2.0,1.75,1540,4025,1.0,0,0,4,1190,350,1908,,Seattle,98116,0,1908,106,106,370.12987012987014
2014-05-20,450000.0,3.0,1.5,2060,44866,1.0,0,0,3,2060,0,1953,,Woodinville,98077,0,1953,61,61,218.44660194174756
2014-05-20,1300000.0,4.0,3.5,4380,74052,1.0,0,0,3,4380,0,2001,,Redmond,98053,0,2001,13,13,296.80365296803654
2014-05-20,300000.0,3.0,1.0,1090,9900,1.0,0,0,4,1090,0,1955,,Redmond,98052,0,1955,59,59,275.22935779816515
2014-05-20,320000.0,3.0,1.75,1480,7225,1.0,0,0,4,1480,0,1965,,Renton,98056,0,1965,49,49,216.21621621621622
2014-05-20,387500.0,4.0,1.0,1320,4440,1.5,0,0,3,1320,0,1929,,Seattle,98122,0,1929,85,85,293.56060606060606
2014-05-20,458000.0,1.0,2.25,2140,10350,1.0,0,0,3,1470,670,1976,,Woodinville,98072,0,1976,38,38,214.01869158878506
2014-05-20,1212500.0,4.0,3.5,4560,16643,1.0,0,3,3,2230,2330,1995,,Bellevue,98006,0,1995,19,19,265.89912280701753
2014-05-20,380000.0,4.0,3.0,2800,9764,2.0,0,0,3,2800,0,2002,,Maple Valley,98038,0,2002,12,12,135.71428571428572
2014-05-20,200000.0,3.0,1.0,1050,5000,1.0,0,0,4,1050,0,1967,,Renton,98056,0,1967,47,47,190.47619047619048
2014-05-20,385000.0,3.0,1.5,1490,9630,1.0,0,0,4,1490,0,1959,,Kenmore,98028,0,1959,55,55,258.38926174496646
2014-05-20,396675.0,2.0,1.0,1730,6375,2.0,0,0,4,1730,0,1945,,Seattle,98126,0,1945,69,69,229.29190751445086
2014-05-20,452000.0,4.0,1.0,1210,3760,1.5,0,0,3,1210,0,1900,,Seattle,98103,0,1900,114,114,373.55371900826447
2014-05-20,426000.0,4.0,2.5,2800,8494,2.0,0,0,3,2800,0,2004,,Maple Valley,98038,0,2004,10,10,152.14285714285714
2014-05-20,792000.0,3.0,1.5,1570,1050,2.0,0,0,3,1570,0,1915,,Seattle,98109,0,1915,99,99,504.45859872611464
2014-05-20,315000.0,3.0,2.25,1400,31626,1.0,0,0,2,1140,260,1987,,Auburn,98092,0,1987,27,27,225.0
2014-05-20,1275000.0,4.0,2.0,2850,7861,1.0,0,4,4,1450,1400,1970,,Seattle,98117,0,1970,44,44,447.36842105263156
2014-05-20,326000.0,6.0,3.0,1880,7200,1.0,0,0,4,1880,0,1966,,Renton,98056,0,1966,48,48,173.40425531914894
2014-05-20,268500.0,2.0,1.0,790,8424,1.0,0,0,4,790,0,1953,,Shoreline,98133,0,1953,61,61,339.873417721519
2014-05-20,440000.0,2.0,1.75,1300,4000,2.0,0,0,3,1300,0,1948,,Seattle,98105,0,1948,66,66,338.46153846153845
2014-05-20,300000.0,3.0,1.0,2120,7735,1.0,0,0,4,1060,1060,1967,,Renton,98059,0,1967,47,47,141.50943396226415
2014-05-20,525000.0,3.0,1.5,1540,4773,2.0,0,0,3,1540,0,1941,2009.0,Seattle,98126,1,2009,73,5,340.90909090909093
2014-05-20,978000.0,4.0,2.75,2620,13777,1.5,0,2,4,1720,900,1926,,Seattle,98144,0,1926,88,88,373.2824427480916
2014-05-20,1125000.0,6.0,3.0,2880,3192,2.0,0,0,4,2180,700,1919,,Seattle,98103,0,1919,95,95,390.625
2014-05-20,700000.0,4.0,1.0,1680,4021,1.5,0,0,3,1680,0,1921,,Seattle,98103,0,1921,93,93,416.6666666666667
2014-05-20,315000.0,2.0,1.0,790,6969,1.0,0,0,3,790,0,1955,1984.0,Redmond,98052,1,1984,59,30,398.73417721518985
2014-05-20,309000.0,3.0,1.0,1092,7500,1.5,0,0,3,1092,0,1918,,Seattle,98106,0,1918,96,96,282.967032967033
2014-05-20,219950.0,3.0,1.5,1650,9936,1.0,0,0,3,1090,560,1967,,Federal Way,98003,0,1967,47,47,133.3030303030303
2014-05-20,289000.0,3.0,2.5,2090,4700,2.0,0,0,3,2090,0,2002,,Covington,98042,0,2002,12,12,138.2775119617225
2014-05-20,210000.0,4.0,1.75,2180,28710,1.0,0,0,3,1180,1000,1950,,SeaTac,98198,0,1950,64,64,96.3302752293578
2014-05-20,260000.0,4.0,2.5,1990,6671,2.0,0,0,3,1990,0,1989,,Federal Way,98023,0,1989,25,25,130.6532663316583
2014-05-20,699000.0,4.0,2.5,2650,7945,2.0,0,0,3,2650,0,2006,,Seattle,98125,0,2006,8,8,263.77358490566036
2014-05-20,1800000.0,4.0,3.5,4460,16953,1.0,0,0,3,2550,1910,1962,1994.0,Medina,98039,1,1994,52,20,403.58744394618833
2014-05-20,299950.0,3.0,1.0,910,8000,1.0,0,0,4,740,170,1950,,Shoreline,98177,0,1950,64,64,329.61538461538464
2014-05-20,749950.0,3.0,2.5,2770,10773,2.0,0,2,3,2770,0,1992,,Bellevue,98008,0,1992,22,22,270.74007220216606
2014-05-20,1100000.0,3.0,2.0,2390,6888,2.0,0,1,5,2390,0,1939,,Seattle,98115,0,1939,75,75,460.2510460251046
2014-05-20,555000.0,3.0,2.5,3050,158558,1.0,0,0,4,3050,0,1987,,Renton,98055,0,1987,27,27,181.9672131147541
2014-05-20,384000.0,3.0,2.5,1700,4000,2.0,0,0,3,1700,0,2003,,Snoqualmie,98065,0,2003,11,11,225.88235294117646
2014-05-20,499950.0,5.0,3.5,3200,43560,2.0,0,0,3,3200,0,1989,,Renton,98059,0,1989,25,25,156.234375
2014-05-20,430000.0,3.0,1.75,1200,4500,1.0,0,0,5,1200,0,1906,,Seattle,98108,0,1906,108,108,358.3333333333333
2014-05-20,350000.0,4.0,2.25,2220,6953,2.0,0,0,4,2220,0,1999,,Maple Valley,98038,0,1999,15,15,157.65765765765767
2014-05-20,620000.0,3.0,2.5,2480,9041,2.0,0,0,3,2480,0,2004,,Redmond,98053,0,2004,10,10,250.0
2014-05-20,765000.0,4.0,2.25,2560,12100,1.0,0,0,4,1760,800,1976,,Redmond,98052,0,1976,38,38,298.828125
2014-05-20,250000.0,4.0,1.5,2500,6300,1.0,0,0,4,1500,1000,1961,,Kent,98032,0,1961,53,53,100.0
2014-05-20,376000.0,2.0,1.0,1150,4000,1.0,0,0,3,1150,0,1947,,Seattle,98199,0,1947,67,67,326.95652173913044
2014-05-20,475000.0,4.0,1.75,1650,7775,1.0,0,0,4,1150,500,1950,,Seattle,98133,0,1950,64,64,287.8787878787879
2014-05-20,120750.0,3.0,1.75,1140,9628,1.0,0,0,4,1140,0,1969,,Federal Way,98023,0,1969,45,45,105.92105263157895
2014-05-20,1690000.0,3.0,1.75,3400,8965,1.0,0,2,5,1820,1580,1957,,Seattle,98105,0,1957,57,57,497.05882352941177
2014-05-20,330000.0,3.0,1.0,1180,43124,1.0,0,0,4,1180,0,1959,,Issaquah,98027,0,1959,55,55,279.66101694915255
2014-05-20,619500.0,3.0,2.5,1700,4105,2.0,0,0,3,1700,0,1992,,Seattle,98122,0,1992,22,22,364.4117647058824
2014-05-20,345000.0,3.0,1.5,1240,11200,1.0,0,0,4,1240,0,1954,,Bellevue,98006,0,1954,60,60,278.2258064516129
2014-05-20,598000.0,5.0,2.25,2890,12478,2.0,0,0,3,2890,0,1977,,Sammamish,98074,0,1977,37,37,206.92041522491348
2014-05-20,335000.0,3.0,1.0,1060,10050,1.0,0,0,4,1060,0,1967,,Kenmore,98028,0,1967,47,47,316.0377358490566
2014-05-20,372500.0,4.0,1.75,1590,10523,2.0,0,0,4,1590,0,1922,,Shoreline,98133,0,1922,92,92,234.27672955974842
2014-05-20,300000.0,6.0,5.25,2860,5682,2.0,0,0,3,2860,0,1978,,Auburn,98002,0,1978,36,36,104.8951048951049
2014-05-20,194000.0,1.0,1.0,820,1060,1.0,0,0,3,760,60,2007,,Seattle,98126,0,2007,7,7,236.58536585365854
2014-05-20,507500.0,3.0,2.0,2020,8118,1.0,0,0,3,1020,1000,1963,,Bellevue,98008,0,1963,51,51,251.23762376237624
2014-05-20,325000.0,4.0,2.25,1870,9680,1.0,0,0,4,1170,700,1959,,Kirkland,98034,0,1959,55,55,173.79679144385025
2014-05-20,329900.0,3.0,2.5,2170,4905,2.0,0,0,3,2170,0,2004,,Maple Valley,98038,0,2004,10,10,152.02764976958525
2014-05-20,329000.0,4.0,2.5,1600,6765,1.0,0,0,3,830,770,1947,2011.0,Seattle,98106,1,2011,67,3,205.625
2014-05-20,494000.0,4.0,1.75,2090,4300,1.5,0,0,4,1250,840,1925,,Seattle,98136,0,1925,89,89,236.36363636363637
2014-05-20,206000.0,4.0,2.0,1700,6025,1.0,0,0,3,1700,0,1978,,Auburn,98002,0,1978,36,36,121.17647058823529
2014-05-20,423000.0,4.0,1.75,1940,6909,1.0,0,0,4,970,970,1941,,Seattle,98133,0,1941,73,73,218.04123711340208
2014-05-20,259000.0,3.0,1.0,1320,8625,1.0,0,0,4,1320,0,1957,,Renton,98056,0,1957,57,57,196.21212121212122
2014-05-20,879950.0,4.0,2.25,3500,13875,1.0,0,4,4,1830,1670,1938,,Seattle,98146,0,1938,76,76,251.4142857142857
2014-05-20,345600.0,5.0,3.5,2800,5120,2.5,0,0,3,2800,0,1903,2005.0,Seattle,98122,1,2005,111,9,123.42857142857143
2014-05-20,395000.0,3.0,1.5,1080,2940,1.5,0,0,4,1080,0,1920,,Seattle,98115,0,1920,94,94,365.74074074074076
2014-05-20,625000.0,4.0,2.5,3550,8048,2.0,0,0,3,3550,0,2007,,Snoqualmie,98065,0,2007,7,7,176.05633802816902
2014-05-20,439000.0,3.0,2.0,2010,251341,2.0,0,0,3,1510,500,2003,,Duvall,98019,0,2003,11,11,218.40796019900498
2014-05-20,380000.0,3.0,1.75,1690,1468,2.0,0,0,3,1380,310,2008,,Seattle,98108,0,2008,6,6,224.85207100591717
2014-05-20,440000.0,3.0,1.5,1270,1443,3.0,0,0,3,1270,0,2007,,Seattle,98115,0,2007,7,7,346.45669291338584
2014-05-20,415000.0,3.0,2.25,1970,2377,2.0,0,0,3,1680,290,2008,,Seattle,98108,0,2008,6,6,210.65989847715736
2014-05-20,860000.0,4.0,2.75,3160,8097,2.0,0,0,3,3160,0,2014,,Kirkland,98033,0,2014,0,0,272.1518987341772
2014-05-20,500000.0,3.0,2.5,1210,1200,3.0,0,0,3,1210,0,2008,,Seattle,98103,0,2008,6,6,413.22314049586777
2014-05-20,953007.0,4.0,3.5,3120,5086,2.0,0,0,3,2480,640,2008,,Seattle,98115,0,2008,6,6,305.4509615384615
2014-05-20,515000.0,4.0,2.5,2670,8765,2.0,0,0,3,2670,0,2006,,Renton,98059,0,2006,8,8,192.88389513108615
2014-05-20,772000.0,3.0,2.25,1640,1204,3.0,0,0,3,1640,0,2014,,Seattle,98112,0,2014,0,0,470.7317073170732
2014-05-20,329995.0,4.0,2.5,2303,3680,2.0,0,0,3,2303,0,2013,,Auburn,98001,0,2013,1,1,143.2891880156318
2014-05-20,409316.0,3.0,2.5,1800,3168,2.0,0,0,3,1800,0,2014,,Snoqualmie,98065,0,2014,0,0,227.39777777777778
2014-05-20,490000.0,5.0,3.5,4460,2975,3.0,0,2,3,3280,1180,2013,,Seattle,98119,0,2013,1,1,109.86547085201794
2014-05-20,305000.0,2.0,2.5,1590,2656,2.0,0,0,3,1220,370,2009,,Seattle,98106,0,2009,5,5,191.8238993710692
2014-05-20,785000.0,4.0,3.5,3070,4684,2.0,0,0,3,2190,880,2009,,Issaquah,98027,0,2009,5,5,255.70032573289902
2014-05-21,240000.0,2.0,1.75,1330,7200,1.0,0,0,3,1330,0,1993,,SeaTac,98188,0,1993,21,21,180.45112781954887
2014-05-21,325000.0,3.0,1.0,990,6750,1.0,0,0,4,990,0,1947,,Seattle,98133,0,1947,67,67,328.2828282828283
2014-05-21,535800.0,4.0,2.5,1900,5790,2.0,0,0,3,1900,0,1994,,Issaquah,98029,0,1994,20,20,282.0
2014-05-21,720000.0,3.0,2.5,2020,1159,3.0,0,3,3,2020,0,2000,,Seattle,98103,0,2000,14,14,356.43564356435644
2014-05-21,374000.0,3.0,1.75,2000,9416,1.0,0,0,4,2000,0,1961,,Kirkland,98033,0,1961,53,53,187.0
2014-05-21,189650.0,2.0,1.75,1100,7600,1.0,0,0,3,1100,0,1980,,Des Moines,98198,0,1980,34,34,172.4090909090909
2014-05-21,420850.0,1.0,1.0,960,40946,1.0,0,0,5,960,0,1945,,Carnation,98014,0,1945,69,69,438.3854166666667
2014-05-21,815000.0,4.0,2.75,3488,9614,2.0,0,0,3,3488,0,1998,,Redmond,98074,0,1998,16,16,233.65825688073394
2014-05-21,1065000.0,2.0,1.75,1890,9466,2.0,0,0,3,1890,0,1987,,Bellevue,98004,0,1987,27,27,563.4920634920635
2014-05-21,199000.0,4.0,2.0,2030,8120,2.0,0,0,3,2030,0,1950,,Seattle,98178,0,1950,64,64,98.0295566502463
2014-05-21,195000.0,3.0,1.75,1380,7350,1.0,0,0,3,990,390,1981,,Covington,98042,0,1981,33,33,141.30434782608697
2014-05-21,1506000.0,4.0,3.25,3660,5800,2.5,0,0,3,3360,300,1909,1995.0,Seattle,98112,1,1995,105,19,411.4754098360656
2014-05-21,288400.0,3.0,2.25,1870,3230,2.0,0,0,3,1870,0,1997,,Renton,98056,0,1997,17,17,154.22459893048128
2014-05-21,442000.0,4.0,2.25,2080,12007,1.0,0,0,4,1220,860,1979,,Sammamish,98074,0,1979,35,35,212.5
2014-05-21,619420.0,4.0,2.75,2450,14803,2.0,0,0,4,2450,0,1988,,Newcastle,98059,0,1988,26,26,252.82448979591837
2014-05-21,635000.0,4.0,2.25,2750,6180,1.0,0,0,4,1500,1250,1948,,Seattle,98118,0,1948,66,66,230.9090909090909
2014-05-21,210000.0,3.0,1.0,1240,4842,1.0,0,0,4,1240,0,1916,,Seattle,98118,0,1916,98,98,169.3548387096774
2014-05-21,512500.0,3.0,2.5,1900,7604,2.0,0,0,3,1900,0,1990,,Kirkland,98033,0,1990,24,24,269.7368421052632
2014-05-21,567000.0,3.0,2.5,2540,6093,2.0,0,0,3,2540,0,1999,,Kirkland,98034,0,1999,15,15,223.22834645669292
2014-05-21,525000.0,3.0,2.75,2100,10362,2.0,0,0,3,1510,590,1998,,Snoqualmie Pass,98068,0,1998,16,16,250.0
2014-05-21,475000.0,4.0,2.0,1790,2250,1.0,0,2,4,840,950,1909,,Seattle,98103,0,1909,105,105,265.3631284916201
2014-05-21,250000.0,3.0,2.0,1170,7258,1.0,0,0,3,1170,0,1984,,Auburn,98001,0,1984,30,30,213.67521367521368
2014-05-21,220000.0,3.0,1.0,1060,9126,1.0,0,2,5,1060,0,1956,,Enumclaw,98022,0,1956,58,58,207.54716981132074
2014-05-21,230000.0,5.0,2.0,1930,6120,1.5,0,0,3,1930,0,1941,1969.0,Seattle,98146,1,1969,73,45,119.17098445595855
2014-05-21,385500.0,3.0,2.0,1540,7947,1.0,0,0,3,1120,420,1961,,Bothell,98011,0,1961,53,53,250.32467532467533
2014-05-21,895000.0,5.0,3.0,2876,13927,1.0,0,2,4,1970,906,1973,,Mercer Island,98040,0,1973,41,41,311.1961057023644
2014-05-21,368250.0,3.0,2.5,2150,7484,2.0,0,0,3,2150,0,1988,,Sammamish,98074,0,1988,26,26,171.27906976744185
2014-05-21,249900.0,2.0,1.0,1140,5500,1.0,0,0,3,1140,0,1947,,Seattle,98106,0,1947,67,67,219.21052631578948
2014-05-21,350000.0,3.0,1.5,980,7790,1.0,0,0,5,980,0,1969,,Kirkland,98034,0,1969,45,45,357.14285714285717
2014-05-21,175000.0,3.0,1.75,1230,13056,1.0,0,0,4,1230,0,1962,,Auburn,98001,0,1962,52,52,142.27642276422765
2014-05-21,270000.0,3.0,1.75,1390,10905,1.0,0,0,3,860,530,1957,,Seattle,98106,0,1957,57,57,194.24460431654677
2014-05-21,495000.0,3.0,3.5,2380,6250,2.0,0,3,3,1670,710,1997,,Seattle,98118,0,1997,17,17,207.98319327731093
2014-05-21,1580000.0,3.0,3.25,3690,7200,2.0,0,0,3,3690,0,2007,,Kirkland,98033,0,2007,7,7,428.18428184281845
2014-05-21,542500.0,5.0,3.25,3010,1074218,1.5,0,0,5,2010,1000,1931,,Issaquah,98027,0,1931,83,83,180.2325581395349
2014-05-21,330000.0,3.0,1.0,1250,9126,1.0,0,0,3,1250,0,1969,,Woodinville,98077,0,1969,45,45,264.0
2014-05-21,1003000.0,4.0,2.75,2290,6120,2.0,0,0,4,2170,120,1926,,Seattle,98115,0,1926,88,88,437.9912663755459
2014-05-21,299800.0,2.0,1.0,790,5240,1.0,0,0,4,790,0,1925,,Seattle,98118,0,1925,89,89,379.49367088607596
2014-05-21,299900.0,3.0,2.5,2720,6014,2.0,0,0,3,2720,0,2002,,Auburn,98092,0,2002,12,12,110.25735294117646
2014-05-21,691000.0,4.0,2.75,2550,8632,1.0,0,0,3,1700,850,1972,,Kirkland,98033,0,1972,42,42,270.98039215686276
2014-05-21,195000.0,2.0,1.0,1080,3899,1.0,0,0,4,1080,0,1972,,Des Moines,98198,0,1972,42,42,180.55555555555554
2014-05-21,405000.0,3.0,1.75,2470,9620,1.0,0,1,4,1570,900,1962,,Des Moines,98198,0,1962,52,52,163.96761133603238
2014-05-21,360000.0,2.0,0.75,850,7710,1.0,0,2,5,550,300,1909,,Seattle,98108,0,1909,105,105,423.52941176470586
2014-05-21,256750.0,3.0,2.5,1990,8991,1.0,0,0,3,1570,420,1969,,Kent,98042,0,1969,45,45,129.02010050251258
2014-05-21,332500.0,3.0,2.25,1800,10500,2.0,0,0,3,1800,0,1995,,Maple Valley,98038,0,1995,19,19,184.72222222222223
2014-05-21,975000.0,5.0,4.0,4850,36450,2.0,0,0,3,4850,0,1977,,Bellevue,98005,0,1977,37,37,201.03092783505156
2014-05-21,218000.0,3.0,1.0,1020,7874,1.0,0,0,3,1020,0,1956,,Seattle,98106,0,1956,58,58,213.72549019607843
2014-05-21,429000.0,3.0,2.5,2420,49928,2.0,0,0,3,1860,560,1985,,Issaquah,98027,0,1985,29,29,177.27272727272728
2014-05-21,589000.0,4.0,2.5,2910,5776,2.0,0,2,3,2910,0,1998,,Snoqualmie,98065,0,1998,16,16,202.40549828178695
2014-05-21,255000.0,3.0,1.5,1060,9039,1.0,0,0,3,1060,0,1973,2013.0,Renton,98058,1,2013,41,1,240.56603773584905
2014-05-21,668750.0,4.0,2.5,2340,6420,1.0,0,2,3,1590,750,1964,,Shoreline,98177,0,1964,50,50,285.79059829059827
2014-05-21,344500.0,4.0,2.75,1800,5453,1.0,0,0,3,1050,750,2002,,Renton,98055,0,2002,12,12,191.38888888888889
2014-05-21,452000.0,4.0,2.0,1660,6150,1.0,0,0,3,850,810,1945,,Seattle,98126,0,1945,69,69,272.28915662650604
2014-05-21,540000.0,3.0,1.75,1300,62290,1.0,0,0,3,1300,0,1983,,Redmond,98053,0,1983,31,31,415.38461538461536
2014-05-21,246000.0,3.0,1.5,1780,23819,1.0,0,0,3,1780,0,1953,,Seattle,98168,0,1953,61,61,138.20224719101122
2014-05-21,535000.0,2.0,1.0,1030,4841,1.0,0,0,3,920,110,1939,,Seattle,98103,0,1939,75,75,519.4174757281553
2014-05-21,970000.0,4.0,3.25,2790,5420,1.0,0,3,3,1130,1660,1963,2013.0,Shoreline,98177,1,2013,51,1,347.6702508960573
2014-05-21,430000.0,3.0,1.0,1150,3000,1.0,0,0,5,1150,0,1906,,Seattle,98103,0,1906,108,108,373.9130434782609
2014-05-21,520000.0,4.0,2.5,3290,11446,2.0,0,0,3,3290,0,1992,,Kenmore,98028,0,1992,22,22,158.0547112462006
2014-05-21,712000.0,4.0,2.5,3400,247421,2.0,0,0,3,3400,0,2001,,Ravensdale,98051,0,2001,13,13,209.41176470588235
2014-05-21,450000.0,2.0,1.0,1200,4000,1.0,0,0,3,1070,130,1940,,Seattle,98126,0,1940,74,74,375.0
2014-05-21,220000.0,4.0,2.5,2160,8005,2.0,0,0,3,2160,0,1993,,Pacific,98047,0,1993,21,21,101.85185185185185
2014-05-21,525000.0,3.0,1.0,1450,4000,1.0,0,1,4,950,500,1948,,Seattle,98118,0,1948,66,66,362.0689655172414
2014-05-21,1220000.0,4.0,2.5,3240,3600,2.0,0,0,3,2060,1180,2008,,Seattle,98109,0,2008,6,6,376.5432098765432
2014-05-21,540000.0,3.0,2.0,1470,1691,2.0,0,0,3,1000,470,2007,,Seattle,98115,0,2007,7,7,367.3469387755102
2014-05-21,600000.0,4.0,2.5,2360,5226,2.0,0,0,3,2360,0,2001,,Kirkland,98034,0,2001,13,13,254.23728813559322
2014-05-21,600000.0,3.0,2.25,2230,9053,2.0,0,0,4,2230,0,1987,,Bellevue,98007,0,1987,27,27,269.05829596412553
2014-05-21,625000.0,4.0,2.5,2630,48706,2.0,0,0,3,2630,0,1986,,Woodinville,98072,0,1986,28,28,237.6425855513308
2014-05-21,150000.0,3.0,1.0,1010,25000,1.0,0,0,3,1010,0,1966,,Carnation,98014,0,1966,48,48,148.5148514851485
2014-05-21,389999.0,3.0,2.25,1445,1471,2.0,0,0,3,1300,145,2003,,Issaquah,98027,0,2003,11,11,269.89550173010383
2014-05-21,285000.0,3.0,1.75,2380,6000,1.5,0,0,3,1320,1060,1935,,Seattle,98178,0,1935,79,79,119.74789915966386
2014-05-21,744000.0,4.0,2.75,2830,13059,2.0,0,0,3,2830,0,1998,,Sammamish,98075,0,1998,16,16,262.8975265017668
2014-05-21,700000.0,4.0,2.5,3010,46173,2.0,0,0,3,3010,0,1996,,Redmond,98053,0,1996,18,18,232.5581395348837
2014-05-21,318989.0,4.0,2.25,2000,9000,1.0,0,0,4,2000,0,1978,,Federal Way,98023,0,1978,36,36,159.4945
2014-05-21,556000.0,3.0,2.25,2020,3600,2.0,0,0,3,2020,0,1998,,Kirkland,98033,0,1998,16,16,275.2475247524753
2014-05-21,275000.0,3.0,2.5,2030,6326,2.0,0,0,3,2030,0,1993,,Maple Valley,98038,0,1993,21,21,135.4679802955665
2014-05-21,430000.0,3.0,2.75,2550,11160,2.0,0,0,3,2550,0,1994,,Shoreline,98155,0,1994,20,20,168.62745098039215
2014-05-21,300000.0,2.0,1.0,970,13700,1.0,0,0,3,970,0,1949,,Seattle,98106,0,1949,65,65,309.2783505154639
2014-05-21,396450.0,3.0,1.75,1540,12446,1.0,0,0,5,1540,0,1967,,Issaquah,98027,0,1967,47,47,257.43506493506493
2014-05-21,225000.0,2.0,1.0,1396,111949,1.0,0,0,3,1396,0,1940,1997.0,Redmond,98053,1,1997,74,17,161.17478510028653
2014-05-21,700000.0,4.0,3.25,2780,7875,2.0,0,0,3,2780,0,2006,,Seattle,98133,0,2006,8,8,251.79856115107913
2014-05-21,260000.0,6.0,2.0,2220,8797,1.0,0,0,3,2220,0,1977,,Auburn,98002,0,1977,37,37,117.11711711711712
2014-05-21,655000.0,4.0,3.5,2350,13402,2.0,0,3,3,1670,680,1994,,Kirkland,98033,0,1994,20,20,278.72340425531917
2014-05-21,1185000.0,3.0,2.25,2760,40946,2.0,0,0,5,2760,0,1978,,Bellevue,98005,0,1978,36,36,429.3478260869565
2014-05-21,1550000.0,3.0,2.5,4460,26027,2.0,0,0,3,4460,0,1992,,Kirkland,98033,0,1992,22,22,347.5336322869955
2014-05-21,413800.0,3.0,2.0,1440,4421,1.0,0,0,3,1440,0,2007,,Redmond,98053,0,2007,7,7,287.3611111111111
2014-05-21,950000.0,5.0,3.75,5330,6000,2.0,0,2,3,3570,1760,2006,,Issaquah,98027,0,2006,8,8,178.23639774859288
2014-05-21,334990.0,4.0,2.5,2220,4228,2.0,0,0,3,2220,0,2014,,Seattle,98146,0,2014,0,0,150.8963963963964
2014-05-21,2700000.0,5.0,4.75,5305,8401,2.0,0,2,3,3745,1560,2005,,Kirkland,98033,0,2005,9,9,508.9538171536287
2014-05-21,1030000.0,3.0,4.0,3880,13095,2.0,0,3,3,3700,180,2009,,Kirkland,98034,0,2009,5,5,265.4639175257732
2014-05-21,1130000.0,4.0,3.25,3810,8519,1.0,0,1,3,2680,1130,2007,,Kirkland,98033,0,2007,7,7,296.58792650918633
2014-05-21,556000.0,3.0,3.0,1960,1168,2.0,0,0,3,1600,360,2007,,Issaquah,98029,0,2007,7,7,283.6734693877551
2014-05-21,360000.0,3.0,2.5,1530,1131,3.0,0,0,3,1530,0,2009,,Seattle,98103,0,2009,5,5,235.2941176470588
2014-05-22,480000.0,4.0,2.25,3250,34293,2.0,0,0,4,3250,0,1983,,Kent,98042,0,1983,31,31,147.69230769230768
2014-05-22,324000.0,3.0,2.5,1750,7208,2.0,0,0,3,1750,0,1994,,Renton,98055,0,1994,20,20,185.14285714285714
2014-05-22,1050000.0,4.0,3.25,3440,35021,2.0,0,0,3,3440,0,1983,,Kirkland,98033,0,1983,31,31,305.2325581395349
2014-05-22,275000.0,1.0,0.75,1170,14149,1.0,0,0,5,880,290,1962,,Enumclaw,98022,0,1962,52,52,235.04273504273505
2014-05-22,180000.0,3.0,1.0,870,5330,1.0,0,0,3,870,0,1969,2014.0,Covington,98042,1,2014,45,0,206.89655172413794
2014-05-22,749000.0,4.0,2.5,2930,18199,2.0,0,0,3,2930,0,1998,,Sammamish,98075,0,1998,16,16,255.63139931740614
2014-05-22,1600000.0,3.0,2.5,3160,12824,1.0,0,2,4,1820,1340,1966,,Bellevue,98004,0,1966,48,48,506.32911392405066
2014-05-22,373500.0,2.0,1.0,800,3330,1.0,0,0,3,800,0,1918,,Seattle,98107,0,1918,96,96,466.875
2014-05-22,770000.0,4.0,2.5,2350,8001,2.0,0,0,4,2350,0,1987,,Bellevue,98006,0,1987,27,27,327.6595744680851
2014-05-22,356000.0,2.0,1.75,1060,16470,1.0,0,0,3,1060,0,1977,,Woodinville,98072,0,1977,37,37,335.8490566037736
2014-05-22,625000.0,3.0,1.75,2060,12558,1.0,0,0,4,1350,710,1984,,Redmond,98052,0,1984,30,30,303.3980582524272
2014-05-22,494400.0,2.0,1.75,1560,1750,1.0,0,0,4,780,780,1904,,Seattle,98109,0,1904,110,110,316.9230769230769
2014-05-22,585000.0,4.0,1.75,3000,42200,1.0,0,3,3,1500,1500,1950,,Renton,98056,0,1950,64,64,195.0
2014-05-22,926300.0,3.0,1.5,1660,4800,2.0,0,0,3,1660,0,1907,,Seattle,98119,0,1907,107,107,558.0120481927711
2014-05-22,600000.0,3.0,1.75,1650,5100,1.0,0,0,5,1040,610,1908,,Seattle,98115,0,1908,106,106,363.6363636363636
2014-05-22,430000.0,4.0,3.0,3220,8936,2.0,0,0,3,2450,770,1990,,Kent,98031,0,1990,24,24,133.54037267080744
2014-05-22,307000.0,3.0,1.5,2320,7500,1.0,0,0,3,2320,0,1976,,Duvall,98019,0,1976,38,38,132.32758620689654
2014-05-22,604700.0,4.0,2.75,2750,14982,1.0,0,3,3,1720,1030,1981,,Des Moines,98198,0,1981,33,33,219.8909090909091
2014-05-22,219900.0,3.0,1.0,910,6000,1.0,0,0,2,910,0,1956,,Seattle,98146,0,1956,58,58,241.64835164835165
2014-05-22,270000.0,2.0,1.5,840,867,2.0,0,0,3,840,0,2005,,Seattle,98115,0,2005,9,9,321.42857142857144
2014-05-22,432000.0,3.0,2.25,1470,1578,2.0,0,0,3,1090,380,2007,,Seattle,98136,0,2007,7,7,293.8775510204082
2014-05-22,300000.0,6.0,2.0,2040,10812,1.0,0,0,4,2040,0,1943,,Renton,98056,0,1943,71,71,147.05882352941177
2014-05-22,361000.0,3.0,1.0,1100,4046,1.5,0,4,4,1100,0,1922,,Des Moines,98198,0,1922,92,92,328.1818181818182
2014-05-22,249950.0,2.0,1.0,940,8532,1.0,0,0,4,940,0,1959,,Burien,98166,0,1959,55,55,265.90425531914894
2014-05-22,320000.0,3.0,2.0,1110,10500,1.0,0,0,5,1110,0,1978,,North Bend,98045,0,1978,36,36,288.2882882882883
2014-05-22,305000.0,4.0,1.75,2200,8100,1.5,0,0,5,1400,800,1942,,Seattle,98168,0,1942,72,72,138.63636363636363
2014-05-22,503000.0,2.0,1.75,2860,59612,1.0,1,4,3,1510,1350,1948,2003.0,Federal Way,98023,1,2003,66,11,175.87412587412587
2014-05-22,235750.0,2.0,1.0,740,11250,1.0,0,0,2,740,0,1938,,Seattle,98146,0,1938,76,76,318.5810810810811
2014-05-22,657000.0,4.0,1.75,2740,8520,1.0,0,2,3,1370,1370,1954,,Seattle,98118,0,1954,60,60,239.7810218978102
2014-05-22,385000.0,3.0,1.0,1250,7300,1.0,0,0,4,1250,0,1956,,Bellevue,98008,0,1956,58,58,308.0
2014-05-22,389950.0,4.0,2.5,3140,8060,2.0,0,0,3,3140,0,1991,,Federal Way,98023,0,1991,23,23,124.18789808917198
2014-05-22,150000.0,2.0,1.0,820,10270,1.0,0,0,3,820,0,1954,,Seattle,98168,0,1954,60,60,182.9268292682927
2014-05-22,254500.0,4.0,2.75,2570,7264,2.0,0,0,3,1720,850,1998,,Auburn,98092,0,1998,16,16,99.0272373540856
2014-05-22,555000.0,4.0,2.25,2350,8140,1.0,0,0,4,1430,920,1977,,Bellevue,98006,0,1977,37,37,236.17021276595744
2014-05-22,1075000.0,4.0,3.0,3600,9200,1.0,0,4,4,2100,1500,1976,,Bellevue,98008,0,1976,38,38,298.6111111111111
2014-05-22,245000.0,4.0,2.0,1580,8000,1.0,0,0,3,1040,540,1967,,Federal Way,98003,0,1967,47,47,155.0632911392405
2014-05-22,319950.0,2.0,1.0,1070,5824,1.0,0,2,5,1070,0,1949,,Seattle,98178,0,1949,65,65,299.01869158878503
2014-05-22,337000.0,3.0,1.0,1070,6109,1.0,0,0,5,1070,0,1951,,Seattle,98125,0,1951,63,63,314.95327102803736
2014-05-22,492000.0,4.0,2.0,1640,5000,2.0,0,0,3,1640,0,1907,1983.0,Seattle,98107,1,1983,107,31,300.0
2014-05-22,1170000.0,3.0,2.75,2890,12130,2.0,0,3,4,2830,60,1987,,Kirkland,98033,0,1987,27,27,404.84429065743944
2014-05-22,348580.0,3.0,1.0,1220,7876,1.0,0,0,3,1220,0,1966,,Kirkland,98034,0,1966,48,48,285.72131147540983
2014-05-22,180000.0,2.0,1.0,1400,4500,1.0,0,0,3,900,500,1922,,Renton,98057,0,1922,92,92,128.57142857142858
2014-05-22,400000.0,3.0,1.0,1040,6250,1.0,0,0,3,1040,0,1942,,Seattle,98136,0,1942,72,72,384.61538461538464
2014-05-22,295000.0,4.0,2.0,980,10640,1.0,0,0,5,980,0,1978,,North Bend,98045,0,1978,36,36,301.0204081632653
2014-05-22,910000.0,4.0,3.25,3340,10890,1.5,0,0,3,2240,1100,1963,2000.0,Redmond,98052,1,2000,51,14,272.45508982035926
2014-05-22,1150000.0,6.0,4.5,6040,219542,2.0,0,0,3,4100,1940,1996,,Issaquah,98029,0,1996,18,18,190.39735099337747
2014-05-22,431500.0,3.0,3.5,1900,1612,2.0,0,0,3,1430,470,2008,,Seattle,98136,0,2008,6,6,227.10526315789474
2014-05-22,180000.0,4.0,1.5,1740,7292,1.0,0,0,3,1020,720,1962,,SeaTac,98168,0,1962,52,52,103.44827586206897
2014-05-22,677000.0,3.0,2.0,2000,3207,1.0,0,0,4,1100,900,1916,,Seattle,98103,0,1916,98,98,338.5
2014-05-22,1180500.0,3.0,1.75,1610,7200,1.0,0,0,3,1090,520,1973,,Seattle,98112,0,1973,41,41,733.2298136645962
2014-05-22,635700.0,4.0,2.5,3240,13978,1.0,0,0,3,1860,1380,1977,,Sammamish,98074,0,1977,37,37,196.2037037037037
2014-05-22,482000.0,5.0,2.25,2230,9600,1.0,0,0,3,1320,910,1978,,Woodinville,98077,0,1978,36,36,216.14349775784754
2014-05-22,168000.0,2.0,2.5,1160,2174,2.0,0,0,3,1160,0,1998,,Seattle,98106,0,1998,16,16,144.82758620689654
2014-05-22,805000.0,4.0,2.75,2410,6000,1.0,0,0,5,1410,1000,1950,,Seattle,98107,0,1950,64,64,334.0248962655602
2014-05-22,398000.0,2.0,1.0,590,10945,1.5,0,0,3,590,0,1983,,Black Diamond,98010,0,1983,31,31,674.5762711864406
2014-05-22,665000.0,4.0,2.5,2600,17388,2.0,0,0,3,2600,0,1996,,Newcastle,98059,0,1996,18,18,255.76923076923077
2014-05-22,592500.0,4.0,3.0,2170,8240,1.0,0,0,4,1370,800,1968,,Redmond,98052,0,1968,46,46,273.0414746543779
2014-05-22,940000.0,4.0,2.75,2080,4000,1.5,0,0,3,2080,0,1912,2000.0,Seattle,98107,1,2000,102,14,451.9230769230769
2014-05-22,655000.0,4.0,2.5,2860,12394,2.0,0,0,3,2860,0,1999,,Sammamish,98075,0,1999,15,15,229.020979020979
2014-05-22,622500.0,4.0,2.5,2980,8107,2.0,0,0,3,2980,0,2000,,Snoqualmie,98065,0,2000,14,14,208.89261744966444
2014-05-22,380000.0,2.0,2.5,1230,987,2.0,0,0,3,1060,170,2011,,Seattle,98144,0,2011,3,3,308.9430894308943
2014-05-22,648360.0,4.0,1.75,2260,7005,1.0,0,1,4,1130,1130,1947,,Kirkland,98033,0,1947,67,67,286.88495575221236
2014-05-22,432000.0,3.0,2.75,2200,14925,1.0,0,0,3,1100,1100,1982,,Redmond,98053,0,1982,32,32,196.36363636363637
2014-05-22,1050000.0,4.0,2.5,3030,12590,1.5,0,0,4,3030,0,1988,,Bellevue,98004,0,1988,26,26,346.53465346534654
2014-05-22,353250.0,2.0,1.0,1060,1600,2.0,0,0,3,1060,0,1979,,Seattle,98144,0,1979,35,35,333.25471698113205
2014-05-22,1000000.0,4.0,3.0,4260,18687,2.0,0,0,3,4260,0,1996,,Sammamish,98075,0,1996,18,18,234.7417840375587
2014-05-22,320000.0,3.0,2.25,998,844,2.0,0,0,3,798,200,2007,,Seattle,98117,0,2007,7,7,320.64128256513027
2014-05-22,349900.0,4.0,2.5,2052,3723,2.0,0,0,3,2052,0,2014,,Federal Way,98003,0,2014,0,0,170.5165692007797
2014-05-22,330000.0,4.0,3.5,3150,6202,2.0,0,0,3,3150,0,2005,,Kent,98042,0,2005,9,9,104.76190476190476
2014-05-22,408000.0,3.0,2.25,1950,7221,1.0,0,0,4,1950,0,2006,,SeaTac,98188,0,2006,8,8,209.23076923076923
2014-05-22,321000.0,3.0,2.25,1347,1292,3.0,0,0,3,1347,0,2010,,Seattle,98125,0,2010,4,4,238.30734966592428
2014-05-22,1051000.0,4.0,3.75,3860,5474,2.5,0,0,3,3860,0,2007,,Issaquah,98029,0,2007,7,7,272.27979274611397
2014-05-22,2150000.0,4.0,5.5,5060,10320,2.0,0,0,3,5060,0,2008,,Bellevue,98004,0,2008,6,6,424.901185770751
2014-05-22,359000.0,3.0,1.5,1360,885,3.0,0,0,3,1360,0,2008,,Seattle,98103,0,2008,6,6,263.97058823529414
2014-05-22,300000.0,5.0,2.5,2760,6000,2.0,0,0,3,2760,0,2006,,Seattle,98108,0,2006,8,8,108.69565217391305
2014-05-22,380000.0,5.0,3.5,2420,4670,2.0,0,0,3,2420,0,2013,,Seattle,98118,0,2013,1,1,157.02479338842974
2014-05-22,660000.0,3.0,2.5,2450,4332,2.0,0,0,3,2450,0,2010,,Redmond,98053,0,2010,4,4,269.38775510204084
2014-05-22,355000.0,3.0,2.25,1280,959,3.0,0,0,3,1280,0,2005,,Seattle,98103,0,2005,9,9,277.34375
2014-05-22,259000.0,3.0,2.5,1550,3569,2.0,0,0,3,1550,0,2011,,Auburn,98002,0,2011,3,3,167.09677419354838
2014-05-22,353000.0,1.0,1.0,550,1279,2.0,0,0,3,550,0,2008,,Seattle,98122,0,2008,6,6,641.8181818181819
2014-05-22,430000.0,2.0,2.5,1520,1588,2.0,0,0,3,1240,280,2007,,Seattle,98144,0,2007,7,7,282.89473684210526
2014-05-23,460000.0,3.0,1.0,1670,4005,1.5,0,0,4,1170,500,1939,,Seattle,98117,0,1939,75,75,275.4491017964072
2014-05-23,80000.0,1.0,0.75,430,5050,1.0,0,0,2,430,0,1912,,Carnation,98014,0,1912,102,102,186.04651162790697
2014-05-23,782000.0,4.0,2.5,2380,9614,2.0,0,0,4,2380,0,1991,,Bellevue,98006,0,1991,23,23,328.57142857142856
2014-05-23,218000.0,3.0,1.0,960,9633,1.0,0,0,5,960,0,1982,,Enumclaw,98022,0,1982,32,32,227.08333333333334
2014-05-23,325000.0,3.0,1.0,1920,6862,1.0,0,2,3,1120,800,1952,,Seattle,98118,0,1952,62,62,169.27083333333334
2014-05-23,980000.0,4.0,3.0,3680,5854,1.0,0,3,3,2060,1620,1967,,Seattle,98199,0,1967,47,47,266.30434782608694
2014-05-23,902000.0,4.0,2.25,2530,9200,1.0,0,0,5,1570,960,1976,,Bellevue,98006,0,1976,38,38,356.5217391304348
2014-05-23,556000.0,5.0,2.5,3840,16905,2.0,0,0,3,3840,0,1991,,Federal Way,98023,0,1991,23,23,144.79166666666666
2014-05-23,662990.0,3.0,1.75,1240,3600,1.5,0,0,5,1240,0,1926,,Seattle,98116,0,1926,88,88,534.6693548387096
2014-05-23,225000.0,2.0,1.0,1300,11867,1.5,0,0,4,1300,0,1975,,Ravensdale,98051,0,1975,39,39,173.07692307692307
2014-05-23,439950.0,4.0,2.5,2380,12067,2.0,0,0,3,2380,0,2002,,Renton,98059,0,2002,12,12,184.85294117647058
2014-05-23,175000.0,2.0,1.0,1300,44431,1.0,0,0,5,1300,0,1958,,Auburn,98001,0,1958,56,56,134.6153846153846
2014-05-23,306000.0,2.0,1.0,780,13500,1.0,0,0,4,780,0,1946,1989.0,Woodinville,98077,1,1989,68,25,392.3076923076923
2014-05-23,235000.0,4.0,2.5,1810,39639,1.0,0,0,3,1230,580,1970,,Kent,98042,0,1970,44,44,129.8342541436464
2014-05-23,399500.0,3.0,1.75,2420,12676,2.0,0,0,3,2420,0,1911,1986.0,North Bend,98045,1,1986,103,28,165.08264462809916
2014-05-23,478000.0,3.0,1.0,1280,2580,1.5,0,0,3,1280,0,1910,2014.0,Seattle,98115,1,2014,104,0,373.4375
2014-05-23,515000.0,2.0,1.0,1680,6500,1.0,0,0,4,1140,540,1941,,Seattle,98136,0,1941,73,73,306.54761904761904
2014-05-23,550000.0,3.0,2.5,2510,5400,2.0,0,0,3,2510,0,1992,,Renton,98056,0,1992,22,22,219.12350597609563
2014-05-23,149000.0,3.0,1.0,1700,8645,1.0,0,0,3,1700,0,1955,,Seattle,98146,0,1955,59,59,87.6470588235294
2014-05-23,526000.0,3.0,1.75,1680,3420,1.0,0,0,3,960,720,1992,,Seattle,98115,0,1992,22,22,313.0952380952381
2014-05-23,527550.0,1.0,0.75,820,59677,1.0,0,0,3,820,0,1999,,Snoqualmie,98065,0,1999,15,15,643.3536585365854
2014-05-23,1050000.0,3.0,4.0,4380,42769,2.0,0,0,5,4380,0,1983,,Redmond,98052,0,1983,31,31,239.72602739726028
2014-05-23,625000.0,3.0,2.5,2600,10092,1.0,0,0,3,2600,0,1984,,Sammamish,98074,0,1984,30,30,240.3846153846154
2014-05-23,950000.0,5.0,3.25,3400,7452,2.0,0,0,3,3400,0,1999,,Bellevue,98007,0,1999,15,15,279.4117647058824
2014-05-23,377691.0,5.0,1.75,2120,8399,1.0,0,0,4,1320,800,1942,,Shoreline,98133,0,1942,72,72,178.1561320754717
2014-05-23,648475.0,4.0,2.75,2250,5700,1.0,0,0,3,1200,1050,1951,,Seattle,98109,0,1951,63,63,288.2111111111111
2014-05-23,383000.0,3.0,1.0,1800,5612,1.0,0,0,4,1200,600,1942,,Seattle,98126,0,1942,72,72,212.77777777777777
2014-05-23,535000.0,3.0,2.5,2210,7620,2.0,0,0,3,2210,0,1994,,Redmond,98052,0,1994,20,20,242.0814479638009
2014-05-23,449950.0,3.0,2.0,1560,4080,2.0,0,0,3,1560,0,1923,1982.0,Seattle,98115,1,1982,91,32,288.4294871794872
2014-05-23,465425.0,4.0,2.75,2430,20720,1.0,0,0,3,2430,0,1967,,Woodinville,98072,0,1967,47,47,191.53292181069958
2014-05-23,675000.0,4.0,2.5,2560,36601,2.0,0,0,4,2560,0,1987,,Sammamish,98075,0,1987,27,27,263.671875
2014-05-23,599000.0,3.0,2.75,1960,2500,1.5,0,0,5,1410,550,1926,,Seattle,98103,0,1926,88,88,305.61224489795916
2014-05-23,416000.0,3.0,1.5,1110,9762,1.0,0,0,4,1110,0,1963,,Redmond,98052,0,1963,51,51,374.77477477477476
2014-05-23,595000.0,2.0,1.5,1030,4500,1.0,0,0,3,830,200,1924,,Seattle,98109,0,1924,90,90,577.6699029126214
2014-05-23,200000.0,4.0,1.0,1350,11507,1.0,0,0,3,1350,0,1966,,Renton,98055,0,1966,48,48,148.14814814814815
2014-05-23,402000.0,3.0,2.0,1540,1827,2.0,0,0,3,1540,0,2005,,Issaquah,98029,0,2005,9,9,261.038961038961
2014-05-23,433000.0,4.0,1.75,1830,9600,1.0,0,0,4,1010,820,1966,,Bellevue,98006,0,1966,48,48,236.6120218579235
2014-05-23,275000.0,4.0,1.5,1930,15531,2.0,0,0,3,1930,0,1979,,Federal Way,98003,0,1979,35,35,142.48704663212436
2014-05-23,410000.0,3.0,2.0,1650,9641,1.5,0,0,3,1650,0,1983,,Kirkland,98034,0,1983,31,31,248.4848484848485
2014-05-23,554820.0,4.0,2.0,3510,12905,1.0,0,2,3,2210,1300,1965,1982.0,Burien,98166,1,1982,49,32,158.06837606837607
2014-05-23,1325000.0,4.0,3.0,3370,7920,1.0,0,3,3,1860,1510,1988,,Seattle,98117,0,1988,26,26,393.1750741839763
2014-05-23,735000.0,3.0,2.5,2390,9157,2.0,0,0,3,2390,0,1984,,Redmond,98052,0,1984,30,30,307.5313807531381
2014-05-23,607000.0,3.0,1.0,1230,8114,1.0,0,0,4,1230,0,1951,,Bellevue,98004,0,1951,63,63,493.4959349593496
2014-05-23,549900.0,4.0,3.0,2830,213879,2.0,0,0,4,2830,0,1987,,Auburn,98092,0,1987,27,27,194.31095406360424
2014-05-23,258000.0,3.0,1.75,1620,7540,1.0,0,0,3,1310,310,1988,,Maple Valley,98038,0,1988,26,26,159.25925925925927
2014-05-23,661254.0,4.0,4.0,2290,6250,1.5,0,0,5,1690,600,1940,,Seattle,98116,0,1940,74,74,288.7572052401747
2014-05-23,945000.0,4.0,2.0,2840,13367,1.0,0,0,3,1420,1420,1952,,Clyde Hill,98004,0,1952,62,62,332.7464788732394
2014-05-23,799950.0,4.0,3.5,4220,196817,2.0,0,0,3,4220,0,1993,,Auburn,98092,0,1993,21,21,189.5616113744076
2014-05-23,132500.0,3.0,1.0,1080,10500,1.0,0,0,3,1080,0,1967,,Auburn,98001,0,1967,47,47,122.68518518518519
2014-05-23,467100.0,3.0,1.75,1620,8645,1.0,0,0,3,1190,430,1973,,Redmond,98052,0,1973,41,41,288.3333333333333
2014-05-23,1610000.0,4.0,3.5,4390,11600,2.0,0,3,3,3060,1330,1990,,Mercer Island,98040,0,1990,24,24,366.74259681093395
2014-05-23,641000.0,3.0,1.75,1620,3975,1.0,0,0,5,940,680,1926,,Seattle,98117,0,1926,88,88,395.679012345679
2014-05-23,350000.0,3.0,1.0,1010,11244,1.0,0,0,4,1010,0,1947,,Shoreline,98155,0,1947,67,67,346.53465346534654
2014-05-23,335000.0,4.0,2.5,1750,8476,1.0,0,0,4,1240,510,1983,,Renton,98058,0,1983,31,31,191.42857142857142
2014-05-23,900000.0,3.0,3.5,4080,217697,1.5,0,3,3,4080,0,2000,,Auburn,98092,0,2000,14,14,220.58823529411765
2014-05-23,440000.0,4.0,2.5,2560,10400,1.0,0,0,4,1280,1280,1965,,Issaquah,98027,0,1965,49,49,171.875
2014-05-23,464600.0,3.0,1.75,1120,5500,1.5,0,0,4,1120,0,1925,,Seattle,98136,0,1925,89,89,414.82142857142856
2014-05-23,1200000.0,4.0,3.5,4740,172497,2.0,0,0,3,4740,0,2003,,Redmond,98053,0,2003,11,11,253.16455696202533
2014-05-23,300000.0,2.0,1.0,1340,7788,1.0,0,2,3,1340,0,1947,,Seattle,98178,0,1947,67,67,223.88059701492537
2014-05-23,670500.0,4.0,2.0,1590,6750,1.0,0,0,3,1590,0,1951,,Seattle,98102,0,1951,63,63,421.6981132075472
2014-05-23,552000.0,3.0,1.0,1430,5000,1.0,0,0,4,1080,350,1919,,Seattle,98115,0,1919,95,95,386.013986013986
2014-05-23,244000.0,4.0,1.0,1450,8960,1.0,0,0,3,1450,0,1943,,Seattle,98146,0,1943,71,71,168.27586206896552
2014-05-23,788600.0,4.0,2.75,3500,7200,2.0,0,0,3,3500,0,2005,,Redmond,98053,0,2005,9,9,225.31428571428572
2014-05-23,445000.0,3.0,2.0,1630,8702,1.0,0,0,3,1630,0,1987,,Renton,98056,0,1987,27,27,273.00613496932516
2014-05-23,530000.0,4.0,1.75,1814,5000,1.0,0,0,4,944,870,1951,,Seattle,98115,0,1951,63,63,292.1719955898567
2014-05-23,90000.0,2.0,1.0,580,7500,1.0,0,0,3,580,0,1943,,Seattle,98178,0,1943,71,71,155.17241379310346
2014-05-23,585000.0,3.0,2.0,1670,4572,1.5,0,0,3,1670,0,1931,,Seattle,98117,0,1931,83,83,350.29940119760477
2014-05-23,498000.0,2.0,2.0,1140,8282,1.0,0,0,3,1140,0,1924,2009.0,Kirkland,98033,1,2009,90,5,436.8421052631579
2014-05-23,379000.0,2.0,1.0,800,6380,1.0,0,2,3,800,0,1940,,Seattle,98115,0,1940,74,74,473.75
2014-05-23,462000.0,3.0,1.75,1300,2580,1.0,0,0,5,820,480,1919,,Seattle,98115,0,1919,95,95,355.38461538461536
2014-05-23,388000.0,4.0,2.5,2440,7155,2.0,0,0,3,2440,0,1993,,Renton,98058,0,1993,21,21,159.01639344262296
2014-05-23,255000.0,3.0,2.0,1490,8371,1.5,0,0,3,1490,0,1984,,Kent,98031,0,1984,30,30,171.14093959731542
2014-05-23,665000.0,3.0,2.75,1800,9550,1.0,0,0,4,1320,480,1966,,Bellevue,98006,0,1966,48,48,369.44444444444446
2014-05-23,550000.0,3.0,2.0,1830,9152,1.0,0,0,5,1830,0,1959,,Bellevue,98006,0,1959,55,55,300.5464480874317
2014-05-23,606000.0,3.0,1.0,1500,3920,1.0,0,0,3,1000,500,1947,,Seattle,98107,0,1947,67,67,404.0
2014-05-23,334000.0,4.0,2.5,2210,6080,1.0,0,2,4,1410,800,1965,,Seattle,98178,0,1965,49,49,151.13122171945702
2014-05-23,360000.0,3.0,2.0,1270,1323,3.0,0,0,3,1270,0,2006,,Seattle,98103,0,2006,8,8,283.46456692913387
2014-05-23,235000.0,2.0,1.0,1140,1730,1.5,0,0,3,1010,130,2007,,Seattle,98126,0,2007,7,7,206.140350877193
2014-05-23,580000.0,3.0,2.5,1620,1173,3.0,0,4,3,1470,150,2008,,Seattle,98103,0,2008,6,6,358.0246913580247
2014-05-23,355000.0,3.0,2.0,1220,1186,3.0,0,0,3,1220,0,2007,,Seattle,98103,0,2007,7,7,290.9836065573771
2014-05-23,375000.0,2.0,2.5,750,1430,2.0,0,0,3,750,0,2006,,Seattle,98122,0,2006,8,8,500.0
2014-05-24,372000.0,4.0,1.75,1960,9300,1.0,0,0,5,1340,620,1979,,North Bend,98045,0,1979,35,35,189.79591836734693
2014-05-24,479000.0,3.0,1.0,1370,3000,1.5,0,0,3,1370,0,1924,,Seattle,98103,0,1924,90,90,349.6350364963504
2014-05-24,2000000.0,5.0,4.0,4580,4443,3.0,1,4,3,4580,0,2004,,Sammamish,98075,0,2004,10,10,436.68122270742356
2014-05-24,1680000.0,4.0,4.25,5584,68257,2.0,0,0,3,5584,0,1998,,Carnation,98014,0,1998,16,16,300.8595988538682
2014-05-24,501000.0,2.0,1.0,1010,4320,1.0,0,0,5,1010,0,1924,,Seattle,98115,0,1924,90,90,496.03960396039605
2014-05-24,245000.0,3.0,1.75,1260,6908,1.0,0,0,3,1260,0,1994,,Maple Valley,98038,0,1994,20,20,194.44444444444446
2014-05-24,496700.0,3.0,2.5,1740,5782,2.0,0,0,4,1740,0,1989,,Issaquah,98029,0,1989,25,25,285.4597701149425
2014-05-24,347000.0,4.0,1.5,2670,10026,2.0,0,0,3,2670,0,1996,,Auburn,98092,0,1996,18,18,129.9625468164794
2014-05-24,199000.0,2.0,1.0,720,7200,1.0,0,0,5,720,0,1943,,Renton,98058,0,1943,71,71,276.3888888888889
2014-05-24,440500.0,3.0,2.5,2460,4399,2.0,0,0,3,2460,0,2007,,Snoqualmie,98065,0,2007,7,7,179.0650406504065
2014-05-24,820000.0,4.0,2.5,3670,7000,2.0,0,0,3,3670,0,2005,,Sammamish,98075,0,2005,9,9,223.43324250681198
2014-05-25,325000.0,4.0,3.5,2630,3435,1.5,0,3,3,1640,990,1984,,SeaTac,98188,0,1984,30,30,123.57414448669202
2014-05-25,195000.0,3.0,1.75,1570,8459,1.0,0,0,3,1570,0,1991,,Enumclaw,98022,0,1991,23,23,124.20382165605096
2014-05-25,675000.0,3.0,3.0,2980,28000,1.0,0,0,3,1820,1160,1981,,Redmond,98052,0,1981,33,33,226.51006711409397
2014-05-25,295000.0,3.0,2.5,1560,4200,2.0,0,0,3,1560,0,2003,,Maple Valley,98038,0,2003,11,11,189.10256410256412
2014-05-25,355300.0,3.0,2.5,1620,7410,1.0,0,0,5,1620,0,1955,,Shoreline,98133,0,1955,59,59,219.320987654321
2014-05-26,276000.0,3.0,1.0,1140,5000,1.0,0,0,3,1140,0,1960,,Seattle,98106,0,1960,54,54,242.10526315789474
2014-05-26,460000.0,2.0,1.5,2730,19877,1.0,0,0,4,1570,1160,1976,,Duvall,98019,0,1976,38,38,168.4981684981685
2014-05-26,880000.0,3.0,2.0,2130,35169,1.0,0,0,4,2130,0,1989,,Woodinville,98072,0,1989,25,25,413.1455399061033
2014-05-26,370000.0,3.0,2.5,1780,4050,2.0,0,0,3,1780,0,2001,,Shoreline,98155,0,2001,13,13,207.86516853932585
2014-05-26,346000.0,4.0,2.5,2100,3916,2.0,0,0,3,2100,0,2009,,Renton,98058,0,2009,5,5,164.76190476190476
2014-05-26,172500.0,3.0,1.0,1140,8800,1.0,0,0,3,1140,0,1972,,Auburn,98001,0,1972,42,42,151.31578947368422
2014-05-26,379950.0,3.0,1.5,1690,9144,1.0,0,0,4,1140,550,1956,,Kenmore,98028,0,1956,58,58,224.82248520710058
2014-05-27,468000.0,2.0,1.0,1160,6000,1.0,0,0,4,860,300,1942,,Seattle,98115,0,1942,72,72,403.44827586206895
2014-05-27,477000.0,4.0,2.75,1720,6270,2.0,0,0,3,1720,0,1978,,Seattle,98118,0,1978,36,36,277.3255813953488
2014-05-27,529000.0,3.0,1.0,1210,3328,1.5,0,0,4,1210,0,1924,,Seattle,98107,0,1924,90,90,437.1900826446281
2014-05-27,312000.0,3.0,1.5,1255,1374,3.0,0,0,3,1255,0,2004,,Seattle,98125,0,2004,10,10,248.60557768924303
2014-05-27,326100.0,2.0,1.0,880,7683,1.0,0,0,3,880,0,1942,,Seattle,98177,0,1942,72,72,370.5681818181818
2014-05-27,360000.0,3.0,1.0,1050,9206,1.5,0,0,3,1050,0,1954,,Seattle,98125,0,1954,60,60,342.85714285714283
2014-05-27,438000.0,3.0,1.75,1650,12940,1.0,0,0,4,1650,0,1961,,Kenmore,98028,0,1961,53,53,265.45454545454544
2014-05-27,360000.0,3.0,1.0,1570,9467,1.0,0,0,3,1570,0,1954,,Shoreline,98177,0,1954,60,60,229.29936305732485
2014-05-27,1050000.0,4.0,2.5,2920,7200,1.0,0,3,3,1470,1450,1921,2006.0,Seattle,98144,1,2006,93,8,359.5890410958904
2014-05-27,688000.0,4.0,3.0,3000,4000,1.5,0,3,3,1970,1030,1913,2014.0,Seattle,98144,1,2014,101,0,229.33333333333334
2014-05-27,585000.0,3.0,1.75,1850,7735,1.0,0,0,4,1850,0,1983,,Issaquah,98027,0,1983,31,31,316.2162162162162
2014-05-27,265000.0,3.0,2.5,1440,7741,1.0,0,0,4,1000,440,1983,,Kent,98031,0,1983,31,31,184.02777777777777
2014-05-27,375000.0,3.0,1.75,1440,8775,1.0,0,0,3,1440,0,1973,,Kirkland,98034,0,1973,41,41,260.4166666666667
2014-05-27,326500.0,3.0,1.0,1810,12375,2.0,0,0,3,1810,0,1970,,Woodinville,98072,0,1970,44,44,180.38674033149172
2014-05-27,160000.0,2.0,1.0,1180,9350,1.0,0,0,3,1180,0,1918,,Seattle,98178,0,1918,96,96,135.59322033898306
2014-05-27,1570000.0,4.0,3.75,3070,5850,2.0,0,0,5,2400,670,1927,,Seattle,98112,0,1927,87,87,511.40065146579803
2014-05-27,735000.0,5.0,2.75,3390,5211,2.0,0,0,3,3390,0,2004,,Sammamish,98075,0,2004,10,10,216.81415929203538
2014-05-27,400000.0,2.0,1.0,1470,6120,1.0,0,0,2,1470,0,1940,,Seattle,98115,0,1940,74,74,272.10884353741494
2014-05-27,800000.0,4.0,2.5,2680,7200,1.0,0,0,3,1380,1300,1952,2013.0,Kirkland,98033,1,2013,62,1,298.5074626865672
2014-05-27,949880.0,4.0,2.25,2290,10687,2.0,0,0,3,2290,0,1978,,Bellevue,98004,0,1978,36,36,414.7947598253275
2014-05-27,405000.0,3.0,1.75,1980,8100,1.0,0,0,4,1310,670,1949,,Shoreline,98133,0,1949,65,65,204.54545454545453
2014-05-27,399000.0,4.0,2.5,2870,9292,2.0,0,0,3,2540,330,1979,,Renton,98058,0,1979,35,35,139.02439024390245
2014-05-27,730001.0,3.0,2.0,1840,4750,1.0,0,0,5,1010,830,1951,,Seattle,98117,0,1951,63,63,396.7396739130435
2014-05-27,1795000.0,4.0,3.25,4060,13000,2.0,0,3,3,4060,0,2000,,Mercer Island,98040,0,2000,14,14,442.1182266009852
2014-05-27,260000.0,3.0,2.0,1630,8018,1.0,0,0,3,1630,0,2003,,Pacific,98047,0,2003,11,11,159.50920245398774
2014-05-27,751750.0,2.0,2.0,1880,5400,1.5,0,0,3,1880,0,1902,,Seattle,98112,0,1902,112,112,399.8670212765957
2014-05-27,325000.0,3.0,1.75,1780,13095,1.0,0,0,4,1780,0,1983,,Kent,98042,0,1983,31,31,182.58426966292134
2014-05-27,344950.0,4.0,2.0,2330,6250,1.0,0,0,4,1400,930,1941,,Kent,98030,0,1941,73,73,148.04721030042919
2014-05-27,457500.0,3.0,1.75,1840,4030,1.0,0,0,5,1050,790,1925,,Seattle,98108,0,1925,89,89,248.6413043478261
2014-05-27,389000.0,5.0,2.0,2330,10750,1.0,0,0,4,1190,1140,1962,,Kenmore,98028,0,1962,52,52,166.95278969957081
2014-05-27,515000.0,4.0,2.5,3200,6473,2.0,0,0,3,3200,0,2005,,Renton,98059,0,2005,9,9,160.9375
2014-05-27,732000.0,3.0,2.5,2330,1987,2.0,0,4,3,1410,920,2004,,Seattle,98107,0,2004,10,10,314.16309012875536
2014-05-27,415000.0,3.0,2.25,1950,8868,1.0,0,0,3,1350,600,1964,,Shoreline,98155,0,1964,50,50,212.82051282051282
2014-05-27,1655000.0,4.0,3.5,3080,4815,2.0,0,3,3,2300,780,1937,2009.0,Seattle,98199,1,2009,77,5,537.3376623376623
2014-05-27,535000.0,2.0,1.0,1040,5527,1.0,0,0,3,1040,0,1951,,Seattle,98115,0,1951,63,63,514.4230769230769
2014-05-27,540000.0,4.0,4.25,1960,3565,2.0,0,0,3,1960,0,1940,2003.0,Seattle,98116,1,2003,74,11,275.51020408163265
2014-05-27,525000.0,5.0,3.0,2750,3800,1.5,0,0,5,1750,1000,1926,,Seattle,98115,0,1926,88,88,190.9090909090909
2014-05-27,570000.0,3.0,1.75,1930,36210,1.0,0,0,3,1930,0,1977,,Woodinville,98072,0,1977,37,37,295.33678756476684
2014-05-27,569950.0,5.0,4.5,4850,40902,2.0,0,0,3,4850,0,2001,,Federal Way,98023,0,2001,13,13,117.51546391752578
2014-05-27,283200.0,4.0,2.5,1982,6406,2.0,0,0,3,1982,0,2004,,Kent,98030,0,2004,10,10,142.8859737638749
2014-05-27,1100000.0,3.0,2.75,2640,4050,1.5,0,0,5,1750,890,1926,,Seattle,98112,0,1926,88,88,416.6666666666667
2014-05-27,830000.0,4.0,2.5,1850,50662,1.0,0,0,3,1430,420,1978,,Redmond,98052,0,1978,36,36,448.64864864864865
2014-05-27,495000.0,4.0,2.25,1940,9144,1.0,0,0,4,1430,510,1956,,Bellevue,98007,0,1956,58,58,255.15463917525773
2014-05-27,292050.0,5.0,3.0,2840,7199,1.0,0,0,3,1710,1130,2003,,Tukwila,98178,0,2003,11,11,102.83450704225352
2014-05-27,415000.0,5.0,1.5,1900,10226,1.0,0,0,3,1130,770,1961,,Kirkland,98034,0,1961,53,53,218.42105263157896
2014-05-27,295832.0,5.0,1.0,1410,6400,1.0,0,0,5,960,450,1955,,Des Moines,98198,0,1955,59,59,209.8099290780142
2014-05-27,450000.0,4.0,2.5,2520,8515,2.0,0,0,3,2520,0,1999,,Duvall,98019,0,1999,15,15,178.57142857142858
2014-05-27,1381000.0,4.0,3.75,3160,9525,2.5,0,0,3,3160,0,1997,,Mercer Island,98040,0,1997,17,17,437.0253164556962
2014-05-27,857000.0,4.0,3.0,3720,29043,2.0,0,0,3,3720,0,1991,,Kirkland,98033,0,1991,23,23,230.3763440860215
2014-05-27,499950.0,3.0,3.5,1820,1501,2.0,0,0,3,1430,390,2014,,Seattle,98144,0,2014,0,0,274.6978021978022
2014-05-27,465000.0,3.0,2.0,1560,8640,1.0,0,0,5,1560,0,1967,,Kirkland,98034,0,1967,47,47,298.0769230769231
2014-05-27,329000.0,3.0,1.0,1600,5952,1.0,0,0,4,1150,450,1964,,Seattle,98106,0,1964,50,50,205.625
2014-05-27,475000.0,3.0,2.0,1230,11502,1.0,0,0,4,1230,0,1984,,Redmond,98052,0,1984,30,30,386.1788617886179
2014-05-27,255000.0,3.0,1.0,960,8100,1.0,0,0,3,960,0,1955,,Shoreline,98155,0,1955,59,59,265.625
2014-05-27,435000.0,3.0,1.0,1270,4000,1.5,0,2,3,1270,0,1928,,Seattle,98126,0,1928,86,86,342.5196850393701
2014-05-27,685000.0,3.0,2.5,2810,7700,2.0,0,0,3,2810,0,2001,,Bellevue,98006,0,2001,13,13,243.77224199288256
2014-05-27,715000.0,2.0,2.5,2160,5581,1.0,0,0,3,2160,0,2002,,Redmond,98053,0,2002,12,12,331.01851851851853
2014-05-27,780000.0,3.0,3.0,2520,2152,1.5,0,0,3,1560,960,1925,2006.0,Seattle,98119,1,2006,89,8,309.5238095238095
2014-05-27,345000.0,2.0,1.5,1180,844,2.0,0,0,3,990,190,2005,,Seattle,98144,0,2005,9,9,292.3728813559322
2014-05-27,355000.0,4.0,2.25,1810,4970,2.0,0,0,3,1810,0,2003,,Renton,98059,0,2003,11,11,196.13259668508286
2014-05-27,282000.0,3.0,2.5,1680,15711,1.0,0,0,3,1240,440,1994,,Kent,98031,0,1994,20,20,167.85714285714286
2014-05-27,244000.0,3.0,1.0,910,5250,1.0,0,0,4,910,0,1971,,Burien,98166,0,1971,43,43,268.13186813186815
2014-05-27,967500.0,3.0,3.75,3250,5797,2.0,0,2,4,2370,880,1951,,Seattle,98199,0,1951,63,63,297.6923076923077
2014-05-27,375000.0,3.0,1.5,2000,7294,1.0,0,0,3,1520,480,1965,,Seattle,98118,0,1965,49,49,187.5
2014-05-27,1600000.0,3.0,3.25,3790,19000,2.0,0,4,3,3790,0,1985,,Seattle,98177,0,1985,29,29,422.16358839050133
2014-05-27,527500.0,3.0,1.75,2310,78844,1.0,0,0,3,1760,550,1977,,Issaquah,98027,0,1977,37,37,228.35497835497836
2014-05-27,994000.0,3.0,2.25,2510,6339,1.5,0,2,5,1810,700,1932,,Seattle,98199,0,1932,82,82,396.0159362549801
2014-05-27,313000.0,3.0,1.75,1320,6205,1.0,0,0,5,1320,0,1948,,Shoreline,98133,0,1948,66,66,237.12121212121212
2014-05-27,587000.0,3.0,2.25,2370,217800,2.0,0,0,3,2370,0,1979,,Redmond,98053,0,1979,35,35,247.67932489451476
2014-05-27,304000.0,3.0,1.0,900,7500,1.0,0,0,4,900,0,1972,,Kirkland,98034,0,1972,42,42,337.77777777777777
2014-05-27,675000.0,3.0,2.5,2540,7680,2.0,0,1,4,2540,0,1940,2001.0,Seattle,98177,1,2001,74,13,265.748031496063
2014-05-27,305000.0,4.0,1.0,2100,9288,1.0,0,0,4,1050,1050,1968,,Renton,98058,0,1968,46,46,145.23809523809524
2014-05-27,280000.0,3.0,1.0,1200,6250,1.0,0,0,3,920,280,1943,,Seattle,98168,0,1943,71,71,233.33333333333334
2014-05-27,960000.0,5.0,4.0,3720,15200,2.0,0,0,3,3720,0,2005,,Sammamish,98075,0,2005,9,9,258.06451612903226
2014-05-27,500000.0,3.0,2.25,1760,4539,2.0,0,0,3,1760,0,1988,,Issaquah,98029,0,1988,26,26,284.09090909090907
2014-05-27,274950.0,3.0,1.75,1670,7415,1.0,0,0,3,1320,350,1987,,Covington,98042,0,1987,27,27,164.64071856287424
2014-05-27,455600.0,3.0,2.5,2420,8252,2.0,0,0,3,2420,0,1998,,Snoqualmie,98065,0,1998,16,16,188.26446280991735
2014-05-27,970000.0,5.0,3.0,3480,15185,2.0,0,0,4,3480,0,1964,,Mercer Island,98040,0,1964,50,50,278.735632183908
2014-05-27,312900.0,4.0,2.5,1630,4473,2.0,0,0,3,1630,0,2003,,Maple Valley,98038,0,2003,11,11,191.96319018404907
2014-05-27,535000.0,4.0,2.5,2340,5600,2.0,0,0,3,2340,0,1921,2013.0,Seattle,98146,1,2013,93,1,228.63247863247864
2014-05-27,427000.0,2.0,1.0,920,3780,1.0,0,0,3,920,0,1910,,Seattle,98103,0,1910,104,104,464.1304347826087
2014-05-27,405000.0,2.0,1.0,910,6490,1.0,0,0,3,910,0,1942,,Seattle,98115,0,1942,72,72,445.05494505494505
2014-05-27,480000.0,3.0,1.0,1150,4945,1.0,0,2,3,1150,0,1943,,Seattle,98126,0,1943,71,71,417.39130434782606
2014-05-27,725000.0,3.0,1.5,2500,4774,1.5,0,2,3,1450,1050,1940,,Seattle,98107,0,1940,74,74,290.0
2014-05-27,293000.0,4.0,2.5,3250,235063,1.0,0,2,3,3250,0,1973,,Auburn,98092,0,1973,41,41,90.15384615384616
2014-05-27,268000.0,4.0,2.0,1930,6600,1.0,0,0,4,1030,900,1967,,Burien,98168,0,1967,47,47,138.86010362694302
2014-05-27,475000.0,4.0,3.5,3400,234352,2.0,0,0,3,2500,900,1991,,Vashon,98070,0,1991,23,23,139.7058823529412
2014-05-27,488000.0,3.0,2.5,1590,2550,3.0,0,0,3,1590,0,1985,,Seattle,98117,0,1985,29,29,306.9182389937107
2014-05-27,760000.0,4.0,2.5,3330,7399,2.0,0,0,3,3330,0,2009,,Redmond,98052,0,2009,5,5,228.22822822822823
2014-05-27,1710000.0,5.0,4.5,4590,14685,2.0,0,0,3,4590,0,2009,,Kirkland,98033,0,2009,5,5,372.54901960784315
2014-05-27,754950.0,3.0,2.5,2610,7256,2.0,0,0,3,2610,0,2014,,Kirkland,98033,0,2014,0,0,289.2528735632184
2014-05-27,263900.0,3.0,2.5,1658,2700,2.0,0,0,3,1658,0,2014,,Des Moines,98198,0,2014,0,0,159.16767189384802
2014-05-27,460000.0,3.0,3.5,1600,1431,2.0,0,0,3,1240,360,2006,,Seattle,98117,0,2006,8,8,287.5
2014-05-27,399950.0,3.0,3.0,1296,1051,3.0,0,0,3,1296,0,2009,,Seattle,98125,0,2009,5,5,308.6033950617284
2014-05-27,370000.0,2.0,2.25,1280,835,2.0,0,0,3,1080,200,2009,,Seattle,98118,0,2009,5,5,289.0625
2014-05-27,1149000.0,4.0,3.0,5940,11533,2.0,0,4,3,4950,990,2004,,Snoqualmie,98065,0,2004,10,10,193.43434343434345
2014-05-27,450800.0,4.0,3.25,2510,5311,2.0,0,0,3,2510,0,2009,,Renton,98056,0,2009,5,5,179.601593625498
2014-05-27,627000.0,3.0,3.5,2710,3475,2.0,0,0,3,1650,1060,2005,,Issaquah,98027,0,2005,9,9,231.36531365313652
2014-05-27,495000.0,3.0,2.5,1750,1548,3.0,0,0,3,1750,0,2013,,Seattle,98118,0,2013,1,1,282.85714285714283
2014-05-28,310000.0,3.0,1.0,1430,19901,1.5,0,0,4,1430,0,1927,,Kenmore,98028,0,1927,87,87,216.78321678321677
2014-05-28,550000.0,4.0,1.0,1660,34848,1.0,0,0,1,930,730,1933,,Redmond,98052,0,1933,81,81,331.32530120481925
2014-05-28,215000.0,2.0,1.0,1320,8865,1.0,0,0,4,1320,0,1943,,Burien,98168,0,1943,71,71,162.87878787878788
2014-05-28,799000.0,4.0,3.0,2580,209523,2.0,0,0,3,2580,0,1984,,Redmond,98053,0,1984,30,30,309.68992248062017
2014-05-28,630000.0,4.0,2.5,2740,43101,2.0,0,0,3,2740,0,1993,,Woodinville,98077,0,1993,21,21,229.92700729927006
2014-05-28,267000.0,3.0,2.5,2495,4400,2.0,0,0,3,2495,0,2007,,Federal Way,98001,0,2007,7,7,107.01402805611222
2014-05-28,900000.0,6.0,2.75,2300,24773,1.5,0,0,4,2300,0,1950,1985.0,Mercer Island,98040,1,1985,64,29,391.30434782608694
2014-05-28,365000.0,3.0,1.5,1300,12240,1.0,0,0,3,1300,0,1963,,Kenmore,98028,0,1963,51,51,280.7692307692308
2014-05-28,544500.0,4.0,2.5,2230,10414,1.0,0,0,5,1450,780,1974,,Issaquah,98075,0,1974,40,40,244.17040358744396
2014-05-28,599000.0,4.0,2.75,2020,2750,1.0,0,0,3,1010,1010,1917,2014.0,Seattle,98122,1,2014,97,0,296.53465346534654
2014-05-28,815000.0,4.0,2.25,2000,3800,2.0,0,0,3,2000,0,2001,,Seattle,98115,0,2001,13,13,407.5
2014-05-28,254000.0,2.0,1.0,1060,8187,1.0,0,0,4,1060,0,1952,,Shoreline,98133,0,1952,62,62,239.62264150943398
2014-05-28,740000.0,2.0,1.75,2080,4800,1.0,0,0,5,1080,1000,1923,,Seattle,98117,0,1923,91,91,355.7692307692308
2014-05-28,225000.0,3.0,2.0,2030,24829,1.0,0,0,4,1220,810,1979,,Auburn,98001,0,1979,35,35,110.83743842364532
2014-05-28,925000.0,3.0,2.5,2690,7000,2.0,0,0,5,1840,850,1943,,Seattle,98115,0,1943,71,71,343.86617100371745
2014-05-28,1285000.0,4.0,2.5,3240,10800,1.0,0,0,3,2260,980,1946,,Seattle,98105,0,1946,68,68,396.60493827160496
2014-05-28,537000.0,3.0,2.5,1550,12920,2.0,0,0,5,1550,0,1999,,Kirkland,98033,0,1999,15,15,346.4516129032258
2014-05-28,335000.0,4.0,2.0,1480,3132,1.0,0,0,5,740,740,1910,,Seattle,98108,0,1910,104,104,226.35135135135135
2014-05-28,840000.0,4.0,2.75,3040,2800,2.0,0,0,3,2100,940,1906,2014.0,Seattle,98102,1,2014,108,0,276.3157894736842
2014-05-28,224000.0,3.0,1.5,1560,7300,1.0,0,0,4,1040,520,1964,,Auburn,98001,0,1964,50,50,143.5897435897436
2014-05-28,395000.0,3.0,2.5,2250,3757,2.0,0,0,3,2250,0,2006,,Renton,98059,0,2006,8,8,175.55555555555554
2014-05-28,450000.0,3.0,1.0,1100,4600,1.0,0,0,3,1100,0,1917,,Seattle,98116,0,1917,97,97,409.09090909090907
2014-05-28,681000.0,3.0,1.0,1700,6356,1.5,0,0,3,1700,0,1907,,Seattle,98118,0,1907,107,107,400.5882352941176
2014-05-28,898000.0,5.0,1.5,2680,28014,1.0,0,0,4,1450,1230,1963,,Bellevue,98004,0,1963,51,51,335.07462686567163
2014-05-28,370000.0,3.0,1.0,800,2296,1.0,0,0,4,800,0,1908,,Seattle,98103,0,1908,106,106,462.5
2014-05-28,429000.0,2.0,1.75,1350,6315,1.0,0,0,3,1350,0,2005,,Redmond,98053,0,2005,9,9,317.77777777777777
2014-05-28,150000.0,3.0,1.0,820,7680,1.5,0,0,3,820,0,1910,,Seattle,98106,0,1910,104,104,182.9268292682927
2014-05-28,555000.0,3.0,2.5,3160,4270,2.0,0,0,3,2650,510,2006,,Bothell,98011,0,2006,8,8,175.63291139240508
2014-05-28,326000.0,3.0,2.75,1720,28000,1.0,0,0,4,1720,0,1958,,Renton,98058,0,1958,56,56,189.53488372093022
2014-05-28,225000.0,3.0,2.5,1680,6755,2.0,0,0,3,1680,0,1994,,Auburn,98092,0,1994,20,20,133.92857142857142
2014-05-28,245100.0,3.0,1.75,1300,7958,1.0,0,0,3,1300,0,1996,,Auburn,98092,0,1996,18,18,188.53846153846155
2014-05-28,665000.0,3.0,2.5,2190,10370,2.0,0,0,3,2190,0,1987,,Sammamish,98074,0,1987,27,27,303.65296803652967
2014-05-28,535000.0,3.0,2.5,1720,4006,2.0,0,0,3,1720,0,1994,,Issaquah,98029,0,1994,20,20,311.04651162790697
2014-05-28,305000.0,3.0,1.0,1160,11776,1.0,0,0,3,1160,0,1968,,Woodinville,98077,0,1968,46,46,262.9310344827586
2014-05-28,999000.0,7.0,4.0,3150,34830,1.0,0,0,3,3150,0,1957,2005.0,Bellevue,98007,1,2005,57,9,317.14285714285717
2014-05-28,215000.0,3.0,1.75,1210,8075,1.0,0,0,4,1210,0,1983,,Pacific,98047,0,1983,31,31,177.68595041322314
2014-05-28,432500.0,3.0,1.75,1980,5100,1.0,0,0,3,1270,710,1965,,Seattle,98103,0,1965,49,49,218.43434343434345
2014-05-28,655000.0,4.0,2.5,2990,5669,2.0,0,0,3,2990,0,2003,,Sammamish,98074,0,2003,11,11,219.06354515050168
2014-05-28,266200.0,3.0,1.5,1430,9600,1.0,0,0,4,1430,0,1966,,Renton,98059,0,1966,48,48,186.15384615384616
2014-05-28,244615.0,3.0,2.5,2060,4030,2.0,0,0,3,2060,0,1999,,Kent,98032,0,1999,15,15,118.74514563106796
2014-05-28,460000.0,4.0,3.0,2230,52983,2.0,0,0,3,2230,0,1991,,Kent,98030,0,1991,23,23,206.2780269058296
2014-05-28,370000.0,4.0,2.5,3090,18645,2.0,0,0,3,3090,0,1995,,Federal Way,98023,0,1995,19,19,119.7411003236246
2014-05-28,465000.0,6.0,3.25,4250,23326,1.0,0,3,3,2150,2100,1967,,Federal Way,98003,0,1967,47,47,109.41176470588235
2014-05-28,1175000.0,3.0,2.5,1970,23180,1.0,1,4,3,1100,870,1937,1998.0,Seattle,98136,1,1998,77,16,596.4467005076142
2014-05-28,189000.0,2.0,2.0,1700,3171,1.0,0,0,5,850,850,1927,,Auburn,98002,0,1927,87,87,111.17647058823529
2014-05-28,820000.0,3.0,2.5,2510,5503,2.0,0,2,3,2510,0,1995,,Seattle,98136,0,1995,19,19,326.69322709163345
2014-05-28,968000.0,6.0,2.75,3610,17580,1.0,0,4,5,2070,1540,1959,,Sammamish,98075,0,1959,55,55,268.14404432132966
2014-05-28,1400000.0,4.0,3.25,2980,7000,2.0,0,3,3,2140,840,1900,2014.0,Seattle,98144,1,2014,114,0,469.7986577181208
2014-05-28,438750.0,3.0,1.75,1610,6480,1.0,0,0,4,1610,0,1947,,Seattle,98125,0,1947,67,67,272.51552795031057
2014-05-28,1210000.0,4.0,2.75,3650,6982,2.0,0,2,4,2530,1120,1951,2003.0,Seattle,98115,1,2003,63,11,331.5068493150685
2014-05-28,600000.0,4.0,2.0,2510,38141,1.0,0,0,3,2510,0,1960,,Kirkland,98034,0,1960,54,54,239.0438247011952
2014-05-28,589000.0,3.0,1.0,1110,6000,1.5,0,0,5,1110,0,1932,,Seattle,98199,0,1932,82,82,530.6306306306307
2014-05-28,590000.0,3.0,2.0,1650,6150,2.0,0,0,4,1650,0,1926,1993.0,Seattle,98116,1,1993,88,21,357.57575757575756
2014-05-28,479900.0,3.0,2.0,1980,12150,1.0,0,0,3,1980,0,1994,,Kent,98042,0,1994,20,20,242.37373737373738
2014-05-28,210000.0,2.0,1.5,880,1157,2.0,0,0,3,880,0,2007,,Seattle,98126,0,2007,7,7,238.63636363636363
2014-05-28,745000.0,3.0,1.75,1490,9800,1.0,0,0,4,1140,350,1947,,Beaux Arts Village,98004,0,1947,67,67,500.0
2014-05-28,840500.0,3.0,2.0,2520,5400,1.5,0,0,4,1410,1110,1906,,Seattle,98119,0,1906,108,108,333.531746031746
2014-05-28,420000.0,3.0,1.75,1820,22320,1.0,0,0,3,1250,570,1977,,Redmond,98053,0,1977,37,37,230.76923076923077
2014-05-28,565000.0,7.0,4.5,4140,9066,1.0,0,0,3,2070,2070,1978,,Seattle,98125,0,1978,36,36,136.47342995169083
2014-05-28,840000.0,4.0,2.5,3420,8405,2.0,0,0,3,3420,0,2000,,Sammamish,98074,0,2000,14,14,245.6140350877193
2014-05-28,681716.0,4.0,2.5,3150,7277,2.0,0,0,3,3150,0,2006,,Renton,98056,0,2006,8,8,216.4177777777778
2014-05-28,600000.0,3.0,1.75,1580,7416,1.0,0,0,3,1150,430,1967,,Bellevue,98005,0,1967,47,47,379.746835443038
2014-05-28,380000.0,3.0,2.0,1660,8281,1.0,0,0,3,1660,0,1949,,Seattle,98136,0,1949,65,65,228.9156626506024
2014-05-28,168500.0,3.0,1.0,1100,10125,1.0,0,0,3,1100,0,1969,,Covington,98042,0,1969,45,45,153.1818181818182
2014-05-28,355000.0,2.0,1.0,1270,3200,1.0,0,0,4,960,310,1920,,Seattle,98103,0,1920,94,94,279.5275590551181
2014-05-28,277000.0,4.0,1.0,1450,6250,1.0,0,0,3,990,460,1964,,Seattle,98146,0,1964,50,50,191.0344827586207
2014-05-28,236000.0,4.0,2.25,1830,9485,1.0,0,0,4,1200,630,1989,,Federal Way,98023,0,1989,25,25,128.96174863387978
2014-05-28,270000.0,3.0,1.75,1300,4127,1.0,0,0,4,650,650,1918,1953.0,Seattle,98106,1,1953,96,61,207.69230769230768
2014-05-28,700000.0,2.0,1.75,2320,5500,1.5,0,2,3,1720,600,1925,2000.0,Seattle,98144,1,2000,89,14,301.7241379310345
2014-05-28,425000.0,4.0,2.75,1680,9545,1.0,0,0,4,1080,600,1979,,Kenmore,98028,0,1979,35,35,252.97619047619048
2014-05-28,635000.0,3.0,2.5,2300,5500,1.5,0,0,4,2000,300,1921,,Seattle,98144,0,1921,93,93,276.0869565217391
2014-05-28,510250.0,3.0,1.75,1400,4000,1.0,0,0,3,870,530,1951,,Seattle,98117,0,1951,63,63,364.4642857142857
2014-05-28,960000.0,4.0,2.25,2410,4560,2.0,0,2,5,1800,610,1929,,Seattle,98117,0,1929,85,85,398.3402489626556
2014-05-28,254000.0,3.0,2.0,1480,7480,1.0,0,0,4,1480,0,1992,,Maple Valley,98038,0,1992,22,22,171.6216216216216
2014-05-28,299000.0,3.0,1.0,1390,9624,1.5,0,0,4,1390,0,1954,,Shoreline,98155,0,1954,60,60,215.10791366906474
2014-05-28,175000.0,2.0,1.0,830,2699,1.0,0,0,3,830,0,1996,,Maple Valley,98038,0,1996,18,18,210.84337349397592
2014-05-28,157500.0,2.0,1.0,740,9003,1.0,0,0,3,740,0,1949,,Kent,98031,0,1949,65,65,212.83783783783784
2014-05-28,580000.0,5.0,2.0,1940,6000,1.0,0,0,5,970,970,1945,,Seattle,98115,0,1945,69,69,298.96907216494844
2014-05-28,124740.0,3.0,1.0,1340,15600,1.0,0,0,4,1340,0,1978,,Kent,98042,0,1978,36,36,93.08955223880596
2014-05-28,1970000.0,8.0,3.5,4440,6480,2.0,0,3,5,3140,1300,1959,,Seattle,98112,0,1959,55,55,443.6936936936937
2014-05-28,285000.0,2.0,1.0,800,6240,1.0,0,0,3,800,0,1954,,Seattle,98125,0,1954,60,60,356.25
2014-05-28,242000.0,3.0,1.75,1310,9645,1.0,0,0,3,1310,0,1979,,SeaTac,98198,0,1979,35,35,184.73282442748092
2014-05-28,840000.0,4.0,1.75,2330,4000,2.0,0,0,5,1300,1030,1924,,Seattle,98105,0,1924,90,90,360.51502145922746
2014-05-28,474800.0,2.0,3.25,1400,1243,3.0,0,0,3,1400,0,2000,,Seattle,98103,0,2000,14,14,339.14285714285717
2014-05-28,490000.0,4.0,2.5,2360,4367,2.0,0,0,3,2360,0,2003,,Woodinville,98072,0,2003,11,11,207.6271186440678
2014-05-28,465000.0,3.0,2.25,1840,5752,2.0,0,0,3,1840,0,2003,,Kirkland,98034,0,2003,11,11,252.7173913043478
2014-05-28,515000.0,4.0,2.5,2680,7178,2.0,0,0,3,2680,0,2004,,Snoqualmie,98065,0,2004,10,10,192.16417910447763
2014-05-28,430000.0,3.0,3.75,3890,7140,1.0,0,2,3,2390,1500,1943,2007.0,Seattle,98178,1,2007,71,7,110.53984575835476
2014-05-28,253400.0,3.0,2.0,1400,8640,1.0,0,0,5,1400,0,1968,,Federal Way,98003,0,1968,46,46,181.0
2014-05-28,355000.0,3.0,2.5,2400,9701,1.0,0,0,3,2400,0,1990,,Federal Way,98023,0,1990,24,24,147.91666666666666
2014-05-28,740000.0,4.0,2.25,2920,46355,2.0,0,0,4,2920,0,1998,,Fall City,98024,0,1998,16,16,253.42465753424656
2014-05-28,186950.0,2.0,2.0,1390,1302,2.0,0,0,3,1390,0,1986,,Federal Way,98003,0,1986,28,28,134.49640287769785
2014-05-28,306000.0,3.0,2.5,1680,11193,2.0,0,0,3,1680,0,1984,,Renton,98058,0,1984,30,30,182.14285714285714
2014-05-28,510000.0,4.0,1.5,2040,8800,1.0,0,0,4,1020,1020,1961,,Bellevue,98007,0,1961,53,53,250.0
2014-05-28,345000.0,2.0,1.0,1080,4000,1.0,0,0,3,1080,0,1940,,Seattle,98117,0,1940,74,74,319.44444444444446
2014-05-28,875000.0,3.0,2.75,2280,4280,1.0,0,0,5,1280,1000,1917,,Seattle,98103,0,1917,97,97,383.7719298245614
2014-05-28,700000.0,4.0,3.5,4490,5099,2.0,0,0,3,3390,1100,2006,,Snoqualmie,98065,0,2006,8,8,155.90200445434297
2014-05-28,1400000.0,4.0,3.25,4700,9160,1.0,0,4,3,2520,2180,2005,,Seattle,98116,0,2005,9,9,297.8723404255319
2014-05-28,499950.0,4.0,2.5,2798,4473,2.0,0,0,3,2798,0,2012,,Renton,98055,0,2012,2,2,178.68120085775553
2014-05-28,739000.0,3.0,2.5,2810,5400,2.0,0,0,3,2810,0,2005,,Redmond,98052,0,2005,9,9,262.98932384341634
2014-05-28,363000.0,4.0,2.5,3753,7204,2.0,0,0,3,3336,417,2008,,Federal Way,98023,0,2008,6,6,96.72262190247801
2014-05-28,782000.0,4.0,3.5,3910,8095,2.0,0,0,3,3130,780,2007,,Issaquah,98029,0,2007,7,7,200.0
2014-05-28,325000.0,2.0,2.5,1050,1609,2.0,0,0,3,1050,0,2005,,Seattle,98144,0,2005,9,9,309.5238095238095
2014-05-29,485000.0,4.0,1.0,1600,4300,1.5,0,0,4,1600,0,1916,,Seattle,98103,0,1916,98,98,303.125
2014-05-29,452000.0,4.0,2.25,2590,10002,1.0,0,0,4,1340,1250,1968,,Kenmore,98028,0,1968,46,46,174.51737451737452
2014-05-29,264950.0,4.0,2.25,1720,9753,1.0,0,0,4,1120,600,1978,,Federal Way,98023,0,1978,36,36,154.0406976744186
2014-05-29,472000.0,6.0,2.5,4410,14034,1.0,0,2,4,2350,2060,1965,,Federal Way,98003,0,1965,49,49,107.02947845804988
2014-05-29,267500.0,3.0,1.75,1590,11914,1.0,0,2,3,1090,500,1957,,SeaTac,98188,0,1957,57,57,168.23899371069183
2014-05-29,565000.0,4.0,2.5,2440,22594,2.0,0,0,3,2440,0,1996,,Redmond,98053,0,1996,18,18,231.55737704918033
2014-05-29,535000.0,3.0,2.5,1360,1016,3.0,0,0,3,1310,50,2003,,Seattle,98115,0,2003,11,11,393.38235294117646
2014-05-29,389000.0,2.0,1.0,910,7000,1.0,0,0,3,910,0,1952,,Seattle,98115,0,1952,62,62,427.4725274725275
2014-05-29,400000.0,4.0,1.5,1390,7200,1.0,0,0,3,1140,250,1965,,Seattle,98133,0,1965,49,49,287.76978417266184
2014-05-29,264000.0,3.0,1.5,1470,14821,1.0,0,0,4,1470,0,1958,,Kent,98042,0,1958,56,56,179.59183673469389
2014-05-29,690000.0,4.0,2.5,2920,9904,2.0,0,0,4,2920,0,1990,,Issaquah,98029,0,1990,24,24,236.3013698630137
2014-05-29,412000.0,3.0,1.75,1950,52256,1.0,0,0,4,1950,0,1985,,Kent,98042,0,1985,29,29,211.28205128205127
2014-05-29,695000.0,3.0,2.5,2390,4555,2.0,0,0,3,2390,0,2006,,Sammamish,98074,0,2006,8,8,290.7949790794979
2014-05-29,246500.0,3.0,1.5,1270,11600,1.0,0,0,4,1270,0,1964,,Kent,98031,0,1964,50,50,194.09448818897638
2014-05-29,230000.0,2.0,1.0,950,7560,1.0,0,0,3,950,0,1958,,Renton,98058,0,1958,56,56,242.10526315789474
2014-05-29,302000.0,2.0,1.0,900,423838,1.0,0,2,5,900,0,1925,,Enumclaw,98022,0,1925,89,89,335.55555555555554
2014-05-29,820000.0,4.0,2.25,2280,6660,1.5,0,2,3,1960,320,1940,1984.0,Seattle,98119,1,1984,74,30,359.64912280701753
2014-05-29,145000.0,3.0,1.0,1010,5490,1.0,0,0,3,1010,0,1954,,SeaTac,98168,0,1954,60,60,143.56435643564356
2014-05-29,436500.0,2.0,1.0,1260,5000,1.0,0,0,3,1040,220,1951,,Seattle,98117,0,1951,63,63,346.42857142857144
2014-05-29,2453500.0,4.0,3.5,4730,13586,1.5,0,0,5,4270,460,1935,,Seattle,98112,0,1935,79,79,518.7103594080338
2014-05-29,672000.0,3.0,2.5,2620,21587,2.0,0,0,3,2620,0,1992,,Redmond,98053,0,1992,22,22,256.48854961832063
2014-05-29,680000.0,3.0,2.25,2330,4000,1.5,0,2,5,1520,810,1927,,Seattle,98115,0,1927,87,87,291.84549356223175
2014-05-29,750500.0,5.0,3.0,2170,2440,1.5,0,0,4,1450,720,1911,,Seattle,98105,0,1911,103,103,345.852534562212
2014-05-29,550000.0,5.0,2.0,2450,9488,1.0,0,0,4,1240,1210,1900,1955.0,Seattle,98133,1,1955,114,59,224.48979591836735
2014-05-29,266500.0,4.0,1.75,1880,7632,1.0,0,0,4,1180,700,1978,,Federal Way,98023,0,1978,36,36,141.75531914893617
2014-05-29,619000.0,4.0,2.0,2300,3400,1.5,0,0,5,1550,750,1915,,Seattle,98117,0,1915,99,99,269.1304347826087
2014-05-29,405000.0,3.0,2.0,1240,14404,1.0,0,0,3,1240,0,1988,,Redmond,98053,0,1988,26,26,326.61290322580646
2014-05-29,300000.0,2.0,1.0,820,3844,1.0,0,0,4,820,0,1916,,Seattle,98133,0,1916,98,98,365.8536585365854
2014-05-29,231000.0,4.0,2.0,1530,6375,2.0,0,0,3,1530,0,1942,1983.0,Renton,98058,1,1983,72,31,150.98039215686273
2014-05-29,790000.0,5.0,3.25,2900,12160,1.0,0,0,4,1890,1010,1967,,Bellevue,98005,0,1967,47,47,272.41379310344826
2014-05-29,400000.0,4.0,2.75,1240,3867,1.0,0,0,3,800,440,1987,,Seattle,98125,0,1987,27,27,322.5806451612903
2014-05-29,950000.0,4.0,3.5,4140,13392,2.0,0,0,3,4140,0,2000,,Newcastle,98059,0,2000,14,14,229.46859903381642
2014-05-29,450000.0,4.0,2.0,2240,7725,1.0,0,0,5,1120,1120,1956,,Seattle,98106,0,1956,58,58,200.89285714285714
2014-05-29,595000.0,3.0,2.0,1480,5000,1.0,0,0,4,750,730,1928,,Seattle,98117,0,1928,86,86,402.02702702702703
2014-05-29,332000.0,3.0,2.25,2270,8876,1.0,0,0,3,1380,890,1977,,Renton,98058,0,1977,37,37,146.2555066079295
2014-05-29,155000.0,3.0,1.0,1250,6250,1.0,0,0,2,1030,220,1949,,Seattle,98108,0,1949,65,65,124.0
2014-05-29,400000.0,5.0,2.0,1930,9747,1.0,0,0,4,1020,910,1962,,Kenmore,98028,0,1962,52,52,207.2538860103627
2014-05-29,349000.0,4.0,1.75,1700,7800,1.0,0,0,5,1120,580,1981,,Renton,98059,0,1981,33,33,205.2941176470588
2014-05-29,529000.0,3.0,1.0,1590,6420,1.0,0,0,3,1590,0,1944,,Seattle,98136,0,1944,70,70,332.70440251572325
2014-05-29,405000.0,5.0,1.75,1880,10000,1.0,0,0,3,960,920,1963,,Kirkland,98034,0,1963,51,51,215.4255319148936
2014-05-29,635200.0,4.0,1.75,1640,4240,1.0,0,0,5,920,720,1921,,Seattle,98117,0,1921,93,93,387.3170731707317
2014-05-29,540000.0,3.0,1.5,2600,5085,1.0,0,0,4,1400,1200,1940,,Seattle,98126,0,1940,74,74,207.69230769230768
2014-05-29,402000.0,2.0,1.0,710,1173,2.0,0,0,4,710,0,1943,,Seattle,98102,0,1943,71,71,566.1971830985915
2014-05-29,3100000.0,6.0,4.25,6980,15682,3.0,0,4,4,5330,1650,1999,,Mercer Island,98040,0,1999,15,15,444.12607449856733
2014-05-29,329932.0,3.0,1.5,1460,5040,1.0,0,0,3,1100,360,1971,,Seattle,98133,0,1971,43,43,225.9808219178082
2014-05-29,300000.0,3.0,2.5,2080,9827,2.0,0,0,3,2080,0,1989,,Federal Way,98023,0,1989,25,25,144.23076923076923
2014-05-29,525000.0,5.0,2.5,2630,9216,2.0,0,0,3,2630,0,2003,,Duvall,98019,0,2003,11,11,199.61977186311788
2014-05-29,2750000.0,4.0,3.25,4430,21000,2.0,0,0,3,4430,0,1952,2007.0,Medina,98039,1,2007,62,7,620.7674943566591
2014-05-29,602500.0,4.0,2.5,2760,6850,2.0,0,0,3,2760,0,1999,,Newcastle,98056,0,1999,15,15,218.29710144927537
2014-05-29,400000.0,4.0,2.0,1670,12056,1.0,0,0,3,1670,0,1955,,Kenmore,98028,0,1955,59,59,239.52095808383234
2014-05-29,445000.0,4.0,1.75,1990,4725,1.5,0,0,4,1190,800,1944,,Seattle,98126,0,1944,70,70,223.6180904522613
2014-05-29,525000.0,3.0,3.0,2600,5238,1.5,0,3,3,1890,710,1989,,Des Moines,98198,0,1989,25,25,201.92307692307693
2014-05-29,395000.0,2.0,1.0,1320,1824,1.5,0,0,4,1320,0,1909,,Seattle,98144,0,1909,105,105,299.24242424242425
2014-05-29,510000.0,3.0,1.5,2240,3800,2.0,0,0,3,1370,870,1929,,Seattle,98115,0,1929,85,85,227.67857142857142
2014-05-29,723000.0,4.0,2.25,1960,8680,1.0,0,0,4,1290,670,1959,,Bellevue,98004,0,1959,55,55,368.8775510204082
2014-05-29,503000.0,3.0,2.0,2590,108900,2.0,0,0,3,1980,610,1988,,Maple Valley,98038,0,1988,26,26,194.20849420849422
2014-05-29,672500.0,4.0,2.75,2620,6707,2.0,0,0,3,2620,0,2000,,Sammamish,98075,0,2000,14,14,256.6793893129771
2014-05-29,860000.0,3.0,2.5,2770,9136,2.0,0,0,3,2770,0,1991,,Bellevue,98006,0,1991,23,23,310.46931407942236
2014-05-29,475300.0,3.0,1.0,2110,10005,1.0,0,0,5,1110,1000,1924,,Kirkland,98033,0,1924,90,90,225.260663507109
2014-05-29,295000.0,4.0,2.5,2290,4539,2.0,0,0,3,2290,0,2001,,Renton,98058,0,2001,13,13,128.82096069868996
2014-05-29,1425000.0,4.0,4.25,4960,6000,2.5,0,0,3,3680,1280,1909,2003.0,Seattle,98109,1,2003,105,11,287.2983870967742
2014-05-29,250000.0,2.0,1.0,1110,26051,1.0,0,0,3,1110,0,1951,,SeaTac,98168,0,1951,63,63,225.22522522522522
2014-05-29,658000.0,4.0,2.75,3310,6166,2.0,0,0,3,3310,0,2008,,Snoqualmie,98065,0,2008,6,6,198.79154078549848
2014-05-29,83000.0,2.0,1.0,900,8580,1.0,0,0,3,900,0,1918,,Tukwila,98168,0,1918,96,96,92.22222222222223
2014-05-29,685000.0,3.0,1.75,1940,7313,1.0,0,1,4,1440,500,1960,,Seattle,98136,0,1960,54,54,353.0927835051546
2014-05-29,210000.0,3.0,1.75,1590,7617,2.0,0,0,3,1590,0,1986,,Des Moines,98198,0,1986,28,28,132.0754716981132
2014-05-29,650880.0,3.0,2.5,2930,6050,2.0,0,0,3,2930,0,2008,,Snoqualmie,98065,0,2008,6,6,222.1433447098976
2014-05-29,350000.0,4.0,2.5,2040,22653,2.0,0,0,3,2040,0,2011,,Seattle,98168,0,2011,3,3,171.5686274509804
2014-05-29,305000.0,2.0,2.25,1000,905,3.0,0,0,3,1000,0,2006,,Seattle,98117,0,2006,8,8,305.0
2014-05-29,645000.0,3.0,3.25,1730,1229,2.0,0,2,3,1320,410,2008,,Seattle,98119,0,2008,6,6,372.8323699421965
2014-05-30,385000.0,3.0,1.0,1220,4800,1.0,0,0,3,1220,0,1901,,Seattle,98122,0,1901,113,113,315.57377049180326
2014-05-30,860000.0,3.0,2.25,3060,12095,2.0,0,0,3,3060,0,1983,,Bellevue,98006,0,1983,31,31,281.0457516339869
2014-05-30,395000.0,4.0,2.5,2910,5000,2.0,0,0,3,2910,0,2002,,Covington,98042,0,2002,12,12,135.73883161512026
2014-05-30,260000.0,3.0,1.75,1050,5850,1.0,0,0,3,1050,0,1980,,Burien,98166,0,1980,34,34,247.61904761904762
2014-05-30,196440.0,3.0,2.0,1560,7352,1.0,0,0,3,1560,0,1992,,Algona,98001,0,1992,22,22,125.92307692307692
2014-05-30,425000.0,3.0,1.75,1680,3000,1.0,0,2,4,840,840,1900,,Seattle,98103,0,1900,114,114,252.97619047619048
2014-05-30,2400000.0,4.0,3.25,4140,20734,1.0,0,1,3,3300,840,1977,2005.0,Clyde Hill,98004,1,2005,37,9,579.7101449275362
2014-05-30,369000.0,3.0,2.0,1550,8509,1.0,0,0,3,1150,400,1959,,Seattle,98106,0,1959,55,55,238.06451612903226
2014-05-30,1385000.0,6.0,2.75,5700,20000,1.0,0,4,4,2850,2850,1977,,Bellevue,98006,0,1977,37,37,242.98245614035088
2014-05-30,349900.0,3.0,2.5,2200,7278,2.0,0,0,3,2200,0,1990,,Renton,98058,0,1990,24,24,159.04545454545453
2014-05-30,650000.0,2.0,2.5,1740,2500,2.0,0,2,3,1210,530,1994,,Seattle,98112,0,1994,20,20,373.5632183908046
2014-05-30,299950.0,3.0,1.0,1210,9525,1.0,0,0,3,1210,0,1955,,Seattle,98106,0,1955,59,59,247.89256198347107
2014-05-30,625000.0,4.0,3.25,4240,25639,2.0,0,3,3,3550,690,1989,,Federal Way,98023,0,1989,25,25,147.4056603773585
2014-05-30,190000.0,3.0,2.25,1590,11745,1.0,0,0,3,1090,500,1978,,Auburn,98001,0,1978,36,36,119.49685534591195
2014-05-30,715000.0,4.0,1.75,3420,7200,1.0,0,3,5,1770,1650,1947,,Seattle,98125,0,1947,67,67,209.06432748538012
2014-05-30,659000.0,4.0,2.5,3190,11375,1.0,0,0,5,2210,980,1946,,Seattle,98125,0,1946,68,68,206.58307210031347
2014-05-30,490000.0,3.0,1.75,1920,5405,1.0,0,2,4,960,960,1947,,Seattle,98126,0,1947,67,67,255.20833333333334
2014-05-30,415000.0,2.0,1.75,1340,4664,1.0,0,0,3,1340,0,2004,,Redmond,98053,0,2004,10,10,309.7014925373134
2014-05-30,750000.0,3.0,1.75,1700,8400,1.0,0,0,3,1460,240,1947,,Seattle,98199,0,1947,67,67,441.1764705882353
2014-05-30,700000.0,4.0,2.5,2310,3570,1.5,0,0,3,1490,820,1927,2014.0,Seattle,98103,1,2014,87,0,303.030303030303
2014-05-30,425000.0,3.0,1.75,1510,44000,1.0,0,0,3,1240,270,1989,,North Bend,98045,0,1989,25,25,281.4569536423841
2014-05-30,642000.0,3.0,2.5,2670,10082,1.0,0,0,3,2670,0,1987,,Sammamish,98074,0,1987,27,27,240.4494382022472
2014-05-30,655000.0,4.0,2.25,2060,8470,1.0,0,0,3,1440,620,1983,,Bellevue,98006,0,1983,31,31,317.9611650485437
2014-05-30,1365000.0,3.0,2.5,2090,6000,1.5,0,0,4,2090,0,1928,,Seattle,98105,0,1928,86,86,653.11004784689
2014-05-30,458000.0,5.0,2.5,3090,23265,1.0,0,0,3,2990,100,1957,,Bothell,98011,0,1957,57,57,148.2200647249191
2014-05-30,330000.0,2.0,2.5,1240,1546,2.0,0,0,3,1240,0,2007,,Seattle,98108,0,2007,7,7,266.1290322580645
2014-05-30,384950.0,3.0,2.5,1860,3690,2.0,0,0,3,1860,0,2000,,Kenmore,98028,0,2000,14,14,206.96236559139786
2014-05-30,560000.0,3.0,1.5,2000,7350,1.0,0,0,3,2000,0,1953,,Seattle,98177,0,1953,61,61,280.0
2014-05-30,950000.0,4.0,1.75,2500,92347,1.0,0,0,4,1500,1000,1970,,Mercer Island,98040,0,1970,44,44,380.0
2014-05-30,465000.0,4.0,2.25,1820,20349,1.0,0,0,5,1340,480,1977,,Woodinville,98072,0,1977,37,37,255.4945054945055
2014-05-30,425000.0,3.0,2.25,1820,8058,1.0,0,0,3,1260,560,1974,,Kirkland,98034,0,1974,40,40,233.5164835164835
2014-05-30,315000.0,3.0,2.0,1060,5750,1.0,0,0,3,1060,0,1981,,Seattle,98126,0,1981,33,33,297.1698113207547
2014-05-30,530000.0,3.0,2.5,1950,9906,2.0,0,0,3,1950,0,1988,,Sammamish,98074,0,1988,26,26,271.79487179487177
2014-05-30,399000.0,2.0,1.0,940,4800,1.0,0,0,4,940,0,1911,1955.0,Seattle,98116,1,1955,103,59,424.468085106383
2014-05-30,168000.0,2.0,1.5,1220,3568,1.5,0,0,4,1220,0,1976,,Des Moines,98198,0,1976,38,38,137.70491803278688
2014-05-30,1886700.0,5.0,3.5,4180,17935,2.0,0,0,3,4180,0,2004,,Bellevue,98004,0,2004,10,10,451.3636363636364
2014-05-30,374000.0,3.0,1.0,1200,9800,1.0,0,0,4,1200,0,1971,,Woodinville,98072,0,1971,43,43,311.6666666666667
2014-05-30,740000.0,5.0,3.75,3990,18897,2.0,0,0,3,3090,900,1937,2010.0,Seattle,98125,1,2010,77,4,185.46365914786966
2014-05-30,280000.0,2.0,1.0,1880,7560,1.0,0,0,3,940,940,1919,,Seattle,98126,0,1919,95,95,148.93617021276594
2014-05-30,322000.0,4.0,2.5,2280,7200,2.0,0,0,3,2280,0,1994,,Kent,98030,0,1994,20,20,141.2280701754386
2014-05-30,459900.0,3.0,1.75,2580,11000,1.0,0,0,4,1290,1290,1951,,Bellevue,98006,0,1951,63,63,178.25581395348837
2014-05-30,750000.0,4.0,2.75,2600,4674,1.0,0,0,3,1560,1040,1976,,Seattle,98115,0,1976,38,38,288.46153846153845
2014-05-30,1256500.0,4.0,2.5,3150,13700,2.0,0,0,4,3150,0,1966,,Mercer Island,98040,0,1966,48,48,398.8888888888889
2014-05-30,3710000.0,4.0,3.5,5550,28078,2.0,0,2,4,3350,2200,2000,,Medina,98039,0,2000,14,14,668.4684684684685
2014-05-30,427000.0,5.0,2.75,2220,4000,1.0,0,0,3,1230,990,1973,,Seattle,98144,0,1973,41,41,192.34234234234233
2014-05-30,800000.0,2.0,2.25,1730,31491,2.0,1,2,4,1730,0,1947,1988.0,Vashon,98070,1,1988,67,26,462.42774566473986
2014-05-30,735000.0,4.0,3.0,2840,4120,1.5,0,0,4,2060,780,1931,,Seattle,98118,0,1931,83,83,258.80281690140845
2014-05-30,642000.0,4.0,2.5,2560,8780,2.0,0,0,3,2560,0,1992,,Issaquah,98029,0,1992,22,22,250.78125
2014-05-30,240000.0,3.0,2.0,1330,6000,1.0,0,0,4,630,700,1900,,Seattle,98108,0,1900,114,114,180.45112781954887
2014-05-30,645500.0,2.0,1.0,1890,5202,1.5,0,0,4,1890,0,1909,,Seattle,98117,0,1909,105,105,341.53439153439155
2014-05-30,840000.0,7.0,4.5,4290,37607,1.5,0,0,5,4290,0,1982,,Issaquah,98027,0,1982,32,32,195.8041958041958
2014-05-30,475000.0,2.0,2.0,1540,54450,2.0,0,0,3,1540,0,1983,,Redmond,98053,0,1983,31,31,308.4415584415584
2014-05-30,568000.0,4.0,2.0,2340,50233,1.0,0,0,4,1170,1170,1966,,Sammamish,98075,0,1966,48,48,242.73504273504273
2014-05-30,325000.0,3.0,1.75,2180,10230,1.0,0,0,4,1090,1090,1961,,Seattle,98118,0,1961,53,53,149.08256880733944
2014-05-30,825500.0,3.0,2.5,2780,11964,2.0,0,0,3,2780,0,2009,,Kirkland,98034,0,2009,5,5,296.9424460431655
2014-05-30,499431.0,4.0,2.75,2620,6019,2.0,0,0,3,2620,0,2013,,North Bend,98045,0,2013,1,1,190.62251908396948
2014-05-30,919204.0,4.0,3.5,3760,5000,2.0,0,0,3,2860,900,2014,,Seattle,98117,0,2014,0,0,244.4691489361702
2014-05-30,545000.0,4.0,2.5,2720,4738,2.0,0,0,3,2720,0,2012,,Snoqualmie,98065,0,2012,2,2,200.36764705882354
2014-05-31,660000.0,3.0,2.25,2675,40910,2.0,0,0,3,2675,0,1984,,Sammamish,98075,0,1984,30,30,246.7289719626168
2014-05-31,538888.0,5.0,2.75,2080,13189,2.0,0,0,3,2080,0,1987,,Sammamish,98074,0,1987,27,27,259.08076923076925
2014-05-31,693000.0,3.0,2.5,2460,12028,2.0,0,0,3,2460,0,1996,,Redmond,98052,0,1996,18,18,281.7073170731707
2014-05-31,289950.0,3.0,2.5,1960,3480,2.0,0,0,3,1960,0,2004,,Renton,98056,0,2004,10,10,147.93367346938774
2014-05-31,587000.0,4.0,2.5,2550,6256,2.0,0,0,3,2550,0,1992,,Woodinville,98072,0,1992,22,22,230.19607843137254
2014-05-31,615000.0,3.0,2.25,1760,1146,3.0,0,0,3,1760,0,2014,,Seattle,98122,0,2014,0,0,349.4318181818182
2014-06-01,459000.0,3.0,1.75,1620,7330,1.0,0,0,4,1090,530,1974,,Kirkland,98034,0,1974,40,40,283.3333333333333
2014-06-01,243000.0,3.0,1.75,1790,12000,1.0,0,0,3,1040,750,1960,,Des Moines,98198,0,1960,54,54,135.75418994413408
2014-06-01,1505000.0,4.0,3.5,3480,7232,2.0,0,0,3,2580,900,1926,2010.0,Seattle,98144,1,2010,88,4,432.4712643678161
2014-06-01,660000.0,4.0,1.75,2780,9900,2.0,0,0,4,2780,0,1978,,Sammamish,98074,0,1978,36,36,237.41007194244605
2014-06-01,1595000.0,5.0,3.0,3640,8239,2.0,0,3,3,2540,1100,1982,,Bellevue,98008,0,1982,32,32,438.1868131868132
2014-06-01,250000.0,1.0,1.0,750,4000,1.0,0,0,3,750,0,1918,,Seattle,98136,0,1918,96,96,333.3333333333333
2014-06-02,315000.0,3.0,1.0,960,6634,1.0,0,0,3,960,0,1952,,Seattle,98125,0,1952,62,62,328.125
2014-06-02,404000.0,3.0,1.5,2030,8880,1.0,0,0,3,1330,700,1963,,Seattle,98108,0,1963,51,51,199.01477832512316
2014-06-02,559900.0,3.0,2.75,2930,5569,1.0,0,0,3,1860,1070,2004,,Woodinville,98072,0,2004,10,10,191.09215017064847
2014-06-02,285000.0,2.0,2.5,1380,1073,2.0,0,0,3,1140,240,2011,,Seattle,98126,0,2011,3,3,206.52173913043478
2014-06-02,500000.0,3.0,2.0,1720,5525,1.0,0,2,5,960,760,1941,,Seattle,98108,0,1941,73,73,290.69767441860466
2014-06-02,380000.0,2.0,1.0,1210,4800,1.0,0,0,3,1060,150,1950,,Seattle,98108,0,1950,64,64,314.0495867768595
2014-06-02,469000.0,3.0,1.0,950,4250,1.5,0,0,5,950,0,1948,,Seattle,98122,0,1948,66,66,493.6842105263158
2014-06-02,405000.0,2.0,1.75,1710,4234,2.0,0,0,3,1330,380,1920,1979.0,Seattle,98136,1,1979,94,35,236.8421052631579
2014-06-02,439900.0,2.0,2.0,1410,12282,1.5,0,0,5,1410,0,1909,1988.0,Preston,98050,1,1988,105,26,311.98581560283685
2014-06-02,525000.0,4.0,2.5,2910,7631,2.0,0,2,3,2910,0,2006,,Maple Valley,98038,0,2006,8,8,180.41237113402062
2014-06-02,580000.0,4.0,2.5,2220,7064,2.0,0,0,3,2220,0,1988,,Issaquah,98029,0,1988,26,26,261.26126126126127
2014-06-02,1250000.0,5.0,3.25,3160,13238,2.0,0,0,5,3160,0,1972,,Mercer Island,98040,0,1972,42,42,395.56962025316454
2014-06-02,275000.0,3.0,2.0,1380,4500,1.0,0,0,3,1380,0,2008,,Maple Valley,98038,0,2008,6,6,199.2753623188406
2014-06-02,629000.0,3.0,2.0,1760,5000,1.0,0,0,5,960,800,1920,,Seattle,98199,0,1920,94,94,357.3863636363636
2014-06-02,395000.0,1.0,1.0,730,3000,1.0,0,0,3,730,0,1911,,Seattle,98107,0,1911,103,103,541.0958904109589
2014-06-02,965000.0,4.0,2.5,2460,5000,2.0,0,0,5,1620,840,1938,,Seattle,98112,0,1938,76,76,392.2764227642276
2014-06-02,820000.0,3.0,1.75,2160,6272,1.0,0,0,4,1390,770,1960,,Seattle,98115,0,1960,54,54,379.6296296296296
2014-06-02,661000.0,4.0,2.25,1990,4600,1.5,0,2,4,1420,570,1932,,Seattle,98126,0,1932,82,82,332.1608040201005
2014-06-02,789000.0,3.0,3.0,3740,39640,2.0,0,2,3,3740,0,1991,,Vashon,98070,0,1991,23,23,210.9625668449198
2014-06-02,668500.0,4.0,2.5,2710,5500,2.0,0,0,3,2710,0,1999,,Sammamish,98074,0,1999,15,15,246.6789667896679
2014-06-02,350000.0,3.0,2.5,2680,7836,2.0,0,0,3,2680,0,1990,2009.0,Auburn,98092,1,2009,24,5,130.59701492537314
2014-06-02,250000.0,4.0,2.0,1850,7560,1.0,0,0,4,1540,310,1978,,Kent,98032,0,1978,36,36,135.13513513513513
2014-06-02,725995.0,4.0,2.5,3190,7869,2.0,0,2,3,3190,0,2001,,Snoqualmie,98065,0,2001,13,13,227.5846394984326
2014-06-02,1000000.0,3.0,2.5,2730,5832,2.0,0,0,3,2730,0,1998,,Bellevue,98005,0,1998,16,16,366.3003663003663
2014-06-02,686000.0,3.0,1.5,1840,9990,2.0,0,0,5,1840,0,1961,,Seattle,98177,0,1961,53,53,372.82608695652175
2014-06-02,665000.0,4.0,2.5,2720,10000,2.0,0,0,3,2720,0,1987,,Sammamish,98074,0,1987,27,27,244.48529411764707
2014-06-02,1965221.0,4.0,3.5,4370,8510,2.0,0,1,3,3610,760,2003,,Bellevue,98004,0,2003,11,11,449.70732265446225
2014-06-02,653000.0,3.0,2.5,2290,3475,2.0,0,0,3,2290,0,2006,,Issaquah,98029,0,2006,8,8,285.1528384279476
2014-06-02,430000.0,2.0,1.0,990,4802,1.0,0,0,3,990,0,1947,,Seattle,98117,0,1947,67,67,434.34343434343435
2014-06-02,305000.0,2.0,1.5,1140,2980,2.0,0,0,3,1140,0,1988,,Issaquah,98029,0,1988,26,26,267.5438596491228
2014-06-02,809000.0,4.0,1.5,1840,4337,2.0,0,0,4,1840,0,1917,,Seattle,98112,0,1917,97,97,439.67391304347825
2014-06-02,440150.0,2.0,1.0,1110,6800,1.0,0,0,5,1000,110,1947,,Seattle,98133,0,1947,67,67,396.5315315315315
2014-06-02,615000.0,4.0,2.5,2150,9070,2.0,0,0,4,2150,0,1985,,Redmond,98052,0,1985,29,29,286.04651162790697
2014-06-02,1035000.0,3.0,2.5,2230,5750,2.0,0,0,3,2230,0,2003,,Kirkland,98033,0,2003,11,11,464.1255605381166
2014-06-02,455000.0,2.0,1.0,1170,6000,1.0,0,0,4,970,200,1941,,Seattle,98103,0,1941,73,73,388.8888888888889
2014-06-02,635000.0,3.0,2.5,1960,7200,1.0,0,0,4,980,980,1940,,Seattle,98118,0,1940,74,74,323.9795918367347
2014-06-02,675000.0,3.0,2.25,2610,9002,2.0,0,0,3,2610,0,1988,,Redmond,98052,0,1988,26,26,258.62068965517244
2014-06-02,316000.0,3.0,2.25,2130,8721,1.0,0,0,3,1570,560,1987,,Kent,98031,0,1987,27,27,148.3568075117371
2014-06-02,955000.0,3.0,2.25,3020,43560,2.0,0,0,3,2720,300,1969,,Bellevue,98005,0,1969,45,45,316.2251655629139
2014-06-02,985000.0,3.0,1.75,1670,5400,2.0,0,0,5,1670,0,1912,,Seattle,98112,0,1912,102,102,589.8203592814372
2014-06-02,465500.0,3.0,1.75,1890,7004,1.0,0,0,3,1290,600,1965,,Seattle,98118,0,1965,49,49,246.2962962962963
2014-06-02,305000.0,3.0,1.0,950,13475,1.0,0,0,3,950,0,1950,,Shoreline,98155,0,1950,64,64,321.05263157894734
2014-06-02,645000.0,4.0,2.5,2430,14400,1.0,0,0,5,1670,760,1963,,Bellevue,98007,0,1963,51,51,265.4320987654321
2014-06-02,730000.0,4.0,2.0,2360,6000,1.0,0,0,5,1260,1100,1939,,Seattle,98199,0,1939,75,75,309.3220338983051
2014-06-02,366000.0,3.0,1.75,1510,8301,1.0,0,0,3,1510,0,1967,,Kirkland,98034,0,1967,47,47,242.3841059602649
2014-06-02,290000.0,3.0,2.5,2080,4828,2.0,0,0,3,2080,0,2002,,Covington,98042,0,2002,12,12,139.42307692307693
2014-06-02,472500.0,3.0,2.0,1750,15500,1.0,0,0,3,1490,260,1982,,Sammamish,98075,0,1982,32,32,270.0
2014-06-02,550000.0,3.0,2.0,1810,4064,1.5,0,0,3,1810,0,1925,,Seattle,98103,0,1925,89,89,303.8674033149171
2014-06-02,410000.0,4.0,1.75,1790,11875,1.0,0,0,4,1490,300,1969,,Issaquah,98027,0,1969,45,45,229.05027932960894
2014-06-02,440000.0,4.0,2.75,2340,11034,1.0,0,0,3,1720,620,1967,,Lake Forest Park,98155,0,1967,47,47,188.03418803418805
2014-06-02,535000.0,3.0,2.5,1690,9626,2.0,0,0,3,1690,0,1984,,Issaquah,98027,0,1984,30,30,316.56804733727813
2014-06-02,300000.0,4.0,2.5,2070,7476,2.0,0,0,3,2070,0,2003,,Auburn,98092,0,2003,11,11,144.92753623188406
2014-06-02,432500.0,3.0,2.5,2240,6396,2.0,0,0,3,2240,0,2002,,Snoqualmie,98065,0,2002,12,12,193.08035714285714
2014-06-02,870000.0,4.0,3.0,4500,21780,2.0,0,2,3,3040,1460,1980,,Mercer Island,98040,0,1980,34,34,193.33333333333334
2014-06-02,492000.0,3.0,1.75,2770,39927,1.0,0,0,4,1580,1190,1978,,Issaquah,98027,0,1978,36,36,177.6173285198556
2014-06-02,199950.0,3.0,1.0,1010,7245,1.0,0,0,3,1010,0,1969,,Federal Way,98003,0,1969,45,45,197.97029702970298
2014-06-02,439800.0,3.0,1.5,1120,6900,1.0,0,0,5,1120,0,1956,,Bellevue,98007,0,1956,58,58,392.67857142857144
2014-06-02,320000.0,5.0,2.5,3020,21441,1.0,0,0,4,1510,1510,1978,,Kent,98042,0,1978,36,36,105.96026490066225
2014-06-02,687000.0,4.0,3.25,4400,186846,2.0,0,0,4,4400,0,1993,,Enumclaw,98022,0,1993,21,21,156.13636363636363
2014-06-02,345000.0,3.0,1.75,1990,5650,1.0,0,1,3,1320,670,1963,,Seattle,98178,0,1963,51,51,173.36683417085428
2014-06-02,274950.0,3.0,1.0,1450,8820,1.0,0,0,3,1050,400,1958,,Tukwila,98168,0,1958,56,56,189.6206896551724
2014-06-02,270000.0,4.0,2.5,1920,8497,2.0,0,0,3,1920,0,1998,,Auburn,98092,0,1998,16,16,140.625
2014-06-02,342000.0,2.0,2.5,1175,1366,2.0,0,0,3,740,435,2005,,Seattle,98103,0,2005,9,9,291.06382978723406
2014-06-02,327000.0,3.0,1.5,1320,13200,1.0,0,0,3,1320,0,1970,,Renton,98059,0,1970,44,44,247.72727272727272
2014-06-02,610000.0,5.0,2.5,3990,3839,1.0,0,0,4,1990,2000,1962,,Seattle,98112,0,1962,52,52,152.88220551378447
2014-06-02,455000.0,2.0,1.0,1140,5720,1.0,0,0,3,850,290,1947,,Seattle,98115,0,1947,67,67,399.12280701754383
2014-06-02,540000.0,4.0,1.75,1720,4240,1.5,0,0,4,1460,260,1925,,Seattle,98144,0,1925,89,89,313.95348837209303
2014-06-02,411000.0,4.0,2.75,2150,9915,1.0,0,0,5,1240,910,1976,,Newcastle,98056,0,1976,38,38,191.1627906976744
2014-06-02,544000.0,3.0,1.5,1790,8203,1.5,0,1,3,1790,0,1910,,Seattle,98116,0,1910,104,104,303.9106145251397
2014-06-02,802000.0,2.0,2.5,2210,6327,1.0,0,0,3,2210,0,2003,,Redmond,98053,0,2003,11,11,362.89592760180994
2014-06-02,568500.0,3.0,2.75,2180,7519,1.0,0,0,4,1310,870,1981,,Redmond,98052,0,1981,33,33,260.7798165137615
2014-06-02,391000.0,3.0,2.25,1410,1290,2.0,0,0,3,1290,120,2004,,Issaquah,98027,0,2004,10,10,277.3049645390071
2014-06-02,298000.0,3.0,2.5,1950,3600,2.0,0,0,3,1950,0,2010,,Maple Valley,98038,0,2010,4,4,152.82051282051282
2014-06-02,400000.0,3.0,2.5,1495,936,3.0,0,0,3,1405,90,2006,,Seattle,98144,0,2006,8,8,267.55852842809367
2014-06-03,425000.0,3.0,2.25,1660,6000,1.0,0,0,3,1110,550,1979,,Seattle,98122,0,1979,35,35,256.0240963855422
2014-06-03,328500.0,3.0,2.5,1950,8130,2.0,0,0,4,1950,0,1990,,Kent,98042,0,1990,24,24,168.46153846153845
2014-06-03,650000.0,5.0,2.75,2550,5040,1.5,0,0,5,2550,0,1902,,Seattle,98122,0,1902,112,112,254.90196078431373
2014-06-03,850000.0,3.0,1.75,1370,3850,1.0,0,0,5,770,600,1911,1988.0,Seattle,98112,1,1988,103,26,620.4379562043796
2014-06-03,930000.0,4.0,2.5,2200,4000,2.0,0,0,5,1430,770,1908,,Seattle,98119,0,1908,106,106,422.72727272727275
2014-06-03,530000.0,3.0,1.75,1250,6041,1.5,0,0,5,1250,0,1942,,Seattle,98115,0,1942,72,72,424.0
2014-06-03,495000.0,4.0,2.25,2220,8872,1.0,0,0,4,1110,1110,1961,,Bellevue,98006,0,1961,53,53,222.97297297297297
2014-06-03,500000.0,3.0,1.75,1620,4200,1.0,0,0,5,830,790,1945,,Seattle,98115,0,1945,69,69,308.641975308642
2014-06-03,325000.0,3.0,1.75,2250,26337,1.0,0,0,3,2250,0,1980,,Auburn,98092,0,1980,34,34,144.44444444444446
2014-06-03,365000.0,3.0,2.5,1720,99916,2.0,0,0,4,1720,0,1990,,Kent,98042,0,1990,24,24,212.2093023255814
2014-06-03,471000.0,4.0,2.5,3030,9687,2.0,0,0,3,2020,1010,1998,,North Bend,98045,0,1998,16,16,155.44554455445544
2014-06-03,223000.0,3.0,1.0,1030,9120,1.0,0,0,3,1030,0,1961,,Kent,98032,0,1961,53,53,216.50485436893203
2014-06-03,503000.0,3.0,2.5,2190,4882,2.0,0,0,3,2190,0,1999,,Lake Forest Park,98155,0,1999,15,15,229.68036529680364
2014-06-03,230000.0,3.0,2.0,1440,5600,1.0,0,0,4,720,720,1942,2007.0,Renton,98056,1,2007,72,7,159.72222222222223
2014-06-03,550000.0,4.0,2.5,2170,9600,1.0,0,0,3,1460,710,1980,,Redmond,98052,0,1980,34,34,253.45622119815667
2014-06-03,1100000.0,4.0,3.75,2930,3200,1.5,0,0,5,2130,800,1925,,Seattle,98119,0,1925,89,89,375.4266211604096
2014-06-03,193000.0,3.0,1.5,1180,9048,1.0,0,0,3,1180,0,1960,,Burien,98148,0,1960,54,54,163.5593220338983
2014-06-03,590000.0,4.0,4.25,2360,57514,2.0,0,0,4,2360,0,1939,1987.0,Federal Way,98003,1,1987,75,27,250.0
2014-06-03,712500.0,3.0,1.5,1660,8797,1.0,0,0,4,1660,0,1956,,Bellevue,98004,0,1956,58,58,429.2168674698795
2014-06-03,689800.0,3.0,2.75,2390,9313,1.0,0,0,5,1390,1000,1942,,Seattle,98133,0,1942,72,72,288.6192468619247
2014-06-03,430000.0,3.0,2.0,1360,5120,1.5,0,0,4,910,450,1924,,Seattle,98116,0,1924,90,90,316.1764705882353
2014-06-03,785200.0,3.0,2.25,1840,3500,1.5,0,0,5,1540,300,1910,,Seattle,98122,0,1910,104,104,426.7391304347826
2014-06-03,474900.0,3.0,2.25,1800,43647,1.0,0,0,4,1800,0,1976,,Woodinville,98072,0,1976,38,38,263.8333333333333
2014-06-03,1070000.0,4.0,3.75,4130,12320,2.0,0,0,3,4130,0,2001,,Newcastle,98059,0,2001,13,13,259.0799031476998
2014-06-03,435000.0,3.0,1.75,2220,132858,1.0,0,0,3,1110,1110,1988,,Issaquah,98027,0,1988,26,26,195.94594594594594
2014-06-03,941500.0,5.0,3.5,3490,9680,2.0,0,4,3,2460,1030,1980,,Shoreline,98177,0,1980,34,34,269.7707736389685
2014-06-03,312000.0,4.0,2.5,1830,5175,2.0,0,0,3,1830,0,2003,,Maple Valley,98038,0,2003,11,11,170.49180327868854
2014-06-03,835000.0,4.0,2.75,1550,4000,1.5,0,0,3,1550,0,1930,,Seattle,98105,0,1930,84,84,538.7096774193549
2014-06-03,713250.0,3.0,2.0,2050,9000,1.0,0,0,4,2050,0,1951,,Mercer Island,98040,0,1951,63,63,347.9268292682927
2014-06-03,440000.0,2.0,1.0,1230,6600,1.0,0,0,3,1130,100,1906,,Seattle,98118,0,1906,108,108,357.7235772357724
2014-06-03,580135.0,4.0,2.5,3150,5886,2.0,0,0,3,3150,0,2014,,Renton,98059,0,2014,0,0,184.16984126984127
2014-06-03,575000.0,3.0,2.25,3800,33825,1.0,0,0,4,3330,470,1976,,Kent,98042,0,1976,38,38,151.31578947368422
2014-06-03,613000.0,3.0,2.5,1350,3068,2.0,0,0,3,1350,0,1991,,Seattle,98122,0,1991,23,23,454.0740740740741
2014-06-03,235000.0,3.0,2.0,1530,8700,1.0,0,0,4,1530,0,1970,,Renton,98055,0,1970,44,44,153.59477124183007
2014-06-03,660000.0,3.0,2.5,2290,2798,3.0,0,0,4,2290,0,1953,1983.0,Seattle,98102,1,1983,61,31,288.2096069868996
2014-06-03,280000.0,2.0,1.5,1480,15641,1.0,0,0,4,1480,0,1940,,Seattle,98146,0,1940,74,74,189.1891891891892
2014-06-03,268000.0,3.0,1.75,1970,10270,1.0,0,0,4,1970,0,1966,,Kent,98032,0,1966,48,48,136.04060913705584
2014-06-03,235000.0,2.0,1.0,720,4840,1.0,0,0,4,720,0,1947,,Seattle,98126,0,1947,67,67,326.3888888888889
2014-06-03,390000.0,3.0,2.0,1080,7236,1.0,0,0,5,1080,0,1947,,Seattle,98125,0,1947,67,67,361.1111111111111
2014-06-03,654950.0,4.0,2.5,2790,45902,2.0,0,0,3,2790,0,1987,,Woodinville,98077,0,1987,27,27,234.74910394265234
2014-06-03,449500.0,5.0,2.75,2040,7488,1.0,0,0,4,1200,840,1969,,Kirkland,98034,0,1969,45,45,220.34313725490196
2014-06-03,150000.0,3.0,1.0,1320,8220,1.0,0,0,3,1320,0,1959,,Des Moines,98198,0,1959,55,55,113.63636363636364
2014-06-03,440000.0,3.0,2.25,1680,57063,2.0,0,0,4,1680,0,1989,,North Bend,98045,0,1989,25,25,261.9047619047619
2014-06-03,710000.0,3.0,2.0,2140,4923,1.0,0,0,4,1070,1070,1928,,Seattle,98103,0,1928,86,86,331.77570093457945
2014-06-03,420000.0,3.0,1.75,1660,9600,1.0,0,0,3,1380,280,1981,,Bothell,98011,0,1981,33,33,253.0120481927711
2014-06-03,312000.0,3.0,2.25,1540,5338,1.0,0,0,5,770,770,1954,,Seattle,98115,0,1954,60,60,202.5974025974026
2014-06-03,320000.0,3.0,2.0,1880,10758,1.0,0,0,5,940,940,1952,,Renton,98059,0,1952,62,62,170.2127659574468
2014-06-03,235000.0,3.0,1.0,1250,15603,1.0,0,0,4,1250,0,1959,,Renton,98056,0,1959,55,55,188.0
2014-06-03,437000.0,5.0,2.0,2120,137565,1.5,0,0,3,2120,0,1913,,Vashon,98070,0,1913,101,101,206.1320754716981
2014-06-03,545000.0,3.0,1.75,1810,3000,1.5,0,0,4,1810,0,1903,,Seattle,98107,0,1903,111,111,301.10497237569064
2014-06-03,640000.0,3.0,2.5,2370,11172,2.0,0,0,3,2370,0,1993,,Newcastle,98056,0,1993,21,21,270.042194092827
2014-06-03,432000.0,3.0,2.5,1970,4036,2.0,0,0,4,1970,0,2003,,Snoqualmie,98065,0,2003,11,11,219.28934010152284
2014-06-03,548000.0,3.0,2.5,2110,4099,2.0,0,0,3,2110,0,2001,,Woodinville,98072,0,2001,13,13,259.7156398104265
2014-06-03,830000.0,3.0,3.0,2080,10521,1.5,0,0,3,2080,0,2004,,Kirkland,98034,0,2004,10,10,399.03846153846155
2014-06-03,875000.0,4.0,2.25,3720,12384,1.0,0,2,5,1860,1860,1970,,Sammamish,98075,0,1970,44,44,235.21505376344086
2014-06-03,409950.0,2.0,1.75,1370,5125,1.0,0,0,5,1370,0,1944,,Seattle,98103,0,1944,70,70,299.2335766423358
2014-06-03,695000.0,4.0,2.5,2961,12146,2.0,0,0,3,2961,0,1998,,Sammamish,98075,0,1998,16,16,234.71800067544748
2014-06-03,562100.0,3.0,2.25,2090,12112,2.0,0,0,3,2090,0,1983,,Redmond,98052,0,1983,31,31,268.94736842105266
2014-06-03,475000.0,3.0,2.5,2600,7210,2.0,0,0,3,2600,0,1989,,Renton,98059,0,1989,25,25,182.69230769230768
2014-06-03,425000.0,3.0,2.25,1870,9000,1.0,0,0,3,1440,430,1978,,Bothell,98011,0,1978,36,36,227.27272727272728
2014-06-03,600000.0,4.0,2.5,2620,9873,2.0,0,0,3,2620,0,1987,,Issaquah,98075,0,1987,27,27,229.00763358778627
2014-06-03,770000.0,3.0,2.5,2430,54059,2.0,0,0,3,2430,0,1987,,Issaquah,98027,0,1987,27,27,316.87242798353907
2014-06-03,239000.0,3.0,1.75,1340,16480,1.0,0,0,4,1340,0,1968,,Kent,98042,0,1968,46,46,178.3582089552239
2014-06-03,295000.0,2.0,1.0,1170,10621,1.0,0,0,3,1170,0,1963,,North Bend,98045,0,1963,51,51,252.13675213675214
2014-06-03,560000.0,3.0,1.75,2000,10182,1.0,0,0,5,1400,600,1963,,Kirkland,98033,0,1963,51,51,280.0
2014-06-03,613000.0,5.0,2.5,2070,12000,1.0,0,0,4,1340,730,1967,,Bellevue,98008,0,1967,47,47,296.1352657004831
2014-06-03,960000.0,4.0,3.0,4590,9150,2.0,0,0,3,3490,1100,1981,,Seattle,98177,0,1981,33,33,209.15032679738562
2014-06-03,847000.0,5.0,1.0,2550,4623,2.5,0,0,4,2550,0,1905,,Seattle,98122,0,1905,109,109,332.15686274509807
2014-06-03,206000.0,3.0,1.0,1060,9600,1.0,0,0,4,1060,0,1962,,Federal Way,98023,0,1962,52,52,194.33962264150944
2014-06-03,253000.0,2.0,1.75,1220,5000,1.0,0,0,5,860,360,1921,,Renton,98057,0,1921,93,93,207.37704918032787
2014-06-03,430000.0,4.0,2.25,1790,7203,1.0,0,0,4,1110,680,1973,,Lake Forest Park,98155,0,1973,41,41,240.22346368715083
2014-06-03,605000.0,3.0,2.0,2060,4040,1.0,0,0,4,1120,940,1947,,Seattle,98103,0,1947,67,67,293.68932038834953
2014-06-03,425000.0,2.0,2.5,1140,1182,3.0,0,0,3,1140,0,2007,,Seattle,98107,0,2007,7,7,372.8070175438597
2014-06-03,720000.0,4.0,2.5,2870,12648,2.0,0,0,4,2870,0,1986,,Issaquah,98029,0,1986,28,28,250.87108013937282
2014-06-03,375900.0,6.0,1.5,2550,33740,1.0,0,0,4,1750,800,1958,,Federal Way,98023,0,1958,56,56,147.41176470588235
2014-06-03,1298000.0,4.0,3.5,2790,10125,1.5,0,0,5,2790,0,1985,,Mercer Island,98040,0,1985,29,29,465.23297491039426
2014-06-03,210000.0,3.0,1.0,1110,7962,1.0,0,0,3,1110,0,1962,,Seattle,98146,0,1962,52,52,189.1891891891892
2014-06-03,234000.0,2.0,1.0,940,5375,1.0,0,0,4,940,0,1952,,Des Moines,98198,0,1952,62,62,248.93617021276594
2014-06-03,285000.0,3.0,1.75,2880,18296,1.0,0,0,3,1580,1300,1958,,Tukwila,98168,0,1958,56,56,98.95833333333333
2014-06-03,400000.0,3.0,1.5,1200,4800,1.0,0,0,4,1200,0,1962,,Bellevue,98007,0,1962,52,52,333.3333333333333
2014-06-03,718000.0,3.0,1.0,1030,4958,1.0,0,0,5,1030,0,1952,,Seattle,98105,0,1952,62,62,697.0873786407767
2014-06-03,174500.0,2.0,2.5,1240,2689,2.0,0,0,3,1240,0,1986,,Federal Way,98003,0,1986,28,28,140.7258064516129
2014-06-03,222400.0,3.0,2.0,1200,9566,1.0,0,0,3,1200,0,1995,,Pacific,98047,0,1995,19,19,185.33333333333334
2014-06-03,402500.0,3.0,3.25,2780,4002,2.0,0,0,3,2780,0,2009,,Duvall,98019,0,2009,5,5,144.7841726618705
2014-06-03,250000.0,3.0,2.25,1765,7652,2.0,0,0,3,1765,0,1996,,Federal Way,98003,0,1996,18,18,141.643059490085
2014-06-03,600000.0,4.0,2.5,1960,14242,1.0,0,1,4,1290,670,1958,,Burien,98146,0,1958,56,56,306.1224489795918
2014-06-03,930000.0,2.0,2.5,2680,11214,1.0,0,0,3,2680,0,2006,,Redmond,98053,0,2006,8,8,347.0149253731343
2014-06-03,272500.0,3.0,2.0,1410,7622,1.0,0,0,4,1410,0,1983,,Renton,98058,0,1983,31,31,193.26241134751774
2014-06-03,363990.0,4.0,2.5,2240,3712,2.0,0,0,3,2240,0,2014,,Maple Valley,98038,0,2014,0,0,162.49553571428572
2014-06-03,575000.0,4.0,2.75,3120,7644,2.0,0,0,3,3120,0,2010,,Snoqualmie,98065,0,2010,4,4,184.2948717948718
2014-06-03,400000.0,3.0,2.25,1450,4706,2.0,0,0,3,1450,0,2009,,Kenmore,98028,0,2009,5,5,275.86206896551727
2014-06-03,427874.0,3.0,3.0,2340,5002,2.0,0,0,3,2340,0,2013,,North Bend,98045,0,2013,1,1,182.85213675213674
2014-06-03,309000.0,5.0,2.75,2481,4045,2.0,0,0,3,2481,0,2014,,Auburn,98001,0,2014,0,0,124.546553808948
2014-06-03,320000.0,3.0,3.25,1530,1602,2.0,0,0,3,1140,390,2013,,Seattle,98106,0,2013,1,1,209.15032679738562
2014-06-04,390000.0,3.0,2.25,1250,7500,1.0,0,0,5,1250,0,1942,,Seattle,98146,0,1942,72,72,312.0
2014-06-04,299000.0,1.0,0.75,560,12120,1.0,0,0,3,560,0,1967,,Carnation,98014,0,1967,47,47,533.9285714285714
2014-06-04,375000.0,4.0,1.75,2200,7475,1.0,0,0,5,1100,1100,1955,,Seattle,98118,0,1955,59,59,170.45454545454547
2014-06-04,240500.0,3.0,1.75,1460,10584,1.0,0,0,3,990,470,1997,,Seattle,98168,0,1997,17,17,164.72602739726028
2014-06-04,320000.0,3.0,1.5,1650,9380,1.0,0,0,5,1130,520,1978,,Renton,98058,0,1978,36,36,193.93939393939394
2014-06-04,1270000.0,5.0,2.5,3200,17204,1.0,0,0,3,2160,1040,1952,,Bellevue,98004,0,1952,62,62,396.875
2014-06-04,658588.0,3.0,2.25,2560,41346,2.0,0,0,3,2560,0,1986,,Issaquah,98027,0,1986,28,28,257.2609375
2014-06-04,270000.0,3.0,2.25,2080,4252,1.5,0,0,3,1550,530,2003,,Kent,98042,0,2003,11,11,129.80769230769232
2014-06-04,327500.0,3.0,1.0,1070,7140,1.0,0,0,3,1070,0,1989,,Seattle,98118,0,1989,25,25,306.0747663551402
2014-06-04,340000.0,3.0,1.75,2190,12626,2.0,0,0,4,2190,0,1978,,Kent,98042,0,1978,36,36,155.25114155251143
2014-06-04,200000.0,3.0,1.5,2060,15837,1.5,0,0,3,2060,0,1903,,Renton,98057,0,1903,111,111,97.0873786407767
2014-06-04,1025000.0,3.0,1.75,2640,8000,1.0,0,3,4,1320,1320,1960,,Mercer Island,98040,0,1960,54,54,388.25757575757575
2014-06-04,275000.0,3.0,2.5,1720,8755,1.0,0,0,3,1000,720,1983,,Federal Way,98023,0,1983,31,31,159.88372093023256
2014-06-04,1126000.0,5.0,3.5,3880,13885,2.0,0,3,4,2540,1340,1979,,Bellevue,98006,0,1979,35,35,290.2061855670103
2014-06-04,280000.0,2.0,1.0,960,4920,1.0,0,0,3,960,0,1942,,Seattle,98117,0,1942,72,72,291.6666666666667
2014-06-04,485000.0,3.0,2.5,2340,59058,1.0,0,0,3,2340,0,1985,,Maple Valley,98038,0,1985,29,29,207.26495726495727
2014-06-04,1901000.0,3.0,2.5,2660,13367,2.0,0,2,3,2660,0,1992,,Yarrow Point,98004,0,1992,22,22,714.6616541353384
2014-06-04,865000.0,3.0,1.75,2090,4725,2.0,0,0,3,1610,480,1947,2013.0,Seattle,98199,1,2013,67,1,413.8755980861244
2014-06-04,532000.0,3.0,2.5,1820,4910,2.0,0,0,3,1820,0,1993,,Issaquah,98029,0,1993,21,21,292.3076923076923
2014-06-04,364950.0,4.0,2.5,2310,8030,2.0,0,0,3,2310,0,1978,,Duvall,98019,0,1978,36,36,157.98701298701297
2014-06-04,212500.0,3.0,1.0,920,14400,1.0,0,0,4,920,0,1977,,Auburn,98001,0,1977,37,37,230.97826086956522
2014-06-04,135000.0,1.0,1.0,790,13062,1.0,0,0,3,790,0,1942,,Seattle,98168,0,1942,72,72,170.8860759493671
2014-06-04,437000.0,2.0,1.75,1500,6800,1.0,0,0,4,910,590,1942,,Seattle,98117,0,1942,72,72,291.3333333333333
2014-06-04,390000.0,3.0,1.0,1240,11108,1.0,0,0,4,1240,0,1952,,Normandy Park,98166,0,1952,62,62,314.51612903225805
2014-06-04,760000.0,4.0,2.5,2730,36183,2.0,0,0,3,2730,0,1986,,Redmond,98052,0,1986,28,28,278.38827838827837
2014-06-04,119500.0,3.0,1.0,1170,11000,1.0,0,0,2,1170,0,1980,,Duvall,98019,0,1980,34,34,102.13675213675214
2014-06-04,2400000.0,5.0,3.25,3410,9088,2.0,0,3,3,2760,650,1912,,Seattle,98119,0,1912,102,102,703.8123167155425
2014-06-04,837500.0,4.0,2.5,2700,9320,2.0,0,0,4,2700,0,1994,,Kirkland,98033,0,1994,20,20,310.18518518518516
2014-06-04,327500.0,4.0,1.75,1650,7800,1.0,0,0,3,1650,0,1968,,Renton,98058,0,1968,46,46,198.4848484848485
2014-06-04,175000.0,2.0,1.0,670,2378,1.0,0,0,3,670,0,1919,,Seattle,98126,0,1919,95,95,261.1940298507463
2014-06-04,289950.0,3.0,2.0,1670,7757,1.0,0,0,3,1670,0,1992,,Kent,98030,0,1992,22,22,173.62275449101796
2014-06-04,400000.0,3.0,1.75,1530,10731,1.0,0,0,3,1530,0,1986,,Kenmore,98028,0,1986,28,28,261.437908496732
2014-06-04,219950.0,3.0,2.25,1500,7615,1.0,0,0,3,1150,350,1984,,Federal Way,98023,0,1984,30,30,146.63333333333333
2014-06-04,161700.0,4.0,1.75,1720,7200,1.0,0,0,3,1220,500,1974,,Federal Way,98023,0,1974,40,40,94.01162790697674
2014-06-04,500000.0,5.0,3.0,2920,11440,2.0,0,0,3,2920,0,2003,,Shoreline,98133,0,2003,11,11,171.23287671232876
2014-06-04,465000.0,3.0,1.0,910,4500,1.0,0,0,3,910,0,1948,,Seattle,98117,0,1948,66,66,510.989010989011
2014-06-04,540000.0,3.0,1.0,1050,4160,1.0,0,0,4,1050,0,1925,,Seattle,98115,0,1925,89,89,514.2857142857143
2014-06-04,525000.0,3.0,2.0,1540,7800,1.0,0,0,3,1540,0,2004,,Seattle,98125,0,2004,10,10,340.90909090909093
2014-06-04,324950.0,3.0,1.0,1210,7440,1.0,0,0,3,1210,0,1949,,Shoreline,98155,0,1949,65,65,268.55371900826447
2014-06-04,565000.0,5.0,2.5,2650,11455,1.0,0,0,3,1400,1250,1961,,Bellevue,98008,0,1961,53,53,213.20754716981133
2014-06-04,760500.0,3.0,2.0,1990,3990,1.0,0,0,5,1130,860,1912,,Seattle,98103,0,1912,102,102,382.1608040201005
2014-06-04,1100000.0,5.0,2.75,2660,8737,1.0,0,4,5,1470,1190,1969,,Bellevue,98006,0,1969,45,45,413.5338345864662
2014-06-04,603500.0,4.0,2.5,4060,9734,1.0,0,4,3,2150,1910,1977,,Kenmore,98028,0,1977,37,37,148.64532019704433
2014-06-04,453500.0,5.0,2.5,2300,23345,1.0,0,0,5,1170,1130,1967,,Renton,98059,0,1967,47,47,197.17391304347825
2014-06-04,583000.0,6.0,2.75,2630,16411,1.0,0,0,4,1650,980,1974,,Redmond,98052,0,1974,40,40,221.67300380228136
2014-06-04,275000.0,2.0,1.0,770,8149,1.0,0,0,5,770,0,1948,,Shoreline,98155,0,1948,66,66,357.14285714285717
2014-06-04,875000.0,4.0,2.75,3790,10669,2.0,0,0,3,3790,0,1999,,Sammamish,98075,0,1999,15,15,230.8707124010554
2014-06-04,335000.0,4.0,2.75,2540,7210,1.0,0,0,4,1600,940,1979,,Renton,98058,0,1979,35,35,131.88976377952756
2014-06-04,646000.0,4.0,2.25,2500,8500,1.0,0,0,4,1600,900,1978,,Bellevue,98006,0,1978,36,36,258.4
2014-06-04,392500.0,4.0,2.5,2150,7303,2.0,0,0,3,2150,0,2005,,Renton,98056,0,2005,9,9,182.5581395348837
2014-06-04,785000.0,3.0,1.75,1670,9600,1.0,0,0,5,1670,0,1961,,Mercer Island,98040,0,1961,53,53,470.05988023952096
2014-06-04,470000.0,3.0,2.0,1800,12669,1.0,0,0,3,1800,0,1956,1990.0,Kirkland,98033,1,1990,58,24,261.1111111111111
2014-06-04,560000.0,3.0,2.5,2070,12708,2.0,0,0,3,2070,0,1996,,Newcastle,98056,0,1996,18,18,270.5314009661836
2014-06-04,519000.0,2.0,1.0,830,2820,1.0,0,0,4,830,0,1920,,Seattle,98103,0,1920,94,94,625.3012048192771
2014-06-04,746000.0,3.0,2.25,2370,9619,1.0,0,0,4,1650,720,1973,,Redmond,98052,0,1973,41,41,314.7679324894515
2014-06-04,317000.0,3.0,1.0,1010,5400,1.0,0,0,3,1010,0,1959,,Seattle,98144,0,1959,55,55,313.86138613861385
2014-06-04,371000.0,3.0,1.5,1420,4500,1.0,0,0,3,1420,0,1959,,Seattle,98103,0,1959,55,55,261.2676056338028
2014-06-04,250000.0,4.0,2.0,2120,8701,1.5,0,0,4,2120,0,1960,,Des Moines,98198,0,1960,54,54,117.9245283018868
2014-06-04,532000.0,4.0,1.75,2020,7029,1.0,0,0,4,1430,590,1979,,Redmond,98052,0,1979,35,35,263.36633663366337
2014-06-04,499950.0,3.0,2.5,1520,2208,2.0,0,0,3,1040,480,2007,,Seattle,98119,0,2007,7,7,328.9144736842105
2014-06-04,375000.0,2.0,1.0,820,6250,1.0,0,0,4,820,0,1922,,Seattle,98136,0,1922,92,92,457.3170731707317
2014-06-04,640000.0,3.0,2.5,1690,1553,2.5,0,0,3,1690,0,2007,,Seattle,98199,0,2007,7,7,378.698224852071
2014-06-04,400000.0,3.0,2.0,2260,11305,1.0,0,0,3,1130,1130,1986,,Renton,98055,0,1986,28,28,176.99115044247787
2014-06-04,572000.0,3.0,2.25,1830,7897,1.0,0,0,4,1290,540,1986,,Redmond,98052,0,1986,28,28,312.56830601092895
2014-06-04,310000.0,3.0,2.0,1350,11150,1.0,0,0,3,1110,240,1995,,North Bend,98045,0,1995,19,19,229.62962962962962
2014-06-04,989000.0,5.0,3.5,3280,4000,2.0,0,0,3,2440,840,2003,,Seattle,98117,0,2003,11,11,301.5243902439024
2014-06-04,685000.0,4.0,2.5,2770,45514,2.0,0,0,4,2770,0,1989,,Woodinville,98077,0,1989,25,25,247.29241877256317
2014-06-04,907500.0,4.0,2.5,2770,8642,2.0,0,0,4,2770,0,1987,,Bellevue,98007,0,1987,27,27,327.6173285198556
2014-06-04,427500.0,4.0,2.5,2460,5091,2.0,0,0,3,2460,0,2003,,Renton,98058,0,2003,11,11,173.78048780487805
2014-06-04,860000.0,3.0,3.25,4720,32467,2.0,0,2,3,3190,1530,1998,,Renton,98059,0,1998,16,16,182.20338983050848
2014-06-04,365000.0,2.0,1.0,1250,8100,1.0,0,0,4,1250,0,1947,,Seattle,98125,0,1947,67,67,292.0
2014-06-04,250500.0,3.0,2.0,1710,7225,2.0,0,0,4,1710,0,1988,,Federal Way,98023,0,1988,26,26,146.49122807017545
2014-06-04,411715.0,3.0,1.75,1840,5101,1.0,0,0,5,1040,800,1952,,Seattle,98108,0,1952,62,62,223.75815217391303
2014-06-04,415000.0,4.0,2.5,2000,5962,2.0,0,0,3,2000,0,1999,,Shoreline,98133,0,1999,15,15,207.5
2014-06-04,129000.0,1.0,1.0,650,15364,1.0,0,0,4,650,0,1967,,Kent,98042,0,1967,47,47,198.46153846153845
2014-06-04,489000.0,3.0,1.5,1020,9072,1.0,0,0,3,920,100,1930,,Seattle,98115,0,1930,84,84,479.4117647058824
2014-06-04,170000.0,2.0,1.0,1500,18540,1.0,0,0,3,1500,0,1950,,Tukwila,98168,0,1950,64,64,113.33333333333333
2014-06-04,418500.0,3.0,2.5,2060,4399,2.0,0,0,3,2060,0,2007,,Snoqualmie,98065,0,2007,7,7,203.15533980582524
2014-06-04,261000.0,3.0,1.5,1810,29308,1.0,0,0,3,950,860,1983,,Covington,98042,0,1983,31,31,144.1988950276243
2014-06-04,2005000.0,6.0,4.5,3810,28176,1.0,0,4,5,3810,0,1969,,Shoreline,98177,0,1969,45,45,526.2467191601049
2014-06-04,355000.0,2.0,1.75,1650,4000,1.0,0,0,4,950,700,1947,,Seattle,98108,0,1947,67,67,215.15151515151516
2014-06-04,742000.0,3.0,3.25,1540,704,3.0,0,0,3,1540,0,2011,,Seattle,98122,0,2011,3,3,481.8181818181818
2014-06-04,399950.0,3.0,1.5,2080,5244,1.0,0,0,3,1190,890,1959,,Seattle,98125,0,1959,55,55,192.28365384615384
2014-06-04,791000.0,3.0,2.25,2430,5500,2.0,0,0,3,1810,620,1989,,Kirkland,98033,0,1989,25,25,325.51440329218104
2014-06-04,190000.0,5.0,2.0,1750,10284,1.0,0,0,4,1750,0,1943,,Renton,98056,0,1943,71,71,108.57142857142857
2014-06-04,229500.0,3.0,1.75,1770,33224,1.0,0,0,4,1770,0,1968,,Auburn,98092,0,1968,46,46,129.66101694915255
2014-06-04,539000.0,3.0,2.5,1710,2300,2.0,0,0,3,1570,140,2005,,Redmond,98052,0,2005,9,9,315.2046783625731
2014-06-04,549000.0,4.0,2.25,2740,88426,2.0,0,0,3,2740,0,1991,,Issaquah,98027,0,1991,23,23,200.36496350364965
2014-06-04,545000.0,5.0,2.5,2730,17240,1.0,0,0,5,1660,1070,1958,,Kenmore,98028,0,1958,56,56,199.63369963369962
2014-06-04,285000.0,3.0,2.5,2437,5136,2.0,0,0,3,2437,0,2011,,Auburn,98002,0,2011,3,3,116.9470660648338
2014-06-04,648000.0,4.0,2.5,3290,6203,2.0,0,0,3,3290,0,2008,,Snoqualmie,98065,0,2008,6,6,196.96048632218844
2014-06-04,610000.0,4.0,3.5,2910,5260,2.0,0,0,3,2910,0,2012,,Snoqualmie,98065,0,2012,2,2,209.62199312714776
2014-06-04,767450.0,3.0,2.0,1630,7599,1.0,0,0,3,1630,0,2006,,Seattle,98117,0,2006,8,8,470.8282208588957
2014-06-04,765000.0,4.0,3.0,4410,5104,2.0,0,0,3,3400,1010,2006,,Snoqualmie,98065,0,2006,8,8,173.46938775510205
2014-06-04,586500.0,3.0,2.5,1780,1487,3.0,0,0,3,1600,180,2006,,Seattle,98103,0,2006,8,8,329.4943820224719
2014-06-04,520000.0,3.0,3.25,1540,1487,2.0,0,0,3,1540,0,2011,,Issaquah,98029,0,2011,3,3,337.6623376623377
2014-06-04,455000.0,3.0,1.75,1420,1189,3.0,0,0,3,1420,0,2006,,Seattle,98103,0,2006,8,8,320.4225352112676
2014-06-05,653000.0,3.0,2.5,2680,9750,1.0,0,0,4,1610,1070,1979,,Kirkland,98034,0,1979,35,35,243.65671641791045
2014-06-05,279950.0,3.0,2.0,1750,9750,1.0,0,0,3,1350,400,1961,,Des Moines,98198,0,1961,53,53,159.97142857142856
2014-06-05,449950.0,3.0,2.5,2170,4912,2.0,0,0,3,2170,0,2003,,Kenmore,98028,0,2003,11,11,207.35023041474653
2014-06-05,565000.0,3.0,2.75,2390,9966,1.0,0,0,5,1360,1030,1977,,Bellevue,98006,0,1977,37,37,236.40167364016736
2014-06-05,620000.0,4.0,2.25,2400,5350,1.5,0,0,4,1460,940,1929,,Seattle,98117,0,1929,85,85,258.3333333333333
2014-06-05,269000.0,3.0,1.0,1690,4250,1.0,0,0,3,1020,670,1967,,Seattle,98178,0,1967,47,47,159.1715976331361
2014-06-05,875000.0,3.0,3.5,3250,6000,2.0,0,0,3,2500,750,2001,,Seattle,98136,0,2001,13,13,269.2307692307692
2014-06-05,630000.0,4.0,3.75,4610,40202,1.0,0,0,4,2500,2110,1980,,Issaquah,98027,0,1980,34,34,136.65943600867678
2014-06-05,425000.0,4.0,2.75,2440,15349,2.0,0,1,4,2440,0,1957,,Des Moines,98198,0,1957,57,57,174.18032786885246
2014-06-05,647500.0,3.0,1.75,1290,3870,1.0,0,0,5,1290,0,1916,,Seattle,98144,0,1916,98,98,501.93798449612405
2014-06-05,450000.0,4.0,1.0,2000,4676,1.5,0,0,3,1250,750,1916,1986.0,Seattle,98118,1,1986,98,28,225.0
2014-06-05,440000.0,3.0,1.0,1050,7500,1.0,0,0,3,1050,0,1900,,Seattle,98136,0,1900,114,114,419.04761904761904
2014-06-05,445000.0,4.0,2.5,2340,3784,2.0,0,0,3,2340,0,2008,,Seattle,98106,0,2008,6,6,190.17094017094018
2014-06-05,530000.0,4.0,2.25,2210,7665,2.0,0,0,4,2210,0,1968,,Bellevue,98006,0,1968,46,46,239.81900452488688
2014-06-05,875000.0,5.0,2.5,2920,5568,2.0,0,0,3,2320,600,1906,,Seattle,98112,0,1906,108,108,299.6575342465753
2014-06-05,685000.0,3.0,2.75,3150,219978,2.0,0,0,4,3000,150,1990,,Preston,98050,0,1990,24,24,217.46031746031747
2014-06-05,798000.0,3.0,3.5,3590,6402,2.0,0,0,3,3590,0,1999,,Sammamish,98074,0,1999,15,15,222.2841225626741
2014-06-05,297500.0,4.0,2.5,1910,5000,2.0,0,0,3,1910,0,2005,,Maple Valley,98038,0,2005,9,9,155.7591623036649
2014-06-05,749950.0,4.0,2.75,3110,35235,2.0,0,0,4,3110,0,1983,,Woodinville,98072,0,1983,31,31,241.14147909967846
2014-06-05,495000.0,5.0,3.0,2440,4750,1.0,0,0,3,1450,990,2006,,Seattle,98108,0,2006,8,8,202.86885245901638
2014-06-05,540000.0,4.0,2.25,1330,8400,1.5,0,0,3,1330,0,1962,,Bellevue,98005,0,1962,52,52,406.01503759398497
2014-06-05,395000.0,3.0,1.75,1460,22651,1.0,0,0,4,1460,0,1961,,Issaquah,98027,0,1961,53,53,270.54794520547944
2014-06-05,1300000.0,6.0,4.5,3902,3880,3.0,0,4,4,2782,1120,1977,,Seattle,98116,0,1977,37,37,333.1624807790877
2014-06-05,1075000.0,5.0,4.75,5180,17811,2.0,0,2,3,4070,1110,2001,,Snoqualmie,98065,0,2001,13,13,207.52895752895753
2014-06-05,214100.0,2.0,2.5,1150,2064,2.0,0,0,3,1150,0,2004,,Auburn,98001,0,2004,10,10,186.17391304347825
2014-06-05,210000.0,4.0,1.5,1920,10403,1.0,0,0,3,1370,550,1959,,Federal Way,98023,0,1959,55,55,109.375
2014-06-05,499500.0,3.0,2.5,2520,53143,1.5,0,0,3,2520,0,1988,,Duvall,98019,0,1988,26,26,198.21428571428572
2014-06-05,546000.0,2.0,1.0,970,3400,1.0,0,0,3,970,0,1924,,Seattle,98109,0,1924,90,90,562.8865979381443
2014-06-05,292000.0,5.0,2.5,2490,7666,1.0,0,0,4,1490,1000,1989,,Kent,98031,0,1989,25,25,117.26907630522088
2014-06-05,289000.0,3.0,2.0,1680,8424,1.0,0,0,3,1680,0,1993,,Enumclaw,98022,0,1993,21,21,172.02380952380952
2014-06-05,240000.0,3.0,1.0,1150,4825,1.0,0,0,4,1150,0,1957,,Issaquah,98027,0,1957,57,57,208.69565217391303
2014-06-05,395000.0,4.0,3.0,1980,7931,1.0,0,0,4,1160,820,1983,,Shoreline,98133,0,1983,31,31,199.4949494949495
2014-06-05,795000.0,4.0,2.25,2070,13084,1.0,0,0,4,1700,370,1967,,Mercer Island,98040,0,1967,47,47,384.05797101449275
2014-06-05,955000.0,4.0,4.25,5660,193593,2.0,0,0,3,4100,1560,2001,,Duvall,98019,0,2001,13,13,168.72791519434628
2014-06-05,725000.0,4.0,2.75,2420,10962,1.0,0,0,3,1530,890,1977,,Bellevue,98007,0,1977,37,37,299.58677685950414
2014-06-05,335000.0,4.0,2.5,2610,4781,2.0,0,0,3,2610,0,2009,,Auburn,98001,0,2009,5,5,128.35249042145594
2014-06-05,492000.0,4.0,3.75,2810,10840,2.0,0,2,4,2070,740,1994,,North Bend,98045,0,1994,20,20,175.08896797153025
2014-06-05,250000.0,3.0,2.5,1510,10384,1.0,0,0,2,1030,480,1976,,Woodinville,98077,0,1976,38,38,165.56291390728478
2014-06-05,700000.0,3.0,1.75,1910,4800,1.0,0,0,3,1080,830,1959,,Seattle,98103,0,1959,55,55,366.4921465968586
2014-06-05,545000.0,3.0,1.75,1700,51649,1.5,0,0,5,1700,0,1931,,Renton,98059,0,1931,83,83,320.5882352941176
2014-06-05,555000.0,4.0,2.75,2020,10720,1.0,0,0,4,1420,600,1976,,Redmond,98052,0,1976,38,38,274.7524752475247
2014-06-05,640000.0,3.0,1.75,2340,4206,1.0,0,0,5,1170,1170,1917,,Seattle,98144,0,1917,97,97,273.5042735042735
2014-06-05,390000.0,3.0,2.0,1463,868,3.0,0,0,3,1463,0,2003,,Seattle,98115,0,2003,11,11,266.57552973342445
2014-06-05,466500.0,3.0,1.0,1430,3840,1.0,0,0,3,950,480,1945,,Seattle,98117,0,1945,69,69,326.2237762237762
2014-06-05,372500.0,3.0,1.5,1180,12324,1.0,0,0,3,800,380,1981,,Sammamish,98074,0,1981,33,33,315.6779661016949
2014-06-05,1800000.0,5.0,4.5,4400,15580,2.0,0,0,3,3390,1010,2003,,Bellevue,98004,0,2003,11,11,409.09090909090907
2014-06-05,255000.0,3.0,2.5,1610,6176,2.0,0,0,3,1610,0,1994,,Kent,98030,0,1994,20,20,158.38509316770185
2014-06-05,466800.0,3.0,2.5,1480,14250,2.0,0,0,3,1480,0,1996,,Kirkland,98033,0,1996,18,18,315.4054054054054
2014-06-05,749000.0,3.0,2.5,2670,10338,2.0,0,0,3,2670,0,1987,,Bellevue,98007,0,1987,27,27,280.5243445692884
2014-06-05,610000.0,4.0,1.75,1830,29110,2.0,0,0,3,1230,600,1990,,Mercer Island,98040,0,1990,24,24,333.3333333333333
2014-06-05,356000.0,2.0,1.0,920,4095,1.0,0,0,4,920,0,1914,,Seattle,98118,0,1914,100,100,386.95652173913044
2014-06-05,165000.0,3.0,1.0,1150,19200,1.0,0,0,4,1150,0,1908,,Auburn,98001,0,1908,106,106,143.47826086956522
2014-06-05,229000.0,2.0,1.0,1190,7408,1.0,0,0,3,830,360,1941,,Seattle,98168,0,1941,73,73,192.43697478991598
2014-06-05,530000.0,4.0,3.25,4160,35654,2.0,0,0,3,2760,1400,1973,,Issaquah,98027,0,1973,41,41,127.40384615384616
2014-06-05,499950.0,3.0,2.5,2370,12753,2.0,0,0,3,2370,0,2001,,Duvall,98019,0,2001,13,13,210.9493670886076
2014-06-05,619000.0,4.0,1.75,1660,3800,1.5,0,0,3,1660,0,1926,,Seattle,98115,0,1926,88,88,372.89156626506025
2014-06-05,547000.0,3.0,2.5,1480,8381,1.0,0,0,4,1480,0,1968,,Seattle,98125,0,1968,46,46,369.5945945945946
2014-06-05,359800.0,4.0,2.5,2390,6426,2.0,0,0,3,2390,0,1999,,Auburn,98092,0,1999,15,15,150.5439330543933
2014-06-05,499000.0,3.0,3.5,1690,1432,2.0,0,0,3,1360,330,2008,,Seattle,98199,0,2008,6,6,295.26627218934914
2014-06-05,189000.0,3.0,1.0,1010,7560,1.0,0,0,3,1010,0,1958,,Renton,98058,0,1958,56,56,187.12871287128712
2014-06-05,799000.0,4.0,3.5,3500,8547,2.0,0,0,3,2500,1000,1994,,Bellevue,98006,0,1994,20,20,228.28571428571428
2014-06-05,257000.0,4.0,2.75,2330,7642,1.0,0,0,3,1800,530,1990,,Federal Way,98023,0,1990,24,24,110.30042918454936
2014-06-05,270000.0,3.0,1.5,1890,9450,1.0,0,0,3,1090,800,1957,,Burien,98146,0,1957,57,57,142.85714285714286
2014-06-05,453500.0,4.0,1.75,2000,6032,1.0,0,2,3,1300,700,1959,,Seattle,98146,0,1959,55,55,226.75
2014-06-05,237000.0,3.0,1.0,1130,10650,1.0,0,0,3,1130,0,1954,,SeaTac,98188,0,1954,60,60,209.73451327433628
2014-06-05,456000.0,4.0,1.75,1670,9886,1.0,0,0,5,1670,0,1947,,Seattle,98125,0,1947,67,67,273.05389221556885
2014-06-05,355500.0,3.0,2.5,2600,5540,2.0,0,0,3,2600,0,2004,,Maple Valley,98038,0,2004,10,10,136.73076923076923
2014-06-05,299950.0,4.0,1.75,1560,31299,1.0,0,0,4,1560,0,1965,,Auburn,98092,0,1965,49,49,192.27564102564102
2014-06-05,335000.0,3.0,2.0,1170,5360,1.0,0,0,3,1170,0,1919,,Seattle,98106,0,1919,95,95,286.3247863247863
2014-06-05,268500.0,4.0,2.5,2100,4237,2.0,0,0,3,2100,0,2006,,Kent,98031,0,2006,8,8,127.85714285714286
2014-06-05,385000.0,3.0,2.25,1710,11500,1.0,0,0,3,1210,500,1978,,Kenmore,98028,0,1978,36,36,225.14619883040936
2014-06-05,376000.0,4.0,2.75,2420,5773,2.0,0,0,3,2420,0,2005,,Maple Valley,98038,0,2005,9,9,155.37190082644628
2014-06-05,605004.0,4.0,2.0,1370,4000,2.0,0,0,3,1370,0,1951,1994.0,Seattle,98199,1,1994,63,20,441.6087591240876
2014-06-05,886000.0,4.0,2.0,2660,3900,1.5,0,0,4,1480,1180,1923,,Seattle,98112,0,1923,91,91,333.0827067669173
2014-06-05,560000.0,4.0,2.5,2260,3713,2.0,0,0,3,2260,0,2003,,Kirkland,98034,0,2003,11,11,247.78761061946904
2014-06-05,343000.0,4.0,2.5,2070,4500,2.0,0,0,3,2070,0,2004,,Maple Valley,98038,0,2004,10,10,165.70048309178745
2014-06-05,1415000.0,4.0,5.25,4670,43950,2.0,0,0,3,4670,0,1989,,Bellevue,98006,0,1989,25,25,302.9978586723769
2014-06-05,270000.0,3.0,1.0,1500,13500,1.0,0,0,4,1500,0,1968,,Renton,98059,0,1968,46,46,180.0
2014-06-05,411605.0,4.0,2.5,2658,3960,2.0,0,0,3,2658,0,2014,,Auburn,98092,0,2014,0,0,154.85515425131678
2014-06-05,550000.0,4.0,2.5,2700,5150,2.0,0,0,3,2700,0,2007,,Renton,98059,0,2007,7,7,203.7037037037037
2014-06-05,465000.0,3.0,2.25,1530,1245,2.0,0,0,3,1050,480,2014,,Seattle,98122,0,2014,0,0,303.921568627451
2014-06-05,584000.0,3.0,2.5,1480,1485,2.0,0,0,3,1280,200,2007,,Seattle,98102,0,2007,7,7,394.5945945945946
2014-06-05,275000.0,3.0,3.0,1390,1080,2.0,0,0,3,1140,250,2006,,Seattle,98118,0,2006,8,8,197.84172661870502
2014-06-05,324500.0,3.0,2.5,1660,3990,2.0,0,0,3,1660,0,2009,,Seattle,98118,0,2009,5,5,195.48192771084337
2014-06-05,700000.0,3.0,2.5,2050,4185,2.0,0,0,3,2050,0,2011,,Seattle,98117,0,2011,3,3,341.4634146341463
2014-06-06,385200.0,4.0,1.0,1550,7740,1.5,0,0,3,1550,0,1954,,Seattle,98126,0,1954,60,60,248.51612903225808
2014-06-06,270000.0,4.0,2.25,1900,8600,1.0,0,0,4,1900,0,1975,,Federal Way,98023,0,1975,39,39,142.10526315789474
2014-06-06,735000.0,4.0,2.5,2820,6180,2.0,0,0,3,2050,770,2013,,Seattle,98118,0,2013,1,1,260.63829787234044
2014-06-06,389250.0,2.0,1.5,1490,4080,1.0,0,0,3,930,560,1956,,Seattle,98126,0,1956,58,58,261.241610738255
2014-06-06,315000.0,3.0,1.5,1750,12500,1.0,0,0,3,1150,600,1954,,Fall City,98024,0,1954,60,60,180.0
2014-06-06,545000.0,4.0,2.5,2040,6034,2.0,0,0,3,2040,0,1990,,Seattle,98115,0,1990,24,24,267.15686274509807
2014-06-06,550000.0,3.0,1.5,1900,5000,1.5,0,0,3,1640,260,1926,,Seattle,98115,0,1926,88,88,289.4736842105263
2014-06-06,415000.0,3.0,1.75,1910,12596,1.0,0,0,3,1340,570,1977,,Woodinville,98072,0,1977,37,37,217.27748691099475
2014-06-06,387500.0,3.0,1.0,1560,14333,1.0,0,0,4,1560,0,1953,,Normandy Park,98166,0,1953,61,61,248.39743589743588
2014-06-06,432000.0,3.0,1.75,1470,6250,1.0,0,3,4,1070,400,1939,,Lake Forest Park,98155,0,1939,75,75,293.8775510204082
2014-06-06,402000.0,3.0,2.5,2700,9994,1.0,0,3,4,1350,1350,1959,,Des Moines,98198,0,1959,55,55,148.88888888888889
2014-06-06,1035000.0,4.0,3.25,3450,11240,2.0,0,3,4,2430,1020,1960,2001.0,Burien,98166,1,2001,54,13,300.0
2014-06-06,294700.0,3.0,2.0,1970,9600,1.0,0,0,4,1300,670,1967,,Federal Way,98003,0,1967,47,47,149.59390862944161
2014-06-06,744000.0,3.0,2.5,2670,12187,2.0,0,0,3,2670,0,1986,,Redmond,98052,0,1986,28,28,278.65168539325845
2014-06-06,715000.0,3.0,2.5,2550,13458,2.0,0,0,3,2550,0,1990,,Bellevue,98006,0,1990,24,24,280.3921568627451
2014-06-06,500000.0,4.0,1.0,1720,4011,1.5,0,0,4,1720,0,1904,,Seattle,98107,0,1904,110,110,290.69767441860466
2014-06-06,1300000.0,4.0,4.0,4270,6002,2.0,0,3,3,3180,1090,2004,,Issaquah,98029,0,2004,10,10,304.4496487119438
2014-06-06,1150000.0,3.0,1.5,2170,16600,1.0,1,2,3,1130,1040,1979,,Redmond,98052,0,1979,35,35,529.9539170506912
2014-06-06,650000.0,4.0,2.5,2840,9354,2.0,0,0,3,2840,0,1990,,Sammamish,98074,0,1990,24,24,228.8732394366197
2014-06-06,435000.0,4.0,2.75,3270,50994,2.0,0,0,4,2720,550,1983,,Kent,98042,0,1983,31,31,133.0275229357798
2014-06-06,510000.0,3.0,1.75,1480,7040,1.0,0,0,3,1480,0,1974,,Kirkland,98033,0,1974,40,40,344.5945945945946
2014-06-06,525000.0,5.0,2.75,2440,8000,1.0,0,0,4,1240,1200,1972,,Kirkland,98034,0,1972,42,42,215.1639344262295
2014-06-06,920000.0,4.0,2.75,2880,5750,1.5,0,0,5,1710,1170,1928,,Seattle,98116,0,1928,86,86,319.44444444444446
2014-06-06,200000.0,2.0,1.0,1730,9610,1.0,0,0,3,1380,350,1962,,Auburn,98001,0,1962,52,52,115.60693641618496
2014-06-06,435000.0,2.0,1.0,1260,4080,1.5,0,0,5,1260,0,1926,,Seattle,98115,0,1926,88,88,345.23809523809524
2014-06-06,809950.0,4.0,2.0,2230,9900,1.5,0,0,5,2230,0,1959,,Bellevue,98005,0,1959,55,55,363.2062780269058
2014-06-06,1370000.0,2.0,2.25,2460,16940,1.5,0,4,4,1930,530,1936,,Seattle,98117,0,1936,78,78,556.910569105691
2014-06-06,455000.0,4.0,1.75,2050,94525,1.0,0,0,4,1250,800,1959,,Renton,98058,0,1959,55,55,221.9512195121951
2014-06-06,471000.0,3.0,2.5,2030,2805,2.0,0,0,3,1720,310,2001,,Issaquah,98027,0,2001,13,13,232.01970443349754
2014-06-06,253500.0,2.0,1.0,810,4800,1.0,0,0,3,810,0,1948,,Seattle,98126,0,1948,66,66,312.962962962963
2014-06-06,185000.0,3.0,1.0,1840,8100,1.0,0,0,4,920,920,1953,,Burien,98166,0,1953,61,61,100.54347826086956
2014-06-06,535500.0,3.0,1.5,1730,40250,2.0,0,0,4,1730,0,1983,,Woodinville,98072,0,1983,31,31,309.53757225433526
2014-06-06,835000.0,2.0,2.0,2280,6815,1.0,0,0,3,2280,0,2002,,Redmond,98053,0,2002,12,12,366.2280701754386
2014-06-06,589500.0,4.0,2.5,2630,6326,2.0,0,0,3,2630,0,2008,,Snoqualmie,98065,0,2008,6,6,224.14448669201522
2014-06-06,680000.0,3.0,2.25,2270,23900,1.0,0,0,3,1820,450,1975,,Shoreline,98177,0,1975,39,39,299.5594713656388
2014-06-06,360000.0,3.0,1.75,1020,7020,1.5,0,0,4,1020,0,1953,,Shoreline,98155,0,1953,61,61,352.94117647058823
2014-06-06,595000.0,4.0,2.5,1990,2175,2.0,0,0,3,1680,310,2005,,Seattle,98107,0,2005,9,9,298.99497487437185
2014-06-06,300000.0,4.0,2.5,2680,15508,2.0,0,0,3,2680,0,1999,,Federal Way,98023,0,1999,15,15,111.94029850746269
2014-06-06,660000.0,3.0,1.75,1980,3300,1.5,0,0,4,1140,840,1926,,Seattle,98115,0,1926,88,88,333.3333333333333
2014-06-06,570000.0,3.0,2.5,2400,6975,2.0,0,0,3,2400,0,1993,,Newcastle,98056,0,1993,21,21,237.5
2014-06-06,285000.0,2.0,1.0,780,5000,1.0,0,0,4,780,0,1943,,Seattle,98146,0,1943,71,71,365.38461538461536
2014-06-06,435000.0,3.0,2.0,980,5000,1.0,0,0,3,980,0,1940,,Seattle,98144,0,1940,74,74,443.8775510204082
2014-06-06,160000.0,3.0,1.0,1210,103237,1.0,0,0,2,1210,0,1918,1960.0,Vashon,98070,1,1960,96,54,132.23140495867767
2014-06-06,805000.0,5.0,2.5,4600,19831,1.0,0,3,3,2300,2300,1956,2013.0,Shoreline,98177,1,2013,58,1,175.0
2014-06-06,450000.0,3.0,2.5,1480,1961,2.0,0,0,3,1480,0,2005,,Issaquah,98029,0,2005,9,9,304.05405405405406
2014-06-06,510000.0,4.0,1.5,1320,14250,1.0,0,0,4,1320,0,1954,,Kirkland,98033,0,1954,60,60,386.3636363636364
2014-06-06,1120000.0,5.0,2.75,4400,18500,1.0,0,3,5,2250,2150,1963,,Kenmore,98028,0,1963,51,51,254.54545454545453
2014-06-06,1280000.0,4.0,3.5,3010,3600,2.0,0,0,3,2370,640,1999,,Seattle,98112,0,1999,15,15,425.24916943521595
2014-06-06,539000.0,3.0,2.0,2260,9568,1.0,0,0,3,1780,480,1985,,Sammamish,98074,0,1985,29,29,238.49557522123894
2014-06-06,407193.0,4.0,2.0,1880,14653,2.0,0,0,3,1880,0,1978,,Carnation,98014,0,1978,36,36,216.59202127659574
2014-06-06,320000.0,3.0,1.75,1370,9900,1.0,0,0,4,1370,0,1983,,Milton,98354,0,1983,31,31,233.57664233576642
2014-06-06,739000.0,4.0,3.0,2720,3800,2.0,0,0,5,1800,920,1919,,Seattle,98115,0,1919,95,95,271.69117647058823
2014-06-06,452000.0,2.0,1.75,1740,5400,1.0,0,0,4,990,750,1946,,Seattle,98115,0,1946,68,68,259.7701149425287
2014-06-06,600000.0,4.0,2.5,2560,5593,2.0,0,0,3,2560,0,2001,,Redmond,98053,0,2001,13,13,234.375
2014-06-06,279000.0,5.0,2.5,2690,5557,2.0,0,0,3,2690,0,2012,,Seattle,98178,0,2012,2,2,103.71747211895911
2014-06-06,895000.0,4.0,3.0,3240,5562,2.0,0,0,3,3240,0,2013,,Sammamish,98075,0,2013,1,1,276.2345679012346
2014-06-06,585000.0,4.0,2.5,2430,4747,2.0,0,0,3,2430,0,2008,,Issaquah,98027,0,2008,6,6,240.74074074074073
2014-06-06,405000.0,2.0,2.0,1405,1073,2.0,0,0,3,1140,265,2007,,Seattle,98122,0,2007,7,7,288.2562277580071
2014-06-06,837219.0,5.0,2.75,3030,7679,2.0,0,0,3,3030,0,2014,,Sammamish,98075,0,2014,0,0,276.30990099009904
2014-06-06,969990.0,4.0,2.5,4150,8436,2.0,0,0,3,4150,0,2014,,Sammamish,98075,0,2014,0,0,233.73253012048193
2014-06-07,490000.0,3.0,3.0,1730,2940,3.0,0,0,3,1730,0,1985,,Seattle,98117,0,1985,29,29,283.2369942196532
2014-06-07,611000.0,6.0,2.5,3820,53173,1.0,0,0,4,2040,1780,1974,,Issaquah,98027,0,1974,40,40,159.9476439790576
2014-06-07,462000.0,4.0,2.5,3070,6432,2.0,0,0,3,3070,0,2006,,Renton,98055,0,2006,8,8,150.4885993485342
2014-06-08,540000.0,4.0,2.5,1780,4169,2.0,0,0,3,1780,0,1994,,Issaquah,98029,0,1994,20,20,303.3707865168539
2014-06-08,260000.0,4.0,2.5,1811,4381,2.0,0,0,3,1811,0,2007,,Renton,98055,0,2007,7,7,143.5670900055218
2014-06-08,510000.0,4.0,2.25,2450,62290,2.0,0,0,3,2450,0,1976,,Woodinville,98077,0,1976,38,38,208.16326530612244
2014-06-08,567500.0,3.0,2.5,2300,7398,2.0,0,0,3,2300,0,2001,,Snoqualmie,98065,0,2001,13,13,246.7391304347826
2014-06-08,445000.0,2.0,1.0,1440,3225,1.0,0,0,3,960,480,1915,,Seattle,98103,0,1915,99,99,309.02777777777777
2014-06-08,684680.0,4.0,2.25,2370,9360,2.0,0,0,4,2370,0,1979,,Redmond,98052,0,1979,35,35,288.8945147679325
2014-06-08,2700000.0,4.0,3.25,4420,7850,2.0,1,4,3,3150,1270,2001,,Bellevue,98008,0,2001,13,13,610.8597285067873
2014-06-08,455000.0,3.0,1.0,1300,3550,1.5,0,0,3,1300,0,1927,,Seattle,98105,0,1927,87,87,350.0
2014-06-08,540000.0,5.0,3.0,2870,4369,2.0,0,0,3,2090,780,2007,,Bothell,98011,0,2007,7,7,188.15331010452962
2014-06-08,530000.0,3.0,2.75,3400,7200,2.0,0,2,3,2470,930,2009,,Renton,98056,0,2009,5,5,155.88235294117646
2014-06-09,410000.0,3.0,1.0,1410,5060,1.0,0,0,4,910,500,1956,,Seattle,98133,0,1956,58,58,290.78014184397165
2014-06-09,450000.0,3.0,1.75,1640,13500,1.0,0,0,3,1110,530,1940,,Seattle,98125,0,1940,74,74,274.390243902439
2014-06-09,609900.0,4.0,2.5,3190,7399,2.0,0,0,3,3190,0,2006,,Maple Valley,98038,0,2006,8,8,191.19122257053291
2014-06-09,648000.0,4.0,2.5,2380,13435,2.0,0,0,3,2380,0,1992,,Issaquah,98075,0,1992,22,22,272.2689075630252
2014-06-09,550000.0,3.0,2.5,2260,4165,2.0,0,0,3,2260,0,2005,,Sammamish,98075,0,2005,9,9,243.36283185840708
2014-06-09,347000.0,3.0,1.75,1240,8050,1.0,0,0,4,1240,0,1978,,Sammamish,98074,0,1978,36,36,279.83870967741933
2014-06-09,1635000.0,5.0,3.5,4220,26784,1.0,0,0,3,2110,2110,1958,2006.0,Bellevue,98004,1,2006,56,8,387.4407582938389
2014-06-09,1339000.0,4.0,2.5,4250,19387,2.0,0,2,4,3260,990,1972,,Mercer Island,98040,0,1972,42,42,315.05882352941177
2014-06-09,288350.0,3.0,1.5,1860,7963,1.0,0,0,3,1200,660,1963,,Tukwila,98188,0,1963,51,51,155.0268817204301
2014-06-09,1150000.0,3.0,2.5,2850,10474,1.0,0,0,4,1730,1120,1954,,Bellevue,98004,0,1954,60,60,403.50877192982455
2014-06-09,525000.0,3.0,3.0,2470,36445,2.0,0,0,4,2470,0,1980,,Issaquah,98027,0,1980,34,34,212.5506072874494
2014-06-09,250250.0,3.0,2.25,2210,8000,2.0,0,0,4,2210,0,1969,,Federal Way,98023,0,1969,45,45,113.23529411764706
2014-06-09,341000.0,4.0,1.75,1920,7665,1.0,0,0,4,1500,420,1975,,Renton,98058,0,1975,39,39,177.60416666666666
2014-06-09,700000.0,4.0,3.0,3150,7778,2.0,0,0,3,3150,0,2000,,Sammamish,98075,0,2000,14,14,222.22222222222223
2014-06-09,390000.0,4.0,1.75,2700,7875,1.5,0,0,4,2700,0,1968,,Renton,98058,0,1968,46,46,144.44444444444446
2014-06-09,539950.0,3.0,2.25,2190,7149,1.0,0,1,4,1240,950,1963,,Renton,98056,0,1963,51,51,246.55251141552512
2014-06-09,552000.0,2.0,2.5,1380,951,3.0,0,0,3,1380,0,2006,,Seattle,98103,0,2006,8,8,400.0
2014-06-09,250000.0,5.0,1.5,2520,5753,1.5,0,0,4,1510,1010,1928,,Enumclaw,98022,0,1928,86,86,99.2063492063492
2014-06-09,502000.0,3.0,1.75,1300,8800,1.0,0,0,4,1300,0,1963,,Bellevue,98008,0,1963,51,51,386.15384615384613
2014-06-09,480000.0,4.0,1.75,2220,6500,2.0,0,3,4,2220,0,1964,,Burien,98166,0,1964,50,50,216.21621621621622
2014-06-09,378500.0,2.0,1.0,730,7528,1.0,0,0,3,730,0,1946,,Seattle,98115,0,1946,68,68,518.4931506849315
2014-06-09,1350000.0,4.0,3.25,3300,15907,2.0,0,0,5,3300,0,1985,,Mercer Island,98040,0,1985,29,29,409.09090909090907
2014-06-09,1900000.0,4.0,3.25,4130,112521,2.0,0,0,3,4130,0,1978,,Bellevue,98005,0,1978,36,36,460.0484261501211
2014-06-09,605000.0,3.0,2.5,2670,47480,2.0,0,3,3,2670,0,1981,,Woodinville,98072,0,1981,33,33,226.59176029962546
2014-06-09,307550.0,4.0,2.5,1980,5909,2.0,0,0,3,1980,0,2003,,Kent,98031,0,2003,11,11,155.32828282828282
2014-06-09,304700.0,2.0,1.0,740,5995,1.0,0,0,4,740,0,1949,,Seattle,98133,0,1949,65,65,411.7567567567568
2014-06-09,568000.0,3.0,1.75,2050,3520,1.0,0,0,4,1070,980,1977,,Seattle,98136,0,1977,37,37,277.0731707317073
2014-06-09,385000.0,3.0,1.75,1230,7500,1.0,0,0,3,1230,0,1987,,Kirkland,98034,0,1987,27,27,313.0081300813008
2014-06-09,345000.0,3.0,2.5,1210,1420,3.0,0,0,3,1210,0,2008,,Seattle,98103,0,2008,6,6,285.12396694214874
2014-06-09,435000.0,3.0,2.25,1890,7200,1.0,0,0,4,1230,660,1973,,Seattle,98125,0,1973,41,41,230.15873015873015
2014-06-09,579000.0,2.0,2.0,1870,6275,1.0,0,0,3,1870,0,2003,,Redmond,98053,0,2003,11,11,309.62566844919786
2014-06-09,236000.0,3.0,1.75,1330,6301,1.0,0,0,3,1330,0,1998,,Auburn,98002,0,1998,16,16,177.4436090225564
2014-06-09,305100.0,3.0,2.0,1590,35988,1.0,0,0,4,1590,0,1974,,Renton,98058,0,1974,40,40,191.88679245283018
2014-06-09,368000.0,3.0,1.75,1710,10800,1.0,0,0,4,1710,0,1958,,Kenmore,98028,0,1958,56,56,215.2046783625731
2014-06-09,255000.0,2.0,1.0,1200,9000,1.0,0,2,5,1200,0,1917,,Des Moines,98198,0,1917,97,97,212.5
2014-06-09,400000.0,2.0,1.0,1140,5100,1.0,0,0,3,1140,0,1942,,Seattle,98136,0,1942,72,72,350.87719298245617
2014-06-09,440000.0,3.0,1.75,2240,8153,1.0,0,0,3,1120,1120,1948,,Seattle,98125,0,1948,66,66,196.42857142857142
2014-06-09,417000.0,2.0,1.0,920,6600,1.0,0,0,3,920,0,1919,2003.0,Seattle,98118,1,2003,95,11,453.2608695652174
2014-06-09,435000.0,2.0,1.0,800,5000,1.0,0,0,3,800,0,1906,,Seattle,98107,0,1906,108,108,543.75
2014-06-09,475000.0,4.0,2.75,1980,11443,1.0,0,0,5,1980,0,1952,,Lake Forest Park,98155,0,1952,62,62,239.8989898989899
2014-06-09,563500.0,4.0,2.5,2800,12831,2.0,0,0,3,2800,0,2001,,Duvall,98019,0,2001,13,13,201.25
2014-06-09,285000.0,3.0,2.25,1680,35127,2.0,0,0,3,1680,0,1987,,Auburn,98092,0,1987,27,27,169.64285714285714
2014-06-09,471000.0,4.0,2.5,2330,9928,2.0,0,0,3,2330,0,1998,,North Bend,98045,0,1998,16,16,202.1459227467811
2014-06-09,500000.0,4.0,1.75,2240,9886,1.5,0,0,4,2240,0,1965,,Bellevue,98008,0,1965,49,49,223.21428571428572
2014-06-09,640000.0,3.0,2.5,2140,8925,2.0,0,0,3,2140,0,1991,,Sammamish,98074,0,1991,23,23,299.06542056074767
2014-06-09,442500.0,4.0,2.5,2170,14024,2.0,0,0,3,2170,0,1992,,Duvall,98019,0,1992,22,22,203.91705069124424
2014-06-09,213400.0,3.0,1.5,1150,8686,1.0,0,0,4,1150,0,1963,,Renton,98055,0,1963,51,51,185.56521739130434
2014-06-09,831000.0,4.0,2.5,2030,3905,1.5,0,0,4,1630,400,1926,,Seattle,98103,0,1926,88,88,409.35960591133005
2014-06-09,325000.0,3.0,2.0,1350,11805,1.0,0,0,3,1350,0,1986,,Duvall,98019,0,1986,28,28,240.74074074074073
2014-06-09,425000.0,2.0,1.0,910,4635,1.0,0,0,4,910,0,1905,,Seattle,98107,0,1905,109,109,467.032967032967
2014-06-09,550000.0,4.0,2.5,2700,5100,1.0,0,0,4,1440,1260,1968,,Seattle,98136,0,1968,46,46,203.7037037037037
2014-06-09,599950.0,4.0,3.5,3730,15029,2.0,0,2,3,2440,1290,1991,,Kent,98042,0,1991,23,23,160.84450402144773
2014-06-09,1225000.0,4.0,2.5,2740,16007,2.0,0,0,3,2740,0,1984,,Medina,98039,0,1984,30,30,447.08029197080293
2014-06-09,750000.0,4.0,3.25,2050,5000,2.0,0,0,4,1370,680,1987,,Seattle,98112,0,1987,27,27,365.8536585365854
2014-06-09,290000.0,4.0,3.0,2390,4500,2.0,0,0,3,2390,0,1974,,Renton,98057,0,1974,40,40,121.33891213389121
2014-06-09,270000.0,4.0,2.75,1990,7252,1.0,0,0,3,1270,720,1999,,Auburn,98002,0,1999,15,15,135.678391959799
2014-06-09,229950.0,4.0,1.75,1300,21000,1.0,0,0,4,1300,0,1969,,Federal Way,98001,0,1969,45,45,176.8846153846154
2014-06-09,234999.0,3.0,1.0,1330,8912,1.0,0,0,3,1330,0,1948,,SeaTac,98188,0,1948,66,66,176.69097744360903
2014-06-09,265000.0,2.0,1.0,1000,31505,1.0,0,0,3,1000,0,1960,,Duvall,98019,0,1960,54,54,265.0
2014-06-09,367300.0,4.0,2.75,2190,14937,2.0,0,0,3,2190,0,1993,,Auburn,98001,0,1993,21,21,167.71689497716895
2014-06-09,550000.0,3.0,1.75,1380,3402,1.5,0,0,3,1380,0,1900,2000.0,Seattle,98122,1,2000,114,14,398.5507246376812
2014-06-09,743700.0,4.0,2.5,2610,33206,2.0,0,0,3,2610,0,1988,,Redmond,98053,0,1988,26,26,284.9425287356322
2014-06-09,352750.0,2.0,1.75,1060,1241,2.0,0,0,3,960,100,2008,,Seattle,98144,0,2008,6,6,332.7830188679245
2014-06-09,403950.0,2.0,1.0,710,1136,2.0,0,0,4,710,0,1943,,Seattle,98102,0,1943,71,71,568.943661971831
2014-06-09,980000.0,4.0,2.5,2730,4800,1.5,0,0,5,2230,500,1909,,Seattle,98119,0,1909,105,105,358.97435897435895
2014-06-09,585000.0,4.0,1.75,2470,131790,2.0,0,2,3,2470,0,1937,,Vashon,98070,0,1937,77,77,236.8421052631579
2014-06-09,554000.0,3.0,1.75,1760,10780,1.0,0,0,3,1760,0,1977,,Bellevue,98005,0,1977,37,37,314.77272727272725
2014-06-09,546000.0,3.0,2.5,1530,3464,2.0,0,0,3,1530,0,1998,,Bellevue,98007,0,1998,16,16,356.8627450980392
2014-06-09,280000.0,2.0,1.75,1610,158558,1.5,0,0,2,1610,0,1948,,Snoqualmie,98065,0,1948,66,66,173.91304347826087
2014-06-09,212500.0,2.0,2.0,1030,21712,1.0,0,0,4,1030,0,1938,,Seattle,98168,0,1938,76,76,206.3106796116505
2014-06-09,739000.0,4.0,2.5,2800,246114,2.0,0,0,3,2800,0,1999,,Carnation,98014,0,1999,15,15,263.92857142857144
2014-06-09,428000.0,3.0,2.0,1310,2550,1.0,0,0,3,780,530,1986,,Seattle,98103,0,1986,28,28,326.7175572519084
2014-06-09,965000.0,4.0,2.25,3160,34560,1.0,0,0,4,3160,0,1981,,Woodinville,98072,0,1981,33,33,305.37974683544303
2014-06-09,364900.0,3.0,3.0,2500,8304,2.0,0,0,3,2500,0,1997,,Kent,98031,0,1997,17,17,145.96
2014-06-09,559000.0,3.0,1.5,2070,5386,1.0,0,0,4,1140,930,1948,,Seattle,98117,0,1948,66,66,270.048309178744
2014-06-09,213000.0,4.0,1.75,1980,9000,1.0,0,0,2,1480,500,1978,,Federal Way,98023,0,1978,36,36,107.57575757575758
2014-06-09,620000.0,3.0,2.5,2590,7237,2.0,0,0,3,2590,0,2004,,Seattle,98125,0,2004,10,10,239.3822393822394
2014-06-09,240000.0,4.0,1.0,1910,16320,1.5,0,0,3,1910,0,1934,,Seattle,98106,0,1934,80,80,125.6544502617801
2014-06-09,852500.0,3.0,2.5,2630,10100,1.0,0,0,4,1580,1050,1967,,Bellevue,98006,0,1967,47,47,324.1444866920152
2014-06-09,600000.0,3.0,2.5,2630,77972,2.0,0,0,3,2630,0,2004,,Duvall,98019,0,2004,10,10,228.13688212927758
2014-06-09,410000.0,3.0,2.5,1960,4400,2.0,0,0,3,1960,0,2006,,Snoqualmie,98065,0,2006,8,8,209.18367346938774
2014-06-09,328000.0,3.0,1.75,1440,45302,2.0,0,0,3,1440,0,1977,,Duvall,98019,0,1977,37,37,227.77777777777777
2014-06-09,625000.0,3.0,1.75,2210,16200,1.0,0,0,3,1390,820,1958,,Bellevue,98005,0,1958,56,56,282.80542986425337
2014-06-09,649950.0,4.0,2.5,2350,63162,2.0,0,0,4,2350,0,1994,,Woodinville,98077,0,1994,20,20,276.5744680851064
2014-06-09,235000.0,3.0,1.0,1590,13000,1.5,0,0,3,1590,0,1944,,Burien,98166,0,1944,70,70,147.7987421383648
2014-06-09,489000.0,3.0,3.5,1500,1249,2.0,0,0,3,1240,260,2004,,Seattle,98107,0,2004,10,10,326.0
2014-06-09,536000.0,3.0,2.5,1900,6224,2.0,0,0,3,1900,0,2005,,Sammamish,98075,0,2005,9,9,282.10526315789474
2014-06-09,400000.0,4.0,3.5,2370,3692,2.5,0,0,3,2370,0,2013,,Renton,98056,0,2013,1,1,168.77637130801688
2014-06-09,398000.0,3.0,2.5,1720,1715,2.0,0,0,3,1240,480,2004,,Seattle,98136,0,2004,10,10,231.3953488372093
2014-06-09,379000.0,4.0,1.5,2020,7560,1.0,0,0,4,2020,0,1960,,Renton,98059,0,1960,54,54,187.62376237623764
2014-06-09,345000.0,2.0,1.5,1340,1210,2.0,0,0,3,1120,220,2008,,Seattle,98144,0,2008,6,6,257.46268656716416
2014-06-09,365000.0,3.0,2.5,1800,2700,2.0,0,0,3,1800,0,2011,,Seattle,98126,0,2011,3,3,202.77777777777777
2014-06-09,315000.0,3.0,2.5,1480,1590,2.0,0,0,3,1150,330,2010,,Seattle,98106,0,2010,4,4,212.83783783783784
2014-06-10,571000.0,4.0,2.0,2750,7807,1.5,0,0,5,2250,500,1916,,Seattle,98125,0,1916,98,98,207.63636363636363
2014-06-10,1025000.0,5.0,4.0,3760,28040,2.0,0,0,3,3760,0,1983,,Kirkland,98033,0,1983,31,31,272.6063829787234
2014-06-10,695000.0,3.0,2.75,2540,4694,2.0,0,0,3,2540,0,2005,,Sammamish,98074,0,2005,9,9,273.62204724409446
2014-06-10,225000.0,3.0,1.75,1760,26055,1.0,0,0,3,920,840,1979,,Covington,98042,0,1979,35,35,127.8409090909091
2014-06-10,740000.0,3.0,2.5,3000,25341,2.0,0,0,3,3000,0,1995,,Redmond,98053,0,1995,19,19,246.66666666666666
2014-06-10,315000.0,4.0,2.5,1930,9643,2.0,0,0,4,1930,0,1992,,Kent,98031,0,1992,22,22,163.21243523316062
2014-06-10,1230000.0,4.0,2.5,3040,7000,2.0,0,0,3,3040,0,2001,,Mercer Island,98040,0,2001,13,13,404.60526315789474
2014-06-10,420000.0,2.0,1.0,860,3880,1.0,0,0,4,860,0,1916,,Seattle,98117,0,1916,98,98,488.3720930232558
2014-06-10,310000.0,3.0,1.75,1420,7650,1.0,0,0,4,1100,320,1984,,Renton,98056,0,1984,30,30,218.30985915492957
2014-06-10,700000.0,3.0,2.0,2080,3880,1.0,0,0,5,1160,920,1954,,Seattle,98117,0,1954,60,60,336.53846153846155
2014-06-10,269000.0,3.0,2.5,1560,4200,2.0,0,0,3,1560,0,2003,,Maple Valley,98038,0,2003,11,11,172.43589743589743
2014-06-10,369990.0,4.0,2.5,1960,7133,2.0,0,0,3,1960,0,2002,,Renton,98056,0,2002,12,12,188.7704081632653
2014-06-10,800000.0,3.0,2.25,1620,4500,2.0,0,0,4,1620,0,1926,,Seattle,98119,0,1926,88,88,493.82716049382714
2014-06-10,569000.0,5.0,3.0,3670,10583,1.0,0,0,5,2060,1610,1952,,Lake Forest Park,98155,0,1952,62,62,155.0408719346049
2014-06-10,175000.0,6.0,1.5,1930,8400,1.0,0,0,3,1030,900,1971,,Burien,98146,0,1971,43,43,90.67357512953367
2014-06-10,440000.0,3.0,1.5,1290,1286,3.0,0,0,3,1290,0,2000,,Seattle,98103,0,2000,14,14,341.08527131782944
2014-06-10,435000.0,5.0,2.25,1970,15247,1.0,0,0,3,1450,520,1986,,Fall City,98024,0,1986,28,28,220.81218274111674
2014-06-10,345000.0,3.0,1.75,1540,6909,1.0,0,0,4,920,620,1955,,Shoreline,98155,0,1955,59,59,224.02597402597402
2014-06-10,558000.0,4.0,2.0,2180,3870,1.0,0,0,3,1020,1160,1900,,Seattle,98122,0,1900,114,114,255.96330275229357
2014-06-10,475000.0,2.0,1.75,1490,224334,1.0,0,2,3,1490,0,1983,,Auburn,98092,0,1983,31,31,318.79194630872485
2014-06-10,490000.0,3.0,2.0,2220,10275,2.0,0,0,3,1640,580,1980,,Issaquah,98027,0,1980,34,34,220.72072072072072
2014-06-10,335000.0,3.0,1.75,2430,9133,1.0,0,0,4,1410,1020,1978,,Renton,98059,0,1978,36,36,137.86008230452674
2014-06-10,350000.0,2.0,0.75,1392,43710,1.5,0,0,4,1392,0,1978,,Vashon,98070,0,1978,36,36,251.4367816091954
2014-06-10,100000.0,4.0,1.0,1120,2685,1.0,0,0,3,860,260,1939,,Renton,98057,0,1939,75,75,89.28571428571429
2014-06-10,417500.0,4.0,1.0,1390,10800,1.5,0,0,4,1390,0,1941,,Seattle,98177,0,1941,73,73,300.35971223021585
2014-06-10,253000.0,3.0,1.75,2040,7281,1.0,0,0,3,1020,1020,1962,,Tukwila,98188,0,1962,52,52,124.01960784313725
2014-06-10,1240000.0,5.0,3.0,2830,7500,2.0,0,0,3,2460,370,1923,,Seattle,98105,0,1923,91,91,438.1625441696113
2014-06-10,490000.0,4.0,2.5,3020,8302,2.0,0,0,4,3020,0,1994,,Covington,98042,0,1994,20,20,162.25165562913907
2014-06-10,470000.0,3.0,1.75,2290,14800,1.0,0,0,3,1620,670,1965,,Lake Forest Park,98155,0,1965,49,49,205.24017467248908
2014-06-10,483300.0,4.0,2.0,1210,11100,1.0,0,0,4,1210,0,1955,,Bellevue,98006,0,1955,59,59,399.42148760330576
2014-06-10,659000.0,3.0,2.5,2510,6320,2.0,0,0,3,2510,0,1996,,Sammamish,98075,0,1996,18,18,262.54980079681275
2014-06-10,480000.0,4.0,1.75,2320,4322,1.0,0,0,3,1140,1180,1910,,Seattle,98144,0,1910,104,104,206.89655172413794
2014-06-10,165000.0,3.0,1.0,970,6600,1.0,0,0,3,970,0,1965,,Burien,98168,0,1965,49,49,170.10309278350516
2014-06-10,659500.0,3.0,1.75,1820,5500,1.0,0,0,4,1620,200,1957,,Seattle,98115,0,1957,57,57,362.3626373626374
2014-06-10,219900.0,3.0,1.0,970,7742,1.0,0,0,4,970,0,1967,,Federal Way,98003,0,1967,47,47,226.70103092783506
2014-06-10,315000.0,2.0,1.0,1740,3622,1.0,0,0,4,950,790,1924,,Seattle,98118,0,1924,90,90,181.0344827586207
2014-06-10,250000.0,3.0,1.75,1590,7560,1.0,0,0,3,1130,460,1984,,Kent,98031,0,1984,30,30,157.23270440251574
2014-06-10,268000.0,2.0,1.0,1380,5000,1.0,0,0,3,870,510,1943,,Seattle,98108,0,1943,71,71,194.20289855072463
2014-06-10,380000.0,4.0,1.5,1680,11123,1.0,0,0,3,1130,550,1959,,Shoreline,98177,0,1959,55,55,226.1904761904762
2014-06-10,499000.0,2.0,1.0,1220,3000,1.0,0,0,3,920,300,1926,,Seattle,98117,0,1926,88,88,409.0163934426229
2014-06-10,285000.0,2.0,2.0,1651,18200,1.0,0,0,3,1651,0,1946,,Vashon,98070,0,1946,68,68,172.62265293761357
2014-06-10,183000.0,3.0,1.75,1330,9200,1.0,0,0,4,1330,0,1973,,Auburn,98092,0,1973,41,41,137.593984962406
2014-06-10,1070000.0,3.0,3.0,2940,4622,2.0,0,0,4,2230,710,1988,,Seattle,98105,0,1988,26,26,363.94557823129253
2014-06-10,429000.0,3.0,3.25,1410,1246,3.0,0,0,3,1410,0,2005,,Seattle,98103,0,2005,9,9,304.25531914893617
2014-06-10,403000.0,2.0,1.0,1100,3598,1.0,0,0,4,1100,0,1926,,Seattle,98144,0,1926,88,88,366.3636363636364
2014-06-10,375500.0,3.0,1.5,1530,7200,1.0,0,0,3,1530,0,1975,,Lake Forest Park,98155,0,1975,39,39,245.4248366013072
2014-06-10,1795000.0,5.0,3.25,5270,17232,2.0,0,1,3,4010,1260,1977,2003.0,Mercer Island,98040,1,2003,37,11,340.607210626186
2014-06-10,516200.0,3.0,2.0,2110,5150,1.0,0,0,5,1080,1030,1919,,Seattle,98118,0,1919,95,95,244.64454976303318
2014-06-10,385000.0,4.0,1.75,1720,8750,1.0,0,0,3,860,860,1971,,Kirkland,98034,0,1971,43,43,223.8372093023256
2014-06-10,515000.0,3.0,2.5,1800,5001,2.0,0,0,3,1800,0,1996,,Kirkland,98034,0,1996,18,18,286.1111111111111
2014-06-10,375000.0,4.0,2.5,2210,9427,2.0,0,0,3,2210,0,1999,,Burien,98148,0,1999,15,15,169.68325791855204
2014-06-10,650000.0,4.0,2.25,2560,9731,2.0,0,0,4,2560,0,1973,,Kirkland,98034,0,1973,41,41,253.90625
2014-06-10,306888.0,2.0,1.5,1010,7719,2.0,0,0,3,1010,0,1981,,Renton,98056,0,1981,33,33,303.84950495049503
2014-06-10,870000.0,4.0,2.5,3340,12248,2.0,0,1,3,2470,870,1998,,Seattle,98126,0,1998,16,16,260.47904191616766
2014-06-10,310000.0,4.0,1.0,1740,11075,1.5,0,0,3,1740,0,1965,,Shoreline,98133,0,1965,49,49,178.16091954022988
2014-06-10,251750.0,3.0,2.0,1320,7200,1.0,0,0,5,1320,0,1975,,Kent,98031,0,1975,39,39,190.71969696969697
2014-06-10,366000.0,3.0,1.75,1520,8625,1.0,0,0,3,1520,0,1976,,Bothell,98011,0,1976,38,38,240.78947368421052
2014-06-10,429950.0,3.0,1.5,2010,9480,1.0,0,0,3,1570,440,1951,,Seattle,98125,0,1951,63,63,213.90547263681592
2014-06-10,710000.0,3.0,3.5,2440,3427,2.0,0,0,3,1990,450,2000,,Bellevue,98005,0,2000,14,14,290.9836065573771
2014-06-10,895000.0,5.0,2.5,2550,20875,1.0,0,0,4,1610,940,1953,,Bellevue,98004,0,1953,61,61,350.98039215686276
2014-06-10,149500.0,3.0,1.0,1010,9450,1.0,0,0,4,1010,0,1959,,Des Moines,98198,0,1959,55,55,148.01980198019803
2014-06-10,310000.0,3.0,2.5,1780,6771,1.0,0,0,3,1230,550,1990,,Seattle,98106,0,1990,24,24,174.1573033707865
2014-06-10,555000.0,3.0,2.0,2180,4976,1.5,0,2,4,1680,500,1930,,Seattle,98126,0,1930,84,84,254.58715596330276
2014-06-10,750000.0,5.0,3.25,2750,7500,2.0,0,1,3,2150,600,1937,1997.0,Kirkland,98033,1,1997,77,17,272.72727272727275
2014-06-10,745000.0,4.0,3.25,3490,7024,2.0,0,0,3,3490,0,2006,,Sammamish,98075,0,2006,8,8,213.46704871060172
2014-06-10,695000.0,3.0,2.5,2550,45254,2.0,0,0,3,2550,0,2001,,Redmond,98053,0,2001,13,13,272.54901960784315
2014-06-10,433000.0,3.0,1.75,1870,7189,1.0,0,0,3,1270,600,1959,,Seattle,98118,0,1959,55,55,231.55080213903744
2014-06-10,307000.0,4.0,1.0,1150,8184,1.5,0,0,3,1150,0,1947,,Shoreline,98155,0,1947,67,67,266.95652173913044
2014-06-10,655275.0,3.0,1.75,2050,11856,1.0,0,0,3,1460,590,1962,,Bellevue,98006,0,1962,52,52,319.6463414634146
2014-06-10,392000.0,4.0,2.75,1940,6555,2.0,0,0,3,1940,0,1990,,Maple Valley,98038,0,1990,24,24,202.06185567010309
2014-06-10,1180000.0,5.0,3.75,3630,6000,1.5,0,0,3,2470,1160,2004,,Kirkland,98033,0,2004,10,10,325.06887052341597
2014-06-10,359950.0,3.0,1.75,1890,9100,2.0,0,0,4,1890,0,1952,,Shoreline,98133,0,1952,62,62,190.44973544973544
2014-06-10,360000.0,4.0,2.0,1630,10375,1.0,0,0,5,1630,0,1968,,Woodinville,98077,0,1968,46,46,220.85889570552146
2014-06-10,566000.0,4.0,1.75,2440,5000,1.0,0,0,3,1340,1100,1954,,Seattle,98117,0,1954,60,60,231.9672131147541
2014-06-10,700000.0,5.0,2.75,3100,9825,2.0,0,2,4,3100,0,1950,1982.0,Seattle,98125,1,1982,64,32,225.80645161290323
2014-06-10,415000.0,3.0,2.5,2090,6045,2.0,0,0,3,2090,0,2000,,Renton,98056,0,2000,14,14,198.5645933014354
2014-06-10,199500.0,3.0,1.0,920,9812,1.0,0,0,4,920,0,1962,,Auburn,98001,0,1962,52,52,216.84782608695653
2014-06-10,749000.0,3.0,1.0,1580,5000,1.5,0,0,3,1580,0,1926,,Seattle,98117,0,1926,88,88,474.0506329113924
2014-06-10,680000.0,3.0,1.75,1760,8400,1.0,0,0,4,1460,300,1960,,Seattle,98136,0,1960,54,54,386.3636363636364
2014-06-10,400000.0,4.0,2.5,2530,7563,1.0,0,0,3,1440,1090,1978,,Bothell,98011,0,1978,36,36,158.10276679841897
2014-06-10,608000.0,4.0,2.75,2490,9714,1.0,0,0,4,1400,1090,1983,,Bothell,98011,0,1983,31,31,244.17670682730923
2014-06-10,589900.0,4.0,4.5,3870,35889,2.0,0,0,3,2530,1340,2001,,Issaquah,98027,0,2001,13,13,152.42894056847544
2014-06-10,480000.0,5.0,2.5,2732,9500,1.0,0,2,4,1870,862,1975,,Federal Way,98003,0,1975,39,39,175.69546120058564
2014-06-10,1059500.0,5.0,3.25,3230,3825,2.0,0,0,3,2480,750,2014,,Seattle,98117,0,2014,0,0,328.01857585139317
2014-06-10,915000.0,6.0,3.75,2930,14980,2.0,0,3,3,2930,0,2013,,Bellevue,98006,0,2013,1,1,312.2866894197952
2014-06-10,695000.0,4.0,3.5,3510,9364,2.0,0,0,3,3510,0,2001,,Snoqualmie,98065,0,2001,13,13,198.005698005698
2014-06-10,899900.0,4.0,2.5,2580,3909,2.0,0,0,3,2580,0,2013,,Kirkland,98033,0,2013,1,1,348.7984496124031
2014-06-10,499950.0,2.0,2.25,1060,1208,2.0,0,0,3,940,120,2005,,Seattle,98102,0,2005,9,9,471.6509433962264
2014-06-10,533112.0,4.0,2.75,2790,8853,2.0,0,0,3,2790,0,2013,,North Bend,98045,0,2013,1,1,191.07956989247313
2014-06-10,303210.0,4.0,2.5,2009,5000,2.0,0,0,3,2009,0,2014,,Auburn,98092,0,2014,0,0,150.9258337481334
2014-06-10,525000.0,5.0,2.75,2880,8364,2.0,0,0,3,2880,0,2006,,Renton,98059,0,2006,8,8,182.29166666666666
2014-06-10,399950.0,2.0,1.0,710,1157,2.0,0,0,4,710,0,1943,,Seattle,98102,0,1943,71,71,563.3098591549295
2014-06-11,850830.0,3.0,2.5,2070,13241,1.5,0,0,5,1270,800,1910,,Seattle,98102,0,1910,104,104,411.0289855072464
2014-06-11,371500.0,3.0,2.0,1370,8336,1.0,0,0,5,1370,0,1964,,Shoreline,98133,0,1964,50,50,271.1678832116788
2014-06-11,522000.0,3.0,1.75,1730,8400,1.0,0,0,4,1400,330,1980,,Redmond,98052,0,1980,34,34,301.73410404624275
2014-06-11,588000.0,4.0,2.0,1680,5000,1.0,0,0,3,980,700,1950,,Seattle,98115,0,1950,64,64,350.0
2014-06-11,276900.0,2.0,1.0,1350,10096,1.0,0,2,4,1350,0,1952,,North Bend,98045,0,1952,62,62,205.11111111111111
2014-06-11,248000.0,5.0,1.5,1510,9078,1.0,0,0,4,1510,0,1959,,SeaTac,98168,0,1959,55,55,164.23841059602648
2014-06-11,280000.0,3.0,2.5,1860,6607,2.0,0,0,3,1860,0,1989,,Federal Way,98023,0,1989,25,25,150.53763440860214
2014-06-11,495000.0,6.0,5.0,3440,4500,2.0,0,0,3,3280,160,2007,,Renton,98057,0,2007,7,7,143.8953488372093
2014-06-11,665000.0,6.0,3.0,4250,4400,2.5,0,0,4,3020,1230,1902,,Seattle,98118,0,1902,112,112,156.47058823529412
2014-06-11,290300.0,2.0,1.0,860,3874,1.0,0,0,4,860,0,1931,,Renton,98057,0,1931,83,83,337.5581395348837
2014-06-11,527000.0,2.0,1.75,1640,4080,1.0,0,0,3,840,800,1921,,Seattle,98105,0,1921,93,93,321.3414634146341
2014-06-11,487028.0,2.0,1.5,1295,1093,2.0,0,0,3,1105,190,2007,,Seattle,98122,0,2007,7,7,376.08339768339766
2014-06-11,325000.0,3.0,1.75,1790,27427,1.0,0,0,3,1130,660,1978,,Snoqualmie,98065,0,1978,36,36,181.56424581005587
2014-06-11,799000.0,3.0,1.5,2210,6300,1.5,0,0,5,2210,0,1916,,Seattle,98144,0,1916,98,98,361.53846153846155
2014-06-11,7062500.0,5.0,4.5,10040,37325,2.0,1,2,3,7680,2360,1940,2001.0,Bellevue,98004,1,2001,74,13,703.4362549800796
2014-06-11,354000.0,3.0,1.0,940,10368,1.0,0,0,3,940,0,1965,,Redmond,98052,0,1965,49,49,376.59574468085106
2014-06-11,262500.0,3.0,1.5,1160,8906,1.0,0,0,3,1160,0,1962,,Seattle,98118,0,1962,52,52,226.29310344827587
2014-06-11,560200.0,3.0,2.5,1990,3984,2.0,0,0,3,1990,0,2004,,Sammamish,98075,0,2004,10,10,281.5075376884422
2014-06-11,220000.0,3.0,1.0,1050,6300,1.0,0,0,3,1050,0,1942,,Seattle,98146,0,1942,72,72,209.52380952380952
2014-06-11,650000.0,2.0,1.0,1030,5750,1.0,0,0,5,1030,0,1928,,Seattle,98116,0,1928,86,86,631.0679611650486
2014-06-11,435000.0,3.0,2.5,1420,2581,3.0,0,0,3,1420,0,2004,,Seattle,98133,0,2004,10,10,306.3380281690141
2014-06-11,800000.0,4.0,3.75,2690,4000,2.0,0,3,4,2120,570,1909,1989.0,Seattle,98119,1,1989,105,25,297.3977695167286
2014-06-11,1010000.0,4.0,2.5,3760,29224,2.0,0,0,3,3760,0,1987,,Redmond,98052,0,1987,27,27,268.6170212765957
2014-06-11,200000.0,2.0,1.0,700,4700,1.0,0,0,5,700,0,1953,,Renton,98056,0,1953,61,61,285.7142857142857
2014-06-11,295000.0,5.0,3.5,2100,5107,2.0,0,0,3,1410,690,1999,,Seattle,98178,0,1999,15,15,140.47619047619048
2014-06-11,580379.0,4.0,2.75,2240,27820,1.5,0,0,4,2240,0,1976,,Sammamish,98075,0,1976,38,38,259.09776785714286
2014-06-11,875000.0,4.0,2.5,3470,32109,2.0,0,0,3,3470,0,1995,,Woodinville,98077,0,1995,19,19,252.1613832853026
2014-06-11,515000.0,3.0,2.5,3370,19585,2.0,0,0,3,3200,170,1951,,Shoreline,98133,0,1951,63,63,152.81899109792286
2014-06-11,599000.0,4.0,2.5,2790,230868,2.0,0,0,3,2790,0,1989,,Woodinville,98077,0,1989,25,25,214.69534050179212
2014-06-11,285000.0,3.0,2.5,1870,4060,2.0,0,0,3,1870,0,2005,,Kent,98042,0,2005,9,9,152.40641711229947
2014-06-11,290000.0,3.0,1.75,1520,15090,1.0,0,0,4,1520,0,1968,,Maple Valley,98038,0,1968,46,46,190.78947368421052
2014-06-11,355000.0,1.0,1.75,750,20339,1.0,0,0,4,550,200,1946,,Renton,98059,0,1946,68,68,473.3333333333333
2014-06-11,381000.0,3.0,1.5,1460,11407,1.0,0,0,3,1460,0,1954,,Lake Forest Park,98155,0,1954,60,60,260.958904109589
2014-06-11,571000.0,3.0,2.5,2600,7465,2.0,0,0,3,2600,0,1988,,Bothell,98011,0,1988,26,26,219.6153846153846
2014-06-11,852600.0,4.0,2.5,3320,11901,2.0,0,0,5,2650,670,1977,,Bellevue,98006,0,1977,37,37,256.8072289156627
2014-06-11,1085000.0,5.0,2.5,2340,6000,2.0,0,0,4,2340,0,1922,,Seattle,98144,0,1922,92,92,463.6752136752137
2014-06-11,371000.0,3.0,1.0,890,7200,1.0,0,0,3,890,0,1951,,Seattle,98125,0,1951,63,63,416.85393258426967
2014-06-11,514000.0,3.0,1.75,1720,5899,1.0,0,1,3,1220,500,1986,,Seattle,98136,0,1986,28,28,298.83720930232556
2014-06-11,386000.0,3.0,1.5,1270,1318,2.0,0,0,3,1080,190,2004,,Seattle,98199,0,2004,10,10,303.93700787401576
2014-06-11,464000.0,4.0,2.5,2180,7203,2.0,0,0,4,2180,0,1989,,Renton,98059,0,1989,25,25,212.8440366972477
2014-06-11,335000.0,4.0,2.25,2030,13500,1.0,0,0,3,1230,800,1963,,Renton,98059,0,1963,51,51,165.02463054187191
2014-06-11,740000.0,4.0,2.75,2490,17833,2.0,0,2,3,1490,1000,1979,,Seattle,98125,0,1979,35,35,297.1887550200803
2014-06-11,465000.0,4.0,1.75,1470,5350,1.0,0,0,3,980,490,1955,,Seattle,98125,0,1955,59,59,316.3265306122449
2014-06-11,700000.0,3.0,2.75,2500,7378,1.0,0,0,5,1390,1110,1948,,Seattle,98177,0,1948,66,66,280.0
2014-06-11,785000.0,3.0,3.5,4500,21870,2.0,0,0,3,4500,0,2004,,Auburn,98092,0,2004,10,10,174.44444444444446
2014-06-11,350000.0,3.0,3.25,1460,1592,2.0,0,0,3,1130,330,2006,,Seattle,98126,0,2006,8,8,239.72602739726028
2014-06-11,148000.0,1.0,1.0,620,8261,1.0,0,0,3,620,0,1939,,Seattle,98106,0,1939,75,75,238.70967741935485
2014-06-11,530000.0,3.0,1.75,1550,3680,1.0,0,0,3,1050,500,1927,,Seattle,98117,0,1927,87,87,341.93548387096774
2014-06-11,349000.0,3.0,2.5,1430,1002,3.0,0,0,3,1430,0,2002,,Seattle,98103,0,2002,12,12,244.05594405594405
2014-06-11,240000.0,3.0,1.5,1360,9760,1.5,0,0,5,1360,0,1984,,North Bend,98045,0,1984,30,30,176.47058823529412
2014-06-11,330000.0,3.0,2.5,2210,7557,2.0,0,0,3,2210,0,1989,,Federal Way,98023,0,1989,25,25,149.3212669683258
2014-06-11,735000.0,4.0,1.75,2460,5100,1.5,0,0,5,1450,1010,1909,,Seattle,98115,0,1909,105,105,298.780487804878
2014-06-11,545000.0,3.0,2.5,2180,15693,1.0,0,0,4,1850,330,1979,,Sammamish,98075,0,1979,35,35,250.0
2014-06-11,214950.0,3.0,1.75,1570,4875,1.0,0,0,4,1310,260,1977,,Covington,98042,0,1977,37,37,136.9108280254777
2014-06-11,657500.0,4.0,2.75,4140,24190,2.0,0,0,3,4140,0,2002,,Auburn,98092,0,2002,12,12,158.81642512077295
2014-06-11,476000.0,3.0,1.0,1140,5500,1.5,0,0,4,1140,0,1908,,Seattle,98199,0,1908,106,106,417.5438596491228
2014-06-11,2888000.0,5.0,6.25,8670,64033,2.0,0,4,3,6120,2550,1965,2003.0,Seattle,98177,1,2003,49,11,333.10265282583623
2014-06-11,110000.0,2.0,1.0,800,15000,1.0,0,0,3,800,0,1927,,Seattle,98168,0,1927,87,87,137.5
2014-06-11,292000.0,4.0,2.75,2414,7693,2.0,0,0,3,2414,0,2006,,Auburn,98002,0,2006,8,8,120.96106048053024
2014-06-11,317000.0,3.0,1.0,1160,8813,1.0,0,0,3,1160,0,1952,,Seattle,98125,0,1952,62,62,273.2758620689655
2014-06-11,455000.0,4.0,2.5,3170,10688,2.0,0,2,3,3170,0,2001,,Auburn,98001,0,2001,13,13,143.53312302839117
2014-06-11,1365000.0,5.0,3.5,4210,17258,2.0,0,3,3,4210,0,1995,,Bellevue,98006,0,1995,19,19,324.22802850356294
2014-06-11,460000.0,3.0,2.0,2060,4437,1.0,0,0,3,1030,1030,1929,,Seattle,98126,0,1929,85,85,223.3009708737864
2014-06-11,405000.0,3.0,2.0,1640,7201,1.0,0,0,3,1640,0,1948,,Seattle,98125,0,1948,66,66,246.9512195121951
2014-06-11,333000.0,2.0,1.0,720,6686,1.0,0,0,3,720,0,1942,,Seattle,98117,0,1942,72,72,462.5
2014-06-11,427000.0,4.0,1.0,1860,4736,1.5,0,0,1,1860,0,1901,,Seattle,98112,0,1901,113,113,229.56989247311827
2014-06-11,742000.0,4.0,2.5,2810,10986,2.0,0,0,3,2810,0,1997,,Sammamish,98075,0,1997,17,17,264.05693950177937
2014-06-11,465000.0,4.0,2.5,2090,9702,1.0,0,0,5,1320,770,1965,,Shoreline,98133,0,1965,49,49,222.48803827751198
2014-06-11,809950.0,4.0,2.5,3280,6181,2.0,0,0,3,3280,0,2001,,Sammamish,98074,0,2001,13,13,246.9359756097561
2014-06-11,619400.0,4.0,2.0,2090,3610,1.5,0,0,5,1790,300,1927,,Seattle,98115,0,1927,87,87,296.3636363636364
2014-06-11,762400.0,3.0,1.75,2430,14607,1.0,0,1,3,1230,1200,1949,1970.0,Mercer Island,98040,1,1970,65,44,313.7448559670782
2014-06-11,535000.0,5.0,2.25,2520,49222,2.0,0,0,4,2520,0,1978,,Issaquah,98027,0,1978,36,36,212.3015873015873
2014-06-11,881000.0,5.0,3.0,2510,4125,1.5,0,3,5,1590,920,1925,,Seattle,98144,0,1925,89,89,350.996015936255
2014-06-11,813000.0,4.0,2.75,3370,6675,1.0,0,3,4,1920,1450,1948,,Seattle,98144,0,1948,66,66,241.24629080118694
2014-06-11,234000.0,3.0,2.0,1640,5280,1.5,0,0,5,1640,0,1910,,Auburn,98002,0,1910,104,104,142.6829268292683
2014-06-11,308900.0,3.0,2.5,2250,7294,2.0,0,0,3,2250,0,1994,,Auburn,98092,0,1994,20,20,137.2888888888889
2014-06-11,450000.0,4.0,2.5,2300,19250,1.0,0,0,4,2300,0,1955,,North Bend,98045,0,1955,59,59,195.65217391304347
2014-06-11,547500.0,3.0,3.5,1650,2262,3.0,0,0,3,1650,0,2010,,Seattle,98103,0,2010,4,4,331.8181818181818
2014-06-11,399950.0,2.0,1.0,710,1131,2.0,0,0,4,710,0,1943,,Seattle,98102,0,1943,71,71,563.3098591549295
2014-06-11,516000.0,4.0,3.5,2550,8698,2.0,0,0,3,2550,0,2007,,Snoqualmie,98065,0,2007,7,7,202.35294117647058
2014-06-11,250000.0,2.0,1.5,982,846,2.0,0,0,3,806,176,2006,,Seattle,98133,0,2006,8,8,254.5824847250509
2014-06-11,475000.0,3.0,2.25,1630,2520,2.0,0,0,3,1630,0,2005,,Issaquah,98029,0,2005,9,9,291.41104294478527
2014-06-11,415000.0,4.0,2.5,2550,4500,2.0,0,0,3,2550,0,2009,,Renton,98059,0,2009,5,5,162.7450980392157
2014-06-11,545000.0,2.0,1.25,1240,2150,2.0,0,0,3,1240,0,2014,,Seattle,98117,0,2014,0,0,439.51612903225805
2014-06-11,329950.0,3.0,2.5,2456,7566,2.0,0,0,3,2456,0,2012,,Federal Way,98023,0,2012,2,2,134.34446254071662
2014-06-12,1325000.0,5.0,2.25,3200,20158,1.0,0,0,3,1600,1600,1965,,Clyde Hill,98004,0,1965,49,49,414.0625
2014-06-12,784000.0,3.0,3.5,3950,111078,1.5,0,0,3,2460,1490,1989,,Redmond,98053,0,1989,25,25,198.48101265822785
2014-06-12,610750.0,4.0,2.25,2180,7297,2.0,0,0,3,2180,0,1984,,Sammamish,98074,0,1984,30,30,280.1605504587156
2014-06-12,578000.0,4.0,2.5,3140,9225,1.0,0,2,5,1770,1370,1966,,Renton,98057,0,1966,48,48,184.0764331210191
2014-06-12,1485000.0,4.0,3.75,4030,10800,2.0,0,0,3,4030,0,2006,,Kirkland,98033,0,2006,8,8,368.4863523573201
2014-06-12,501000.0,3.0,1.75,1970,7972,1.0,0,3,5,1370,600,1976,,Renton,98057,0,1976,38,38,254.31472081218274
2014-06-12,465250.0,5.0,2.0,1940,7642,1.5,0,0,3,1940,0,1957,,Shoreline,98177,0,1957,57,57,239.81958762886597
2014-06-12,2250000.0,5.0,4.25,4860,9453,1.5,0,1,5,3100,1760,1905,,Seattle,98112,0,1905,109,109,462.962962962963
2014-06-12,1095000.0,4.0,2.5,3064,4764,3.5,0,2,3,3064,0,1990,,Seattle,98102,0,1990,24,24,357.3759791122715
2014-06-12,315000.0,2.0,1.0,970,5665,1.0,0,0,4,970,0,1908,,Seattle,98118,0,1908,106,106,324.74226804123714
2014-06-12,900000.0,4.0,2.25,2460,44431,1.0,0,0,4,2460,0,1957,,Bellevue,98007,0,1957,57,57,365.8536585365854
2014-06-12,789500.0,4.0,2.5,3010,6100,2.0,0,0,3,3010,0,2005,,Redmond,98052,0,2005,9,9,262.2923588039867
2014-06-12,678500.0,3.0,2.0,2460,6600,1.0,0,2,4,1370,1090,1952,,Seattle,98136,0,1952,62,62,275.8130081300813
2014-06-12,342500.0,3.0,2.0,2080,11375,1.0,0,0,3,2080,0,2002,,Enumclaw,98022,0,2002,12,12,164.66346153846155
2014-06-12,860000.0,4.0,3.25,3960,7012,2.0,0,0,3,3960,0,2005,,Sammamish,98075,0,2005,9,9,217.17171717171718
2014-06-12,306000.0,4.0,2.5,2490,8124,2.0,0,0,3,2490,0,2001,,Auburn,98092,0,2001,13,13,122.89156626506023
2014-06-12,580000.0,5.0,2.0,2060,6000,2.0,0,0,3,2060,0,1903,,Seattle,98105,0,1903,111,111,281.5533980582524
2014-06-12,405000.0,3.0,1.0,1330,15678,1.0,0,0,3,900,430,1984,,Sammamish,98074,0,1984,30,30,304.5112781954887
2014-06-12,510000.0,3.0,1.75,1600,19200,1.0,0,0,4,1600,0,1967,,Kirkland,98034,0,1967,47,47,318.75
2014-06-12,173000.0,2.0,1.0,820,10450,1.0,0,0,4,820,0,1965,,Renton,98055,0,1965,49,49,210.97560975609755
2014-06-12,210000.0,4.0,1.75,1200,7680,1.0,0,0,3,1200,0,1968,,Auburn,98092,0,1968,46,46,175.0
2014-06-12,445000.0,3.0,1.0,1050,5664,1.0,0,0,4,910,140,1947,,Seattle,98115,0,1947,67,67,423.8095238095238
2014-06-12,585000.0,3.0,2.5,1910,1501,2.5,0,0,3,1530,380,2007,,Seattle,98199,0,2007,7,7,306.282722513089
2014-06-12,381000.0,3.0,1.75,1800,6000,1.0,0,0,5,900,900,1950,,Shoreline,98155,0,1950,64,64,211.66666666666666
2014-06-12,890000.0,3.0,2.25,2060,8640,1.0,0,0,4,2060,0,1966,,Kirkland,98033,0,1966,48,48,432.0388349514563
2014-06-12,235000.0,3.0,1.75,1840,9697,1.0,0,0,4,1500,340,1985,,Kent,98030,0,1985,29,29,127.71739130434783
2014-06-12,480000.0,3.0,2.5,1250,1103,3.0,0,2,3,1250,0,2005,,Seattle,98103,0,2005,9,9,384.0
2014-06-12,575000.0,2.0,1.0,1510,4032,1.5,0,0,3,1310,200,1935,,Seattle,98199,0,1935,79,79,380.79470198675494
2014-06-12,350000.0,4.0,2.25,2300,4600,1.5,0,0,4,1340,960,1904,,Seattle,98144,0,1904,110,110,152.17391304347825
2014-06-12,259000.0,4.0,1.5,1490,7560,2.0,0,0,3,1490,0,1966,,Des Moines,98198,0,1966,48,48,173.8255033557047
2014-06-12,599000.0,5.0,2.75,2820,4608,1.0,0,0,3,1450,1370,1967,,Seattle,98117,0,1967,47,47,212.4113475177305
2014-06-12,210000.0,4.0,1.5,1130,7840,1.0,0,0,4,1130,0,1970,,Federal Way,98023,0,1970,44,44,185.84070796460176
2014-06-12,1184000.0,4.0,2.5,3200,7500,1.5,0,1,5,1860,1340,1948,,Seattle,98115,0,1948,66,66,370.0
2014-06-12,545000.0,3.0,1.0,1510,5000,1.5,0,0,3,1510,0,1909,,Seattle,98105,0,1909,105,105,360.92715231788077
2014-06-12,299995.0,3.0,2.5,1970,7500,2.0,0,0,3,1970,0,1988,,Auburn,98092,0,1988,26,26,152.28172588832487
2014-06-12,440000.0,3.0,1.0,1210,5750,1.5,0,0,4,1210,0,1910,,Seattle,98136,0,1910,104,104,363.6363636363636
2014-06-12,699000.0,4.0,2.5,3280,27441,2.0,0,0,3,3280,0,1996,,Redmond,98053,0,1996,18,18,213.109756097561
2014-06-12,795000.0,3.0,2.0,2420,17859,1.0,0,1,5,1500,920,1979,,Kirkland,98034,0,1979,35,35,328.5123966942149
2014-06-12,445000.0,5.0,1.75,2460,6846,1.5,0,0,5,1340,1120,1911,,Seattle,98108,0,1911,103,103,180.89430894308944
2014-06-12,397990.0,3.0,1.0,1180,11862,1.0,0,0,4,1180,0,1948,,Seattle,98177,0,1948,66,66,337.27966101694915
2014-06-12,706000.0,3.0,2.75,1900,6400,1.0,0,0,5,1410,490,1942,,Seattle,98105,0,1942,72,72,371.57894736842104
2014-06-12,363000.0,3.0,3.25,1651,1779,2.0,0,0,3,1341,310,2008,,Seattle,98133,0,2008,6,6,219.86674742580254
2014-06-12,850000.0,4.0,2.25,2130,11843,2.0,0,0,4,2130,0,1972,,Mercer Island,98040,0,1972,42,42,399.0610328638498
2014-06-12,620000.0,2.0,1.0,1430,3000,1.5,0,0,3,1300,130,1929,,Seattle,98112,0,1929,85,85,433.56643356643355
2014-06-12,1228000.0,4.0,2.5,5730,44947,2.0,0,4,3,4280,1450,1991,,Sammamish,98074,0,1991,23,23,214.31064572425828
2014-06-12,333000.0,4.0,2.5,1910,9244,1.0,0,0,4,1910,0,1963,,Renton,98059,0,1963,51,51,174.3455497382199
2014-06-12,743000.0,3.0,1.75,2110,11250,1.0,0,0,4,2110,0,1961,,Mercer Island,98040,0,1961,53,53,352.13270142180096
2014-06-12,448000.0,2.0,1.5,1630,3780,1.0,0,0,4,890,740,1940,,Seattle,98107,0,1940,74,74,274.84662576687117
2014-06-12,485000.0,4.0,2.5,2470,35073,2.0,0,0,3,2470,0,1989,,Auburn,98092,0,1989,25,25,196.3562753036437
2014-06-12,489950.0,4.0,2.25,2640,31941,1.0,0,0,4,2640,0,1986,,Auburn,98092,0,1986,28,28,185.58712121212122
2014-06-12,498500.0,5.0,2.75,2990,7420,2.0,0,0,3,2990,0,1996,,Renton,98059,0,1996,18,18,166.72240802675586
2014-06-12,531000.0,3.0,2.5,2120,9736,2.0,0,0,3,2120,0,1988,,Bothell,98011,0,1988,26,26,250.47169811320754
2014-06-12,670000.0,3.0,2.5,2050,6420,1.0,0,3,3,1730,320,1956,,Seattle,98116,0,1956,58,58,326.8292682926829
2014-06-12,310000.0,5.0,3.0,1880,5000,1.0,0,0,3,1100,780,1997,,Seattle,98106,0,1997,17,17,164.89361702127658
2014-06-12,835000.0,3.0,3.0,2790,12523,2.0,1,4,4,1600,1190,1977,,Des Moines,98198,0,1977,37,37,299.2831541218638
2014-06-12,1688000.0,4.0,2.5,3000,7500,2.0,0,0,3,3000,0,1937,1994.0,Seattle,98105,1,1994,77,20,562.6666666666666
2014-06-12,495000.0,4.0,2.5,2140,7245,2.0,0,0,3,2140,0,2003,,Seattle,98133,0,2003,11,11,231.30841121495328
2014-06-12,495000.0,3.0,2.0,1769,9300,1.0,0,0,4,1769,0,1955,2009.0,Normandy Park,98166,1,2009,59,5,279.8191068400226
2014-06-12,440000.0,3.0,1.0,1710,6556,1.5,0,0,4,1200,510,1926,,Seattle,98133,0,1926,88,88,257.3099415204678
2014-06-12,280000.0,1.0,0.75,420,6720,1.0,0,0,3,420,0,1922,,Seattle,98108,0,1922,92,92,666.6666666666666
2014-06-12,1070000.0,4.0,2.5,3270,35445,2.0,0,0,3,3270,0,1989,,Bellevue,98006,0,1989,25,25,327.217125382263
2014-06-12,1034500.0,4.0,2.5,2370,10858,2.0,0,0,3,2370,0,2003,,Bellevue,98004,0,2003,11,11,436.4978902953587
2014-06-12,248000.0,4.0,2.5,1770,5855,2.0,0,0,3,1770,0,2003,,Maple Valley,98038,0,2003,11,11,140.1129943502825
2014-06-12,294000.0,4.0,2.5,2210,8465,1.0,0,0,3,1490,720,1990,,Auburn,98092,0,1990,24,24,133.0316742081448
2014-06-12,561000.0,3.0,2.25,1710,4140,2.0,0,0,3,1710,0,2004,,Issaquah,98029,0,2004,10,10,328.0701754385965
2014-06-12,656500.0,4.0,2.0,2710,4750,1.0,0,0,4,1460,1250,1919,,Seattle,98115,0,1919,95,95,242.2509225092251
2014-06-12,660000.0,3.0,3.0,2340,2970,2.0,0,0,5,2160,180,1925,,Seattle,98103,0,1925,89,89,282.05128205128204
2014-06-12,370000.0,2.0,1.0,1220,17172,1.0,0,0,4,1220,0,1947,,Kirkland,98033,0,1947,67,67,303.27868852459017
2014-06-12,349950.0,3.0,1.0,1060,9525,1.0,0,0,3,1060,0,1966,,Redmond,98052,0,1966,48,48,330.14150943396226
2014-06-12,223000.0,2.0,1.0,910,9869,1.0,0,0,3,910,0,1957,,Renton,98058,0,1957,57,57,245.05494505494505
2014-06-12,560000.0,4.0,1.75,1880,3880,1.5,0,0,4,1090,790,1944,,Seattle,98107,0,1944,70,70,297.8723404255319
2014-06-12,594000.0,4.0,1.75,1870,5200,2.0,0,0,4,1200,670,1937,,Seattle,98115,0,1937,77,77,317.6470588235294
2014-06-12,600000.0,3.0,2.25,1480,5400,2.0,0,0,4,1480,0,1914,,Seattle,98122,0,1914,100,100,405.4054054054054
2014-06-12,315000.0,3.0,2.5,1880,7000,2.0,0,0,3,1880,0,1993,,Kent,98031,0,1993,21,21,167.5531914893617
2014-06-12,430000.0,4.0,1.75,1890,6000,1.0,0,0,4,1110,780,1947,,Seattle,98125,0,1947,67,67,227.51322751322752
2014-06-12,440000.0,3.0,2.75,1560,7392,1.0,0,0,5,1030,530,1972,,Kirkland,98034,0,1972,42,42,282.05128205128204
2014-06-12,312500.0,2.0,1.5,1070,1200,2.0,0,0,3,1070,0,1999,,Seattle,98103,0,1999,15,15,292.05607476635515
2014-06-12,1240000.0,5.0,4.0,4410,14380,2.0,0,0,3,4410,0,2006,,Redmond,98052,0,2006,8,8,281.1791383219955
2014-06-12,300000.0,3.0,3.25,1470,1235,2.0,0,0,3,1180,290,2008,,Seattle,98108,0,2008,6,6,204.08163265306123
2014-06-12,680000.0,3.0,2.5,2570,3600,2.5,0,0,3,2570,0,2007,,Issaquah,98029,0,2007,7,7,264.591439688716
2014-06-12,336750.0,2.0,2.25,1170,1011,2.0,0,0,3,1170,0,2009,,Issaquah,98027,0,2009,5,5,287.8205128205128
2014-06-13,822500.0,5.0,3.5,2320,4960,2.0,0,0,5,1720,600,1926,,Seattle,98103,0,1926,88,88,354.5258620689655
2014-06-13,589000.0,4.0,3.0,2440,9600,2.0,0,0,5,2440,0,1961,,Kirkland,98034,0,1961,53,53,241.39344262295083
2014-06-13,863000.0,4.0,2.5,4120,22370,2.0,0,0,3,4120,0,1997,,Sammamish,98074,0,1997,17,17,209.46601941747574
2014-06-13,210000.0,2.0,1.75,1440,5680,1.0,0,0,4,1440,0,1978,,Des Moines,98198,0,1978,36,36,145.83333333333334
2014-06-13,206135.0,3.0,1.0,1340,11070,1.0,0,0,4,1340,0,1978,,Kent,98030,0,1978,36,36,153.8320895522388
2014-06-13,1125000.0,6.0,3.75,3010,4360,2.0,0,0,3,2000,1010,2014,,Seattle,98103,0,2014,0,0,373.75415282392026
2014-06-13,285000.0,3.0,1.75,1840,8601,1.0,0,0,3,920,920,1905,2014.0,Seattle,98118,1,2014,109,0,154.8913043478261
2014-06-13,230000.0,2.0,1.0,930,7550,1.0,0,0,3,930,0,1986,,SeaTac,98168,0,1986,28,28,247.31182795698925
2014-06-13,845000.0,4.0,2.75,4070,115434,2.0,0,0,3,4070,0,2002,,North Bend,98045,0,2002,12,12,207.61670761670763
2014-06-13,350000.0,3.0,1.75,1820,9545,1.0,0,0,3,1230,590,1976,,Lake Forest Park,98155,0,1976,38,38,192.30769230769232
2014-06-13,304000.0,3.0,1.0,1280,8184,1.5,0,0,4,1280,0,1947,,Shoreline,98155,0,1947,67,67,237.5
2014-06-13,370000.0,2.0,1.0,900,4600,1.0,0,0,3,900,0,1951,,Seattle,98117,0,1951,63,63,411.1111111111111
2014-06-13,810000.0,3.0,1.75,1980,13503,1.0,0,2,4,1320,660,1952,,Bellevue,98008,0,1952,62,62,409.09090909090907
2014-06-13,440000.0,4.0,2.25,2010,7575,1.0,0,0,3,1220,790,1974,,Kirkland,98034,0,1974,40,40,218.90547263681592
2014-06-13,1030000.0,4.0,2.5,2750,4800,2.0,0,0,3,1960,790,1905,2005.0,Seattle,98103,1,2005,109,9,374.54545454545456
2014-06-13,775000.0,4.0,2.0,3140,10875,1.0,0,1,3,1940,1200,1939,1969.0,Seattle,98199,1,1969,75,45,246.81528662420382
2014-06-13,1335000.0,5.0,2.25,4200,5800,2.5,0,0,4,2910,1290,1906,,Seattle,98112,0,1906,108,108,317.85714285714283
2014-06-13,235000.0,3.0,1.75,1900,8540,1.0,0,0,3,950,950,1980,,SeaTac,98168,0,1980,34,34,123.6842105263158
2014-06-13,499950.0,3.0,1.0,1830,3000,1.5,0,0,3,1430,400,1926,,Seattle,98103,0,1926,88,88,273.1967213114754
2014-06-13,622500.0,5.0,2.75,3320,23760,2.0,0,0,4,2190,1130,1975,,Woodinville,98072,0,1975,39,39,187.5
2014-06-13,300000.0,4.0,2.5,2700,10814,1.0,0,0,4,1560,1140,1966,,Kent,98030,0,1966,48,48,111.11111111111111
2014-06-13,205000.0,3.0,1.0,1290,6566,1.0,0,0,5,1290,0,1976,,Federal Way,98023,0,1976,38,38,158.91472868217053
2014-06-13,435000.0,3.0,1.75,1500,8173,1.0,0,0,3,1500,0,1997,,Kirkland,98034,0,1997,17,17,290.0
2014-06-13,697000.0,4.0,2.75,3650,48351,1.5,0,0,4,3650,0,1978,,Woodinville,98077,0,1978,36,36,190.95890410958904
2014-06-13,153000.0,3.0,1.0,1270,6405,1.5,0,0,3,1270,0,1944,,Seattle,98178,0,1944,70,70,120.4724409448819
2014-06-13,454000.0,4.0,2.25,2630,39000,2.0,0,0,3,2630,0,1979,,Kent,98042,0,1979,35,35,172.6235741444867
2014-06-13,345000.0,2.0,1.5,1800,26615,1.0,0,0,5,1240,560,1987,,Auburn,98092,0,1987,27,27,191.66666666666666
2014-06-13,585000.0,3.0,1.0,1870,2807,1.5,0,0,4,1580,290,1927,,Seattle,98107,0,1927,87,87,312.83422459893046
2014-06-13,380000.0,4.0,2.5,2540,6365,2.0,0,0,3,1870,670,2000,,Renton,98055,0,2000,14,14,149.60629921259843
2014-06-13,250600.0,4.0,2.5,1930,8660,1.0,0,0,3,1120,810,1981,,Auburn,98001,0,1981,33,33,129.84455958549222
2014-06-13,890000.0,4.0,2.25,2770,13500,2.0,0,0,3,2770,0,1974,,Mercer Island,98040,0,1974,40,40,321.2996389891697
2014-06-13,370000.0,4.0,2.5,2220,5338,2.0,0,0,3,2220,0,2001,,Renton,98059,0,2001,13,13,166.66666666666666
2014-06-13,369500.0,3.0,1.5,1650,9957,1.0,0,0,4,1100,550,1961,,Seattle,98125,0,1961,53,53,223.93939393939394
2014-06-13,883000.0,4.0,2.5,3670,54450,2.0,0,0,3,3670,0,1999,,Sammamish,98074,0,1999,15,15,240.59945504087193
2014-06-13,950000.0,4.0,2.5,3770,35081,2.0,0,0,3,3770,0,1989,,Redmond,98053,0,1989,25,25,251.9893899204244
2014-06-13,615000.0,3.0,1.75,2350,20820,1.0,0,0,4,1800,550,1978,,Sammamish,98074,0,1978,36,36,261.70212765957444
2014-06-13,305000.0,3.0,1.5,1210,5240,1.0,0,0,4,610,600,1983,,Seattle,98106,0,1983,31,31,252.06611570247935
2014-06-13,590000.0,4.0,2.5,2010,7972,2.0,0,0,4,2010,0,1989,,Issaquah,98029,0,1989,25,25,293.5323383084577
2014-06-13,485000.0,3.0,2.5,1580,6065,2.0,0,0,3,1580,0,1985,,Issaquah,98029,0,1985,29,29,306.9620253164557
2014-06-13,215000.0,2.0,1.0,710,7200,1.0,0,0,3,710,0,1943,,Seattle,98178,0,1943,71,71,302.8169014084507
2014-06-13,430000.0,3.0,2.0,1910,5040,1.5,0,0,3,1910,0,1971,,Sammamish,98074,0,1971,43,43,225.13089005235602
2014-06-13,324900.0,4.0,2.5,1880,7965,2.0,0,0,3,1880,0,2000,,Maple Valley,98038,0,2000,14,14,172.81914893617022
2014-06-13,849900.0,2.0,2.0,2280,641203,2.0,0,0,3,2280,0,1990,,Vashon,98070,0,1990,24,24,372.7631578947368
2014-06-13,975000.0,5.0,2.75,3100,10014,1.0,0,2,4,1660,1440,1973,,Mercer Island,98040,0,1973,41,41,314.51612903225805
2014-06-13,910000.0,5.0,2.5,2350,4000,2.0,0,0,3,2350,0,1993,,Seattle,98112,0,1993,21,21,387.2340425531915
2014-06-13,459950.0,3.0,1.75,1850,6869,1.0,0,2,5,1100,750,1919,1934.0,Burien,98166,1,1934,95,80,248.6216216216216
2014-06-13,325000.0,3.0,2.5,2070,8337,2.0,0,0,3,2070,0,1997,,Kent,98030,0,1997,17,17,157.0048309178744
2014-06-13,513000.0,4.0,2.75,2020,7070,1.0,0,0,5,1010,1010,1958,,Seattle,98126,0,1958,56,56,253.96039603960395
2014-06-13,475000.0,3.0,2.25,1580,12177,1.0,0,0,3,1200,380,1981,,Sammamish,98074,0,1981,33,33,300.63291139240505
2014-06-13,419000.0,4.0,2.5,2690,7947,2.0,0,0,3,2690,0,1993,,Renton,98058,0,1993,21,21,155.76208178438662
2014-06-13,760000.0,4.0,2.5,2420,10285,1.0,0,4,3,1700,720,1958,,Burien,98146,0,1958,56,56,314.0495867768595
2014-06-13,1120000.0,5.0,1.5,2540,6660,2.0,0,3,4,2340,200,1954,,Seattle,98136,0,1954,60,60,440.9448818897638
2014-06-13,129000.0,2.0,1.0,1150,30184,1.0,0,0,3,1150,0,1950,,Renton,98055,0,1950,64,64,112.17391304347827
2014-06-13,725000.0,5.0,2.5,3210,12000,1.0,0,0,4,1830,1380,1968,,Bellevue,98007,0,1968,46,46,225.85669781931463
2014-06-13,580000.0,3.0,2.5,2040,4627,2.0,0,0,3,2040,0,1992,,Redmond,98052,0,1992,22,22,284.3137254901961
2014-06-13,385000.0,3.0,2.25,1920,4833,1.0,0,0,4,1060,860,1921,,Seattle,98133,0,1921,93,93,200.52083333333334
2014-06-13,265000.0,4.0,1.75,1900,10588,1.0,0,0,5,1900,0,1958,,Auburn,98002,0,1958,56,56,139.47368421052633
2014-06-13,1735000.0,3.0,2.5,4310,32093,1.5,0,4,5,2510,1800,1982,,Shoreline,98177,0,1982,32,32,402.5522041763341
2014-06-13,330000.0,3.0,2.5,1070,1155,2.0,0,0,3,720,350,2005,,Seattle,98116,0,2005,9,9,308.41121495327104
2014-06-13,665000.0,4.0,2.5,2790,43091,2.0,0,0,4,2790,0,1989,,Woodinville,98077,0,1989,25,25,238.35125448028674
2014-06-13,799000.0,3.0,2.5,2860,4442,2.0,0,0,3,2860,0,2000,,Seattle,98199,0,2000,14,14,279.3706293706294
2014-06-13,589000.0,3.0,2.0,2250,8800,1.0,0,0,4,1250,1000,1925,,Seattle,98116,0,1925,89,89,261.77777777777777
2014-06-13,1695000.0,2.0,2.25,3170,3000,2.0,0,2,5,1990,1180,1900,,Seattle,98109,0,1900,114,114,534.7003154574132
2014-06-13,538000.0,3.0,1.0,1460,7200,1.0,0,0,3,1260,200,1906,,Seattle,98103,0,1906,108,108,368.4931506849315
2014-06-13,530100.0,3.0,1.0,1540,3399,1.5,0,0,3,1200,340,1926,,Seattle,98117,0,1926,88,88,344.2207792207792
2014-06-13,718500.0,3.0,2.0,2910,6600,2.0,0,0,4,1920,990,1900,1988.0,Seattle,98118,1,1988,114,26,246.90721649484536
2014-06-13,299000.0,3.0,1.75,1180,13927,1.0,0,0,5,1180,0,1962,,Renton,98059,0,1962,52,52,253.38983050847457
2014-06-13,556000.0,3.0,1.75,1640,7437,1.0,0,0,3,1090,550,1948,,Seattle,98126,0,1948,66,66,339.0243902439024
2014-06-13,171000.0,4.0,2.0,1520,19672,1.0,0,0,3,1020,500,1920,,Tukwila,98188,0,1920,94,94,112.5
2014-06-13,540000.0,5.0,3.0,3610,9775,2.0,0,0,3,3610,0,2003,,Maple Valley,98038,0,2003,11,11,149.58448753462605
2014-06-13,250000.0,3.0,2.25,1400,3814,2.0,0,0,3,1400,0,2012,,Covington,98042,0,2012,2,2,178.57142857142858
2014-06-13,795000.0,4.0,3.5,3200,3250,2.0,0,0,3,2670,530,2007,,Issaquah,98029,0,2007,7,7,248.4375
2014-06-13,575000.0,3.0,3.0,1384,1287,2.0,0,0,3,1144,240,2006,,Seattle,98102,0,2006,8,8,415.46242774566474
2014-06-13,379500.0,3.0,2.25,1410,1287,2.0,0,0,3,1290,120,2005,,Issaquah,98027,0,2005,9,9,269.1489361702128
2014-06-13,385000.0,4.0,2.5,2050,5276,2.0,0,0,3,2050,0,2006,,Renton,98059,0,2006,8,8,187.8048780487805
2014-06-13,415500.0,4.0,2.5,1750,4779,2.0,0,0,3,1750,0,2009,,Kenmore,98028,0,2009,5,5,237.42857142857142
2014-06-14,397500.0,3.0,2.0,1510,6710,1.0,0,0,3,1070,440,1972,,Kirkland,98034,0,1972,42,42,263.2450331125828
2014-06-14,530000.0,3.0,2.5,1930,7214,2.0,0,0,3,1930,0,2005,,Seattle,98125,0,2005,9,9,274.61139896373055
2014-06-14,883000.0,4.0,2.5,2960,41656,2.0,0,0,3,2960,0,1985,,Woodinville,98072,0,1985,29,29,298.31081081081084
2014-06-14,850000.0,5.0,2.75,2920,11880,1.0,0,0,5,1660,1260,1968,,Issaquah,98027,0,1968,46,46,291.09589041095893
2014-06-14,496752.0,2.0,1.0,1980,5000,1.0,0,0,4,1090,890,1923,,Seattle,98144,0,1923,91,91,250.88484848484848
2014-06-14,330000.0,3.0,1.75,1430,8865,1.0,0,0,3,1430,0,1950,,Seattle,98125,0,1950,64,64,230.76923076923077
2014-06-14,735000.0,4.0,2.75,2450,4187,2.0,0,2,3,2450,0,2010,,Issaquah,98029,0,2010,4,4,300.0
2014-06-14,525000.0,4.0,2.75,2360,4924,2.0,0,0,3,2360,0,2008,,Kenmore,98028,0,2008,6,6,222.45762711864407
2014-06-15,269950.0,3.0,2.5,1890,4838,2.0,0,0,3,1730,160,2002,,Tukwila,98168,0,2002,12,12,142.83068783068782
2014-06-15,650000.0,3.0,1.75,2140,9484,1.0,0,0,3,1290,850,1953,,Bellevue,98004,0,1953,61,61,303.7383177570093
2014-06-15,520500.0,3.0,2.0,1900,8100,1.0,0,0,4,950,950,1940,,Seattle,98115,0,1940,74,74,273.94736842105266
2014-06-15,652500.0,4.0,2.5,2700,9122,2.0,0,0,3,2700,0,1990,,Issaquah,98029,0,1990,24,24,241.66666666666666
2014-06-15,506000.0,5.0,3.0,2430,8000,1.0,0,0,4,1370,1060,1957,,Bellevue,98008,0,1957,57,57,208.23045267489712
2014-06-15,416000.0,3.0,1.0,1110,12150,1.0,0,0,4,1110,0,1957,,Bellevue,98008,0,1957,57,57,374.77477477477476
2014-06-16,500000.0,4.0,2.75,2280,15347,1.0,0,0,5,2280,0,1960,,Newcastle,98059,0,1960,54,54,219.2982456140351
2014-06-16,460000.0,3.0,1.75,1550,4708,1.0,0,0,4,860,690,1949,,Seattle,98115,0,1949,65,65,296.7741935483871
2014-06-16,371025.0,3.0,2.0,1530,8925,1.0,0,0,3,1530,0,1977,,Bothell,98011,0,1977,37,37,242.5
2014-06-16,576000.0,4.0,2.5,2440,28405,2.0,0,0,3,2440,0,2002,,Kenmore,98028,0,2002,12,12,236.0655737704918
2014-06-16,353500.0,4.0,2.25,1760,9602,2.0,0,0,3,1760,0,1987,,Renton,98058,0,1987,27,27,200.85227272727272
2014-06-16,1735000.0,4.0,2.25,3040,5000,2.0,0,3,4,2080,960,1926,,Seattle,98105,0,1926,88,88,570.7236842105264
2014-06-16,183000.0,3.0,1.75,1070,8100,1.0,0,0,4,1070,0,1957,,Auburn,98002,0,1957,57,57,171.02803738317758
2014-06-16,763101.0,3.0,1.75,1990,5560,1.0,0,0,4,1100,890,1939,,Seattle,98105,0,1939,75,75,383.4678391959799
2014-06-16,460000.0,2.0,1.5,1090,4000,1.0,0,0,3,970,120,1951,,Seattle,98116,0,1951,63,63,422.0183486238532
2014-06-16,825000.0,4.0,1.5,1890,6938,1.5,0,0,3,1890,0,1919,,Seattle,98116,0,1919,95,95,436.5079365079365
2014-06-16,265000.0,3.0,1.0,1000,9150,1.0,0,0,3,1000,0,1969,,Renton,98059,0,1969,45,45,265.0
2014-06-16,295000.0,3.0,1.75,1770,8235,1.0,0,0,3,1030,740,1960,,Burien,98148,0,1960,54,54,166.66666666666666
2014-06-16,418000.0,4.0,3.0,2360,6250,1.0,0,2,3,1460,900,1960,,Seattle,98118,0,1960,54,54,177.11864406779662
2014-06-16,554000.0,3.0,3.5,3380,108900,2.0,0,0,3,2700,680,1999,,Renton,98058,0,1999,15,15,163.90532544378698
2014-06-16,534500.0,3.0,2.5,1700,3150,2.0,0,0,3,1700,0,2005,,Issaquah,98029,0,2005,9,9,314.4117647058824
2014-06-16,690000.0,2.0,1.75,1600,4000,1.0,0,0,5,850,750,1918,,Seattle,98112,0,1918,96,96,431.25
2014-06-16,530000.0,4.0,2.5,2050,6360,2.0,0,0,3,2050,0,1988,,Issaquah,98029,0,1988,26,26,258.5365853658537
2014-06-16,357186.0,2.0,1.75,1210,1040,2.0,0,0,3,1210,0,2014,,Issaquah,98029,0,2014,0,0,295.19504132231407
2014-06-16,300000.0,5.0,3.0,1940,6355,1.0,0,0,3,1200,740,2007,,Seattle,98168,0,2007,7,7,154.63917525773195
2014-06-16,304000.0,4.0,2.0,1810,8750,1.0,0,0,2,1110,700,1967,,Renton,98058,0,1967,47,47,167.95580110497238
2014-06-16,385000.0,4.0,1.75,1690,4080,1.0,0,0,4,870,820,1984,,Seattle,98144,0,1984,30,30,227.81065088757396
2014-06-16,415000.0,4.0,2.0,1800,2970,1.0,0,0,4,1000,800,1923,,Seattle,98115,0,1923,91,91,230.55555555555554
2014-06-16,963000.0,4.0,3.5,3280,6603,2.0,0,0,3,3280,0,2007,,Bellevue,98006,0,2007,7,7,293.5975609756098
2014-06-16,792500.0,4.0,2.5,4290,175421,2.0,0,0,3,4290,0,2004,,Ravensdale,98051,0,2004,10,10,184.73193473193473
2014-06-16,309212.0,3.0,1.75,1150,9600,1.0,0,0,3,1150,0,1979,,North Bend,98045,0,1979,35,35,268.88
2014-06-16,235000.0,2.0,1.5,880,1805,2.0,0,0,3,880,0,1999,,Seattle,98133,0,1999,15,15,267.04545454545456
2014-06-16,667000.0,3.0,1.5,1720,8100,2.0,0,0,3,1720,0,1907,,Seattle,98107,0,1907,107,107,387.7906976744186
2014-06-16,470000.0,3.0,1.5,1510,8000,1.0,0,0,4,1510,0,1956,,Bellevue,98007,0,1956,58,58,311.2582781456954
2014-06-16,375000.0,4.0,2.0,1240,3000,1.0,0,0,3,1040,200,1908,,Seattle,98122,0,1908,106,106,302.4193548387097
2014-06-16,410000.0,4.0,2.0,1580,9581,1.0,0,0,3,1580,0,1953,,Kirkland,98033,0,1953,61,61,259.49367088607596
2014-06-16,566000.0,4.0,2.25,2170,7737,2.0,0,0,3,2170,0,1987,,Sammamish,98074,0,1987,27,27,260.8294930875576
2014-06-16,680000.0,4.0,2.75,2500,4950,2.0,0,0,3,2500,0,2010,,Redmond,98053,0,2010,4,4,272.0
2014-06-16,332000.0,1.0,1.0,960,2640,1.0,0,0,3,760,200,1908,,Seattle,98112,0,1908,106,106,345.8333333333333
2014-06-16,902000.0,4.0,2.5,3030,8507,2.0,0,0,3,3030,0,2003,,Kirkland,98033,0,2003,11,11,297.6897689768977
2014-06-16,500000.0,3.0,1.75,1540,10800,1.0,0,0,5,770,770,1947,,Mercer Island,98040,0,1947,67,67,324.6753246753247
2014-06-16,445000.0,3.0,1.75,1890,32340,1.5,0,3,3,1890,0,1976,,Vashon,98070,0,1976,38,38,235.44973544973544
2014-06-16,825000.0,4.0,2.5,2810,9800,1.0,0,0,4,1710,1100,1973,,Bellevue,98006,0,1973,41,41,293.5943060498221
2014-06-16,1095000.0,4.0,4.0,3530,8400,2.0,0,0,5,2630,900,1958,,Seattle,98199,0,1958,56,56,310.19830028328613
2014-06-16,277000.0,3.0,1.0,1100,8536,1.0,0,0,4,1100,0,1957,,Seattle,98118,0,1957,57,57,251.8181818181818
2014-06-16,545000.0,3.0,2.5,1940,9775,1.0,0,2,3,1440,500,1975,,Kirkland,98034,0,1975,39,39,280.92783505154637
2014-06-16,435000.0,3.0,2.5,2300,9521,2.0,0,0,3,2300,0,2003,,Duvall,98019,0,2003,11,11,189.1304347826087
2014-06-16,638000.0,3.0,2.5,2110,3600,2.0,0,0,3,2110,0,2005,,Redmond,98052,0,2005,9,9,302.3696682464455
2014-06-16,418000.0,4.0,1.5,1220,10580,1.0,0,0,3,1220,0,1965,,Bellevue,98008,0,1965,49,49,342.62295081967216
2014-06-16,499000.0,3.0,1.75,1750,12325,1.0,0,0,4,1470,280,1968,,Redmond,98052,0,1968,46,46,285.14285714285717
2014-06-16,150000.0,3.0,1.5,1230,8056,1.0,0,0,4,1230,0,1949,,Burien,98168,0,1949,65,65,121.95121951219512
2014-06-16,759950.0,3.0,2.5,3100,23790,2.0,0,0,3,3100,0,2002,,Sammamish,98075,0,2002,12,12,245.1451612903226
2014-06-16,427000.0,3.0,2.5,1830,65340,1.0,0,0,3,1520,310,1991,,North Bend,98045,0,1991,23,23,233.33333333333334
2014-06-16,632500.0,5.0,2.5,2640,7096,2.0,0,0,3,2640,0,2003,,Redmond,98053,0,2003,11,11,239.58333333333334
2014-06-16,660000.0,6.0,1.75,1840,2774,1.0,0,0,3,1060,780,1900,,Seattle,98122,0,1900,114,114,358.69565217391306
2014-06-16,862000.0,4.0,2.5,3190,14565,2.0,0,0,3,3190,0,1990,,Woodinville,98077,0,1990,24,24,270.2194357366771
2014-06-16,524000.0,2.0,1.0,1120,2000,1.5,0,0,3,1120,0,1910,,Seattle,98109,0,1910,104,104,467.85714285714283
2014-06-16,470000.0,3.0,1.5,1760,6723,1.0,0,0,3,1160,600,1958,,Seattle,98118,0,1958,56,56,267.04545454545456
2014-06-16,385000.0,3.0,2.0,1590,9912,2.0,0,0,3,1590,0,2000,,Vashon,98070,0,2000,14,14,242.13836477987422
2014-06-16,575000.0,4.0,2.5,2120,9603,2.0,0,0,3,2120,0,1985,,Issaquah,98027,0,1985,29,29,271.22641509433964
2014-06-16,220000.0,4.0,2.5,2240,9826,1.0,0,0,4,1370,870,1988,,Federal Way,98023,0,1988,26,26,98.21428571428571
2014-06-16,460000.0,2.0,1.0,890,2100,1.0,0,0,4,760,130,1919,,Seattle,98107,0,1919,95,95,516.8539325842696
2014-06-16,1712500.0,3.0,3.25,2940,5432,3.0,0,3,4,2440,500,1978,,Seattle,98109,0,1978,36,36,582.4829931972789
2014-06-16,175000.0,3.0,1.5,1220,7300,1.0,0,0,3,1220,0,1973,,Auburn,98001,0,1973,41,41,143.44262295081967
2014-06-16,465000.0,3.0,2.25,2670,7500,1.0,0,0,4,1640,1030,1966,,Burien,98166,0,1966,48,48,174.1573033707865
2014-06-16,552000.0,3.0,1.0,1120,2300,1.0,0,0,4,820,300,1912,,Seattle,98117,0,1912,102,102,492.85714285714283
2014-06-16,565000.0,4.0,2.75,3130,139392,2.0,0,0,4,3130,0,1981,,Kent,98030,0,1981,33,33,180.5111821086262
2014-06-16,518000.0,4.0,2.5,1740,7500,1.0,0,0,4,1220,520,1976,,Redmond,98052,0,1976,38,38,297.7011494252874
2014-06-16,899950.0,4.0,3.5,3290,5414,2.0,0,1,3,2360,930,2006,,Kirkland,98034,0,2006,8,8,273.54103343465044
2014-06-16,373000.0,3.0,1.0,1770,5720,1.5,0,0,4,1140,630,1926,,Seattle,98126,0,1926,88,88,210.73446327683615
2014-06-16,385000.0,4.0,2.5,2960,5054,2.0,0,0,3,2960,0,2006,,Maple Valley,98038,0,2006,8,8,130.06756756756758
2014-06-16,245000.0,2.0,1.0,1200,4880,1.0,0,0,3,980,220,1943,,Seattle,98106,0,1943,71,71,204.16666666666666
2014-06-16,375000.0,4.0,2.0,2400,6000,2.0,0,0,3,2400,0,1913,1945.0,Bothell,98011,1,1945,101,69,156.25
2014-06-16,699850.0,4.0,3.5,2690,6164,2.0,0,0,3,2690,0,2002,,Sammamish,98075,0,2002,12,12,260.1672862453532
2014-06-16,450000.0,6.0,2.25,3550,11780,1.0,0,0,4,2960,590,1948,,Seattle,98125,0,1948,66,66,126.7605633802817
2014-06-16,455000.0,2.0,1.5,1310,12196,1.5,0,0,3,1310,0,1970,,Redmond,98052,0,1970,44,44,347.32824427480915
2014-06-16,650000.0,4.0,2.75,2610,4160,3.0,0,0,5,1910,700,1910,,Seattle,98103,0,1910,104,104,249.04214559386972
2014-06-16,378000.0,5.0,2.5,2760,8015,1.0,0,0,4,1600,1160,1960,,Seattle,98125,0,1960,54,54,136.95652173913044
2014-06-16,220000.0,3.0,2.0,1410,7998,1.0,0,0,4,1410,0,1940,,Tukwila,98178,0,1940,74,74,156.02836879432624
2014-06-16,285500.0,4.0,1.75,1960,7950,1.0,0,0,4,1960,0,1967,,Federal Way,98023,0,1967,47,47,145.66326530612244
2014-06-16,340000.0,3.0,2.5,1212,1174,3.0,0,0,3,1212,0,2004,,Seattle,98125,0,2004,10,10,280.52805280528054
2014-06-16,921000.0,4.0,1.5,2220,9496,1.0,0,0,4,1490,730,1954,,Bellevue,98004,0,1954,60,60,414.86486486486484
2014-06-16,375000.0,4.0,2.5,2040,109336,1.5,0,0,4,2040,0,1973,,Maple Valley,98038,0,1973,41,41,183.8235294117647
2014-06-16,999000.0,4.0,2.75,2800,19168,2.0,0,0,3,2800,0,1992,,Sammamish,98075,0,1992,22,22,356.7857142857143
2014-06-16,335000.0,3.0,1.5,2040,6000,1.0,0,0,3,1340,700,1957,,Seattle,98118,0,1957,57,57,164.2156862745098
2014-06-16,1920000.0,4.0,2.5,3070,34412,1.0,0,3,4,2070,1000,1950,,Medina,98039,0,1950,64,64,625.4071661237786
2014-06-16,385000.0,2.0,1.0,830,26329,1.0,1,3,4,830,0,1928,,Vashon,98070,0,1928,86,86,463.855421686747
2014-06-16,850000.0,4.0,3.5,4140,7089,2.0,0,0,3,3160,980,2003,,Kirkland,98034,0,2003,11,11,205.31400966183574
2014-06-16,429000.0,5.0,2.5,2340,4500,2.0,0,0,3,2340,0,2009,,Renton,98059,0,2009,5,5,183.33333333333334
2014-06-16,523950.0,3.0,2.25,1420,1282,3.0,0,0,3,1420,0,2006,,Seattle,98103,0,2006,8,8,368.9788732394366
2014-06-16,798800.0,3.0,2.75,2670,3738,1.0,0,0,3,1720,950,2013,,Renton,98056,0,2013,1,1,299.1760299625468
2014-06-16,284000.0,3.0,2.5,1880,6008,2.0,0,0,3,1880,0,2009,,Kent,98042,0,2009,5,5,151.06382978723406
2014-06-16,852880.0,4.0,3.25,3450,6184,2.0,0,0,3,3450,0,2014,,Sammamish,98074,0,2014,0,0,247.21159420289854
2014-06-16,320000.0,3.0,2.25,1200,1400,3.0,0,0,3,1200,0,2005,,Seattle,98133,0,2005,9,9,266.6666666666667
2014-06-16,749995.0,4.0,3.25,3430,9870,2.0,0,0,3,3430,0,2014,,Bothell,98011,0,2014,0,0,218.65743440233237
2014-06-16,468500.0,3.0,2.5,1350,1186,2.0,0,0,3,1120,230,2007,,Seattle,98117,0,2007,7,7,347.037037037037
2014-06-16,492500.0,5.0,2.5,2570,9962,2.0,0,0,3,2570,0,2006,,Duvall,98019,0,2006,8,8,191.6342412451362
2014-06-16,685000.0,4.0,3.5,2840,4637,3.0,0,0,3,2840,0,2008,,Seattle,98125,0,2008,6,6,241.19718309859155
2014-06-16,542525.0,4.0,2.5,2650,5600,2.0,0,0,3,2650,0,2014,,Renton,98059,0,2014,0,0,204.72641509433961
2014-06-16,435000.0,3.0,2.0,1980,2674,3.0,0,0,3,1980,0,2007,,Seattle,98136,0,2007,7,7,219.6969696969697
2014-06-17,242000.0,3.0,1.75,1280,7524,1.5,0,0,4,1280,0,1988,,Kent,98031,0,1988,26,26,189.0625
2014-06-17,325000.0,4.0,2.5,2610,7091,2.0,0,0,3,2610,0,1987,,Federal Way,98023,0,1987,27,27,124.52107279693486
2014-06-17,837700.0,5.0,2.75,3010,12611,2.0,0,0,3,3010,0,1994,,Redmond,98052,0,1994,20,20,278.30564784053155
2014-06-17,210000.0,1.0,1.0,930,7129,1.0,0,0,3,930,0,1948,,Seattle,98133,0,1948,66,66,225.80645161290323
2014-06-17,187500.0,3.0,1.5,1180,7000,1.0,0,0,4,1180,0,1977,,Federal Way,98023,0,1977,37,37,158.89830508474577
2014-06-17,560000.0,5.0,1.0,1710,9100,1.5,0,0,4,1320,390,1926,,Seattle,98126,0,1926,88,88,327.48538011695905
2014-06-17,272000.0,3.0,2.0,1380,7476,1.0,0,0,3,1380,0,1989,,Auburn,98001,0,1989,25,25,197.1014492753623
2014-06-17,235000.0,3.0,1.75,1190,7280,1.0,0,0,4,1190,0,1968,,Auburn,98092,0,1968,46,46,197.47899159663865
2014-06-17,259000.0,3.0,2.0,1870,5909,1.0,0,0,3,1270,600,1986,,Kent,98030,0,1986,28,28,138.50267379679144
2014-06-17,866059.0,5.0,3.5,3130,4797,2.0,0,0,3,2570,560,2014,,Bellevue,98006,0,2014,0,0,276.6961661341853
2014-06-17,473000.0,2.0,1.0,900,5100,1.0,0,0,4,900,0,1909,,Seattle,98117,0,1909,105,105,525.5555555555555
2014-06-17,405000.0,3.0,1.5,1880,7400,1.0,0,0,3,1480,400,1968,,Lake Forest Park,98155,0,1968,46,46,215.4255319148936
2014-06-17,870000.0,4.0,4.25,3010,4887,2.0,0,3,4,1940,1070,1951,1996.0,Seattle,98115,1,1996,63,18,289.03654485049833
2014-06-17,475000.0,3.0,2.25,2280,5750,1.0,0,1,4,1150,1130,1985,,Seattle,98116,0,1985,29,29,208.33333333333334
2014-06-17,499500.0,3.0,2.5,2970,21907,2.0,0,0,3,2970,0,1998,2006.0,Renton,98059,1,2006,16,8,168.1818181818182
2014-06-17,386000.0,2.0,2.5,1620,3196,2.0,0,0,3,1620,0,2008,,Snoqualmie,98065,0,2008,6,6,238.2716049382716
2014-06-17,458000.0,4.0,1.5,1550,3000,1.5,0,0,3,1350,200,1918,,Seattle,98105,0,1918,96,96,295.48387096774195
2014-06-17,550000.0,3.0,1.75,2240,78225,2.0,0,0,5,2240,0,1976,,Vashon,98070,0,1976,38,38,245.53571428571428
2014-06-17,605500.0,3.0,2.5,2830,6536,2.0,0,0,3,2830,0,1989,,Woodinville,98072,0,1989,25,25,213.95759717314488
2014-06-17,421000.0,3.0,2.5,2890,21780,2.0,0,0,3,2890,0,2000,,SeaTac,98188,0,2000,14,14,145.67474048442907
2014-06-17,536000.0,4.0,2.25,1990,5948,2.0,0,0,3,1990,0,1991,,Issaquah,98029,0,1991,23,23,269.3467336683417
2014-06-17,247200.0,3.0,1.75,1370,8719,1.0,0,0,3,1370,0,1982,,Covington,98042,0,1982,32,32,180.43795620437956
2014-06-17,250000.0,2.0,1.5,1088,1360,2.0,0,0,3,1088,0,1983,,Kirkland,98034,0,1983,31,31,229.77941176470588
2014-06-17,204950.0,4.0,1.75,1740,9344,1.0,0,0,3,1180,560,1978,,Federal Way,98023,0,1978,36,36,117.78735632183908
2014-06-17,430000.0,3.0,2.0,1730,9000,1.0,0,0,3,1370,360,1978,,Issaquah,98027,0,1978,36,36,248.5549132947977
2014-06-17,250000.0,4.0,2.5,1800,8100,2.0,0,0,3,1800,0,1998,,Maple Valley,98038,0,1998,16,16,138.88888888888889
2014-06-17,260000.0,3.0,1.75,1440,12888,1.0,0,2,3,1090,350,1958,,Tukwila,98168,0,1958,56,56,180.55555555555554
2014-06-17,547000.0,4.0,1.0,1720,2800,1.5,0,0,4,1200,520,1926,,Seattle,98115,0,1926,88,88,318.0232558139535
2014-06-17,379900.0,5.0,3.5,2800,7350,2.0,0,0,3,2800,0,1995,,Seattle,98106,0,1995,19,19,135.67857142857142
2014-06-17,738500.0,3.0,2.5,2300,6009,1.0,0,0,3,2300,0,2005,,Redmond,98053,0,2005,9,9,321.0869565217391
2014-06-17,545000.0,4.0,2.25,2030,11585,1.0,0,0,4,1590,440,1967,,Redmond,98052,0,1967,47,47,268.4729064039409
2014-06-17,342000.0,2.0,1.0,740,6180,1.0,0,0,3,740,0,1948,,Seattle,98118,0,1948,66,66,462.1621621621622
2014-06-17,4668000.0,5.0,6.75,9640,13068,1.0,1,4,3,4820,4820,1983,2009.0,Mercer Island,98040,1,2009,31,5,484.23236514522824
2014-06-17,170000.0,4.0,1.0,1920,13787,1.0,0,0,4,1220,700,1966,,SeaTac,98188,0,1966,48,48,88.54166666666667
2014-06-17,616000.0,4.0,2.5,2490,12929,2.0,0,0,3,2490,0,1983,,Sammamish,98074,0,1983,31,31,247.38955823293173
2014-06-17,640000.0,3.0,2.0,1380,4800,1.0,0,0,3,1380,0,1948,,Seattle,98119,0,1948,66,66,463.768115942029
2014-06-17,332000.0,3.0,2.5,1530,9406,1.0,0,0,3,1270,260,1993,,Renton,98059,0,1993,21,21,216.99346405228758
2014-06-17,1010000.0,3.0,3.25,2420,1923,2.0,0,2,3,1840,580,2006,,Seattle,98109,0,2006,8,8,417.35537190082647
2014-06-17,380000.0,4.0,2.5,2150,37647,2.0,0,0,3,2150,0,1991,,Kent,98042,0,1991,23,23,176.74418604651163
2014-06-17,415000.0,4.0,2.0,1610,9600,1.0,0,0,5,1610,0,1967,,Newcastle,98056,0,1967,47,47,257.7639751552795
2014-06-17,1008000.0,4.0,3.5,2650,3060,2.0,0,0,3,2060,590,2001,,Seattle,98103,0,2001,13,13,380.37735849056605
2014-06-17,669000.0,4.0,2.75,2700,35362,2.0,0,0,5,2700,0,1976,,Woodinville,98077,0,1976,38,38,247.77777777777777
2014-06-17,260000.0,3.0,1.5,1270,20700,1.0,0,0,2,1150,120,1948,,Lake Forest Park,98155,0,1948,66,66,204.7244094488189
2014-06-17,854000.0,4.0,2.75,3150,38865,1.0,0,0,3,2480,670,1986,,Redmond,98052,0,1986,28,28,271.1111111111111
2014-06-17,605000.0,3.0,2.25,2010,10760,2.0,0,0,3,2010,0,1985,,Redmond,98052,0,1985,29,29,300.9950248756219
2014-06-17,320000.0,3.0,1.0,860,5060,1.5,0,0,3,860,0,1927,,Seattle,98133,0,1927,87,87,372.09302325581393
2014-06-17,229950.0,3.0,2.0,1410,7466,1.0,0,0,3,1410,0,1983,,Renton,98058,0,1983,31,31,163.08510638297872
2014-06-17,255000.0,3.0,1.75,1700,7532,1.0,0,0,3,1700,0,1987,,Kent,98030,0,1987,27,27,150.0
2014-06-17,1170000.0,4.0,2.5,2570,6251,2.0,0,0,3,2570,0,2000,,Bellevue,98004,0,2000,14,14,455.25291828793775
2014-06-17,479000.0,2.0,2.25,1230,932,2.0,0,0,3,1020,210,2004,,Seattle,98112,0,2004,10,10,389.4308943089431
2014-06-17,1200000.0,4.0,3.5,4170,9748,2.0,0,0,3,4170,0,2004,,Newcastle,98059,0,2004,10,10,287.76978417266184
2014-06-17,472000.0,3.0,2.5,1180,1262,3.0,0,0,3,1180,0,2010,,Seattle,98119,0,2010,4,4,400.0
2014-06-17,198000.0,3.0,1.5,1430,7347,1.0,0,0,3,820,610,1980,,Federal Way,98023,0,1980,34,34,138.46153846153845
2014-06-17,440000.0,4.0,2.0,1450,8400,1.5,0,0,4,1450,0,1962,,Kirkland,98034,0,1962,52,52,303.44827586206895
2014-06-17,506000.0,3.0,1.75,2180,7700,1.0,0,0,3,1480,700,1961,,Shoreline,98177,0,1961,53,53,232.11009174311926
2014-06-17,382500.0,4.0,2.5,2210,7079,2.0,0,0,3,2210,0,1993,,Kent,98031,0,1993,21,21,173.07692307692307
2014-06-17,269500.0,2.0,1.5,1480,7276,1.0,0,0,4,940,540,1978,,Renton,98056,0,1978,36,36,182.09459459459458
2014-06-17,560000.0,3.0,2.0,2340,3477,1.0,0,1,5,1170,1170,1971,,Seattle,98118,0,1971,43,43,239.31623931623932
2014-06-17,840000.0,4.0,3.5,3860,18334,2.0,0,0,3,3120,740,1996,,Woodinville,98077,0,1996,18,18,217.61658031088083
2014-06-17,479500.0,3.0,2.75,2300,4637,2.0,0,0,3,2300,0,2008,,Snoqualmie,98065,0,2008,6,6,208.47826086956522
2014-06-17,402000.0,3.0,1.5,1450,7375,1.0,0,0,3,1010,440,1968,,Kirkland,98034,0,1968,46,46,277.2413793103448
2014-06-17,549000.0,2.0,2.5,1380,953,3.0,0,0,3,1380,0,2006,,Seattle,98103,0,2006,8,8,397.82608695652175
2014-06-17,449950.0,4.0,2.5,2470,3811,2.0,0,0,3,2470,0,1999,,Snoqualmie,98065,0,1999,15,15,182.165991902834
2014-06-17,493000.0,4.0,1.75,2030,18295,1.5,0,0,4,2030,0,1975,,Kirkland,98034,0,1975,39,39,242.85714285714286
2014-06-17,142500.0,4.0,0.75,1440,13300,1.0,0,0,3,1440,0,1948,,Burien,98166,0,1948,66,66,98.95833333333333
2014-06-17,250000.0,3.0,1.75,1160,6134,1.0,0,0,3,1160,0,1998,,Auburn,98002,0,1998,16,16,215.51724137931035
2014-06-17,729000.0,3.0,1.0,1580,3840,2.0,0,0,3,1580,0,1908,,Seattle,98102,0,1908,106,106,461.39240506329116
2014-06-17,465000.0,2.0,2.75,1430,1425,2.0,0,0,3,995,435,2006,,Seattle,98112,0,2006,8,8,325.1748251748252
2014-06-17,465000.0,2.0,2.0,1494,19271,2.0,1,4,3,1494,0,1943,1997.0,Vashon,98070,1,1997,71,17,311.2449799196787
2014-06-17,280000.0,4.0,2.25,1930,7207,1.0,0,0,4,1360,570,1988,,Kent,98030,0,1988,26,26,145.0777202072539
2014-06-17,675000.0,6.0,1.75,2740,6360,1.0,0,3,3,1370,1370,1953,,Seattle,98146,0,1953,61,61,246.35036496350364
2014-06-17,667500.0,3.0,2.0,1880,3800,1.0,0,0,5,1030,850,1927,,Seattle,98115,0,1927,87,87,355.0531914893617
2014-06-17,809000.0,3.0,2.5,2590,7720,2.0,0,0,3,2590,0,1988,,Bellevue,98007,0,1988,26,26,312.35521235521236
2014-06-17,400000.0,3.0,2.25,2140,11266,2.0,0,0,3,2140,0,1986,,Duvall,98019,0,1986,28,28,186.9158878504673
2014-06-17,310000.0,4.0,2.0,1870,6000,1.5,0,0,3,1870,0,1956,,Seattle,98125,0,1956,58,58,165.77540106951872
2014-06-17,435000.0,2.0,1.0,1230,3800,1.0,0,0,3,1230,0,1928,,Seattle,98115,0,1928,86,86,353.6585365853659
2014-06-17,465950.0,4.0,2.5,2340,6896,2.0,0,0,3,2340,0,2001,,Renton,98059,0,2001,13,13,199.1239316239316
2014-06-17,1538000.0,3.0,2.25,2880,7599,1.0,0,2,3,1710,1170,1958,2002.0,Kirkland,98033,1,2002,56,12,534.0277777777778
2014-06-17,253000.0,3.0,1.5,880,6600,1.0,0,0,5,880,0,1945,,Seattle,98178,0,1945,69,69,287.5
2014-06-17,330000.0,3.0,2.5,3040,7232,2.0,0,0,3,3040,0,2003,,Auburn,98092,0,2003,11,11,108.55263157894737
2014-06-17,554000.0,4.0,1.0,1120,7104,1.5,0,0,3,1120,0,1946,,Seattle,98177,0,1946,68,68,494.64285714285717
2014-06-17,350000.0,3.0,2.0,1380,3600,3.0,0,0,3,1380,0,2013,,Seattle,98122,0,2013,1,1,253.6231884057971
2014-06-17,294999.0,4.0,2.5,1660,9760,2.0,0,0,3,1660,0,1994,,Kent,98030,0,1994,20,20,177.71024096385543
2014-06-17,1185001.0,3.0,2.75,2500,5568,2.0,0,0,5,2500,0,1905,,Seattle,98112,0,1905,109,109,474.0004
2014-06-17,752000.0,4.0,2.5,2940,10382,2.0,0,0,4,2940,0,1991,,Newcastle,98059,0,1991,23,23,255.78231292517006
2014-06-17,451000.0,4.0,2.5,1670,3315,2.0,0,0,3,1670,0,2005,,Issaquah,98029,0,2005,9,9,270.05988023952096
2014-06-17,725000.0,4.0,2.75,2630,7505,2.0,0,0,3,2630,0,1994,,Redmond,98052,0,1994,20,20,275.6653992395437
2014-06-17,345000.0,4.0,2.75,2250,7412,1.0,0,0,4,1480,770,1975,,Renton,98058,0,1975,39,39,153.33333333333334
2014-06-17,206000.0,3.0,1.0,1320,7000,1.0,0,0,4,1320,0,1967,,Auburn,98002,0,1967,47,47,156.06060606060606
2014-06-17,2027000.0,4.0,3.75,4100,22798,1.5,0,3,5,2540,1560,1934,1979.0,Mercer Island,98040,1,1979,80,35,494.390243902439
2014-06-17,2475000.0,3.0,3.25,4340,4947,2.0,0,3,3,3060,1280,1993,,Seattle,98107,0,1993,21,21,570.2764976958525
2014-06-17,1728000.0,4.0,3.0,3700,20570,1.0,0,0,4,1850,1850,1976,,Bellevue,98004,0,1976,38,38,467.02702702702703
2014-06-17,580000.0,5.0,2.0,2700,10875,1.0,0,0,4,1540,1160,1962,,Bellevue,98007,0,1962,52,52,214.8148148148148
2014-06-17,430000.0,3.0,1.0,980,7200,1.0,0,0,4,980,0,1950,,Seattle,98116,0,1950,64,64,438.7755102040816
2014-06-17,720000.0,4.0,2.5,2650,11520,2.0,0,0,3,2110,540,1988,,Kirkland,98033,0,1988,26,26,271.6981132075472
2014-06-17,824000.0,7.0,4.25,3670,4000,2.0,0,1,3,2800,870,1964,,Seattle,98199,0,1964,50,50,224.52316076294278
2014-06-17,936000.0,3.0,1.75,2960,12420,1.0,0,2,4,1480,1480,1952,,Seattle,98116,0,1952,62,62,316.2162162162162
2014-06-17,535000.0,4.0,2.75,3070,7201,2.0,0,0,3,3070,0,2006,,Renton,98059,0,2006,8,8,174.2671009771987
2014-06-17,286800.0,3.0,2.5,1413,3600,2.0,0,0,3,1413,0,2011,,Kent,98031,0,2011,3,3,202.9723991507431
2014-06-17,350000.0,2.0,2.5,1260,1347,3.0,0,0,3,1260,0,2005,,Seattle,98103,0,2005,9,9,277.77777777777777
2014-06-17,345000.0,3.0,2.5,1680,2229,2.0,0,0,3,1680,0,2007,,Shoreline,98155,0,2007,7,7,205.35714285714286
2014-06-17,435000.0,3.0,2.25,1230,1238,2.0,0,0,3,1080,150,2009,,Seattle,98199,0,2009,5,5,353.6585365853659
2014-06-17,1555000.0,3.0,3.5,4360,6240,2.0,0,3,3,2960,1400,2008,,Seattle,98103,0,2008,6,6,356.651376146789
2014-06-17,1325000.0,4.0,4.0,4420,16526,2.0,0,0,3,4420,0,2013,,Sammamish,98075,0,2013,1,1,299.7737556561086
2014-06-18,461000.0,3.0,3.25,2770,6278,2.0,0,0,3,1980,790,2006,,Renton,98056,0,2006,8,8,166.4259927797834
2014-06-18,770000.0,3.0,2.25,2910,10204,2.0,0,0,3,2910,0,1990,,Redmond,98052,0,1990,24,24,264.6048109965636
2014-06-18,1384000.0,4.0,3.25,4290,12103,1.0,0,3,3,2690,1600,1997,,Bellevue,98006,0,1997,17,17,322.61072261072263
2014-06-18,330000.0,3.0,2.5,1600,26977,2.0,0,0,3,1600,0,2005,,Duvall,98019,0,2005,9,9,206.25
2014-06-18,322500.0,4.0,2.5,1820,6753,2.0,0,0,3,1820,0,1994,,Maple Valley,98038,0,1994,20,20,177.1978021978022
2014-06-18,1600000.0,6.0,5.0,6050,230652,2.0,0,3,3,6050,0,2001,,Fall City,98024,0,2001,13,13,264.46280991735534
2014-06-18,475000.0,3.0,1.75,1700,8432,1.0,0,0,3,1230,470,1977,,Seattle,98125,0,1977,37,37,279.4117647058824
2014-06-18,250275.0,2.0,1.0,790,11234,1.0,0,0,4,790,0,1942,,Normandy Park,98166,0,1942,72,72,316.80379746835445
2014-06-18,274500.0,3.0,2.25,1720,9000,1.0,0,0,4,1320,400,1969,,Federal Way,98023,0,1969,45,45,159.59302325581396
2014-06-18,284950.0,3.0,1.0,990,10723,1.0,0,0,5,990,0,1960,,Renton,98059,0,1960,54,54,287.82828282828285
2014-06-18,264950.0,4.0,1.75,1770,9011,1.0,0,0,5,1050,720,1983,,Covington,98042,0,1983,31,31,149.68926553672316
2014-06-18,242000.0,3.0,2.0,1260,8092,1.0,0,0,3,1260,0,1986,,Maple Valley,98038,0,1986,28,28,192.06349206349208
2014-06-18,913000.0,4.0,2.5,3640,10576,2.0,0,0,3,3640,0,1999,,Sammamish,98075,0,1999,15,15,250.82417582417582
2014-06-18,555000.0,3.0,1.75,2040,6000,1.0,0,0,5,1120,920,1958,,Seattle,98116,0,1958,56,56,272.05882352941177
2014-06-18,711000.0,4.0,1.75,1980,10800,1.0,0,0,5,990,990,1948,,Mercer Island,98040,0,1948,66,66,359.09090909090907
2014-06-18,403500.0,5.0,2.5,3600,17300,1.0,0,0,4,2410,1190,1968,,Normandy Park,98166,0,1968,46,46,112.08333333333333
2014-06-18,975000.0,4.0,2.5,4270,43386,1.0,0,0,3,2680,1590,1991,,Redmond,98053,0,1991,23,23,228.33723653395785
2014-06-18,253779.0,4.0,2.0,2030,9600,1.5,0,0,3,1430,600,1947,,SeaTac,98188,0,1947,67,67,125.01428571428572
2014-06-18,384400.0,3.0,3.25,1689,1388,3.0,0,0,3,1689,0,2008,,Seattle,98125,0,2008,6,6,227.5902901124926
2014-06-18,646000.0,5.0,2.75,2870,4461,1.0,0,0,3,1650,1220,1976,,Seattle,98107,0,1976,38,38,225.0871080139373
2014-06-18,415000.0,3.0,1.75,1270,4800,1.0,0,0,3,1270,0,1952,2014.0,Seattle,98126,1,2014,62,0,326.7716535433071
2014-06-18,764000.0,4.0,2.5,2790,7938,2.0,0,0,3,2790,0,1997,,Sammamish,98074,0,1997,17,17,273.8351254480287
2014-06-18,507000.0,5.0,3.25,3850,16249,2.0,0,2,3,3030,820,2002,,Auburn,98092,0,2002,12,12,131.6883116883117
2014-06-18,545500.0,3.0,2.5,1560,9361,1.5,0,0,4,1360,200,1936,,Seattle,98108,0,1936,78,78,349.6794871794872
2014-06-18,450000.0,3.0,1.75,1180,4080,1.0,0,0,4,760,420,1928,,Seattle,98117,0,1928,86,86,381.35593220338984
2014-06-18,264000.0,4.0,1.75,1820,8118,1.0,0,0,4,1080,740,1980,,Kent,98031,0,1980,34,34,145.05494505494505
2014-06-18,650000.0,5.0,1.75,1260,4500,1.5,0,0,3,1260,0,1926,,Seattle,98119,0,1926,88,88,515.8730158730159
2014-06-18,365000.0,3.0,2.5,2640,6715,2.0,0,0,3,1680,960,1991,,Renton,98058,0,1991,23,23,138.25757575757575
2014-06-18,343566.0,2.0,1.0,1100,4200,1.0,0,0,3,1100,0,1954,,Seattle,98136,0,1954,60,60,312.33272727272725
2014-06-18,375000.0,3.0,2.5,1950,6871,2.0,0,0,3,1950,0,1997,,Shoreline,98155,0,1997,17,17,192.30769230769232
2014-06-18,295000.0,3.0,2.0,1380,8682,1.0,0,0,4,1380,0,1966,,Des Moines,98148,0,1966,48,48,213.768115942029
2014-06-18,325000.0,3.0,2.75,2200,7000,1.0,0,0,4,1280,920,1977,,Renton,98058,0,1977,37,37,147.72727272727272
2014-06-18,265000.0,4.0,1.5,2050,7100,1.0,0,0,3,1050,1000,1963,,Auburn,98001,0,1963,51,51,129.26829268292684
2014-06-18,562000.0,5.0,3.0,2795,15101,2.0,0,0,3,2795,0,1996,,Duvall,98019,0,1996,18,18,201.07334525939177
2014-06-18,540000.0,4.0,2.5,2050,34222,2.0,0,0,4,2050,0,1989,,Woodinville,98077,0,1989,25,25,263.4146341463415
2014-06-18,4489000.0,4.0,3.0,6430,27517,2.0,0,0,3,6430,0,2001,,Bellevue,98004,0,2001,13,13,698.1337480559876
2014-06-18,279950.0,5.0,1.75,2150,7171,1.0,0,0,4,1460,690,1970,,Kent,98031,0,1970,44,44,130.2093023255814
2014-06-18,540000.0,3.0,1.75,1970,8200,1.0,0,0,5,1420,550,1963,,Shoreline,98177,0,1963,51,51,274.11167512690355
2014-06-18,310000.0,4.0,2.5,2660,12672,1.0,0,0,4,1740,920,1960,,Federal Way,98003,0,1960,54,54,116.54135338345864
2014-06-18,190000.0,1.0,1.0,720,4800,1.0,0,0,3,720,0,1914,,Seattle,98118,0,1914,100,100,263.8888888888889
2014-06-18,440000.0,4.0,2.5,2410,4780,2.0,0,0,3,2410,0,2000,,Snoqualmie,98065,0,2000,14,14,182.57261410788382
2014-06-18,1400000.0,3.0,2.0,2020,5500,1.5,0,3,3,1790,230,1937,,Seattle,98199,0,1937,77,77,693.0693069306931
2014-06-18,230000.0,2.0,1.0,1080,9435,1.0,0,0,3,1080,0,1958,,Renton,98058,0,1958,56,56,212.96296296296296
2014-06-18,455000.0,3.0,1.75,1180,14292,1.0,0,0,3,1180,0,1981,,North Bend,98045,0,1981,33,33,385.59322033898303
2014-06-18,175000.0,2.0,1.0,660,5000,1.0,0,0,3,660,0,1915,,Seattle,98106,0,1915,99,99,265.1515151515151
2014-06-18,650000.0,3.0,1.75,2920,9370,1.0,0,0,4,1620,1300,1981,,Bellevue,98006,0,1981,33,33,222.6027397260274
2014-06-18,3000000.0,4.0,4.25,4850,12445,2.0,1,4,5,3850,1000,1989,,Kirkland,98034,0,1989,25,25,618.5567010309278
2014-06-18,192500.0,3.0,1.0,1080,8580,1.5,0,0,3,1080,0,1900,,Tukwila,98168,0,1900,114,114,178.24074074074073
2014-06-18,239950.0,3.0,1.75,1670,6900,1.0,0,0,3,1170,500,1978,,Federal Way,98023,0,1978,36,36,143.68263473053892
2014-06-18,175000.0,6.0,1.0,1370,5080,1.5,0,0,3,1120,250,1931,,Seattle,98106,0,1931,83,83,127.73722627737226
2014-06-18,850000.0,5.0,3.5,3450,28324,1.0,0,0,5,2350,1100,1972,,Kirkland,98033,0,1972,42,42,246.3768115942029
2014-06-18,410000.0,4.0,2.0,1970,10500,1.0,0,0,3,1820,150,1961,,Burien,98166,0,1961,53,53,208.12182741116752
2014-06-18,570000.0,4.0,2.5,2290,6738,2.0,0,0,3,2290,0,1996,,Issaquah,98029,0,1996,18,18,248.90829694323145
2014-06-18,469000.0,5.0,2.5,2240,7543,1.0,0,0,3,1140,1100,1966,,Shoreline,98177,0,1966,48,48,209.375
2014-06-18,559000.0,2.0,1.0,1240,6400,1.0,0,1,4,1060,180,1938,,Seattle,98126,0,1938,76,76,450.80645161290323
2014-06-18,739888.0,3.0,2.5,2420,43177,2.0,0,4,4,1690,730,1989,,Sammamish,98075,0,1989,25,25,305.73884297520664
2014-06-18,568450.0,5.0,3.5,3260,58806,2.0,0,0,4,3260,0,1969,,Kent,98042,0,1969,45,45,174.37116564417178
2014-06-18,240000.0,2.0,1.0,670,10920,1.0,0,0,3,670,0,1942,,Seattle,98146,0,1942,72,72,358.2089552238806
2014-06-18,574950.0,5.0,3.25,3160,10000,2.0,0,0,4,3160,0,1980,,Issaquah,98027,0,1980,34,34,181.94620253164558
2014-06-18,180000.0,3.0,2.25,1990,6350,2.0,0,0,3,1990,0,1967,,Des Moines,98198,0,1967,47,47,90.45226130653266
2014-06-18,1160000.0,4.0,3.5,4680,9700,2.0,0,0,3,3360,1320,2005,,Bellevue,98006,0,2005,9,9,247.86324786324786
2014-06-18,300000.0,3.0,2.5,1700,3575,2.0,0,0,3,1700,0,2000,,Seattle,98108,0,2000,14,14,176.47058823529412
2014-06-18,630000.0,4.0,2.5,2807,9430,2.0,0,0,3,2807,0,1996,,Kenmore,98028,0,1996,18,18,224.43890274314214
2014-06-18,507000.0,4.0,1.75,1770,9375,1.0,0,0,4,1170,600,1968,,Redmond,98052,0,1968,46,46,286.4406779661017
2014-06-18,287500.0,4.0,2.5,2570,9000,1.0,0,0,4,1590,980,1979,,Federal Way,98023,0,1979,35,35,111.86770428015564
2014-06-18,688000.0,3.0,3.0,3450,16200,2.0,0,0,3,3450,0,1983,,Sammamish,98074,0,1983,31,31,199.42028985507247
2014-06-18,424000.0,3.0,2.0,1670,7700,1.0,0,0,3,1170,500,1972,,Kirkland,98034,0,1972,42,42,253.89221556886227
2014-06-18,400000.0,3.0,1.75,1050,6150,1.5,0,0,4,950,100,1928,,Seattle,98116,0,1928,86,86,380.95238095238096
2014-06-18,620000.0,4.0,2.5,1910,7683,2.0,0,0,3,1910,0,1987,,Issaquah,98027,0,1987,27,27,324.60732984293196
2014-06-18,300000.0,3.0,1.0,910,7700,1.0,0,0,4,910,0,1971,,Kirkland,98034,0,1971,43,43,329.6703296703297
2014-06-18,615000.0,5.0,2.25,2480,12070,2.0,0,0,3,2480,0,1978,,Sammamish,98074,0,1978,36,36,247.98387096774192
2014-06-18,206000.0,2.0,1.5,1820,8867,2.0,0,0,3,1820,0,1921,,Tukwila,98168,0,1921,93,93,113.18681318681318
2014-06-18,515500.0,4.0,2.5,2920,7700,2.0,0,0,3,2920,0,2003,,Duvall,98019,0,2003,11,11,176.54109589041096
2014-06-18,554000.0,5.0,2.25,1870,11411,1.0,0,0,4,1170,700,1961,,Lake Forest Park,98155,0,1961,53,53,296.2566844919786
2014-06-18,825000.0,4.0,3.5,3810,9792,2.0,0,0,3,3810,0,1938,2013.0,Seattle,98146,1,2013,76,1,216.53543307086613
2014-06-18,855000.0,4.0,2.25,2190,4080,2.0,0,0,3,1800,390,1918,,Seattle,98119,0,1918,96,96,390.4109589041096
2014-06-18,315000.0,3.0,2.5,1730,6368,2.0,0,0,3,1730,0,1993,,Maple Valley,98038,0,1993,21,21,182.08092485549133
2014-06-18,299000.0,5.0,2.5,2220,9360,1.0,0,0,4,1110,1110,1968,,Renton,98058,0,1968,46,46,134.6846846846847
2014-06-18,650000.0,3.0,1.5,1320,8114,1.0,0,0,3,1320,0,1951,,Bellevue,98004,0,1951,63,63,492.42424242424244
2014-06-18,465000.0,3.0,1.75,1510,4800,1.0,0,2,3,860,650,1925,2011.0,Seattle,98126,1,2011,89,3,307.94701986754967
2014-06-18,535000.0,3.0,2.0,2120,4080,2.0,0,0,3,2120,0,2003,,Redmond,98053,0,2003,11,11,252.35849056603774
2014-06-18,564000.0,2.0,2.0,1690,4500,1.0,0,0,3,1690,0,2004,,Redmond,98053,0,2004,10,10,333.7278106508876
2014-06-18,515000.0,3.0,3.5,1360,1419,2.0,0,0,3,1040,320,2007,,Seattle,98107,0,2007,7,7,378.6764705882353
2014-06-18,580000.0,4.0,2.5,3250,5000,2.0,0,0,3,3250,0,2008,,Renton,98059,0,2008,6,6,178.46153846153845
2014-06-18,309000.0,3.0,2.25,1490,1294,2.0,0,0,3,1220,270,2010,,Seattle,98106,0,2010,4,4,207.38255033557047
2014-06-18,536751.0,3.0,1.75,1930,6360,1.0,0,0,3,1930,0,2013,,Snoqualmie,98065,0,2013,1,1,278.10932642487046
2014-06-18,415000.0,4.0,2.5,2020,5501,2.0,0,0,3,2020,0,2010,,Renton,98059,0,2010,4,4,205.44554455445544
2014-06-18,267000.0,3.0,2.25,1584,2800,2.0,0,0,3,1584,0,2012,,Auburn,98002,0,2012,2,2,168.56060606060606
2014-06-18,820000.0,4.0,2.5,3170,8523,2.0,0,0,3,3170,0,2008,,Kirkland,98033,0,2008,6,6,258.67507886435334
2014-06-18,1399950.0,4.0,2.75,3870,10046,2.0,0,0,3,3870,0,2005,,Kirkland,98033,0,2005,9,9,361.74418604651163
2014-06-18,485000.0,2.0,2.5,1430,923,3.0,0,0,3,1410,20,2008,,Seattle,98103,0,2008,6,6,339.16083916083915
2014-06-18,482000.0,3.0,3.25,1380,1120,3.0,0,0,3,1380,0,2008,,Seattle,98103,0,2008,6,6,349.27536231884056
2014-06-18,535000.0,4.0,2.5,2610,4595,2.0,0,0,3,2610,0,2008,,Kenmore,98028,0,2008,6,6,204.9808429118774
2014-06-18,690000.0,3.0,3.25,1540,1428,3.0,0,0,3,1540,0,2013,,Seattle,98103,0,2013,1,1,448.05194805194805
2014-06-19,576000.0,3.0,2.5,1940,9000,1.0,0,0,4,970,970,1948,,Seattle,98117,0,1948,66,66,296.9072164948454
2014-06-19,378750.0,3.0,2.5,2160,3000,1.5,0,0,3,1260,900,1909,2011.0,Seattle,98118,1,2011,105,3,175.34722222222223
2014-06-19,269900.0,4.0,1.75,1530,8750,1.5,0,0,4,1530,0,1968,,Renton,98058,0,1968,46,46,176.40522875816993
2014-06-19,210000.0,3.0,2.0,1440,7210,1.0,0,0,3,1440,0,1983,,Auburn,98092,0,1983,31,31,145.83333333333334
2014-06-19,429900.0,4.0,2.5,2640,8625,2.0,0,0,3,2640,0,1987,,Renton,98058,0,1987,27,27,162.8409090909091
2014-06-19,1525000.0,4.0,3.25,3620,5131,2.0,0,3,4,2350,1270,1927,,Seattle,98119,0,1927,87,87,421.2707182320442
2014-06-19,360000.0,4.0,2.5,2850,4650,2.0,0,0,3,2850,0,2004,,Maple Valley,98038,0,2004,10,10,126.3157894736842
2014-06-19,405000.0,2.0,1.0,1260,4377,1.0,0,0,4,1260,0,1947,,Seattle,98103,0,1947,67,67,321.42857142857144
2014-06-19,450000.0,3.0,1.75,1610,11200,1.0,0,0,3,1610,0,1955,,Kirkland,98033,0,1955,59,59,279.5031055900621
2014-06-19,703000.0,3.0,2.0,1360,5980,1.5,0,0,3,1360,0,1945,2008.0,Seattle,98116,1,2008,69,6,516.9117647058823
2014-06-19,661000.0,4.0,2.5,2496,8058,2.0,0,0,3,2496,0,1998,,Redmond,98052,0,1998,16,16,264.82371794871796
2014-06-19,580000.0,4.0,2.25,2160,9593,1.0,0,0,3,2160,0,1969,,Bellevue,98008,0,1969,45,45,268.51851851851853
2014-06-19,464000.0,3.0,1.0,1320,3625,2.0,0,0,3,1320,0,1900,,Seattle,98122,0,1900,114,114,351.5151515151515
2014-06-19,945000.0,2.0,2.5,2540,7089,2.0,0,0,3,2540,0,2004,,Seattle,98116,0,2004,10,10,372.0472440944882
2014-06-19,659500.0,4.0,3.0,2620,18362,1.0,0,0,4,1870,750,1956,,Bellevue,98006,0,1956,58,58,251.7175572519084
2014-06-19,200000.0,3.0,1.5,1140,8340,1.0,0,0,3,1140,0,1960,,Tukwila,98168,0,1960,54,54,175.43859649122808
2014-06-19,280000.0,3.0,2.0,1790,42399,1.0,0,0,4,1790,0,1990,,Auburn,98092,0,1990,24,24,156.4245810055866
2014-06-19,1325000.0,4.0,2.5,2440,3600,2.5,0,0,4,2440,0,1902,,Seattle,98119,0,1902,112,112,543.0327868852459
2014-06-19,346150.0,3.0,2.0,2140,7200,1.0,0,0,4,1480,660,1966,,Renton,98056,0,1966,48,48,161.75233644859813
2014-06-19,197500.0,3.0,1.0,1330,5412,2.0,0,0,5,1330,0,1905,,Enumclaw,98022,0,1905,109,109,148.49624060150376
2014-06-19,799000.0,4.0,2.5,2590,7910,2.0,0,0,3,2590,0,2001,,Seattle,98115,0,2001,13,13,308.4942084942085
2014-06-19,1309500.0,4.0,4.5,4750,13912,2.0,0,2,3,3600,1150,2005,,Seattle,98118,0,2005,9,9,275.6842105263158
2014-06-19,350000.0,2.0,1.0,1620,9205,1.0,0,0,5,850,770,1921,,Kirkland,98034,0,1921,93,93,216.0493827160494
2014-06-19,720000.0,4.0,2.5,2440,34290,2.0,0,0,3,2440,0,1987,,Redmond,98053,0,1987,27,27,295.08196721311475
2014-06-19,519000.0,3.0,2.75,2020,10744,1.0,0,0,5,1270,750,1954,,Normandy Park,98166,0,1954,60,60,256.9306930693069
2014-06-19,590300.0,3.0,1.5,1470,7200,2.0,0,0,4,1470,0,1907,,Seattle,98118,0,1907,107,107,401.5646258503401
2014-06-19,2200000.0,5.0,4.75,5990,10450,2.0,1,4,3,4050,1940,2002,,Issaquah,98027,0,2002,12,12,367.2787979966611
2014-06-19,410000.0,6.0,2.75,2520,9324,1.0,0,0,4,1320,1200,1962,,Lake Forest Park,98155,0,1962,52,52,162.6984126984127
2014-06-19,437000.0,2.0,1.75,1440,4225,1.0,0,0,3,1440,0,2005,,Redmond,98053,0,2005,9,9,303.47222222222223
2014-06-19,221000.0,3.0,2.25,1640,7350,1.0,0,0,3,1140,500,1984,,Federal Way,98003,0,1984,30,30,134.7560975609756
2014-06-19,380000.0,4.0,2.25,2150,20181,1.0,0,0,3,1090,1060,1963,,Kenmore,98028,0,1963,51,51,176.74418604651163
2014-06-19,506000.0,2.0,1.0,1570,8210,1.0,0,0,4,1150,420,1952,,Seattle,98177,0,1952,62,62,322.2929936305732
2014-06-19,395000.0,4.0,1.0,1980,10350,1.0,0,0,4,1430,550,1968,,Issaquah,98027,0,1968,46,46,199.4949494949495
2014-06-19,285000.0,3.0,1.0,1210,4731,1.5,0,0,3,1210,0,1901,,Seattle,98117,0,1901,113,113,235.53719008264463
2014-06-19,311000.0,3.0,1.75,1900,3000,1.5,0,0,5,1070,830,1903,,Seattle,98118,0,1903,111,111,163.68421052631578
2014-06-19,520000.0,3.0,1.75,1940,219527,1.0,0,0,3,1940,0,1991,,Maple Valley,98038,0,1991,23,23,268.0412371134021
2014-06-19,435000.0,3.0,1.75,1310,8065,1.0,0,0,4,1310,0,1948,,Seattle,98117,0,1948,66,66,332.0610687022901
2014-06-19,120000.0,2.0,1.0,990,39964,1.0,0,0,2,990,0,1945,,Kent,98042,0,1945,69,69,121.21212121212122
2014-06-19,1440000.0,3.0,3.5,3870,3819,2.0,0,0,3,2760,1110,2002,,Seattle,98102,0,2002,12,12,372.09302325581393
2014-06-19,186000.0,3.0,2.0,1340,4320,1.0,0,0,3,920,420,1912,1993.0,Auburn,98002,1,1993,102,21,138.80597014925374
2014-06-19,756000.0,4.0,2.25,2160,5600,1.0,0,0,5,1080,1080,1947,,Seattle,98119,0,1947,67,67,350.0
2014-06-19,248000.0,4.0,2.0,2080,13510,1.0,0,0,3,1040,1040,1950,,Seattle,98178,0,1950,64,64,119.23076923076923
2014-06-19,287000.0,3.0,2.0,1300,11374,1.5,0,0,5,1300,0,1933,,SeaTac,98168,0,1933,81,81,220.76923076923077
2014-06-19,510000.0,4.0,2.5,2610,8031,2.0,0,0,3,2610,0,1998,,Lake Forest Park,98155,0,1998,16,16,195.4022988505747
2014-06-19,249000.0,3.0,1.0,1050,8498,1.0,0,0,4,1050,0,1959,,Kent,98031,0,1959,55,55,237.14285714285714
2014-06-19,340000.0,3.0,2.5,2480,6112,2.0,0,0,3,2480,0,2004,,Renton,98058,0,2004,10,10,137.09677419354838
2014-06-19,399888.0,4.0,2.25,1820,8255,1.5,0,0,4,1320,500,1930,,Seattle,98133,0,1930,84,84,219.71868131868132
2014-06-19,440000.0,3.0,1.75,1170,8740,1.0,0,0,4,1170,0,1968,,Redmond,98052,0,1968,46,46,376.0683760683761
2014-06-19,899000.0,4.0,2.25,2370,6000,1.0,0,2,3,1440,930,1959,,Seattle,98177,0,1959,55,55,379.32489451476795
2014-06-19,540500.0,5.0,3.75,3090,7415,2.0,0,0,3,3090,0,2014,,Burien,98148,0,2014,0,0,174.9190938511327
2014-06-19,385000.0,3.0,1.75,2310,11200,1.0,0,0,4,1630,680,1978,,Kent,98030,0,1978,36,36,166.66666666666666
2014-06-19,558000.0,4.0,2.25,2060,10358,1.0,0,0,4,1320,740,1962,,Bellevue,98006,0,1962,52,52,270.873786407767
2014-06-19,600000.0,3.0,2.0,2540,237402,1.0,0,0,3,2540,0,2007,,Enumclaw,98022,0,2007,7,7,236.2204724409449
2014-06-19,450000.0,4.0,2.5,2400,7693,2.0,0,0,3,2400,0,2003,,Renton,98059,0,2003,11,11,187.5
2014-06-19,232500.0,3.0,1.0,1320,8450,1.0,0,0,3,880,440,1961,,Federal Way,98023,0,1961,53,53,176.13636363636363
2014-06-19,436000.0,2.0,1.0,790,6600,1.0,0,0,3,790,0,1949,,Seattle,98122,0,1949,65,65,551.8987341772151
2014-06-19,240000.0,4.0,2.0,1790,14690,1.0,0,1,4,1670,120,1960,,Des Moines,98198,0,1960,54,54,134.0782122905028
2014-06-19,489950.0,3.0,2.25,1820,7326,2.0,0,0,3,1820,0,1983,,Kirkland,98034,0,1983,31,31,269.2032967032967
2014-06-19,680000.0,6.0,2.0,1670,3000,1.0,0,0,5,900,770,1911,,Seattle,98105,0,1911,103,103,407.18562874251495
2014-06-19,1068000.0,5.0,3.5,3990,9938,2.0,0,0,3,3990,0,2001,,Newcastle,98059,0,2001,13,13,267.6691729323308
2014-06-19,352450.0,3.0,2.0,1430,6000,1.0,0,0,5,1430,0,1945,,Shoreline,98155,0,1945,69,69,246.46853146853147
2014-06-19,335000.0,4.0,2.0,2030,103672,1.0,0,0,4,2030,0,1969,,Enumclaw,98022,0,1969,45,45,165.02463054187191
2014-06-19,549000.0,4.0,1.75,1290,3060,2.0,0,0,4,1290,0,1906,,Seattle,98103,0,1906,108,108,425.5813953488372
2014-06-19,1240000.0,4.0,3.5,3820,13224,2.0,0,0,3,3280,540,1990,,Bellevue,98004,0,1990,24,24,324.60732984293196
2014-06-19,618250.0,4.0,3.25,2520,3360,1.5,0,0,4,1550,970,1931,,Seattle,98115,0,1931,83,83,245.3373015873016
2014-06-19,1815000.0,5.0,3.0,3880,13000,2.0,0,0,3,3880,0,1972,2003.0,Mercer Island,98040,1,2003,42,11,467.78350515463916
2014-06-19,850000.0,2.0,1.75,1590,5136,1.5,0,3,3,1320,270,1927,,Seattle,98199,0,1927,87,87,534.5911949685535
2014-06-19,930000.0,5.0,2.0,3530,9385,1.5,0,0,3,3530,0,1925,,Seattle,98144,0,1925,89,89,263.4560906515581
2014-06-19,505000.0,3.0,2.5,1610,4611,2.0,0,0,3,1610,0,1996,,Issaquah,98029,0,1996,18,18,313.6645962732919
2014-06-19,925000.0,4.0,2.5,3280,209088,2.0,0,0,3,3280,0,1994,,Redmond,98053,0,1994,20,20,282.0121951219512
2014-06-19,275000.0,3.0,1.75,1860,15681,1.0,0,0,4,1860,0,1971,,Federal Way,98023,0,1971,43,43,147.8494623655914
2014-06-19,499000.0,3.0,1.75,1840,5000,1.0,0,0,4,920,920,1910,,Seattle,98117,0,1910,104,104,271.19565217391306
2014-06-19,507000.0,3.0,2.5,2120,7201,2.0,0,0,3,2120,0,2003,,Seattle,98133,0,2003,11,11,239.1509433962264
2014-06-19,619850.0,4.0,2.5,2270,9247,1.0,0,0,5,1500,770,1972,,Bellevue,98006,0,1972,42,42,273.0616740088106
2014-06-19,500000.0,3.0,2.5,2840,48716,1.0,0,3,3,1870,970,1994,,Carnation,98014,0,1994,20,20,176.05633802816902
2014-06-19,310000.0,4.0,1.5,1220,9600,1.0,0,0,3,1220,0,1980,,Carnation,98014,0,1980,34,34,254.0983606557377
2014-06-19,646000.0,4.0,2.5,2310,4079,2.0,0,0,3,2310,0,2008,,Seattle,98117,0,2008,6,6,279.65367965367966
2014-06-19,265000.0,3.0,1.75,1840,7300,1.0,0,0,3,1840,0,1966,,Federal Way,98023,0,1966,48,48,144.02173913043478
2014-06-19,475000.0,3.0,2.5,950,1110,2.0,0,0,3,950,0,2003,,Seattle,98102,0,2003,11,11,500.0
2014-06-19,600000.0,4.0,2.25,3070,8400,2.0,0,0,4,3070,0,1970,,Kirkland,98034,0,1970,44,44,195.43973941368077
2014-06-19,470000.0,3.0,2.0,1730,38884,1.0,0,0,3,1730,0,1997,,Maple Valley,98038,0,1997,17,17,271.67630057803467
2014-06-19,319950.0,2.0,1.0,920,8341,1.0,0,0,3,920,0,1939,,Seattle,98146,0,1939,75,75,347.7717391304348
2014-06-19,712000.0,3.0,2.75,3200,6699,2.0,0,0,3,3200,0,2004,,Sammamish,98075,0,2004,10,10,222.5
2014-06-19,775000.0,4.0,2.75,3010,15992,2.0,0,0,3,3010,0,1996,,Sammamish,98075,0,1996,18,18,257.4750830564784
2014-06-19,390000.0,3.0,2.25,1600,10240,1.0,0,0,3,1090,510,1979,,Kirkland,98034,0,1979,35,35,243.75
2014-06-19,585000.0,4.0,2.5,2840,11044,2.0,0,0,3,2840,0,2001,,Kirkland,98034,0,2001,13,13,205.98591549295776
2014-06-19,1027000.0,3.0,2.5,2430,10500,2.0,0,1,3,2430,0,1989,,Bellevue,98004,0,1989,25,25,422.63374485596705
2014-06-19,232603.0,3.0,1.75,1750,11461,2.0,0,0,4,1750,0,1976,,Auburn,98002,0,1976,38,38,132.916
2014-06-19,543000.0,3.0,2.25,1240,949,3.0,0,0,3,1240,0,2008,,Seattle,98103,0,2008,6,6,437.9032258064516
2014-06-19,607500.0,3.0,3.25,1530,1612,3.0,0,0,3,1530,0,2006,,Seattle,98107,0,2006,8,8,397.05882352941177
2014-06-19,750000.0,3.0,3.5,3390,10078,2.0,0,0,3,3040,350,2012,,Newcastle,98059,0,2012,2,2,221.23893805309734
2014-06-19,728050.0,3.0,2.5,2320,6775,1.0,0,0,3,2320,0,2008,,Redmond,98053,0,2008,6,6,313.8146551724138
2014-06-19,734990.0,4.0,2.5,2650,6884,2.0,0,0,3,2650,0,2012,,Redmond,98053,0,2012,2,2,277.35471698113207
2014-06-19,330000.0,3.0,2.5,2238,7209,2.0,0,0,3,2238,0,2011,,Federal Way,98023,0,2011,3,3,147.45308310991956
2014-06-20,605000.0,4.0,2.5,2620,7553,2.0,0,0,3,2620,0,1996,,Newcastle,98056,0,1996,18,18,230.91603053435114
2014-06-20,441000.0,3.0,2.75,1910,7280,1.0,0,0,3,1160,750,1979,,Kirkland,98034,0,1979,35,35,230.89005235602093
2014-06-20,650000.0,4.0,2.5,3040,6587,2.0,0,0,3,3040,0,2003,,Redmond,98053,0,2003,11,11,213.81578947368422
2014-06-20,1950000.0,7.0,3.5,4640,15235,2.0,0,1,3,2860,1780,1965,2003.0,Mercer Island,98040,1,2003,49,11,420.2586206896552
2014-06-20,395000.0,3.0,1.0,1500,4000,1.0,0,0,3,900,600,1925,,Seattle,98117,0,1925,89,89,263.3333333333333
2014-06-20,245000.0,1.0,0.75,380,15000,1.0,0,0,3,380,0,1963,,Burien,98168,0,1963,51,51,644.7368421052631
2014-06-20,905000.0,4.0,3.5,2970,14486,2.0,0,0,3,2340,630,1997,,Mercer Island,98040,0,1997,17,17,304.71380471380473
2014-06-20,660000.0,4.0,3.25,3030,9273,2.0,0,0,5,3030,0,1988,,Issaquah,98029,0,1988,26,26,217.82178217821783
2014-06-20,378000.0,4.0,2.5,1890,12236,1.0,0,0,3,1230,660,1978,,North Bend,98045,0,1978,36,36,200.0
2014-06-20,600000.0,2.0,1.0,1040,3600,1.0,0,0,4,1040,0,1919,1980.0,Seattle,98112,1,1980,95,34,576.9230769230769
2014-06-20,632500.0,4.0,2.5,2090,10306,2.0,0,0,3,2090,0,1986,,Sammamish,98074,0,1986,28,28,302.63157894736844
2014-06-20,210000.0,2.0,2.0,1680,5756,2.0,0,0,4,1680,0,1910,,Auburn,98002,0,1910,104,104,125.0
2014-06-20,754800.0,2.0,2.5,2770,7781,2.0,0,0,3,2770,0,2006,,Redmond,98053,0,2006,8,8,272.4909747292419
2014-06-20,175000.0,2.0,1.0,1020,5130,1.0,0,0,4,1020,0,1948,,Auburn,98002,0,1948,66,66,171.5686274509804
2014-06-20,455000.0,3.0,2.25,1470,4653,2.0,0,0,4,1470,0,1985,,Issaquah,98029,0,1985,29,29,309.5238095238095
2014-06-20,450000.0,3.0,2.0,1430,3480,1.0,0,0,3,980,450,1947,,Seattle,98103,0,1947,67,67,314.68531468531467
2014-06-20,790000.0,4.0,1.75,2050,10920,1.0,0,3,3,1450,600,1974,,Lake Forest Park,98155,0,1974,40,40,385.3658536585366
2014-06-20,480000.0,4.0,1.0,2080,5500,1.0,0,0,3,1040,1040,1941,,Seattle,98117,0,1941,73,73,230.76923076923077
2014-06-20,850000.0,3.0,2.25,2870,8170,2.0,0,0,3,2250,620,1995,,Seattle,98136,0,1995,19,19,296.1672473867596
2014-06-20,725000.0,4.0,3.25,3940,27591,2.0,0,3,3,3440,500,2000,,Renton,98059,0,2000,14,14,184.01015228426397
2014-06-20,380000.0,3.0,1.5,1520,4288,1.0,0,0,3,1020,500,1949,,Seattle,98136,0,1949,65,65,250.0
2014-06-20,979000.0,3.0,1.5,1700,14133,1.0,0,1,4,1700,0,1954,,Bellevue,98004,0,1954,60,60,575.8823529411765
2014-06-20,359950.0,3.0,2.25,1940,11612,1.0,0,0,4,1100,840,1981,,Seattle,98178,0,1981,33,33,185.54123711340208
2014-06-20,665900.0,4.0,2.25,2870,5453,2.0,0,1,4,2220,650,1926,,Seattle,98146,0,1926,88,88,232.02090592334494
2014-06-20,812000.0,3.0,3.25,3240,8338,2.0,0,0,3,3240,0,2001,,Sammamish,98074,0,2001,13,13,250.6172839506173
2014-06-20,203000.0,3.0,1.0,1150,7156,1.0,0,0,4,1150,0,1953,,Burien,98168,0,1953,61,61,176.52173913043478
2014-06-20,456000.0,3.0,1.5,1440,28516,1.0,0,0,4,1440,0,1975,,Sammamish,98075,0,1975,39,39,316.6666666666667
2014-06-20,547000.0,5.0,2.5,2200,4080,1.5,0,0,5,1420,780,1916,,Seattle,98103,0,1916,98,98,248.63636363636363
2014-06-20,280000.0,3.0,2.0,1470,8089,1.0,0,0,3,1470,0,1987,,Des Moines,98198,0,1987,27,27,190.47619047619048
2014-06-20,640000.0,2.0,1.75,1760,4400,1.0,0,0,4,880,880,1930,,Seattle,98103,0,1930,84,84,363.6363636363636
2014-06-20,477000.0,3.0,1.75,1780,8085,1.0,0,0,3,1210,570,1976,,Bothell,98011,0,1976,38,38,267.97752808988764
2014-06-20,455000.0,4.0,2.25,2450,21000,1.0,0,2,4,1650,800,1954,,Burien,98166,0,1954,60,60,185.71428571428572
2014-06-20,587206.0,3.0,3.5,1890,1710,2.0,0,0,3,1640,250,1999,,Seattle,98103,0,1999,15,15,310.6910052910053
2014-06-20,425000.0,3.0,2.5,2540,5612,2.0,0,0,3,2540,0,1999,,Renton,98059,0,1999,15,15,167.3228346456693
2014-06-20,511500.0,4.0,1.0,1360,6000,1.5,0,0,3,1360,0,1917,,Seattle,98115,0,1917,97,97,376.1029411764706
2014-06-20,218000.0,2.0,2.0,1310,2841,2.0,0,0,3,1310,0,2004,,Maple Valley,98038,0,2004,10,10,166.41221374045801
2014-06-20,332000.0,3.0,2.0,1510,7884,1.0,0,0,3,1510,0,1942,2014.0,Burien,98166,1,2014,72,0,219.86754966887418
2014-06-20,291000.0,3.0,1.5,1860,60960,1.0,0,0,4,1140,720,1967,,Covington,98042,0,1967,47,47,156.4516129032258
2014-06-20,279000.0,4.0,2.0,2200,7700,1.0,0,0,3,1100,1100,1979,,Renton,98058,0,1979,35,35,126.81818181818181
2014-06-20,950000.0,4.0,2.5,3360,11548,2.0,0,0,3,3360,0,1988,,Kirkland,98033,0,1988,26,26,282.73809523809524
2014-06-20,970500.0,3.0,2.75,2470,10125,2.0,0,0,3,2470,0,1960,2012.0,Mercer Island,98040,1,2012,54,2,392.914979757085
2014-06-20,412000.0,2.0,1.0,1260,3960,1.0,0,0,3,690,570,1925,,Seattle,98117,0,1925,89,89,326.984126984127
2014-06-20,400000.0,3.0,1.0,1430,10005,1.5,0,0,4,1430,0,1950,,Seattle,98133,0,1950,64,64,279.72027972027973
2014-06-20,200000.0,3.0,2.25,1230,7420,1.5,0,0,5,1230,0,1913,,Auburn,98002,0,1913,101,101,162.60162601626016
2014-06-20,397000.0,4.0,2.5,2320,11717,2.0,0,0,3,2320,0,1997,,North Bend,98045,0,1997,17,17,171.1206896551724
2014-06-20,715000.0,4.0,2.5,3290,6628,2.0,0,0,3,3290,0,2003,,Sammamish,98075,0,2003,11,11,217.32522796352583
2014-06-20,371000.0,4.0,2.5,2550,4770,2.0,0,0,3,2550,0,2005,,Maple Valley,98038,0,2005,9,9,145.49019607843138
2014-06-20,458000.0,3.0,2.5,1870,5013,2.0,0,0,3,1870,0,2003,,Bothell,98011,0,2003,11,11,244.91978609625667
2014-06-20,436500.0,5.0,3.0,3110,12429,1.0,0,0,3,1790,1320,1977,,Bothell,98011,0,1977,37,37,140.35369774919613
2014-06-20,329950.0,3.0,2.5,1820,8085,2.0,0,0,3,1820,0,1983,,Renton,98055,0,1983,31,31,181.2912087912088
2014-06-20,950000.0,3.0,3.25,3050,18892,1.0,1,4,4,1650,1400,1962,,Des Moines,98198,0,1962,52,52,311.4754098360656
2014-06-20,282000.0,4.0,2.0,1890,6302,2.0,0,0,3,1890,0,1997,,Kent,98030,0,1997,17,17,149.20634920634922
2014-06-20,250000.0,1.0,1.0,800,16306,1.0,0,0,2,680,120,1931,,Seattle,98168,0,1931,83,83,312.5
2014-06-20,1135000.0,6.0,4.25,6900,244716,2.0,0,0,4,4820,2080,2002,,Woodinville,98077,0,2002,12,12,164.4927536231884
2014-06-20,400000.0,4.0,1.75,2670,189486,2.0,0,4,3,2670,0,1972,,Auburn,98092,0,1972,42,42,149.81273408239701
2014-06-20,681500.0,5.0,2.75,3260,11700,1.0,0,0,3,1630,1630,1964,,Bellevue,98008,0,1964,50,50,209.04907975460122
2014-06-20,200000.0,2.0,1.0,860,6600,1.0,0,0,5,860,0,1949,,Burien,98168,0,1949,65,65,232.5581395348837
2014-06-20,1300000.0,5.0,4.0,3366,7800,2.5,0,2,3,2966,400,1937,,Seattle,98199,0,1937,77,77,386.21509209744505
2014-06-20,1462497.0,5.0,3.25,3840,4800,3.0,0,3,3,2750,1090,2008,,Seattle,98144,0,2008,6,6,380.85859375
2014-06-20,995000.0,4.0,4.5,3850,13551,2.0,0,2,3,3000,850,1998,,Bellevue,98006,0,1998,16,16,258.4415584415584
2014-06-20,355000.0,4.0,2.5,2040,8265,2.0,0,0,3,2040,0,1996,,Seattle,98146,0,1996,18,18,174.01960784313727
2014-06-20,425000.0,3.0,2.25,1790,10209,1.0,0,0,3,1290,500,1967,,Woodinville,98072,0,1967,47,47,237.43016759776538
2014-06-20,869000.0,4.0,3.0,3740,30884,2.0,0,0,3,3060,680,1988,,Woodinville,98072,0,1988,26,26,232.35294117647058
2014-06-20,915000.0,3.0,3.25,2660,4000,2.0,0,0,3,2170,490,2003,,Seattle,98122,0,2003,11,11,343.98496240601503
2014-06-20,2110000.0,3.0,2.25,3230,17833,2.0,0,0,4,3230,0,1973,,Bellevue,98006,0,1973,41,41,653.250773993808
2014-06-20,925000.0,4.0,2.0,3140,10437,1.0,0,0,4,2040,1100,1959,,Mercer Island,98040,0,1959,55,55,294.5859872611465
2014-06-20,2400000.0,6.0,4.5,5480,10800,2.0,0,3,4,4430,1050,1999,,Seattle,98119,0,1999,15,15,437.95620437956205
2014-06-20,390000.0,3.0,1.0,1160,3750,1.5,0,0,3,1160,0,1910,,Seattle,98106,0,1910,104,104,336.2068965517241
2014-06-20,330000.0,3.0,2.25,1860,11227,2.0,0,0,3,1860,0,1995,,Maple Valley,98038,0,1995,19,19,177.41935483870967
2014-06-20,482500.0,4.0,3.0,1630,7626,1.0,0,0,5,1110,520,1990,,Seattle,98125,0,1990,24,24,296.0122699386503
2014-06-20,525000.0,3.0,2.25,1750,1879,3.0,0,0,3,1750,0,2001,,Seattle,98107,0,2001,13,13,300.0
2014-06-20,237000.0,3.0,1.0,1300,8160,1.0,0,0,4,1300,0,1960,,Renton,98056,0,1960,54,54,182.30769230769232
2014-06-20,205000.0,3.0,1.0,960,7314,1.0,0,0,5,960,0,1960,,Auburn,98002,0,1960,54,54,213.54166666666666
2014-06-20,623000.0,3.0,2.5,1850,7777,2.0,0,0,5,1850,0,1989,,Kirkland,98033,0,1989,25,25,336.7567567567568
2014-06-20,565000.0,4.0,2.75,3260,4900,2.0,0,0,3,3260,0,2013,,Renton,98059,0,2013,1,1,173.31288343558282
2014-06-20,400000.0,4.0,2.25,2420,7927,1.0,0,0,4,1400,1020,1973,,Shoreline,98133,0,1973,41,41,165.28925619834712
2014-06-20,405000.0,3.0,1.0,1460,10000,1.5,0,0,3,1460,0,2002,,Sammamish,98074,0,2002,12,12,277.3972602739726
2014-06-20,337000.0,4.0,3.0,2240,8504,2.0,0,0,3,2240,0,1992,,Shoreline,98155,0,1992,22,22,150.44642857142858
2014-06-20,355000.0,2.0,1.0,1240,27042,1.0,0,1,3,1000,240,1943,,Vashon,98070,0,1943,71,71,286.2903225806452
2014-06-20,885000.0,3.0,2.25,2060,9552,1.0,0,0,4,1610,450,1975,,Mercer Island,98040,0,1975,39,39,429.6116504854369
2014-06-20,420000.0,5.0,2.75,2280,10319,1.0,0,0,3,1300,980,1959,,Shoreline,98177,0,1959,55,55,184.21052631578948
2014-06-20,448000.0,4.0,2.5,2510,6853,2.0,0,2,3,2510,0,2006,,Maple Valley,98038,0,2006,8,8,178.48605577689244
2014-06-20,800000.0,4.0,2.75,3150,7035,2.0,0,0,3,3150,0,2004,,Sammamish,98075,0,2004,10,10,253.96825396825398
2014-06-20,830000.0,5.0,2.25,2780,10192,2.0,0,0,4,2780,0,1978,,Bellevue,98007,0,1978,36,36,298.56115107913666
2014-06-20,725000.0,6.0,1.75,2380,4080,2.0,0,0,3,2380,0,1917,,Seattle,98105,0,1917,97,97,304.6218487394958
2014-06-20,780000.0,3.0,2.25,2140,3000,2.0,0,0,3,2140,0,1905,2006.0,Seattle,98103,1,2006,109,8,364.4859813084112
2014-06-20,325000.0,2.0,1.0,840,4239,1.0,0,0,3,840,0,1948,,Seattle,98136,0,1948,66,66,386.9047619047619
2014-06-20,488800.0,4.0,2.25,2170,9665,1.0,0,0,4,1300,870,1976,,Bellevue,98006,0,1976,38,38,225.25345622119815
2014-06-20,1320000.0,4.0,3.5,4410,36200,2.0,0,0,3,4410,0,1989,,Bellevue,98006,0,1989,25,25,299.31972789115645
2014-06-20,489000.0,4.0,2.0,2120,11479,1.0,0,0,4,1060,1060,1940,,Seattle,98125,0,1940,74,74,230.66037735849056
2014-06-20,1240000.0,7.0,5.5,6630,13782,2.0,0,0,3,4930,1700,2004,,Bellevue,98006,0,2004,10,10,187.0286576168929
2014-06-20,595000.0,3.0,2.75,3290,22649,2.0,0,0,4,3290,0,1993,,Newcastle,98056,0,1993,21,21,180.85106382978722
2014-06-20,359900.0,5.0,2.25,2290,7420,1.0,0,0,3,1290,1000,1973,,Renton,98058,0,1973,41,41,157.16157205240174
2014-06-20,1080000.0,3.0,3.0,4910,43560,2.0,0,0,4,4000,910,1989,,Bellevue,98007,0,1989,25,25,219.959266802444
2014-06-20,925000.0,4.0,2.75,3730,8014,2.0,0,0,3,3730,0,2012,,Sammamish,98074,0,2012,2,2,247.98927613941018
2014-06-20,625000.0,3.0,2.5,2440,4800,2.0,0,0,3,2440,0,2014,,Seattle,98106,0,2014,0,0,256.1475409836066
2014-06-20,339990.0,3.0,2.5,2570,4600,2.0,0,0,3,2570,0,2014,,Auburn,98092,0,2014,0,0,132.29182879377433
2014-06-20,775950.0,4.0,2.5,2970,4400,2.0,0,0,3,2970,0,2014,,Redmond,98052,0,2014,0,0,261.26262626262627
2014-06-20,420000.0,5.0,3.0,2630,3149,2.0,0,0,3,1670,960,2013,,Renton,98056,0,2013,1,1,159.6958174904943
2014-06-20,654000.0,3.0,3.25,1530,1565,2.0,0,0,3,1280,250,2005,,Seattle,98122,0,2005,9,9,427.45098039215685
2014-06-20,725000.0,3.0,3.5,3690,8837,2.0,0,0,3,3690,0,2001,,Snoqualmie,98065,0,2001,13,13,196.4769647696477
2014-06-21,375000.0,2.0,1.0,1230,1820,2.0,0,0,4,830,400,1948,,Seattle,98107,0,1948,66,66,304.8780487804878
2014-06-21,1100000.0,3.0,2.5,2200,20000,1.0,0,1,3,1400,800,1952,,Bellevue,98004,0,1952,62,62,500.0
2014-06-21,639500.0,4.0,2.25,2330,8994,2.0,0,0,3,2330,0,1986,,Redmond,98052,0,1986,28,28,274.46351931330474
2014-06-21,849000.0,4.0,2.0,2160,6300,1.5,0,1,4,2160,0,1928,,Seattle,98116,0,1928,86,86,393.05555555555554
2014-06-21,418000.0,4.0,1.5,1550,9176,1.0,0,0,3,1000,550,1956,,Bellevue,98008,0,1956,58,58,269.6774193548387
2014-06-21,442900.0,4.0,1.75,1780,2788,1.0,0,0,4,890,890,1943,,Seattle,98199,0,1943,71,71,248.82022471910113
2014-06-21,750000.0,3.0,1.75,2610,5544,1.5,0,0,3,1680,930,1934,,Seattle,98117,0,1934,80,80,287.35632183908046
2014-06-21,930000.0,3.0,2.5,3290,6830,2.0,0,0,3,3290,0,2000,,Redmond,98052,0,2000,14,14,282.67477203647417
2014-06-22,565000.0,2.0,1.75,1330,6000,1.0,0,0,4,960,370,1914,1945.0,Seattle,98199,1,1945,100,69,424.812030075188
2014-06-22,874150.0,4.0,3.5,3530,14406,2.0,0,1,3,2570,960,1987,,Kirkland,98034,0,1987,27,27,247.6345609065156
2014-06-22,545000.0,4.0,2.5,2090,6023,2.0,0,0,3,2090,0,1990,,Issaquah,98029,0,1990,24,24,260.76555023923447
2014-06-22,500000.0,4.0,2.5,2040,8400,1.0,0,0,3,1420,620,1963,,Bellevue,98006,0,1963,51,51,245.09803921568627
2014-06-22,687000.0,4.0,2.5,2370,10083,2.0,0,0,5,2370,0,1966,,Kirkland,98033,0,1966,48,48,289.873417721519
2014-06-22,810000.0,4.0,2.5,2810,10613,2.0,0,0,3,2810,0,1989,,Bellevue,98006,0,1989,25,25,288.2562277580071
2014-06-22,439500.0,3.0,2.5,2050,40003,1.0,0,0,4,1570,480,1977,,Issaquah,98027,0,1977,37,37,214.390243902439
2014-06-22,802000.0,3.0,1.75,2870,5000,1.5,0,0,4,1840,1030,1907,,Seattle,98144,0,1907,107,107,279.4425087108014
2014-06-22,732600.0,4.0,2.5,2130,7300,1.0,0,0,4,1230,900,1963,,Bellevue,98005,0,1963,51,51,343.943661971831
2014-06-22,374000.0,4.0,2.5,2580,6260,2.0,0,0,3,2580,0,2004,,Renton,98056,0,2004,10,10,144.96124031007753
2014-06-22,330000.0,4.0,2.5,2380,13550,2.0,0,0,3,2380,0,1999,,SeaTac,98188,0,1999,15,15,138.65546218487395
2014-06-23,365000.0,4.0,2.0,1940,25600,1.0,0,0,1,1940,0,1962,,Bellevue,98006,0,1962,52,52,188.1443298969072
2014-06-23,290900.0,2.0,2.0,1610,17600,2.0,0,0,3,1610,0,1930,1983.0,Tukwila,98178,1,1983,84,31,180.6832298136646
2014-06-23,577000.0,3.0,2.5,2060,5750,1.0,0,0,3,1330,730,1976,,Seattle,98116,0,1976,38,38,280.09708737864077
2014-06-23,280000.0,2.0,1.0,1010,3000,1.0,0,0,4,1010,0,1925,,North Bend,98045,0,1925,89,89,277.2277227722772
2014-06-23,675000.0,4.0,2.5,2810,11120,2.0,0,0,3,2810,0,1982,,Sammamish,98074,0,1982,32,32,240.2135231316726
2014-06-23,800000.0,3.0,2.25,2380,11824,1.0,0,0,4,1450,930,1972,,Mercer Island,98040,0,1972,42,42,336.1344537815126
2014-06-23,299995.0,2.0,1.0,1060,7200,1.0,0,0,4,1060,0,1951,,Shoreline,98155,0,1951,63,63,283.0141509433962
2014-06-23,440000.0,3.0,1.75,1560,7207,1.0,0,0,3,1250,310,1983,,Kirkland,98034,0,1983,31,31,282.05128205128204
2014-06-23,249500.0,2.0,1.75,1500,8645,1.0,0,0,4,1500,0,1963,,Covington,98042,0,1963,51,51,166.33333333333334
2014-06-23,690000.0,2.0,1.0,970,4560,1.0,0,0,4,970,0,1907,,Seattle,98103,0,1907,107,107,711.340206185567
2014-06-23,235000.0,3.0,1.0,1170,11100,1.0,0,0,4,1170,0,1968,,Renton,98059,0,1968,46,46,200.85470085470087
2014-06-23,320000.0,3.0,2.5,2280,7417,2.0,0,0,3,2280,0,1998,,Auburn,98001,0,1998,16,16,140.35087719298247
2014-06-23,350000.0,7.0,3.0,2800,9569,1.0,0,2,3,1400,1400,1963,,Renton,98056,0,1963,51,51,125.0
2014-06-23,334000.0,4.0,1.5,1150,9360,1.5,0,0,3,1150,0,1970,,Kirkland,98034,0,1970,44,44,290.4347826086956
2014-06-23,235000.0,6.0,3.0,2180,7956,2.0,0,0,3,2180,0,1980,,Federal Way,98003,0,1980,34,34,107.79816513761467
2014-06-23,442000.0,4.0,2.5,2520,7253,2.0,0,0,3,2520,0,1990,,Renton,98059,0,1990,24,24,175.3968253968254
2014-06-23,264000.0,3.0,1.75,1760,7482,1.0,0,0,4,1760,0,1966,,Federal Way,98023,0,1966,48,48,150.0
2014-06-23,275000.0,2.0,1.0,1180,6552,1.0,0,0,4,1180,0,1949,,Shoreline,98133,0,1949,65,65,233.05084745762713
2014-06-23,430000.0,2.0,1.5,950,4625,1.0,0,0,4,950,0,1949,,Seattle,98103,0,1949,65,65,452.63157894736844
2014-06-23,550000.0,3.0,2.5,1900,3255,2.0,0,0,3,1900,0,1988,2000.0,Bellevue,98007,1,2000,26,14,289.4736842105263
2014-06-23,775000.0,4.0,2.5,2300,6158,2.0,0,0,3,2300,0,1999,,Seattle,98115,0,1999,15,15,336.95652173913044
2014-06-23,603500.0,6.0,2.75,2660,8400,1.0,0,0,5,1550,1110,1962,,Bellevue,98006,0,1962,52,52,226.8796992481203
2014-06-23,230000.0,3.0,1.0,1530,389126,1.5,0,0,4,1530,0,1919,,Enumclaw,98022,0,1919,95,95,150.32679738562092
2014-06-23,449000.0,4.0,2.5,1850,5040,1.0,0,0,3,1230,620,1930,2013.0,Seattle,98126,1,2013,84,1,242.7027027027027
2014-06-23,2075000.0,4.0,3.5,4230,20377,2.0,0,0,3,4230,0,1997,,Bellevue,98004,0,1997,17,17,490.54373522458627
2014-06-23,420000.0,3.0,2.0,1200,5029,1.0,0,0,3,880,320,1937,,Seattle,98115,0,1937,77,77,350.0
2014-06-23,735000.0,4.0,2.25,2270,5102,1.0,0,0,5,1340,930,1954,,Seattle,98199,0,1954,60,60,323.7885462555066
2014-06-23,200000.0,3.0,1.5,1090,9600,1.0,0,0,4,1090,0,1968,,Covington,98042,0,1968,46,46,183.4862385321101
2014-06-23,286000.0,3.0,2.75,1100,750,2.0,0,0,3,780,320,2008,,Seattle,98106,0,2008,6,6,260.0
2014-06-23,579000.0,3.0,2.5,1640,1269,3.0,0,0,3,1640,0,2009,,Seattle,98112,0,2009,5,5,353.0487804878049
2014-06-23,345100.0,3.0,3.75,1950,8625,1.0,0,0,3,1360,590,1959,,Seattle,98178,0,1959,55,55,176.97435897435898
2014-06-23,350000.0,3.0,1.75,1660,10150,1.5,0,0,3,1660,0,1957,,Shoreline,98133,0,1957,57,57,210.84337349397592
2014-06-23,291500.0,3.0,1.0,880,9238,1.5,0,0,5,880,0,1946,,Shoreline,98155,0,1946,68,68,331.25
2014-06-23,649950.0,3.0,2.5,1500,1375,2.0,0,0,3,1200,300,2014,,Seattle,98119,0,2014,0,0,433.3
2014-06-23,458500.0,3.0,2.0,1890,1599,2.0,0,0,3,1430,460,2012,,Seattle,98136,0,2012,2,2,242.59259259259258
2014-06-23,500000.0,3.0,1.0,1150,5100,2.0,0,0,3,1150,0,1911,2005.0,Seattle,98136,1,2005,103,9,434.7826086956522
2014-06-23,362300.0,3.0,2.5,2430,15264,2.0,0,0,3,2430,0,1997,,Kent,98030,0,1997,17,17,149.09465020576133
2014-06-23,324000.0,4.0,1.75,2110,7208,1.0,0,0,3,1170,940,1975,,Renton,98058,0,1975,39,39,153.55450236966826
2014-06-23,495000.0,3.0,2.0,2950,12196,2.0,0,0,4,2310,640,1918,,Burien,98166,0,1918,96,96,167.79661016949152
2014-06-23,233500.0,3.0,2.25,1650,2958,2.0,0,0,3,1650,0,1985,,Kent,98031,0,1985,29,29,141.5151515151515
2014-06-23,479000.0,3.0,2.25,2110,11319,2.0,0,0,4,2110,0,1978,,Woodinville,98072,0,1978,36,36,227.01421800947867
2014-06-23,322200.0,4.0,2.25,2010,19000,2.0,0,0,4,2010,0,1975,,Covington,98042,0,1975,39,39,160.29850746268656
2014-06-23,835000.0,4.0,2.5,3030,29163,2.0,0,0,3,3030,0,1998,,Redmond,98053,0,1998,16,16,275.57755775577556
2014-06-23,347000.0,3.0,1.0,1270,8400,1.0,0,0,3,1270,0,1955,,Bothell,98011,0,1955,59,59,273.2283464566929
2014-06-23,725000.0,3.0,1.75,1610,8613,1.0,0,0,5,1610,0,1962,,Kirkland,98033,0,1962,52,52,450.3105590062112
2014-06-23,345000.0,3.0,1.0,1140,4200,2.0,0,0,4,1140,0,1904,,Seattle,98144,0,1904,110,110,302.63157894736844
2014-06-23,345950.0,3.0,2.5,2110,4118,2.0,0,0,3,2110,0,1989,,Kent,98042,0,1989,25,25,163.95734597156397
2014-06-23,550000.0,3.0,1.75,1840,8086,1.0,0,0,4,1840,0,1964,,Redmond,98052,0,1964,50,50,298.9130434782609
2014-06-23,399950.0,3.0,1.75,1560,5223,1.0,0,0,4,810,750,1940,,Seattle,98125,0,1940,74,74,256.37820512820514
2014-06-23,269500.0,3.0,1.75,1840,7412,1.0,0,0,4,1240,600,1976,,Kent,98031,0,1976,38,38,146.4673913043478
2014-06-23,494000.0,4.0,2.5,1830,7345,1.0,0,0,4,1540,290,1973,,Shoreline,98177,0,1973,41,41,269.94535519125685
2014-06-23,453000.0,4.0,1.75,2120,7420,1.0,0,0,4,1060,1060,1956,,Bellevue,98008,0,1956,58,58,213.67924528301887
2014-06-23,442500.0,3.0,1.75,1600,10280,1.0,0,0,3,1050,550,1977,,Kirkland,98034,0,1977,37,37,276.5625
2014-06-23,235000.0,4.0,1.75,1450,8891,1.5,0,0,3,1180,270,1962,,Tukwila,98168,0,1962,52,52,162.06896551724137
2014-06-23,389800.0,3.0,1.75,1880,12821,1.0,0,0,3,1880,0,1959,,Lake Forest Park,98155,0,1959,55,55,207.3404255319149
2014-06-23,346000.0,3.0,1.75,1270,8100,1.0,0,0,3,880,390,1950,,Burien,98146,0,1950,64,64,272.4409448818898
2014-06-23,360000.0,4.0,1.5,1720,6417,1.0,0,0,3,1720,0,1953,,Seattle,98125,0,1953,61,61,209.30232558139534
2014-06-23,650000.0,4.0,2.5,2400,7351,2.0,0,0,3,2400,0,1990,,Issaquah,98029,0,1990,24,24,270.8333333333333
2014-06-23,290000.0,3.0,1.0,1150,8145,1.0,0,0,4,990,160,1932,,Shoreline,98155,0,1932,82,82,252.17391304347825
2014-06-23,234000.0,2.0,1.0,870,11100,1.0,0,0,3,870,0,1940,,Seattle,98146,0,1940,74,74,268.9655172413793
2014-06-23,260000.0,4.0,2.5,2000,37045,2.0,0,0,3,2000,0,1989,,Kent,98042,0,1989,25,25,130.0
2014-06-23,349900.0,3.0,2.0,2420,38781,1.0,0,0,5,1210,1210,1949,,Issaquah,98027,0,1949,65,65,144.58677685950414
2014-06-23,275000.0,3.0,1.0,1080,6000,1.0,0,0,4,1080,0,1952,,Shoreline,98133,0,1952,62,62,254.62962962962962
2014-06-23,725000.0,4.0,2.5,3420,30410,2.0,0,0,3,3420,0,1988,,Woodinville,98077,0,1988,26,26,211.98830409356725
2014-06-23,375000.0,4.0,2.5,1870,7471,2.0,0,0,3,1870,0,1990,,Renton,98055,0,1990,24,24,200.53475935828877
2014-06-23,806000.0,4.0,2.5,2500,206474,1.0,0,0,3,2500,0,1997,,Redmond,98053,0,1997,17,17,322.4
2014-06-23,470000.0,3.0,2.5,2150,8221,2.0,0,0,3,2150,0,1992,,Renton,98059,0,1992,22,22,218.6046511627907
2014-06-23,490000.0,3.0,2.25,1470,2500,2.0,0,0,3,1080,390,1984,,Seattle,98117,0,1984,30,30,333.3333333333333
2014-06-23,615000.0,5.0,2.0,2130,4180,1.5,0,0,5,1270,860,1926,,Seattle,98116,0,1926,88,88,288.7323943661972
2014-06-23,249000.0,3.0,1.0,1000,19204,1.0,0,0,3,1000,0,1968,2010.0,Kent,98042,1,2010,46,4,249.0
2014-06-23,396500.0,3.0,1.75,2390,7149,1.0,0,0,3,1350,1040,1955,,Seattle,98125,0,1955,59,59,165.89958158995816
2014-06-23,405000.0,2.0,1.0,860,2599,1.0,0,0,4,860,0,1901,,Seattle,98107,0,1901,113,113,470.93023255813955
2014-06-23,560000.0,3.0,2.5,1960,12476,2.0,0,0,4,1960,0,1989,,Newcastle,98056,0,1989,25,25,285.7142857142857
2014-06-23,459950.0,4.0,2.5,2000,6107,2.0,0,0,3,2000,0,2003,,Bothell,98011,0,2003,11,11,229.975
2014-06-23,265000.0,3.0,1.0,1620,9450,1.5,0,0,3,1620,0,1928,,Seattle,98168,0,1928,86,86,163.58024691358025
2014-06-23,502000.0,6.0,2.5,2890,8122,1.0,0,0,3,1630,1260,1977,,Bellevue,98008,0,1977,37,37,173.7024221453287
2014-06-23,430000.0,3.0,1.75,1300,12731,1.0,0,0,3,1300,0,1981,,Sammamish,98074,0,1981,33,33,330.7692307692308
2014-06-23,525000.0,2.0,1.0,1080,3500,1.0,0,3,3,1080,0,1924,,Seattle,98103,0,1924,90,90,486.1111111111111
2014-06-23,415000.0,4.0,2.5,2170,8518,1.0,0,3,3,1350,820,1955,,Seattle,98178,0,1955,59,59,191.2442396313364
2014-06-23,600000.0,3.0,2.5,2260,10153,2.0,0,0,3,2260,0,1987,,Sammamish,98074,0,1987,27,27,265.4867256637168
2014-06-23,225000.0,3.0,1.75,1580,8820,1.0,0,0,4,1580,0,1967,,Federal Way,98003,0,1967,47,47,142.40506329113924
2014-06-23,300000.0,4.0,2.5,2620,4469,2.0,0,0,3,2620,0,2008,,Covington,98042,0,2008,6,6,114.50381679389314
2014-06-23,491234.0,4.0,2.5,1540,1860,2.0,0,0,3,1540,0,2014,,Issaquah,98029,0,2014,0,0,318.9831168831169
2014-06-23,1580000.0,4.0,2.5,4570,74487,2.0,0,4,5,4570,0,1948,1985.0,Seattle,98177,1,1985,66,29,345.73304157549234
2014-06-23,905000.0,4.0,3.25,3440,7661,2.0,0,0,3,3440,0,2006,,Issaquah,98029,0,2006,8,8,263.0813953488372
2014-06-23,199950.0,5.0,2.5,1740,8750,1.0,0,0,4,1740,0,1959,,Des Moines,98198,0,1959,55,55,114.91379310344827
2014-06-23,450000.0,4.0,1.75,2160,4333,1.0,0,0,4,1260,900,1942,,Seattle,98117,0,1942,72,72,208.33333333333334
2014-06-23,899000.0,3.0,1.0,1480,6978,2.0,0,0,4,1480,0,1949,1985.0,Yarrow Point,98004,1,1985,65,29,607.4324324324324
2014-06-23,649000.0,2.0,1.75,2260,280962,2.0,0,2,3,1890,370,2005,,Carnation,98014,0,2005,9,9,287.16814159292034
2014-06-23,780000.0,4.0,3.5,3910,59863,2.0,0,0,4,2490,1420,1987,,Issaquah,98027,0,1987,27,27,199.48849104859335
2014-06-23,400000.0,4.0,1.75,1700,20283,1.5,0,0,3,1340,360,1965,,Duvall,98019,0,1965,49,49,235.2941176470588
2014-06-23,831500.0,5.0,2.5,4470,35124,2.5,0,0,3,4470,0,1984,,Woodinville,98072,0,1984,30,30,186.0178970917226
2014-06-23,471001.0,3.0,1.75,1800,6000,1.0,0,0,5,900,900,1905,,Seattle,98103,0,1905,109,109,261.6672222222222
2014-06-23,385000.0,3.0,3.25,1630,1677,3.0,0,0,3,1630,0,2007,,Seattle,98133,0,2007,7,7,236.19631901840492
2014-06-23,326000.0,3.0,1.0,1030,9834,1.0,0,0,3,1030,0,1969,,Woodinville,98072,0,1969,45,45,316.50485436893206
2014-06-23,335000.0,1.0,1.0,720,5100,1.0,0,0,3,720,0,1907,,Seattle,98117,0,1907,107,107,465.27777777777777
2014-06-23,320000.0,4.0,1.5,1890,43560,1.0,0,0,4,1890,0,1974,,Auburn,98092,0,1974,40,40,169.31216931216932
2014-06-23,300000.0,4.0,2.5,1840,5550,2.0,0,0,3,1840,0,2004,,Kent,98031,0,2004,10,10,163.04347826086956
2014-06-23,269950.0,4.0,2.5,2540,8400,2.0,0,0,5,2540,0,1977,,Kent,98032,0,1977,37,37,106.27952755905511
2014-06-23,1220000.0,4.0,3.75,3520,3944,1.5,0,0,5,2200,1320,1913,,Seattle,98109,0,1913,101,101,346.59090909090907
2014-06-23,590000.0,4.0,2.5,3220,7875,1.5,0,0,4,3220,0,1966,,Bellevue,98008,0,1966,48,48,183.22981366459626
2014-06-23,750000.0,3.0,2.0,1820,5000,1.5,0,0,4,1720,100,1941,,Seattle,98116,0,1941,73,73,412.0879120879121
2014-06-23,239950.0,3.0,1.75,1230,9600,1.0,0,0,4,1230,0,1984,,Covington,98042,0,1984,30,30,195.08130081300814
2014-06-23,215000.0,3.0,2.0,1340,8505,1.0,0,0,3,1340,0,1931,,SeaTac,98168,0,1931,83,83,160.44776119402985
2014-06-23,165000.0,3.0,1.0,1200,13100,1.0,0,0,3,1200,0,1943,,Tukwila,98168,0,1943,71,71,137.5
2014-06-23,261350.0,3.0,1.75,1390,18200,1.0,0,0,4,1390,0,1962,,Federal Way,98023,0,1962,52,52,188.02158273381295
2014-06-23,569000.0,4.0,2.0,1730,3884,1.0,0,0,5,1060,670,1924,,Seattle,98103,0,1924,90,90,328.9017341040462
2014-06-23,425000.0,3.0,2.25,1580,39189,1.0,0,0,3,1180,400,1992,,Redmond,98053,0,1992,22,22,268.9873417721519
2014-06-23,800000.0,4.0,3.0,3520,4895,1.0,0,0,3,1980,1540,1954,,Seattle,98107,0,1954,60,60,227.27272727272728
2014-06-23,715000.0,4.0,2.5,2650,30500,1.0,0,0,4,1680,970,1960,,Issaquah,98029,0,1960,54,54,269.811320754717
2014-06-23,337000.0,3.0,1.75,1310,12750,1.0,0,0,3,1310,0,1993,,Renton,98059,0,1993,21,21,257.2519083969466
2014-06-23,560000.0,4.0,2.5,2300,7989,2.0,0,0,3,2300,0,1990,,Sammamish,98074,0,1990,24,24,243.47826086956522
2014-06-23,449500.0,3.0,2.25,1780,7280,1.0,0,2,3,1340,440,1972,,Kirkland,98034,0,1972,42,42,252.52808988764045
2014-06-23,660000.0,3.0,3.25,1980,2850,3.0,0,0,3,1980,0,1987,,Seattle,98103,0,1987,27,27,333.3333333333333
2014-06-23,685000.0,2.0,1.5,1300,1676,1.0,0,2,3,1300,0,1943,,Seattle,98122,0,1943,71,71,526.9230769230769
2014-06-23,905000.0,5.0,3.5,3500,10155,2.0,0,0,3,2570,930,1996,,Bellevue,98006,0,1996,18,18,258.57142857142856
2014-06-23,403500.0,3.0,1.0,1830,8004,1.0,0,0,3,1200,630,1960,,Seattle,98125,0,1960,54,54,220.49180327868854
2014-06-23,405000.0,3.0,2.25,1520,1245,3.0,0,0,3,1520,0,2004,,Seattle,98103,0,2004,10,10,266.44736842105266
2014-06-23,385000.0,4.0,2.75,2700,37011,2.0,0,0,3,2700,0,1984,,Kent,98042,0,1984,30,30,142.59259259259258
2014-06-23,1700000.0,3.0,2.75,2810,18731,2.0,1,4,4,2810,0,1974,,Redmond,98052,0,1974,40,40,604.982206405694
2014-06-23,285000.0,3.0,2.5,1660,6263,2.0,0,0,3,1660,0,2003,,Kent,98042,0,2003,11,11,171.6867469879518
2014-06-23,249900.0,3.0,2.0,1310,6738,1.0,0,0,4,1310,0,1990,,Covington,98042,0,1990,24,24,190.76335877862596
2014-06-23,633634.0,4.0,3.5,2960,6000,2.0,0,0,3,2960,0,2014,,Snoqualmie,98065,0,2014,0,0,214.06554054054055
2014-06-23,329900.0,3.0,2.5,2242,4995,2.0,0,0,3,2242,0,2011,,Auburn,98092,0,2011,3,3,147.14540588760036
2014-06-23,310000.0,3.0,2.5,2540,4775,2.0,0,0,3,2540,0,2006,,Kent,98042,0,2006,8,8,122.04724409448819
2014-06-23,345000.0,3.0,1.5,1420,1192,2.0,0,0,3,1140,280,2008,,Seattle,98144,0,2008,6,6,242.95774647887325
2014-06-23,160797.0,3.0,1.5,1270,2356,2.0,0,0,3,1270,0,2012,,Seattle,98108,0,2012,2,2,126.61181102362205
2014-06-23,562500.0,3.0,2.25,1300,907,2.0,0,0,3,1000,300,2006,,Seattle,98102,0,2006,8,8,432.6923076923077
2014-06-23,664950.0,5.0,3.0,3190,7081,1.0,0,2,3,1890,1300,2013,,Seattle,98178,0,2013,1,1,208.44827586206895
2014-06-23,515000.0,5.0,3.25,2910,5027,2.0,0,0,3,2040,870,2013,,Seattle,98106,0,2013,1,1,176.97594501718214
2014-06-23,497000.0,3.0,2.25,1630,3817,2.0,0,0,3,1630,0,2005,,Issaquah,98029,0,2005,9,9,304.9079754601227
2014-06-23,312891.0,5.0,3.0,2300,8214,2.0,0,0,3,2300,0,2013,,Federal Way,98001,0,2013,1,1,136.0395652173913
2014-06-23,670000.0,3.0,2.5,3310,5300,2.0,0,2,3,2440,870,2008,,Seattle,98136,0,2008,6,6,202.41691842900303
2014-06-23,362500.0,2.0,1.5,940,1768,2.0,0,0,3,940,0,2009,,Seattle,98144,0,2009,5,5,385.63829787234044
2014-06-23,402101.0,2.0,0.75,1020,1350,2.0,0,0,3,1020,0,2009,,Seattle,98144,0,2009,5,5,394.21666666666664
2014-06-24,438000.0,3.0,1.75,1520,6380,1.0,0,0,3,790,730,1948,,Seattle,98115,0,1948,66,66,288.1578947368421
2014-06-24,687500.0,4.0,1.75,2330,5000,1.5,0,0,4,1510,820,1929,,Seattle,98117,0,1929,85,85,295.06437768240346
2014-06-24,160000.0,3.0,1.5,1010,9600,1.0,0,0,4,1010,0,1962,,Des Moines,98198,0,1962,52,52,158.41584158415841
2014-06-24,415000.0,3.0,1.75,1070,8000,1.0,0,0,3,1070,0,1977,,Redmond,98052,0,1977,37,37,387.85046728971963
2014-06-24,405000.0,3.0,2.5,3170,12750,2.0,0,0,3,2360,810,1995,,Federal Way,98023,0,1995,19,19,127.7602523659306
2014-06-24,880000.0,4.0,2.5,3030,3841,3.0,0,0,3,3030,0,2005,,Seattle,98117,0,2005,9,9,290.42904290429044
2014-06-24,585000.0,3.0,2.5,2270,100545,2.0,0,0,3,2270,0,1998,,Vashon,98070,0,1998,16,16,257.70925110132157
2014-06-24,640000.0,4.0,2.5,2341,9594,2.0,0,0,3,2341,0,1997,,Redmond,98052,0,1997,17,17,273.3874412644169
2014-06-24,819000.0,3.0,3.5,2130,6150,2.0,0,2,5,1530,600,1908,,Seattle,98199,0,1908,106,106,384.50704225352115
2014-06-24,520000.0,3.0,1.75,2300,35722,1.0,0,0,3,2300,0,1984,,Woodinville,98072,0,1984,30,30,226.08695652173913
2014-06-24,367500.0,3.0,1.0,1660,11783,1.0,0,0,4,1160,500,1978,,Woodinville,98077,0,1978,36,36,221.3855421686747
2014-06-24,762500.0,4.0,2.75,2610,8760,1.0,0,0,4,1760,850,1978,,Mercer Island,98040,0,1978,36,36,292.1455938697318
2014-06-24,300000.0,3.0,1.0,2150,7007,1.0,0,0,3,2150,0,1954,,Shoreline,98177,0,1954,60,60,139.53488372093022
2014-06-24,625000.0,3.0,2.5,2410,64073,1.0,0,0,4,1820,590,1976,,Woodinville,98072,0,1976,38,38,259.33609958506224
2014-06-24,530000.0,2.0,1.5,1580,3680,1.0,0,2,3,1280,300,1941,,Seattle,98126,0,1941,73,73,335.44303797468353
2014-06-24,379000.0,3.0,2.5,1740,30886,2.0,0,0,3,1740,0,1992,,North Bend,98045,0,1992,22,22,217.816091954023
2014-06-24,615000.0,2.0,1.0,1270,5000,1.0,0,0,3,1090,180,1949,,Seattle,98117,0,1949,65,65,484.251968503937
2014-06-24,660000.0,2.0,2.25,2550,6000,2.0,0,0,5,1860,690,1902,,Seattle,98115,0,1902,112,112,258.8235294117647
2014-06-24,380000.0,3.0,2.25,1860,15559,2.0,0,0,4,1860,0,1963,,Enumclaw,98022,0,1963,51,51,204.30107526881721
2014-06-24,314900.0,4.0,1.75,2700,27072,1.0,0,0,3,1380,1320,1958,,Federal Way,98003,0,1958,56,56,116.62962962962963
2014-06-24,324950.0,3.0,1.5,1460,8710,1.0,0,0,3,1460,0,1955,,Burien,98166,0,1955,59,59,222.56849315068493
2014-06-24,225000.0,3.0,1.75,1330,13102,1.0,0,0,3,1330,0,1968,,Federal Way,98003,0,1968,46,46,169.17293233082708
2014-06-24,535000.0,3.0,2.5,2070,4132,2.0,0,0,3,2070,0,1999,,Sammamish,98074,0,1999,15,15,258.45410628019323
2014-06-24,348500.0,3.0,1.5,1360,10726,1.0,0,0,4,1360,0,1966,,Renton,98059,0,1966,48,48,256.25
2014-06-24,725000.0,4.0,2.5,2650,18295,2.0,0,0,3,2650,0,1986,,Bellevue,98005,0,1986,28,28,273.58490566037733
2014-06-24,925000.0,4.0,3.0,3580,35261,1.5,0,0,3,3580,0,1985,,Woodinville,98072,0,1985,29,29,258.37988826815644
2014-06-24,549000.0,2.0,1.0,2034,13392,1.0,1,4,5,1159,875,1947,,Vashon,98070,0,1947,67,67,269.91150442477874
2014-06-24,400000.0,3.0,2.0,1230,11413,1.0,0,0,3,990,240,1984,,Sammamish,98074,0,1984,30,30,325.2032520325203
2014-06-24,620000.0,4.0,2.5,2450,55387,2.0,0,0,3,2450,0,1994,,Redmond,98053,0,1994,20,20,253.0612244897959
2014-06-24,665000.0,6.0,2.75,2840,8346,1.0,0,0,5,1420,1420,1961,,Seattle,98118,0,1961,53,53,234.1549295774648
2014-06-24,1215000.0,4.0,3.75,3820,53574,1.0,0,0,3,3820,0,1994,,Woodinville,98072,0,1994,20,20,318.0628272251309
2014-06-24,1157400.0,3.0,2.5,2740,5925,2.0,0,2,3,2740,0,1913,1992.0,Seattle,98112,1,1992,101,22,422.40875912408757
2014-06-24,349950.0,4.0,2.5,2090,5289,2.0,0,0,3,2090,0,1989,,Renton,98058,0,1989,25,25,167.44019138755982
2014-06-24,2466350.0,5.0,4.75,6390,13180,2.0,0,0,3,4560,1830,1940,,Seattle,98112,0,1940,74,74,385.97026604068856
2014-06-24,339000.0,4.0,2.0,2470,5080,1.5,0,0,3,1970,500,1948,1988.0,Seattle,98106,1,1988,66,26,137.24696356275302
2014-06-24,615000.0,3.0,1.75,1720,4080,1.0,0,0,4,960,760,1924,,Seattle,98144,0,1924,90,90,357.5581395348837
2014-06-24,751000.0,4.0,3.25,3090,9571,2.0,0,0,3,2370,720,2004,,Redmond,98052,0,2004,10,10,243.042071197411
2014-06-24,941000.0,4.0,1.75,2320,3825,1.5,0,0,5,1820,500,1926,,Seattle,98105,0,1926,88,88,405.6034482758621
2014-06-24,600000.0,4.0,1.75,1740,7700,1.0,0,0,5,1740,0,1968,,Bellevue,98008,0,1968,46,46,344.82758620689657
2014-06-24,455000.0,4.0,2.5,2950,4502,2.0,0,0,3,2950,0,2005,,Renton,98059,0,2005,9,9,154.23728813559322
2014-06-24,1295648.0,4.0,3.5,4810,28008,2.0,0,0,3,4810,0,1990,,Redmond,98053,0,1990,24,24,269.3654885654886
2014-06-24,485000.0,3.0,2.5,1500,5412,1.0,0,0,5,900,600,1920,,Seattle,98136,0,1920,94,94,323.3333333333333
2014-06-24,358000.0,3.0,1.5,1810,100188,1.0,0,0,5,1810,0,1969,,Enumclaw,98022,0,1969,45,45,197.79005524861878
2014-06-24,339000.0,3.0,1.0,1100,4128,1.0,0,0,4,720,380,1942,,Seattle,98126,0,1942,72,72,308.1818181818182
2014-06-24,258000.0,3.0,1.0,1490,7435,1.0,0,0,3,1120,370,1969,,Des Moines,98198,0,1969,45,45,173.15436241610738
2014-06-24,455000.0,2.0,1.5,1200,1259,2.0,0,0,3,1000,200,2013,,Seattle,98144,0,2013,1,1,379.1666666666667
2014-06-24,437000.0,4.0,2.5,1890,8505,1.0,0,0,3,1290,600,1980,,Redmond,98052,0,1980,34,34,231.21693121693121
2014-06-24,689000.0,3.0,1.75,2200,9840,1.0,0,0,5,1500,700,1978,,Bellevue,98006,0,1978,36,36,313.1818181818182
2014-06-24,319000.0,4.0,2.5,2510,7992,1.0,0,0,3,1610,900,1978,,Kent,98032,0,1978,36,36,127.09163346613546
2014-06-24,510000.0,3.0,2.25,1420,1309,3.0,0,0,3,1420,0,2006,,Seattle,98103,0,2006,8,8,359.15492957746477
2014-06-24,440000.0,3.0,1.75,2000,9900,1.0,0,2,4,1480,520,1957,,Normandy Park,98166,0,1957,57,57,220.0
2014-06-24,1010000.0,2.0,2.0,1460,9052,1.0,0,2,5,1460,0,1900,,Kirkland,98033,0,1900,114,114,691.7808219178082
2014-06-24,875000.0,4.0,2.5,3220,22588,2.0,0,0,3,3220,0,1996,,Woodinville,98077,0,1996,18,18,271.7391304347826
2014-06-24,304000.0,4.0,2.0,1310,8454,1.0,0,0,4,1310,0,1953,,Shoreline,98155,0,1953,61,61,232.06106870229007
2014-06-24,139000.0,2.0,1.0,690,5280,1.0,0,0,4,690,0,1942,,Renton,98056,0,1942,72,72,201.44927536231884
2014-06-24,464500.0,3.0,1.75,1150,10466,1.0,0,0,5,1150,0,1959,,Bellevue,98006,0,1959,55,55,403.9130434782609
2014-06-24,336500.0,3.0,1.0,1480,7284,1.0,0,0,3,970,510,1963,,Shoreline,98133,0,1963,51,51,227.36486486486487
2014-06-24,230000.0,4.0,1.75,1850,6000,1.0,0,0,4,1270,580,1944,,Seattle,98178,0,1944,70,70,124.32432432432432
2014-06-24,425000.0,3.0,2.5,1930,4500,2.0,0,0,3,1930,0,1990,,Issaquah,98029,0,1990,24,24,220.20725388601036
2014-06-24,300000.0,2.0,1.0,750,5120,1.0,0,0,4,750,0,1941,,Seattle,98126,0,1941,73,73,400.0
2014-06-24,457500.0,3.0,2.25,1430,2003,2.0,0,0,3,980,450,1996,,Seattle,98144,0,1996,18,18,319.9300699300699
2014-06-24,366000.0,3.0,1.75,1840,11440,1.0,0,0,4,1340,500,1977,,Renton,98059,0,1977,37,37,198.91304347826087
2014-06-24,502000.0,3.0,2.0,1300,14350,1.0,0,0,3,1300,0,1955,2013.0,Bellevue,98006,1,2013,59,1,386.15384615384613
2014-06-24,194000.0,3.0,1.0,1050,7577,1.0,0,0,3,1050,0,1983,,Federal Way,98023,0,1983,31,31,184.76190476190476
2014-06-24,305000.0,4.0,2.25,2210,9371,2.0,0,0,4,2210,0,1968,,Kent,98032,0,1968,46,46,138.00904977375566
2014-06-24,1250000.0,4.0,2.5,3220,15600,1.0,0,0,5,1680,1540,1973,,Bellevue,98006,0,1973,41,41,388.19875776397515
2014-06-24,575000.0,4.0,2.5,4620,20793,2.0,0,0,4,4620,0,1991,,Federal Way,98023,0,1991,23,23,124.45887445887446
2014-06-24,343500.0,4.0,1.75,1760,6204,1.0,0,2,4,1180,580,1950,,Seattle,98178,0,1950,64,64,195.17045454545453
2014-06-24,325000.0,3.0,1.0,850,6906,1.0,0,0,3,850,0,1948,,Shoreline,98155,0,1948,66,66,382.3529411764706
2014-06-24,600000.0,4.0,3.25,4690,14930,2.0,0,2,3,3680,1010,1995,,Lake Forest Park,98155,0,1995,19,19,127.9317697228145
2014-06-24,850000.0,4.0,3.5,3920,37122,2.0,0,0,3,3920,0,1996,,Redmond,98053,0,1996,18,18,216.83673469387756
2014-06-24,420000.0,3.0,2.5,2140,3821,2.0,0,0,3,2140,0,2005,,Issaquah,98029,0,2005,9,9,196.26168224299064
2014-06-24,257500.0,2.0,2.0,1180,9265,1.0,0,0,3,1180,0,1940,,Seattle,98125,0,1940,74,74,218.22033898305085
2014-06-24,317000.0,5.0,2.5,2360,11375,1.0,0,0,4,1180,1180,1962,,Seattle,98178,0,1962,52,52,134.32203389830508
2014-06-24,970000.0,3.0,2.25,3060,9950,1.5,0,2,4,1810,1250,1930,,Seattle,98144,0,1930,84,84,316.9934640522876
2014-06-24,252000.0,3.0,2.25,1670,7881,1.0,0,0,4,1190,480,1977,,Kent,98031,0,1977,37,37,150.89820359281438
2014-06-24,683500.0,3.0,1.5,1820,5756,1.5,0,0,3,1640,180,1946,,Seattle,98119,0,1946,68,68,375.54945054945057
2014-06-24,289000.0,3.0,2.5,1970,9607,2.0,0,0,3,1090,880,1988,,Auburn,98001,0,1988,26,26,146.7005076142132
2014-06-24,355000.0,2.0,2.25,930,747,2.0,0,0,3,630,300,2007,,Seattle,98144,0,2007,7,7,381.7204301075269
2014-06-24,675000.0,3.0,3.5,2300,5611,1.0,0,0,3,2300,0,2004,,Redmond,98053,0,2004,10,10,293.4782608695652
2014-06-24,396500.0,3.0,2.5,2590,18980,1.0,0,0,4,2590,0,1976,,Kent,98042,0,1976,38,38,153.08880308880308
2014-06-24,362500.0,4.0,1.75,1450,8450,1.0,0,0,3,1450,0,1960,,Issaquah,98027,0,1960,54,54,250.0
2014-06-24,395000.0,4.0,1.75,1540,5120,1.0,0,0,5,770,770,1943,,Seattle,98126,0,1943,71,71,256.4935064935065
2014-06-24,599000.0,5.0,2.75,2730,22572,1.0,0,0,3,2080,650,1968,1992.0,Sammamish,98075,1,1992,46,22,219.41391941391942
2014-06-24,218000.0,3.0,1.0,880,18205,1.0,0,0,4,880,0,1945,,Seattle,98178,0,1945,69,69,247.72727272727272
2014-06-24,589950.0,4.0,2.5,3190,8195,2.0,0,0,3,3190,0,2006,,Maple Valley,98038,0,2006,8,8,184.93730407523512
2014-06-24,218000.0,3.0,1.5,1330,7600,1.0,0,0,4,1330,0,1968,,Federal Way,98023,0,1968,46,46,163.90977443609023
2014-06-24,360000.0,3.0,1.75,1500,7200,1.0,0,0,3,1500,0,1957,,Shoreline,98133,0,1957,57,57,240.0
2014-06-24,350000.0,2.0,1.0,740,7680,1.0,0,0,4,740,0,1922,,Seattle,98126,0,1922,92,92,472.97297297297297
2014-06-24,350000.0,4.0,3.0,2560,5606,2.0,0,0,3,2560,0,2004,,Auburn,98092,0,2004,10,10,136.71875
2014-06-24,845000.0,3.0,2.0,2540,4750,1.5,0,0,5,1840,700,1930,,Seattle,98117,0,1930,84,84,332.6771653543307
2014-06-24,839000.0,3.0,2.5,3200,203425,1.0,0,0,3,3200,0,2000,,Woodinville,98077,0,2000,14,14,262.1875
2014-06-24,850000.0,4.0,3.0,3330,4000,1.0,0,0,3,1790,1540,1958,,Seattle,98103,0,1958,56,56,255.25525525525526
2014-06-24,329950.0,2.0,1.0,900,5220,1.0,0,0,4,900,0,1956,,Seattle,98146,0,1956,58,58,366.6111111111111
2014-06-24,425000.0,4.0,1.5,1600,6180,1.5,0,0,3,1600,0,1946,,Seattle,98118,0,1946,68,68,265.625
2014-06-24,210000.0,2.0,1.0,970,5500,1.0,0,0,3,970,0,1956,,Seattle,98118,0,1956,58,58,216.49484536082474
2014-06-24,631500.0,2.0,1.0,1130,2640,1.0,0,0,4,1130,0,1927,,Seattle,98109,0,1927,87,87,558.8495575221239
2014-06-24,295000.0,2.0,1.0,650,5400,1.0,0,0,3,650,0,1950,,Seattle,98122,0,1950,64,64,453.84615384615387
2014-06-24,575000.0,3.0,2.25,2400,5000,1.5,0,0,4,1440,960,1926,,Seattle,98117,0,1926,88,88,239.58333333333334
2014-06-24,415000.0,3.0,2.5,2280,6031,2.0,0,0,3,2280,0,2011,,Duvall,98019,0,2011,3,3,182.01754385964912
2014-06-24,859000.0,4.0,2.25,3550,13900,1.0,0,0,3,1830,1720,2010,,Bellevue,98006,0,2010,4,4,241.9718309859155
2014-06-24,639888.0,4.0,2.5,2050,2772,2.0,0,0,3,2050,0,2012,,Issaquah,98029,0,2012,2,2,312.14048780487803
2014-06-24,329445.0,2.0,1.5,830,1119,2.0,0,0,3,830,0,2005,,Seattle,98144,0,2005,9,9,396.921686746988
2014-06-24,745641.0,4.0,2.5,2440,4850,2.0,0,0,3,2440,0,2013,,Redmond,98052,0,2013,1,1,305.5905737704918
2014-06-24,395000.0,3.0,2.5,1600,1936,2.0,0,0,3,1600,0,2007,,Seattle,98108,0,2007,7,7,246.875
2014-06-24,790000.0,4.0,3.5,3190,31450,2.0,0,0,3,3190,0,2010,,Issaquah,98027,0,2010,4,4,247.64890282131663
2014-06-25,890000.0,4.0,1.0,2550,4000,2.0,0,0,3,2370,180,1905,,Seattle,98109,0,1905,109,109,349.01960784313724
2014-06-25,400000.0,3.0,2.5,2180,7508,1.0,0,0,4,1420,760,1962,,Shoreline,98133,0,1962,52,52,183.4862385321101
2014-06-25,365500.0,3.0,2.0,1410,9600,1.0,0,0,4,1410,0,1983,,Woodinville,98072,0,1983,31,31,259.21985815602835
2014-06-25,245000.0,3.0,2.0,1410,5760,1.0,0,0,3,1410,0,1985,,Kent,98030,0,1985,29,29,173.75886524822695
2014-06-25,390000.0,4.0,2.5,2340,8548,2.0,0,0,3,2340,0,1993,,Kent,98031,0,1993,21,21,166.66666666666666
2014-06-25,196500.0,3.0,1.0,1320,9000,1.0,0,0,3,1320,0,1966,,Auburn,98001,0,1966,48,48,148.86363636363637
2014-06-25,1200000.0,4.0,1.75,3990,13470,2.0,0,0,3,3990,0,2006,,Newcastle,98059,0,2006,8,8,300.7518796992481
2014-06-25,276900.0,3.0,1.0,1270,7566,1.0,0,0,4,1270,0,1958,,Renton,98056,0,1958,56,56,218.03149606299212
2014-06-25,995000.0,3.0,4.5,4380,47044,2.0,1,3,3,3720,660,1968,1990.0,Burien,98166,1,1990,46,24,227.1689497716895
2014-06-25,2300000.0,4.0,3.25,4250,8570,2.0,0,0,3,4250,0,2004,,Bellevue,98004,0,2004,10,10,541.1764705882352
2014-06-25,505000.0,3.0,2.5,1860,8060,2.0,0,0,4,1860,0,1987,,Issaquah,98029,0,1987,27,27,271.505376344086
2014-06-25,1229000.0,4.0,3.5,3770,37034,2.0,0,0,3,2830,940,1989,,Bellevue,98007,0,1989,25,25,325.9946949602122
2014-06-25,352000.0,4.0,1.0,1530,8890,1.0,0,0,3,980,550,1925,,Seattle,98106,0,1925,89,89,230.0653594771242
2014-06-25,597326.0,4.0,4.0,3570,8250,2.0,0,0,3,2860,710,2013,,Mercer Island,98040,0,2013,1,1,167.31820728291316
2014-06-25,800000.0,2.0,1.0,1740,5719,1.0,0,0,3,1740,0,1955,,Seattle,98103,0,1955,59,59,459.7701149425287
2014-06-25,270000.0,3.0,2.5,1670,8364,1.0,0,0,4,1300,370,1990,,Covington,98042,0,1990,24,24,161.67664670658684
2014-06-25,235000.0,4.0,2.0,1570,9415,2.0,0,0,4,1570,0,1984,,Auburn,98092,0,1984,30,30,149.6815286624204
2014-06-25,409900.0,2.0,2.5,1590,1845,2.0,0,0,3,1590,0,1997,,Kirkland,98033,0,1997,17,17,257.7987421383648
2014-06-25,739900.0,5.0,2.5,2980,5377,2.0,0,0,3,2980,0,2006,,Redmond,98052,0,2006,8,8,248.28859060402684
2014-06-25,608000.0,4.0,2.5,2690,4736,2.0,0,0,3,2690,0,2001,,Redmond,98053,0,2001,13,13,226.02230483271376
2014-06-25,381500.0,2.0,1.0,900,2910,1.0,0,0,5,900,0,1924,,Seattle,98115,0,1924,90,90,423.8888888888889
2014-06-25,562100.0,2.0,0.75,1440,3700,1.0,0,0,3,1200,240,1914,,Seattle,98107,0,1914,100,100,390.34722222222223
2014-06-25,740000.0,4.0,2.5,3000,10392,2.0,0,0,3,3000,0,1995,,Issaquah,98027,0,1995,19,19,246.66666666666666
2014-06-25,308000.0,3.0,1.0,1640,18144,1.5,0,0,3,1640,0,1942,,Seattle,98168,0,1942,72,72,187.8048780487805
2014-06-25,905000.0,5.0,3.5,3100,10200,1.0,0,4,3,1660,1440,1970,,Bellevue,98008,0,1970,44,44,291.93548387096774
2014-06-25,762000.0,4.0,3.5,4000,15253,2.0,0,0,3,4000,0,2007,,Snoqualmie,98065,0,2007,7,7,190.5
2014-06-25,356000.0,4.0,2.0,2020,48693,1.5,0,0,3,2020,0,1949,,North Bend,98045,0,1949,65,65,176.23762376237624
2014-06-25,750000.0,3.0,1.5,1840,5000,1.5,0,0,5,1340,500,1915,,Seattle,98107,0,1915,99,99,407.60869565217394
2014-06-25,418800.0,4.0,2.25,2100,9984,1.0,0,0,4,1290,810,1973,,Kenmore,98028,0,1973,41,41,199.42857142857142
2014-06-25,276000.0,4.0,2.25,2460,11250,1.0,0,0,4,2460,0,1959,,Auburn,98002,0,1959,55,55,112.1951219512195
2014-06-25,725000.0,3.0,2.5,2610,7510,2.0,0,0,3,2610,0,1996,,Redmond,98052,0,1996,18,18,277.77777777777777
2014-06-25,285000.0,3.0,2.0,1460,6377,1.0,0,0,3,1460,0,1995,,Maple Valley,98038,0,1995,19,19,195.2054794520548
2014-06-25,205000.0,3.0,1.0,1050,8498,1.0,0,0,3,1050,0,1958,,Kent,98031,0,1958,56,56,195.23809523809524
2014-06-25,583000.0,3.0,2.5,1790,8144,2.0,0,0,3,1790,0,1989,,Sammamish,98074,0,1989,25,25,325.69832402234636
2014-06-25,657000.0,4.0,2.5,2180,3375,1.5,0,0,4,1420,760,1926,,Seattle,98117,0,1926,88,88,301.3761467889908
2014-06-25,386000.0,4.0,2.25,2050,9583,2.0,0,2,3,1770,280,1965,,Des Moines,98198,0,1965,49,49,188.29268292682926
2014-06-25,589950.0,5.0,3.0,2790,19439,1.0,0,3,5,1500,1290,1973,,Renton,98058,0,1973,41,41,211.4516129032258
2014-06-25,575000.0,3.0,2.25,1700,3333,1.5,0,0,3,1100,600,1924,,Seattle,98117,0,1924,90,90,338.2352941176471
2014-06-25,574000.0,3.0,2.5,2380,6832,2.0,0,0,3,2380,0,2002,,Snoqualmie,98065,0,2002,12,12,241.1764705882353
2014-06-25,690500.0,5.0,2.0,2000,4211,1.5,0,2,4,1280,720,1908,,Seattle,98112,0,1908,106,106,345.25
2014-06-25,565000.0,2.0,1.75,1670,4008,1.0,0,0,3,1670,0,2005,,Issaquah,98029,0,2005,9,9,338.32335329341316
2014-06-25,500000.0,3.0,1.5,1190,4750,1.0,0,0,3,970,220,1940,,Seattle,98107,0,1940,74,74,420.16806722689074
2014-06-25,330000.0,6.0,2.25,3040,28535,1.0,0,0,3,1890,1150,1951,,Kent,98030,0,1951,63,63,108.55263157894737
2014-06-25,286000.0,2.0,1.0,780,3475,1.0,0,0,4,780,0,1930,,North Bend,98045,0,1930,84,84,366.6666666666667
2014-06-25,450000.0,3.0,1.5,2330,11740,1.0,0,0,3,1330,1000,1954,,Lake Forest Park,98155,0,1954,60,60,193.13304721030042
2014-06-25,870000.0,4.0,2.75,2840,4000,1.5,0,0,5,1960,880,1912,,Seattle,98144,0,1912,102,102,306.3380281690141
2014-06-25,725000.0,4.0,2.5,2490,5170,2.0,0,0,4,2490,0,2000,,Redmond,98052,0,2000,14,14,291.16465863453817
2014-06-25,275000.0,2.0,1.0,770,4840,1.0,0,0,4,770,0,1927,,Seattle,98126,0,1927,87,87,357.14285714285717
2014-06-25,645000.0,3.0,2.75,1850,16960,1.0,0,2,4,1850,0,1953,,Seattle,98177,0,1953,61,61,348.64864864864865
2014-06-25,152000.0,3.0,1.0,1090,3264,1.0,0,0,4,1090,0,1969,,Auburn,98092,0,1969,45,45,139.44954128440367
2014-06-25,315000.0,4.0,2.0,1780,5336,1.5,0,0,5,930,850,1918,,Seattle,98178,0,1918,96,96,176.96629213483146
2014-06-25,190000.0,1.0,0.75,930,29258,1.0,0,0,3,930,0,1941,,Seattle,98178,0,1941,73,73,204.30107526881721
2014-06-25,700000.0,4.0,2.5,2770,5686,2.0,0,0,3,2770,0,2004,,Sammamish,98075,0,2004,10,10,252.70758122743683
2014-06-25,233000.0,3.0,1.0,1250,6180,1.5,0,0,3,1250,0,1955,,Shoreline,98155,0,1955,59,59,186.4
2014-06-25,249000.0,4.0,2.25,1830,6136,2.0,0,0,3,1830,0,1990,,Kent,98030,0,1990,24,24,136.0655737704918
2014-06-25,310000.0,2.0,1.0,870,5400,1.0,0,0,3,870,0,1950,2007.0,Seattle,98126,1,2007,64,7,356.32183908045977
2014-06-25,265950.0,3.0,1.5,1150,8450,1.0,0,0,4,1150,0,1951,,Seattle,98178,0,1951,63,63,231.2608695652174
2014-06-25,860000.0,5.0,3.25,4500,9648,2.0,0,4,4,3000,1500,1968,,Seattle,98125,0,1968,46,46,191.11111111111111
2014-06-25,200000.0,3.0,1.0,1150,4800,1.5,0,0,4,1150,0,1938,,Auburn,98002,0,1938,76,76,173.91304347826087
2014-06-25,402000.0,4.0,2.25,2000,3672,2.0,0,0,5,1650,350,1926,,Seattle,98117,0,1926,88,88,201.0
2014-06-25,305000.0,6.0,2.0,1900,8240,1.0,0,0,2,1200,700,1964,,Seattle,98125,0,1964,50,50,160.52631578947367
2014-06-25,505000.0,3.0,1.75,1640,10695,1.0,0,2,3,1640,0,1975,,Kirkland,98034,0,1975,39,39,307.9268292682927
2014-06-25,1355000.0,3.0,1.5,2680,4775,2.0,0,2,5,1880,800,1913,,Seattle,98109,0,1913,101,101,505.5970149253731
2014-06-25,482000.0,3.0,2.5,2420,7307,2.0,0,0,3,2420,0,1998,,Snoqualmie,98065,0,1998,16,16,199.17355371900825
2014-06-25,299950.0,3.0,1.75,1790,7650,1.0,0,3,3,1790,0,1978,,Federal Way,98023,0,1978,36,36,167.56983240223462
2014-06-25,770000.0,4.0,2.5,3920,12415,2.0,0,0,3,3920,0,1997,,Sammamish,98075,0,1997,17,17,196.42857142857142
2014-06-25,245700.0,3.0,2.25,1640,8400,1.0,0,0,3,1180,460,1968,,Kent,98032,0,1968,46,46,149.8170731707317
2014-06-25,283000.0,3.0,1.0,890,8400,1.0,0,0,4,890,0,1954,,Renton,98056,0,1954,60,60,317.97752808988764
2014-06-25,650000.0,4.0,2.75,1910,16532,1.0,0,0,4,1420,490,1940,,Seattle,98117,0,1940,74,74,340.31413612565444
2014-06-25,530000.0,5.0,2.25,2140,7910,1.0,0,0,3,1070,1070,1962,,Bellevue,98007,0,1962,52,52,247.66355140186917
2014-06-25,440000.0,3.0,1.75,2030,17100,1.0,0,0,4,2030,0,1953,,Burien,98166,0,1953,61,61,216.7487684729064
2014-06-25,1005000.0,4.0,4.5,4225,284011,2.0,0,0,4,4225,0,1985,,Sammamish,98074,0,1985,29,29,237.8698224852071
2014-06-25,599990.0,3.0,2.25,2680,9162,1.0,0,0,3,1570,1110,1978,,Issaquah,98027,0,1978,36,36,223.87686567164178
2014-06-25,544000.0,4.0,2.5,2030,3974,2.0,0,0,3,2030,0,1994,,Issaquah,98029,0,1994,20,20,267.9802955665025
2014-06-25,1700000.0,5.0,3.5,5850,22885,2.0,0,2,4,4670,1180,1978,,Bellevue,98004,0,1978,36,36,290.5982905982906
2014-06-25,270000.0,2.0,1.0,2060,8398,1.0,0,0,3,1260,800,1962,,Seattle,98168,0,1962,52,52,131.06796116504853
2014-06-25,435000.0,2.0,1.0,1060,3036,1.5,0,0,4,1060,0,1943,,Seattle,98105,0,1943,71,71,410.37735849056605
2014-06-25,349000.0,3.0,1.0,1010,8184,1.0,0,0,4,1010,0,1947,,Shoreline,98155,0,1947,67,67,345.54455445544556
2014-06-25,1140000.0,4.0,2.25,3310,127631,2.0,0,0,5,3310,0,1924,1956.0,Woodinville,98072,1,1956,90,58,344.4108761329305
2014-06-25,320000.0,4.0,2.5,2000,10051,2.0,0,0,3,2000,0,1997,,Maple Valley,98038,0,1997,17,17,160.0
2014-06-25,804100.0,4.0,2.5,3070,8086,2.0,0,0,3,3070,0,2005,,Newcastle,98059,0,2005,9,9,261.92182410423453
2014-06-25,594000.0,3.0,2.25,1270,1406,2.0,0,0,3,1060,210,2014,,Seattle,98105,0,2014,0,0,467.7165354330709
2014-06-25,531500.0,4.0,2.75,3110,49765,1.0,0,0,4,3110,0,1958,1972.0,Black Diamond,98010,1,1972,56,42,170.90032154340835
2014-06-25,1150000.0,3.0,2.0,2110,18815,2.0,0,0,5,2110,0,1979,,Sammamish,98075,0,1979,35,35,545.0236966824644
2014-06-25,374500.0,3.0,2.25,1400,11400,2.0,0,0,3,1400,0,1984,,Kenmore,98028,0,1984,30,30,267.5
2014-06-25,450000.0,4.0,2.75,2310,5650,1.0,0,2,3,1330,980,1952,2012.0,Seattle,98118,1,2012,62,2,194.80519480519482
2014-06-25,744500.0,5.0,2.5,2700,16570,1.0,0,0,4,1750,950,1967,,Bellevue,98005,0,1967,47,47,275.74074074074076
2014-06-25,913888.0,5.0,2.25,2370,15512,2.0,0,0,4,2370,0,1981,,Bellevue,98006,0,1981,33,33,385.60675105485234
2014-06-25,760000.0,4.0,2.5,2760,6000,2.0,0,0,5,2230,530,1942,,Seattle,98115,0,1942,72,72,275.3623188405797
2014-06-25,346500.0,2.0,1.75,1610,6300,1.0,0,0,3,1010,600,1941,,Seattle,98108,0,1941,73,73,215.2173913043478
2014-06-25,280000.0,3.0,1.75,1230,8250,1.0,0,0,3,1230,0,1966,,Renton,98058,0,1966,48,48,227.64227642276424
2014-06-25,557500.0,3.0,1.75,1900,11165,1.0,0,0,4,1900,0,1959,,Bellevue,98008,0,1959,55,55,293.42105263157896
2014-06-25,260000.0,3.0,1.5,1580,8184,1.0,0,0,3,1140,440,1954,,Des Moines,98148,0,1954,60,60,164.55696202531647
2014-06-25,1330000.0,3.0,1.5,1940,2885,1.5,0,2,3,1940,0,1900,,Seattle,98119,0,1900,114,114,685.5670103092783
2014-06-25,640000.0,3.0,1.75,1620,6000,1.0,0,0,5,1040,580,1947,,Seattle,98103,0,1947,67,67,395.0617283950617
2014-06-25,280000.0,7.0,2.5,1940,5458,2.0,0,0,3,1940,0,1994,,Auburn,98092,0,1994,20,20,144.3298969072165
2014-06-25,205000.0,3.0,1.0,1230,8750,1.0,0,0,3,1230,0,1965,,Federal Way,98003,0,1965,49,49,166.66666666666666
2014-06-25,957000.0,5.0,3.25,3160,5000,2.0,0,2,3,2180,980,2005,,Seattle,98199,0,2005,9,9,302.8481012658228
2014-06-25,625000.0,5.0,2.5,2700,21208,1.0,0,0,4,1950,750,1955,,Bellevue,98005,0,1955,59,59,231.4814814814815
2014-06-25,680000.0,4.0,1.5,1880,6200,1.0,0,2,5,1440,440,1954,,Seattle,98146,0,1954,60,60,361.70212765957444
2014-06-25,150000.0,2.0,1.0,890,8100,1.0,0,0,3,890,0,1942,,Burien,98146,0,1942,72,72,168.53932584269663
2014-06-25,255950.0,3.0,2.5,1720,3676,2.0,0,0,3,1720,0,1992,,Kent,98031,0,1992,22,22,148.8081395348837
2014-06-25,246500.0,3.0,2.5,1620,7686,2.0,0,0,3,1620,0,1989,,Maple Valley,98038,0,1989,25,25,152.1604938271605
2014-06-25,450000.0,2.0,1.0,1380,4390,1.0,0,0,4,880,500,1931,,Seattle,98115,0,1931,83,83,326.0869565217391
2014-06-25,595888.0,3.0,1.75,1870,9000,1.0,0,0,5,1870,0,1958,,Seattle,98177,0,1958,56,56,318.65668449197864
2014-06-25,454000.0,3.0,1.0,1970,22144,1.0,0,0,4,1970,0,1970,,Snoqualmie,98065,0,1970,44,44,230.45685279187816
2014-06-25,299900.0,3.0,1.0,1110,8593,1.0,0,0,3,1110,0,1979,,Shoreline,98155,0,1979,35,35,270.1801801801802
2014-06-25,200000.0,3.0,2.0,1190,6833,1.0,0,0,3,1190,0,1995,,Auburn,98092,0,1995,19,19,168.0672268907563
2014-06-25,346500.0,3.0,1.0,1150,11802,1.0,0,0,4,1150,0,1932,1958.0,Seattle,98106,1,1958,82,56,301.30434782608694
2014-06-25,585000.0,4.0,2.75,2890,6825,1.0,0,0,3,1560,1330,1973,,Kirkland,98034,0,1973,41,41,202.42214532871972
2014-06-25,383000.0,3.0,1.75,1500,13430,1.0,0,0,3,1500,0,1977,,Woodinville,98072,0,1977,37,37,255.33333333333334
2014-06-25,519000.0,4.0,2.5,1950,2617,1.5,0,0,4,1250,700,1910,,Seattle,98107,0,1910,104,104,266.15384615384613
2014-06-25,410000.0,3.0,1.5,1250,7700,1.0,0,0,5,1250,0,1968,,Newcastle,98056,0,1968,46,46,328.0
2014-06-25,578000.0,4.0,2.5,2070,5415,2.0,0,0,3,2070,0,1996,,Issaquah,98029,0,1996,18,18,279.22705314009664
2014-06-25,1280000.0,4.0,3.5,4660,17398,2.0,0,2,3,4660,0,2003,,Bellevue,98006,0,2003,11,11,274.6781115879828
2014-06-25,395000.0,2.0,2.25,1350,1493,2.0,0,0,3,1050,300,2007,,Seattle,98136,0,2007,7,7,292.5925925925926
2014-06-25,364000.0,3.0,2.5,1800,2790,2.0,0,0,3,1800,0,2011,,Seattle,98126,0,2011,3,3,202.22222222222223
2014-06-25,240000.0,3.0,2.25,1481,2820,2.0,0,0,3,1481,0,2012,,Auburn,98002,0,2012,2,2,162.05266711681296
2014-06-25,328423.0,3.0,2.5,1730,3600,2.0,0,0,3,1730,0,2014,,Seattle,98146,0,2014,0,0,189.83988439306358
2014-06-25,594000.0,4.0,2.75,2720,4613,2.0,0,0,3,2720,0,2005,,Kenmore,98028,0,2005,9,9,218.38235294117646
2014-06-25,425000.0,3.0,2.5,2320,2267,3.0,0,0,3,2320,0,2009,,Seattle,98177,0,2009,5,5,183.18965517241378
2014-06-25,309620.0,3.0,2.5,1860,3730,2.0,0,0,3,1860,0,2012,,Duvall,98019,0,2012,2,2,166.46236559139786
2014-06-25,260000.0,5.0,2.5,2025,7760,2.0,0,0,3,2025,0,2007,,Pacific,98047,0,2007,7,7,128.39506172839506
2014-06-25,563500.0,3.0,2.5,1400,1312,3.5,0,0,3,1400,0,2007,,Seattle,98103,0,2007,7,7,402.5
2014-06-25,975000.0,5.0,3.0,2620,5477,2.0,0,0,3,2620,0,2009,,Seattle,98115,0,2009,5,5,372.1374045801527
2014-06-26,937000.0,3.0,1.75,2450,2691,2.0,0,0,3,1750,700,1915,,Seattle,98119,0,1915,99,99,382.44897959183675
2014-06-26,518500.0,3.0,3.5,1590,1102,3.0,0,0,3,1590,0,2010,,Seattle,98103,0,2010,4,4,326.1006289308176
2014-06-26,563500.0,4.0,1.75,2085,174240,1.0,0,0,3,1610,475,1964,,Fall City,98024,0,1964,50,50,270.26378896882494
2014-06-26,1050000.0,4.0,3.5,3450,7832,2.0,0,0,3,3450,0,2007,,Bellevue,98006,0,2007,7,7,304.3478260869565
2014-06-26,350000.0,3.0,2.25,1780,16290,2.0,0,0,4,1780,0,1987,,Renton,98058,0,1987,27,27,196.62921348314606
2014-06-26,826000.0,4.0,2.5,3060,7140,2.0,0,0,3,3060,0,2006,,Issaquah,98029,0,2006,8,8,269.93464052287584
2014-06-26,225000.0,3.0,2.0,1700,11475,1.0,0,0,5,970,730,1945,,Burien,98146,0,1945,69,69,132.35294117647058
2014-06-26,235867.0,4.0,2.0,1330,5926,1.0,0,0,4,1330,0,1942,,Renton,98056,0,1942,72,72,177.3436090225564
2014-06-26,399000.0,4.0,3.0,3060,5000,2.0,0,0,3,3060,0,2001,,Covington,98042,0,2001,13,13,130.3921568627451
2014-06-26,177500.0,3.0,1.5,1220,6000,1.0,0,0,3,1220,0,1968,,Renton,98057,0,1968,46,46,145.49180327868854
2014-06-26,224000.0,4.0,1.5,1600,9289,1.0,0,0,4,1600,0,1959,,Auburn,98002,0,1959,55,55,140.0
2014-06-26,302000.0,4.0,1.75,1530,17664,1.5,0,0,3,1530,0,1968,,Renton,98058,0,1968,46,46,197.3856209150327
2014-06-26,760000.0,3.0,2.5,1980,13964,1.0,0,0,5,1980,0,1959,,Mercer Island,98040,0,1959,55,55,383.83838383838383
2014-06-26,460000.0,3.0,2.5,1730,8490,1.0,0,0,3,1210,520,1969,,Kirkland,98034,0,1969,45,45,265.8959537572254
2014-06-26,415000.0,3.0,1.0,1170,6700,1.0,0,0,3,1170,0,1957,,Seattle,98125,0,1957,57,57,354.7008547008547
2014-06-26,669000.0,2.0,1.75,1950,10766,1.0,0,3,4,1160,790,1952,,Burien,98166,0,1952,62,62,343.0769230769231
2014-06-26,254600.0,3.0,2.0,1470,20000,1.0,0,0,4,1470,0,1968,,Auburn,98092,0,1968,46,46,173.19727891156464
2014-06-26,357250.0,3.0,1.5,1400,8840,1.0,0,0,4,1400,0,1952,,Seattle,98125,0,1952,62,62,255.17857142857142
2014-06-26,910000.0,4.0,3.5,4040,50479,2.0,0,0,3,4040,0,1987,,Woodinville,98077,0,1987,27,27,225.24752475247524
2014-06-26,725000.0,6.0,3.0,3110,5000,1.5,0,0,5,1810,1300,1921,,Seattle,98103,0,1921,93,93,233.11897106109325
2014-06-26,670000.0,3.0,1.5,1490,4400,1.5,0,0,4,1490,0,1906,,Seattle,98122,0,1906,108,108,449.66442953020135
2014-06-26,440000.0,4.0,1.5,1770,5750,2.0,0,0,3,1770,0,1947,,Seattle,98116,0,1947,67,67,248.58757062146893
2014-06-26,1025000.0,4.0,3.5,3320,19850,1.0,0,2,4,2040,1280,1977,,Mercer Island,98040,0,1977,37,37,308.73493975903614
2014-06-26,320000.0,2.0,1.0,950,5316,1.0,0,2,3,950,0,1948,,Seattle,98126,0,1948,66,66,336.8421052631579
2014-06-26,310000.0,4.0,2.5,2430,5499,2.0,0,0,3,2430,0,2002,,Covington,98042,0,2002,12,12,127.57201646090535
2014-06-26,772650.0,4.0,2.5,2660,10800,1.0,0,0,3,2660,0,1955,2014.0,Bellevue,98005,1,2014,59,0,290.46992481203006
2014-06-26,669950.0,4.0,2.5,2670,11877,2.0,0,0,3,2670,0,1996,,Sammamish,98074,0,1996,18,18,250.9176029962547
2014-06-26,690000.0,5.0,3.5,2720,7598,2.0,0,0,3,1860,860,1993,,Seattle,98115,0,1993,21,21,253.6764705882353
2014-06-26,385000.0,4.0,2.5,3200,22651,1.0,0,0,5,1610,1590,1970,,Kent,98031,0,1970,44,44,120.3125
2014-06-26,663000.0,3.0,2.5,2480,37843,1.5,1,3,4,2480,0,1974,,Vashon,98070,0,1974,40,40,267.33870967741933
2014-06-26,300000.0,3.0,2.25,1780,10395,1.0,0,0,3,1780,0,1967,,Renton,98058,0,1967,47,47,168.53932584269663
2014-06-26,225500.0,2.0,1.75,1590,11276,1.0,0,0,4,1590,0,1972,,Auburn,98002,0,1972,42,42,141.8238993710692
2014-06-26,320000.0,3.0,2.0,1550,34175,1.5,0,0,3,1550,0,1999,,North Bend,98045,0,1999,15,15,206.4516129032258
2014-06-26,775000.0,3.0,2.75,2850,14800,1.0,0,0,4,1920,930,1976,,Bellevue,98006,0,1976,38,38,271.9298245614035
2014-06-26,805000.0,3.0,2.75,2600,5875,1.5,0,2,5,1600,1000,1929,,Seattle,98116,0,1929,85,85,309.61538461538464
2014-06-26,252750.0,4.0,1.0,1230,7410,1.5,0,0,3,1230,0,1944,,Burien,98166,0,1944,70,70,205.4878048780488
2014-06-26,254000.0,5.0,2.0,2080,16117,1.0,0,0,5,1740,340,1959,,Auburn,98001,0,1959,55,55,122.11538461538461
2014-06-26,620000.0,6.0,3.5,3600,6875,2.0,0,0,3,2740,860,2004,,Snoqualmie,98065,0,2004,10,10,172.22222222222223
2014-06-26,435000.0,4.0,2.75,2110,8751,1.0,0,0,3,1510,600,1962,,Bothell,98011,0,1962,52,52,206.1611374407583
2014-06-26,460000.0,4.0,2.5,2550,19017,1.0,0,0,4,1300,1250,1961,,Lake Forest Park,98155,0,1961,53,53,180.3921568627451
2014-06-26,268000.0,3.0,2.5,1650,6684,2.0,0,0,3,1650,0,1991,,Kent,98031,0,1991,23,23,162.42424242424244
2014-06-26,446000.0,2.0,1.5,1370,1221,2.0,0,0,3,1080,290,2008,,Seattle,98122,0,2008,6,6,325.54744525547443
2014-06-26,285000.0,2.0,1.0,1010,7200,1.0,0,0,3,1010,0,1975,,Lake Forest Park,98155,0,1975,39,39,282.1782178217822
2014-06-26,530000.0,3.0,2.0,2330,26571,2.5,0,0,3,2330,0,1987,,Bellevue,98005,0,1987,27,27,227.46781115879827
2014-06-26,402000.0,2.0,1.0,620,2475,1.0,0,0,5,620,0,1911,,Seattle,98107,0,1911,103,103,648.3870967741935
2014-06-26,358000.0,3.0,1.5,2450,12497,1.0,0,0,4,2450,0,1967,,Snoqualmie,98065,0,1967,47,47,146.12244897959184
2014-06-26,354950.0,4.0,2.75,2530,7350,1.0,0,0,5,1280,1250,1977,,Federal Way,98023,0,1977,37,37,140.29644268774703
2014-06-26,405000.0,4.0,2.5,2220,4652,2.0,0,0,3,2220,0,2001,,Renton,98059,0,2001,13,13,182.43243243243242
2014-06-26,568000.0,4.0,1.75,2110,265716,1.0,0,0,4,2110,0,1979,,Redmond,98053,0,1979,35,35,269.1943127962085
2014-06-26,575000.0,5.0,3.0,3690,49709,1.0,0,2,3,2690,1000,1960,,Des Moines,98198,0,1960,54,54,155.82655826558266
2014-06-26,315000.0,4.0,2.5,1940,10200,1.0,0,0,4,1140,800,1977,,Kent,98042,0,1977,37,37,162.37113402061857
2014-06-26,280927.0,4.0,2.25,2070,7350,2.0,0,0,4,2070,0,1977,,Kent,98032,0,1977,37,37,135.71352657004832
2014-06-26,440000.0,4.0,2.5,2160,7826,1.0,0,0,4,1390,770,1976,,Lake Forest Park,98155,0,1976,38,38,203.7037037037037
2014-06-26,270000.0,4.0,2.25,2600,9900,1.0,0,0,3,1600,1000,1965,,Seattle,98178,0,1965,49,49,103.84615384615384
2014-06-26,755000.0,4.0,2.75,2880,4000,1.5,0,0,3,2100,780,1912,2000.0,Seattle,98144,1,2000,102,14,262.15277777777777
2014-06-26,289659.0,4.0,2.25,2260,7200,2.0,0,0,4,2260,0,1984,,Kent,98031,0,1984,30,30,128.16769911504426
2014-06-26,555000.0,5.0,3.0,3640,6930,2.0,0,0,3,3640,0,2004,,Maple Valley,98038,0,2004,10,10,152.47252747252747
2014-06-26,450000.0,3.0,1.5,1530,23660,1.0,0,0,3,1530,0,1952,,Lake Forest Park,98155,0,1952,62,62,294.11764705882354
2014-06-26,1145000.0,3.0,2.5,2490,4000,2.0,0,0,5,1670,820,1918,,Seattle,98109,0,1918,96,96,459.83935742971886
2014-06-26,495000.0,3.0,1.75,1440,11787,1.0,0,0,3,1440,0,1983,,Sammamish,98074,0,1983,31,31,343.75
2014-06-26,1250000.0,3.0,3.0,3760,8500,2.5,0,3,4,3060,700,1910,,Seattle,98116,0,1910,104,104,332.4468085106383
2014-06-26,580000.0,4.0,1.75,1720,6975,1.0,0,0,3,1420,300,1975,,Redmond,98052,0,1975,39,39,337.2093023255814
2014-06-26,560000.0,4.0,2.5,2480,16360,1.0,0,0,5,1510,970,1959,,Kenmore,98028,0,1959,55,55,225.80645161290323
2014-06-26,1080000.0,4.0,3.5,3990,5267,2.0,0,0,3,3990,0,2008,,Bellevue,98006,0,2008,6,6,270.6766917293233
2014-06-26,450000.0,2.0,1.75,840,3340,1.0,0,0,3,700,140,1912,,Seattle,98107,0,1912,102,102,535.7142857142857
2014-06-26,815000.0,3.0,2.0,2270,11989,1.0,0,0,4,2270,0,1968,,Mercer Island,98040,0,1968,46,46,359.03083700440527
2014-06-26,354000.0,4.0,2.5,2580,5476,2.0,0,0,3,2580,0,2005,,Kent,98031,0,2005,9,9,137.2093023255814
2014-06-26,279900.0,3.0,1.75,1580,6620,1.0,0,0,3,1580,0,1988,,Federal Way,98003,0,1988,26,26,177.15189873417722
2014-06-26,339000.0,2.0,1.0,950,7954,1.0,0,0,4,950,0,1941,,Seattle,98108,0,1941,73,73,356.8421052631579
2014-06-26,1340000.0,4.0,3.5,3190,5040,2.0,0,3,3,2160,1030,2003,,Seattle,98144,0,2003,11,11,420.0626959247649
2014-06-26,710000.0,3.0,3.25,3740,136915,2.5,0,0,3,3100,640,1990,,Burien,98166,0,1990,24,24,189.83957219251337
2014-06-26,815000.0,4.0,2.75,2620,4743,1.0,0,2,4,1310,1310,1949,,Seattle,98117,0,1949,65,65,311.0687022900763
2014-06-26,800000.0,3.0,1.75,2080,75794,1.0,0,0,3,2080,0,1958,,Kirkland,98033,0,1958,56,56,384.61538461538464
2014-06-26,638000.0,3.0,2.0,1660,3729,1.0,0,0,5,970,690,1922,,Seattle,98116,0,1922,92,92,384.33734939759034
2014-06-26,475580.0,3.0,1.75,1520,11085,1.0,0,0,3,1520,0,1983,,Sammamish,98074,0,1983,31,31,312.88157894736844
2014-06-26,243800.0,3.0,1.0,1140,27760,1.0,0,0,4,1140,0,1981,,Issaquah,98027,0,1981,33,33,213.859649122807
2014-06-26,600000.0,3.0,2.5,3240,8016,2.0,0,0,3,2910,330,2004,,Snoqualmie,98065,0,2004,10,10,185.1851851851852
2014-06-26,620000.0,3.0,2.0,2460,41343,1.0,0,0,4,2460,0,1988,,Issaquah,98027,0,1988,26,26,252.03252032520325
2014-06-26,750000.0,4.0,2.75,1750,5080,1.5,0,0,3,1750,0,1903,,Seattle,98122,0,1903,111,111,428.57142857142856
2014-06-26,626000.0,3.0,1.75,2430,5000,2.0,0,0,4,1760,670,1945,,Seattle,98117,0,1945,69,69,257.61316872427983
2014-06-26,230000.0,3.0,1.0,1060,9946,1.0,0,0,4,1060,0,1956,,SeaTac,98188,0,1956,58,58,216.9811320754717
2014-06-26,537000.0,3.0,3.0,2410,7479,2.0,0,2,3,2410,0,1942,1988.0,Lake Forest Park,98155,1,1988,72,26,222.82157676348547
2014-06-26,210000.0,2.0,1.0,720,8040,1.0,0,0,3,720,0,1943,,Burien,98166,0,1943,71,71,291.6666666666667
2014-06-26,200500.0,3.0,1.75,1260,9346,1.0,0,0,4,1260,0,1963,,Kent,98030,0,1963,51,51,159.12698412698413
2014-06-26,253500.0,3.0,1.0,1640,12384,1.0,0,0,4,1090,550,1954,,Federal Way,98003,0,1954,60,60,154.5731707317073
2014-06-26,150000.0,3.0,1.0,1310,9612,1.0,0,0,3,960,350,1962,,Auburn,98001,0,1962,52,52,114.50381679389314
2014-06-26,440000.0,3.0,1.5,2120,6290,1.0,0,0,4,1220,900,1949,,Seattle,98108,0,1949,65,65,207.54716981132074
2014-06-26,667000.0,3.0,1.75,3320,478288,1.5,0,3,4,2260,1060,1933,1982.0,Enumclaw,98022,1,1982,81,32,200.90361445783134
2014-06-26,660000.0,3.0,1.0,1210,9622,1.0,0,1,3,1210,0,1955,2009.0,Bellevue,98006,1,2009,59,5,545.4545454545455
2014-06-26,695000.0,3.0,2.75,2590,12063,2.0,0,0,3,2590,0,1993,,Bellevue,98006,0,1993,21,21,268.33976833976834
2014-06-26,440000.0,4.0,2.5,2250,7526,2.0,0,0,3,2250,0,1989,,Renton,98059,0,1989,25,25,195.55555555555554
2014-06-26,1388000.0,4.0,3.0,4040,20001,1.0,0,0,3,2020,2020,1972,2001.0,Clyde Hill,98004,1,2001,42,13,343.56435643564356
2014-06-26,219500.0,3.0,1.0,1090,6710,1.5,0,0,5,1090,0,1912,,Auburn,98002,0,1912,102,102,201.37614678899084
2014-06-26,220000.0,3.0,1.5,1660,15600,2.0,0,0,3,1660,0,1981,,Auburn,98001,0,1981,33,33,132.53012048192772
2014-06-26,270000.0,2.0,1.0,1780,81021,1.0,0,3,4,1780,0,1954,,Auburn,98001,0,1954,60,60,151.68539325842696
2014-06-26,900000.0,4.0,3.5,3370,5000,2.0,0,2,3,2470,900,2008,,Seattle,98126,0,2008,6,6,267.06231454005933
2014-06-26,1990000.0,5.0,3.0,4480,5000,2.5,0,0,5,3420,1060,1902,,Seattle,98112,0,1902,112,112,444.19642857142856
2014-06-26,800000.0,4.0,2.5,2990,16809,2.0,0,0,3,2990,0,1990,,Woodinville,98077,0,1990,24,24,267.55852842809367
2014-06-26,365000.0,5.0,2.0,2280,19000,1.5,0,0,3,2280,0,1924,,Burien,98166,0,1924,90,90,160.08771929824562
2014-06-26,1387800.0,3.0,3.0,2480,5500,2.0,0,3,3,1730,750,1950,2005.0,Seattle,98199,1,2005,64,9,559.5967741935484
2014-06-26,451000.0,5.0,2.75,2830,8925,1.5,0,0,3,2830,0,1967,,Kirkland,98034,0,1967,47,47,159.36395759717314
2014-06-26,202000.0,2.0,1.0,920,7569,1.0,0,0,4,920,0,1950,,Burien,98168,0,1950,64,64,219.56521739130434
2014-06-26,1410000.0,4.0,2.25,3250,16684,2.0,0,0,3,3250,0,1979,,Medina,98039,0,1979,35,35,433.84615384615387
2014-06-26,471000.0,2.0,1.75,1240,6417,1.0,0,0,5,1240,0,1924,,Seattle,98126,0,1924,90,90,379.83870967741933
2014-06-26,827000.0,4.0,2.5,3230,12100,1.0,0,0,3,1870,1360,1977,,Bellevue,98006,0,1977,37,37,256.0371517027864
2014-06-26,235000.0,5.0,2.5,2500,9583,1.0,0,0,3,1300,1200,1979,,Des Moines,98198,0,1979,35,35,94.0
2014-06-26,216500.0,2.0,1.75,1390,4482,1.0,0,0,4,1390,0,1980,,Des Moines,98198,0,1980,34,34,155.75539568345323
2014-06-26,359000.0,5.0,1.75,1940,6654,1.5,0,0,4,1940,0,1953,,Burien,98166,0,1953,61,61,185.05154639175257
2014-06-26,252500.0,3.0,2.0,1900,8002,1.0,0,0,3,1900,0,1991,,Federal Way,98023,0,1991,23,23,132.89473684210526
2014-06-26,370000.0,3.0,1.5,2380,14500,1.0,0,0,4,1850,530,1961,,Kenmore,98028,0,1961,53,53,155.46218487394958
2014-06-26,663000.0,3.0,2.0,1480,3876,1.0,0,0,5,860,620,1928,,Seattle,98117,0,1928,86,86,447.97297297297297
2014-06-26,971971.0,4.0,3.75,3460,6738,2.0,0,0,3,3460,0,2013,,Renton,98059,0,2013,1,1,280.9164739884393
2014-06-26,420000.0,3.0,1.75,1444,249126,1.5,0,0,3,1444,0,2008,,Vashon,98070,0,2008,6,6,290.85872576177286
2014-06-26,330675.0,4.0,3.0,1930,3031,1.0,0,0,3,1200,730,2006,,Duvall,98019,0,2006,8,8,171.3341968911917
2014-06-26,240000.0,4.0,1.0,1200,2171,1.5,0,0,3,1200,0,1933,,Seattle,98133,0,1933,81,81,200.0
2014-06-26,334888.0,3.0,2.5,1769,7324,2.0,0,0,3,1769,0,2012,,Auburn,98092,0,2012,2,2,189.30921424533634
2014-06-26,414000.0,3.0,2.5,2490,4540,2.5,0,0,3,2490,0,2012,,Renton,98059,0,2012,2,2,166.26506024096386
2014-06-26,782900.0,4.0,3.25,3060,3898,2.0,0,0,3,2300,760,2014,,Issaquah,98027,0,2014,0,0,255.84967320261438
2014-06-26,525000.0,4.0,2.75,3030,6625,2.0,0,0,3,3030,0,2011,,Renton,98059,0,2011,3,3,173.26732673267327
2014-06-26,429900.0,3.0,2.5,2370,5353,2.0,0,0,3,2370,0,2009,,Duvall,98019,0,2009,5,5,181.39240506329114
2014-06-26,390000.0,3.0,3.25,1370,913,2.0,0,0,3,1100,270,2006,,Seattle,98116,0,2006,8,8,284.6715328467153
2014-06-26,224000.0,3.0,1.75,1500,11968,1.0,0,0,3,1500,0,2014,,Black Diamond,98010,0,2014,0,0,149.33333333333334
2014-06-27,257500.0,3.0,2.25,1715,6819,2.0,0,0,3,1715,0,1995,,Federal Way,98003,0,1995,19,19,150.14577259475217
2014-06-27,665000.0,2.0,1.0,1110,3200,1.0,0,0,3,1110,0,1925,,Seattle,98119,0,1925,89,89,599.0990990990991
2014-06-27,327000.0,5.0,2.75,2400,8050,2.0,0,0,3,2400,0,1998,,Auburn,98092,0,1998,16,16,136.25
2014-06-27,425000.0,3.0,1.0,1520,213444,1.5,0,3,5,1520,0,1988,,Renton,98059,0,1988,26,26,279.60526315789474
2014-06-27,687500.0,4.0,2.75,3190,10970,2.0,0,0,3,3190,0,1994,,Sammamish,98075,0,1994,20,20,215.51724137931035
2014-06-27,672500.0,3.0,2.25,2400,5300,1.5,0,0,4,1250,1150,1939,,Seattle,98117,0,1939,75,75,280.2083333333333
2014-06-27,140000.0,3.0,1.0,1060,7473,1.0,0,0,3,1060,0,1959,,Des Moines,98198,0,1959,55,55,132.0754716981132
2014-06-27,215500.0,2.0,1.75,1220,15600,1.0,0,0,3,1220,0,1972,,Auburn,98001,0,1972,42,42,176.63934426229508
2014-06-27,464900.0,4.0,2.25,2020,8424,1.0,0,0,4,1380,640,1979,,Kirkland,98034,0,1979,35,35,230.14851485148515
2014-06-27,417000.0,4.0,2.25,2300,7700,1.0,0,0,3,1380,920,1959,,Seattle,98125,0,1959,55,55,181.30434782608697
2014-06-27,453000.0,4.0,2.75,2300,37533,1.0,0,3,5,1550,750,1979,,Vashon,98070,0,1979,35,35,196.95652173913044
2014-06-27,700000.0,3.0,2.5,1660,1545,2.0,0,2,3,1400,260,2002,,Seattle,98109,0,2002,12,12,421.68674698795184
2014-06-27,1619999.0,4.0,3.0,3900,9750,1.0,0,4,5,2520,1380,1972,,Bellevue,98006,0,1972,42,42,415.384358974359
2014-06-27,259500.0,3.0,1.75,1650,12349,1.0,0,0,3,1650,0,1957,,SeaTac,98188,0,1957,57,57,157.27272727272728
2014-06-27,460000.0,4.0,2.5,2110,35091,1.0,0,0,4,1290,820,1985,,Issaquah,98027,0,1985,29,29,218.00947867298578
2014-06-27,561500.0,3.0,1.75,1960,6380,1.0,0,0,4,980,980,1939,,Seattle,98115,0,1939,75,75,286.4795918367347
2014-06-27,641000.0,4.0,2.5,2770,63118,2.0,0,0,3,2770,0,1997,,Carnation,98014,0,1997,17,17,231.40794223826714
2014-06-27,330000.0,4.0,1.75,2440,7350,1.0,0,0,3,1610,830,1978,,Kent,98032,0,1978,36,36,135.24590163934425
2014-06-27,447000.0,2.0,1.0,1320,8380,1.0,0,0,3,1320,0,1953,,Seattle,98177,0,1953,61,61,338.6363636363636
2014-06-27,320000.0,4.0,2.5,2570,4865,2.0,0,0,3,2570,0,2005,,Maple Valley,98038,0,2005,9,9,124.5136186770428
2014-06-27,212700.0,2.0,1.0,940,5040,1.0,0,0,3,940,0,1926,,Seattle,98126,0,1926,88,88,226.27659574468086
2014-06-27,260000.0,2.0,1.0,700,4800,1.0,0,0,3,700,0,1922,,Seattle,98122,0,1922,92,92,371.42857142857144
2014-06-27,410000.0,3.0,2.0,1400,45738,2.0,0,0,4,1400,0,1981,,Vashon,98070,0,1981,33,33,292.85714285714283
2014-06-27,355000.0,4.0,2.5,1890,7867,2.0,0,0,3,1890,0,1996,,Maple Valley,98038,0,1996,18,18,187.83068783068782
2014-06-27,275500.0,2.0,1.0,720,11400,1.0,0,0,5,720,0,1951,,Shoreline,98133,0,1951,63,63,382.6388888888889
2014-06-27,415000.0,3.0,1.75,2410,8944,1.0,0,0,4,1860,550,1967,,Renton,98058,0,1967,47,47,172.19917012448133
2014-06-27,279000.0,3.0,2.5,1630,7950,1.0,0,0,3,1320,310,1985,,Kent,98042,0,1985,29,29,171.16564417177915
2014-06-27,350000.0,5.0,1.75,2330,14322,1.0,0,0,4,1180,1150,1968,,Renton,98059,0,1968,46,46,150.21459227467813
2014-06-27,355000.0,2.0,2.25,1330,10838,2.0,0,0,3,1330,0,1985,,Kenmore,98028,0,1985,29,29,266.9172932330827
2014-06-27,750000.0,4.0,2.25,3190,11597,2.0,0,0,3,2300,890,1984,,Sammamish,98074,0,1984,30,30,235.10971786833855
2014-06-27,235000.0,3.0,1.75,1400,6300,1.0,0,0,3,1400,0,1998,,Enumclaw,98022,0,1998,16,16,167.85714285714286
2014-06-27,209950.0,3.0,1.0,970,9583,1.0,0,0,4,970,0,1967,,Federal Way,98023,0,1967,47,47,216.44329896907217
2014-06-27,230000.0,3.0,1.75,1010,9600,1.0,0,0,5,1010,0,1969,,Covington,98042,0,1969,45,45,227.72277227722773
2014-06-27,725000.0,3.0,2.5,3580,54450,1.5,0,0,3,3580,0,1990,,Maple Valley,98038,0,1990,24,24,202.51396648044692
2014-06-27,430000.0,2.0,1.0,1050,2570,1.0,0,0,5,850,200,1927,,Seattle,98117,0,1927,87,87,409.5238095238095
2014-06-27,661500.0,5.0,2.5,2500,7200,1.0,0,0,4,1490,1010,1977,,Redmond,98052,0,1977,37,37,264.6
2014-06-27,738000.0,3.0,3.0,2630,4896,2.0,0,0,3,2630,0,2006,,Redmond,98052,0,2006,8,8,280.6083650190114
2014-06-27,1820000.0,4.0,4.5,6640,53330,2.0,0,0,3,6640,0,1993,,Woodinville,98077,0,1993,21,21,274.09638554216866
2014-06-27,221000.0,3.0,1.0,910,8789,1.0,0,0,3,910,0,1966,,Seattle,98148,0,1966,48,48,242.85714285714286
2014-06-27,665000.0,3.0,2.5,2610,35000,2.0,0,0,3,2610,0,1988,,Woodinville,98072,0,1988,26,26,254.78927203065135
2014-06-27,255000.0,3.0,2.5,1720,6194,2.0,0,0,3,1720,0,1998,,Auburn,98092,0,1998,16,16,148.25581395348837
2014-06-27,1195000.0,5.0,2.75,3650,13297,2.0,0,0,5,2750,900,1969,,Mercer Island,98040,0,1969,45,45,327.3972602739726
2014-06-27,355000.0,3.0,1.75,2040,22693,1.0,0,0,4,2040,0,1980,,Kent,98042,0,1980,34,34,174.01960784313727
2014-06-27,755000.0,5.0,2.5,3260,24300,1.5,0,1,4,2310,950,1950,,Lake Forest Park,98155,0,1950,64,64,231.59509202453987
2014-06-27,300000.0,3.0,1.5,1590,8911,1.0,0,0,3,1590,0,1956,,Kenmore,98028,0,1956,58,58,188.67924528301887
2014-06-27,500000.0,4.0,1.0,1440,7100,1.5,0,0,3,1440,0,1906,,Seattle,98107,0,1906,108,108,347.22222222222223
2014-06-27,191000.0,2.0,1.0,900,3400,1.0,0,0,5,900,0,1905,,Seattle,98108,0,1905,109,109,212.22222222222223
2014-06-27,315000.0,6.0,4.0,3120,4240,2.0,0,2,4,2090,1030,1993,,Seattle,98106,0,1993,21,21,100.96153846153847
2014-06-27,415000.0,3.0,2.5,1060,1536,2.0,0,0,3,1060,0,2000,,Seattle,98117,0,2000,14,14,391.50943396226415
2014-06-27,394000.0,4.0,2.5,3000,9793,2.0,0,0,3,3000,0,2002,,Maple Valley,98038,0,2002,12,12,131.33333333333334
2014-06-27,490000.0,3.0,2.5,2230,5348,2.0,0,0,3,2230,0,2000,,Snoqualmie,98065,0,2000,14,14,219.73094170403587
2014-06-27,523460.0,5.0,1.75,1890,5000,1.5,0,0,3,1090,800,1906,,Seattle,98107,0,1906,108,108,276.962962962963
2014-06-27,550000.0,4.0,3.5,4150,16197,2.0,0,0,3,4150,0,2006,,Auburn,98092,0,2006,8,8,132.53012048192772
2014-06-27,342000.0,3.0,1.75,1780,10409,1.0,0,0,3,1280,500,1981,,Renton,98058,0,1981,33,33,192.13483146067415
2014-06-27,560000.0,4.0,2.5,2710,6583,2.0,0,0,3,2710,0,2003,,Renton,98059,0,2003,11,11,206.6420664206642
2014-06-27,1050000.0,4.0,4.25,4390,13833,2.0,0,3,3,3320,1070,2003,,Issaquah,98029,0,2003,11,11,239.17995444191345
2014-06-27,710000.0,2.0,1.5,1640,4080,1.5,0,0,5,1540,100,1916,,Seattle,98105,0,1916,98,98,432.9268292682927
2014-06-27,1020000.0,3.0,2.25,1670,4800,1.5,0,3,3,1670,0,1903,,Seattle,98119,0,1903,111,111,610.7784431137725
2014-06-27,399950.0,3.0,2.5,2570,10431,2.0,0,0,3,2570,0,1989,,Kent,98031,0,1989,25,25,155.6225680933852
2014-06-27,480000.0,2.0,1.0,1500,3420,1.0,0,0,3,1500,0,1902,,Seattle,98103,0,1902,112,112,320.0
2014-06-27,410000.0,3.0,1.0,2710,19000,2.0,0,3,4,2710,0,1950,,Burien,98166,0,1950,64,64,151.29151291512915
2014-06-27,530000.0,4.0,1.75,2860,48351,1.0,0,0,3,1710,1150,1978,,Woodinville,98077,0,1978,36,36,185.3146853146853
2014-06-27,528000.0,2.0,0.75,840,40642,1.0,1,4,4,840,0,1937,,Vashon,98070,0,1937,77,77,628.5714285714286
2014-06-27,469900.0,4.0,2.5,2990,8913,2.0,0,0,4,2990,0,1991,,Renton,98058,0,1991,23,23,157.1571906354515
2014-06-27,397000.0,5.0,1.0,1170,6757,1.0,0,0,4,800,370,1944,,Seattle,98125,0,1944,70,70,339.3162393162393
2014-06-27,718500.0,3.0,1.5,1200,6240,1.0,0,0,3,1030,170,1952,,Seattle,98112,0,1952,62,62,598.75
2014-06-27,195000.0,2.0,1.0,1020,8100,1.0,0,0,3,1020,0,1940,,Seattle,98168,0,1940,74,74,191.1764705882353
2014-06-27,285000.0,2.0,1.0,910,8155,1.0,0,0,4,910,0,1948,,Shoreline,98155,0,1948,66,66,313.1868131868132
2014-06-27,295000.0,1.0,1.0,700,2500,1.0,0,0,4,700,0,1907,,Seattle,98106,0,1907,107,107,421.42857142857144
2014-06-27,602000.0,4.0,1.75,2420,37800,1.0,0,0,4,1880,540,1981,,Redmond,98053,0,1981,33,33,248.7603305785124
2014-06-27,235000.0,3.0,1.75,1950,8712,1.0,0,0,3,1950,0,1960,,Renton,98055,0,1960,54,54,120.51282051282051
2014-06-27,465000.0,4.0,2.5,3060,6000,2.0,0,0,3,3060,0,2012,,Maple Valley,98038,0,2012,2,2,151.9607843137255
2014-06-27,234000.0,4.0,1.0,1390,18000,1.0,0,0,3,1390,0,1955,2013.0,Kent,98032,1,2013,59,1,168.3453237410072
2014-06-27,504200.0,2.0,1.5,1200,1687,3.0,0,0,3,1200,0,2008,,Seattle,98103,0,2008,6,6,420.1666666666667
2014-06-27,710000.0,3.0,2.5,2440,4153,2.0,0,0,3,2440,0,2003,,Redmond,98052,0,2003,11,11,290.9836065573771
2014-06-27,589500.0,3.0,3.25,2310,3075,2.0,0,0,3,1730,580,2005,,Seattle,98116,0,2005,9,9,255.19480519480518
2014-06-27,415000.0,3.0,2.75,2600,64626,1.5,0,0,3,2600,0,2009,,Skykomish,98288,0,2009,5,5,159.6153846153846
2014-06-27,735000.0,3.0,2.25,1490,1212,2.0,0,0,3,1040,450,2011,,Seattle,98112,0,2011,3,3,493.28859060402687
2014-06-27,427000.0,3.0,2.5,2432,9391,2.0,0,2,3,2432,0,2005,,Federal Way,98001,0,2005,9,9,175.57565789473685
2014-06-27,982000.0,4.0,2.75,3610,8580,2.0,0,0,3,3610,0,2014,,Kirkland,98033,0,2014,0,0,272.0221606648199
2014-06-27,459000.0,4.0,3.0,2530,10000,2.0,0,0,3,2530,0,2013,,Burien,98148,0,2013,1,1,181.42292490118578
2014-06-27,483453.0,4.0,2.75,2790,5527,2.0,0,0,3,2790,0,2014,,North Bend,98045,0,2014,0,0,173.28064516129032
2014-06-27,246950.0,3.0,3.0,1670,4440,1.0,0,0,3,1670,0,2014,,Enumclaw,98022,0,2014,0,0,147.874251497006
2014-06-27,235000.0,1.0,1.5,1170,1456,2.0,0,0,3,1070,100,2007,,Seattle,98126,0,2007,7,7,200.85470085470087
2014-06-27,288790.0,4.0,2.0,1350,942,3.0,0,0,3,1350,0,2008,,Issaquah,98029,0,2008,6,6,213.9185185185185
2014-06-27,229800.0,2.0,1.75,1110,1773,2.0,0,0,3,1110,0,2014,,Seattle,98108,0,2014,0,0,207.02702702702703
2014-06-27,516500.0,1.0,1.25,1100,638,3.0,0,0,3,1100,0,2014,,Seattle,98112,0,2014,0,0,469.54545454545456
2014-06-28,1600000.0,3.0,4.25,2820,7200,2.0,0,0,4,2460,360,1930,,Seattle,98112,0,1930,84,84,567.3758865248227
2014-06-28,234000.0,3.0,1.0,1040,8128,1.0,0,0,3,1040,0,1983,,Duvall,98019,0,1983,31,31,225.0
2014-06-28,230000.0,2.0,1.75,1910,3376,2.0,0,0,3,1910,0,1980,,Maple Valley,98038,0,1980,34,34,120.41884816753927
2014-06-28,300000.0,4.0,1.0,1370,8499,1.0,0,0,3,1370,0,1949,,Shoreline,98155,0,1949,65,65,218.97810218978103
2014-06-28,470000.0,3.0,1.5,1500,5000,1.5,0,0,4,1140,360,1927,,Seattle,98117,0,1927,87,87,313.3333333333333
2014-06-28,339900.0,3.0,1.0,1200,9087,1.0,0,0,5,1200,0,1969,,Newcastle,98056,0,1969,45,45,283.25
2014-06-28,650000.0,2.0,1.0,1050,2542,1.0,0,0,3,880,170,1904,,Seattle,98122,0,1904,110,110,619.047619047619
2014-06-28,585000.0,5.0,2.5,2670,16777,1.5,0,0,4,1620,1050,1920,,Seattle,98125,0,1920,94,94,219.1011235955056
2014-06-28,699900.0,4.0,2.5,2190,11500,1.0,0,0,4,1430,760,1972,,Bellevue,98006,0,1972,42,42,319.5890410958904
2014-06-28,598000.0,4.0,2.5,3130,40918,2.0,0,0,3,3130,0,1994,,North Bend,98045,0,1994,20,20,191.05431309904154
2014-06-28,475000.0,3.0,2.5,1700,9100,1.0,0,0,3,1160,540,1998,,Seattle,98126,0,1998,16,16,279.4117647058824
2014-06-28,314500.0,3.0,1.75,1700,17355,1.0,0,0,3,1200,500,1978,,Maple Valley,98038,0,1978,36,36,185.0
2014-06-29,397000.0,3.0,3.5,1360,1275,2.0,0,0,3,1240,120,2007,,Seattle,98144,0,2007,7,7,291.9117647058824
2014-06-29,345000.0,3.0,2.0,1610,15005,1.0,0,0,4,1610,0,1986,,Carnation,98014,0,1986,28,28,214.28571428571428
2014-06-29,325000.0,5.0,2.75,2130,6222,1.0,0,0,3,1300,830,1991,,Seattle,98118,0,1991,23,23,152.58215962441315
2014-06-29,265000.0,3.0,1.0,1800,7650,1.0,0,0,5,1800,0,1957,,Renton,98056,0,1957,57,57,147.22222222222223
2014-06-29,402000.0,4.0,2.75,2950,15540,1.0,0,0,4,2120,830,1974,,Kent,98042,0,1974,40,40,136.27118644067798
2014-06-29,835000.0,3.0,2.25,2120,54014,2.0,0,0,4,2120,0,1964,,Bellevue,98005,0,1964,50,50,393.8679245283019
2014-06-30,780000.0,4.0,2.5,3500,7048,2.0,0,0,3,3500,0,2005,,Redmond,98053,0,2005,9,9,222.85714285714286
2014-06-30,250000.0,3.0,2.0,1440,9220,1.0,0,0,3,1440,0,1965,,Des Moines,98198,0,1965,49,49,173.61111111111111
2014-06-30,1200000.0,4.0,2.0,2120,3360,2.0,0,0,3,2120,0,1905,,Seattle,98112,0,1905,109,109,566.0377358490566
2014-06-30,935000.0,2.0,2.5,1780,2067,2.0,0,0,5,1780,0,1974,,Bellevue,98004,0,1974,40,40,525.2808988764045
2014-06-30,300000.0,2.0,1.0,960,8153,1.0,0,0,3,960,0,1947,,Shoreline,98155,0,1947,67,67,312.5
2014-06-30,419000.0,2.0,1.75,1510,4980,1.0,0,0,3,1510,0,2006,,Redmond,98053,0,2006,8,8,277.4834437086093
2014-06-30,410000.0,1.0,1.5,1010,5750,1.0,0,0,3,1010,0,1911,1948.0,Seattle,98136,1,1948,103,66,405.94059405940595
2014-06-30,1165000.0,3.0,3.0,3790,5001,2.0,0,0,3,2810,980,1989,,Seattle,98122,0,1989,25,25,307.38786279683376
2014-06-30,461000.0,3.0,1.75,3600,8666,2.0,0,0,4,2400,1200,1948,,Kirkland,98033,0,1948,66,66,128.05555555555554
2014-06-30,385000.0,3.0,1.75,1300,7030,1.0,0,0,3,1300,0,1968,,Kirkland,98034,0,1968,46,46,296.15384615384613
2014-06-30,669500.0,4.0,2.25,2500,4046,1.5,0,0,4,1520,980,1940,,Seattle,98117,0,1940,74,74,267.8
2014-06-30,491950.0,3.0,2.25,2090,10733,1.0,0,0,3,1440,650,1958,,Seattle,98115,0,1958,56,56,235.38277511961724
2014-06-30,1230000.0,3.0,1.75,2200,14630,1.5,0,1,3,2200,0,1948,2003.0,Bellevue,98004,1,2003,66,11,559.0909090909091
2014-06-30,560000.0,3.0,2.25,2070,15002,1.5,0,0,3,2070,0,1955,2013.0,Lake Forest Park,98155,1,2013,59,1,270.5314009661836
2014-06-30,370000.0,3.0,1.0,1320,7341,1.0,0,0,3,1320,0,1982,,Shoreline,98155,0,1982,32,32,280.3030303030303
2014-06-30,263400.0,4.0,2.0,1360,60548,1.0,0,0,3,960,400,1960,,Auburn,98001,0,1960,54,54,193.6764705882353
2014-06-30,100000.0,2.0,1.0,930,7623,1.0,0,0,2,930,0,1942,,Burien,98166,0,1942,72,72,107.52688172043011
2014-06-30,289950.0,3.0,2.5,1760,8584,1.5,0,0,5,1760,0,1937,,Burien,98148,0,1937,77,77,164.7443181818182
2014-06-30,263000.0,3.0,1.75,1410,8100,2.0,0,0,3,1410,0,1985,,Maple Valley,98038,0,1985,29,29,186.52482269503545
2014-06-30,397500.0,4.0,2.5,2570,7859,2.0,0,0,3,2570,0,1992,,Maple Valley,98038,0,1992,22,22,154.66926070038912
2014-06-30,245000.0,3.0,2.75,1300,14197,1.0,0,0,3,860,440,1996,,Kent,98030,0,1996,18,18,188.46153846153845
2014-06-30,535000.0,3.0,1.0,1580,6300,1.0,0,0,3,1180,400,1925,,Seattle,98199,0,1925,89,89,338.60759493670884
2014-06-30,449000.0,4.0,2.5,2960,6031,2.0,0,0,3,2960,0,2005,,Maple Valley,98038,0,2005,9,9,151.6891891891892
2014-06-30,490000.0,4.0,3.0,2330,3497,2.0,0,0,3,1920,410,2003,,Seattle,98108,0,2003,11,11,210.30042918454936
2014-06-30,445800.0,4.0,2.25,2070,39446,1.0,0,0,3,1470,600,1977,,Lake Forest Park,98155,0,1977,37,37,215.36231884057972
2014-06-30,345000.0,2.0,1.0,970,5750,1.0,0,0,4,970,0,1932,,Seattle,98126,0,1932,82,82,355.6701030927835
2014-06-30,327500.0,3.0,2.25,2310,7200,2.0,0,0,3,2310,0,1990,,Kent,98031,0,1990,24,24,141.77489177489178
2014-06-30,436500.0,4.0,2.5,2290,11173,2.0,0,0,4,2290,0,1988,,Renton,98058,0,1988,26,26,190.6113537117904
2014-06-30,550000.0,3.0,2.25,1720,9600,1.0,0,0,4,1220,500,1967,,Redmond,98052,0,1967,47,47,319.7674418604651
2014-06-30,441000.0,2.0,1.5,1190,3400,1.0,0,0,3,990,200,1919,,Seattle,98115,0,1919,95,95,370.5882352941176
2014-06-30,406500.0,2.0,1.0,870,5750,1.0,0,0,4,870,0,1947,,Seattle,98116,0,1947,67,67,467.2413793103448
2014-06-30,243000.0,2.0,1.5,1068,1758,2.0,0,0,3,1068,0,1990,,Kenmore,98028,0,1990,24,24,227.52808988764045
2014-06-30,359500.0,4.0,2.75,2140,10316,2.0,0,0,3,2140,0,1993,,Auburn,98001,0,1993,21,21,167.99065420560748
2014-06-30,760000.0,4.0,2.5,3300,165528,2.0,0,0,3,3300,0,1984,,Woodinville,98077,0,1984,30,30,230.3030303030303
2014-06-30,1925000.0,5.0,4.25,4830,8050,2.5,0,2,4,3710,1120,1914,,Seattle,98144,0,1914,100,100,398.5507246376812
2014-06-30,408000.0,5.0,3.25,2820,6589,1.5,0,0,3,2320,500,1906,2014.0,Seattle,98118,1,2014,108,0,144.68085106382978
2014-06-30,480000.0,4.0,3.0,2440,9664,2.0,0,0,3,1890,550,1981,,Kenmore,98028,0,1981,33,33,196.72131147540983
2014-06-30,875000.0,4.0,1.5,1800,3245,1.5,0,0,4,1800,0,1929,,Seattle,98103,0,1929,85,85,486.1111111111111
2014-06-30,308000.0,3.0,1.0,1010,8800,1.0,0,0,4,1010,0,1954,,Seattle,98118,0,1954,60,60,304.9504950495049
2014-06-30,880000.0,4.0,2.75,3220,4392,1.5,0,0,4,2320,900,1931,,Seattle,98105,0,1931,83,83,273.2919254658385
2014-06-30,1730000.0,5.0,3.5,5000,26540,2.0,0,3,3,3410,1590,2008,,Mercer Island,98040,0,2008,6,6,346.0
2014-06-30,170000.0,2.0,1.0,1200,24792,2.0,0,0,2,1200,0,1976,,Redmond,98053,0,1976,38,38,141.66666666666666
2014-06-30,491500.0,3.0,2.25,1470,4322,2.0,0,0,3,1470,0,1985,,Issaquah,98029,0,1985,29,29,334.3537414965986
2014-06-30,515000.0,3.0,2.5,2600,4506,2.0,0,0,3,2600,0,2003,,Kenmore,98028,0,2003,11,11,198.07692307692307
2014-06-30,550000.0,4.0,1.5,2750,128502,1.0,0,0,2,1500,1250,1958,,Renton,98055,0,1958,56,56,200.0
2014-06-30,255000.0,2.0,1.0,1320,9967,1.0,0,0,3,940,380,1919,,Seattle,98108,0,1919,95,95,193.1818181818182
2014-06-30,635000.0,3.0,2.5,3350,4007,2.0,0,0,3,2550,800,2005,,Kirkland,98034,0,2005,9,9,189.55223880597015
2014-06-30,850000.0,3.0,2.5,2650,2387,2.0,0,0,3,1830,820,1920,,Seattle,98119,0,1920,94,94,320.75471698113205
2014-06-30,265000.0,2.0,2.0,1860,10856,1.0,0,0,3,1260,600,1952,,Seattle,98178,0,1952,62,62,142.4731182795699
2014-06-30,349810.0,3.0,1.0,960,8855,1.0,0,0,4,960,0,1958,,Shoreline,98155,0,1958,56,56,364.3854166666667
2014-06-30,972000.0,4.0,1.75,2010,6300,1.0,0,2,5,1610,400,1937,,Seattle,98199,0,1937,77,77,483.5820895522388
2014-06-30,235000.0,2.0,1.0,900,28800,1.0,0,0,1,900,0,1928,,Snoqualmie,98065,0,1928,86,86,261.1111111111111
2014-06-30,330000.0,4.0,2.5,2340,11784,2.0,0,0,3,2340,0,1997,,Kent,98042,0,1997,17,17,141.02564102564102
2014-06-30,500000.0,4.0,3.0,3720,15048,3.0,0,0,3,3720,0,1979,2014.0,Renton,98059,1,2014,35,0,134.40860215053763
2014-06-30,570000.0,3.0,2.0,1890,29185,1.0,0,0,3,1470,420,1949,2013.0,Bellevue,98006,1,2013,65,1,301.58730158730157
2014-06-30,1309500.0,4.0,2.5,2680,12215,1.0,1,4,3,1590,1090,1956,,Normandy Park,98166,0,1956,58,58,488.6194029850746
2014-06-30,544000.0,3.0,2.5,1460,1613,2.0,0,0,3,1180,280,2007,,Seattle,98117,0,2007,7,7,372.6027397260274
2014-06-30,439000.0,3.0,2.5,3180,7904,1.0,0,0,3,1810,1370,2006,,Renton,98056,0,2006,8,8,138.0503144654088
2014-06-30,530000.0,4.0,2.25,1980,15086,2.0,0,0,3,1980,0,1981,,Sammamish,98074,0,1981,33,33,267.67676767676767
2014-06-30,427500.0,2.0,2.0,1090,934,3.0,0,0,3,1090,0,2008,,Seattle,98109,0,2008,6,6,392.20183486238534
2014-06-30,337000.0,4.0,2.5,2230,5970,2.0,0,0,4,2230,0,2002,,Covington,98042,0,2002,12,12,151.12107623318386
2014-06-30,1095000.0,4.0,2.75,3330,9143,2.0,0,0,4,3330,0,1995,,Kirkland,98033,0,1995,19,19,328.8288288288288
2014-06-30,435000.0,4.0,2.0,1880,3840,1.0,0,0,3,970,910,1904,,Seattle,98144,0,1904,110,110,231.38297872340425
2014-06-30,765000.0,5.0,3.0,2870,5700,1.0,0,0,3,1950,920,1964,,Seattle,98103,0,1964,50,50,266.55052264808364
2014-06-30,492650.0,4.0,1.75,2120,9786,1.0,0,0,3,1640,480,1967,,Shoreline,98177,0,1967,47,47,232.3820754716981
2014-06-30,383962.0,4.0,2.5,2700,6998,2.0,0,0,3,2700,0,2001,,Tukwila,98168,0,2001,13,13,142.20814814814815
2014-06-30,950000.0,4.0,2.5,3670,7680,2.5,0,0,3,3670,0,2007,,Issaquah,98029,0,2007,7,7,258.8555858310627
2014-06-30,457000.0,3.0,2.5,1220,1330,2.0,0,0,3,1010,210,2008,,Seattle,98117,0,2008,6,6,374.59016393442624
2014-06-30,1510000.0,5.0,3.25,4390,11250,2.0,0,0,3,4390,0,2007,,Mercer Island,98040,0,2007,7,7,343.9635535307517
2014-06-30,882566.0,4.0,2.5,3560,5265,3.0,0,0,3,3560,0,2014,,Redmond,98052,0,2014,0,0,247.91179775280898
2014-06-30,963000.0,4.0,3.25,3530,8589,2.0,0,0,3,3530,0,2007,,Kirkland,98033,0,2007,7,7,272.8045325779037
2014-06-30,345000.0,4.0,2.5,2280,5000,2.0,0,0,3,2280,0,2006,,Maple Valley,98038,0,2006,8,8,151.31578947368422
2014-06-30,2065000.0,4.0,3.75,4350,7965,2.0,0,0,3,4350,0,2013,,Bellevue,98004,0,2013,1,1,474.71264367816093
2014-07-01,800000.0,3.0,3.5,3830,221284,2.0,0,0,3,3530,300,1993,,Woodinville,98077,0,1993,21,21,208.87728459530027
2014-07-01,314500.0,3.0,2.0,2050,13303,1.0,0,0,3,2050,0,1993,,Federal Way,98003,0,1993,21,21,153.41463414634146
2014-07-01,530000.0,3.0,2.5,3660,39478,2.0,0,2,4,3260,400,1989,,Enumclaw,98022,0,1989,25,25,144.8087431693989
2014-07-01,650000.0,4.0,2.5,3350,46748,2.0,0,0,3,3350,0,2004,,Black Diamond,98010,0,2004,10,10,194.02985074626866
2014-07-01,349500.0,3.0,2.0,1270,3600,1.0,0,0,3,1270,0,1963,,Seattle,98122,0,1963,51,51,275.1968503937008
2014-07-01,1198000.0,4.0,3.5,3400,3850,2.5,0,0,3,2790,610,2008,,Seattle,98112,0,2008,6,6,352.3529411764706
2014-07-01,165050.0,3.0,1.0,1200,8514,1.0,0,0,3,1200,0,1959,,Enumclaw,98022,0,1959,55,55,137.54166666666666
2014-07-01,580000.0,3.0,2.5,2200,11000,2.0,0,2,3,2200,0,1978,,Bellevue,98008,0,1978,36,36,263.6363636363636
2014-07-01,330000.0,3.0,2.5,1680,11312,1.0,0,0,3,1080,600,1959,,Seattle,98146,0,1959,55,55,196.42857142857142
2014-07-01,875000.0,5.0,3.5,3840,8279,2.0,0,0,3,3840,0,2001,,Sammamish,98074,0,2001,13,13,227.86458333333334
2014-07-01,500000.0,2.0,1.0,950,4500,1.0,0,2,3,850,100,1926,,Seattle,98103,0,1926,88,88,526.3157894736842
2014-07-01,445000.0,4.0,2.5,2280,42077,2.0,0,0,3,2280,0,1994,,Kent,98042,0,1994,20,20,195.17543859649123
2014-07-01,274900.0,4.0,2.5,1970,6600,2.0,0,0,3,1970,0,1987,,Kent,98030,0,1987,27,27,139.54314720812184
2014-07-01,219950.0,3.0,1.5,1620,9310,1.0,0,0,4,1620,0,1967,,Covington,98042,0,1967,47,47,135.7716049382716
2014-07-01,691500.0,4.0,2.5,2600,7200,2.0,0,0,3,2600,0,1962,2002.0,Seattle,98115,1,2002,52,12,265.96153846153845
2014-07-01,459500.0,2.0,1.0,1250,3825,1.0,0,0,3,850,400,1929,,Seattle,98117,0,1929,85,85,367.6
2014-07-01,955500.0,4.0,1.75,2130,5080,1.5,0,0,3,2130,0,1914,1993.0,Seattle,98119,1,1993,100,21,448.59154929577466
2014-07-01,328950.0,4.0,1.75,2550,8976,1.0,0,0,5,1300,1250,1978,,Kent,98031,0,1978,36,36,129.0
2014-07-01,307000.0,3.0,1.0,1150,6000,1.5,0,0,3,1150,0,1927,,North Bend,98045,0,1927,87,87,266.95652173913044
2014-07-01,382500.0,3.0,1.75,1040,9000,1.0,0,0,4,1040,0,1967,,Issaquah,98027,0,1967,47,47,367.78846153846155
2014-07-01,1150000.0,4.0,2.5,3340,10422,2.0,0,0,3,3340,0,1996,,Kirkland,98033,0,1996,18,18,344.311377245509
2014-07-01,1297000.0,6.0,2.75,2630,9420,2.0,0,0,5,2510,120,1900,,Seattle,98103,0,1900,114,114,493.15589353612165
2014-07-01,478000.0,3.0,2.25,1640,3896,2.0,0,0,3,1640,0,1994,,Issaquah,98029,0,1994,20,20,291.4634146341463
2014-07-01,260000.0,2.0,1.0,770,7906,1.0,0,0,4,770,0,1948,,Shoreline,98155,0,1948,66,66,337.6623376623377
2014-07-01,850000.0,4.0,3.25,4350,112750,1.0,0,0,3,2200,2150,2006,,Issaquah,98027,0,2006,8,8,195.4022988505747
2014-07-01,616000.0,4.0,1.75,1700,5846,1.0,0,0,3,1700,0,1957,,Seattle,98199,0,1957,57,57,362.3529411764706
2014-07-01,540000.0,3.0,1.75,2050,9580,1.0,0,0,3,1400,650,1984,,Sammamish,98074,0,1984,30,30,263.4146341463415
2014-07-01,300000.0,3.0,2.25,1660,5128,2.0,0,0,3,1660,0,2001,,Duvall,98019,0,2001,13,13,180.72289156626505
2014-07-01,507500.0,3.0,1.75,1990,9594,1.0,0,0,3,1190,800,1977,,Redmond,98052,0,1977,37,37,255.0251256281407
2014-07-01,3800000.0,5.0,5.5,7050,42840,1.0,0,2,4,4320,2730,1978,,Clyde Hill,98004,0,1978,36,36,539.0070921985815
2014-07-01,241000.0,3.0,2.0,1770,7000,1.0,0,0,3,1770,0,1986,,Auburn,98001,0,1986,28,28,136.1581920903955
2014-07-01,485000.0,3.0,2.25,2440,47916,2.0,0,0,3,2090,350,1991,,Redmond,98053,0,1991,23,23,198.7704918032787
2014-07-01,695000.0,3.0,2.5,2620,51354,2.0,0,0,3,2620,0,1998,,Woodinville,98077,0,1998,16,16,265.2671755725191
2014-07-01,548000.0,4.0,2.5,2440,11005,2.0,0,0,3,2440,0,1994,,Newcastle,98056,0,1994,20,20,224.59016393442624
2014-07-01,345000.0,2.0,1.0,1080,7775,1.0,0,0,3,1080,0,1955,,Seattle,98136,0,1955,59,59,319.44444444444446
2014-07-01,280000.0,3.0,1.0,1090,10710,1.0,0,0,4,1090,0,1962,,Renton,98056,0,1962,52,52,256.8807339449541
2014-07-01,450000.0,3.0,1.75,1400,13775,1.0,0,0,3,1400,0,1963,,Kenmore,98028,0,1963,51,51,321.42857142857144
2014-07-01,515000.0,3.0,2.5,2010,7200,2.0,0,0,3,2010,0,1994,,Kenmore,98028,0,1994,20,20,256.21890547263683
2014-07-01,1014250.0,3.0,1.0,1640,12855,1.5,0,0,5,1500,140,1920,,Bellevue,98004,0,1920,94,94,618.4451219512196
2014-07-01,739900.0,5.0,2.5,3290,5029,2.0,0,0,3,3290,0,2004,,Sammamish,98075,0,2004,10,10,224.89361702127658
2014-07-01,600000.0,2.0,2.5,2510,14878,2.0,0,0,3,2510,0,1990,,Bothell,98011,0,1990,24,24,239.0438247011952
2014-07-01,370000.0,2.0,1.0,860,6050,1.0,0,0,3,860,0,1952,,Seattle,98116,0,1952,62,62,430.2325581395349
2014-07-01,729032.0,4.0,2.5,2840,12866,1.0,0,0,4,1780,1060,1977,,Bellevue,98005,0,1977,37,37,256.7014084507042
2014-07-01,510000.0,3.0,1.75,1750,7020,2.0,0,0,3,1750,0,1934,1978.0,Black Diamond,98010,1,1978,80,36,291.42857142857144
2014-07-01,425000.0,3.0,1.5,1300,19163,1.0,0,0,3,1300,0,1964,,Redmond,98052,0,1964,50,50,326.9230769230769
2014-07-01,1080000.0,3.0,2.75,3890,7216,2.0,0,1,3,3260,630,1967,2010.0,Seattle,98118,1,2010,47,4,277.63496143958866
2014-07-01,337000.0,3.0,2.25,1460,941,3.0,0,0,3,1460,0,2006,,Seattle,98133,0,2006,8,8,230.82191780821918
2014-07-01,563000.0,4.0,1.0,1410,3376,1.5,0,0,5,1410,0,1911,,Seattle,98107,0,1911,103,103,399.290780141844
2014-07-01,1695000.0,4.0,2.75,3770,10900,2.0,0,2,5,3070,700,1924,,Seattle,98144,0,1924,90,90,449.60212201591514
2014-07-01,245000.0,3.0,2.0,1190,4072,1.5,0,0,5,1190,0,1907,,Seattle,98118,0,1907,107,107,205.88235294117646
2014-07-01,590000.0,3.0,2.0,1410,6413,1.0,0,0,4,910,500,1947,,Seattle,98115,0,1947,67,67,418.43971631205676
2014-07-01,695000.0,3.0,2.0,2500,4080,1.5,0,0,5,1680,820,1922,,Seattle,98103,0,1922,92,92,278.0
2014-07-01,402500.0,2.0,1.0,800,2280,1.0,0,0,5,800,0,1946,,Seattle,98107,0,1946,68,68,503.125
2014-07-01,435000.0,3.0,2.5,2530,13446,2.0,0,0,3,2530,0,1993,,Duvall,98019,0,1993,21,21,171.93675889328063
2014-07-01,660000.0,3.0,2.0,2570,28500,1.0,0,0,3,1970,600,1983,,Redmond,98052,0,1983,31,31,256.8093385214008
2014-07-01,300000.0,3.0,2.75,2090,9620,1.0,0,0,3,1340,750,1987,,Federal Way,98023,0,1987,27,27,143.54066985645932
2014-07-01,600000.0,5.0,2.25,2980,7781,1.0,0,0,3,1580,1400,1960,,Seattle,98125,0,1960,54,54,201.34228187919464
2014-07-01,205000.0,3.0,1.75,1170,8239,1.0,0,0,3,1170,0,1981,,Covington,98042,0,1981,33,33,175.2136752136752
2014-07-01,357500.0,3.0,3.5,2080,5100,2.0,0,0,3,2080,0,2004,,Maple Valley,98038,0,2004,10,10,171.875
2014-07-01,1110000.0,5.0,3.25,3350,4000,2.0,0,0,4,2510,840,1997,,Seattle,98105,0,1997,17,17,331.34328358208955
2014-07-01,332888.0,2.0,2.5,1050,1029,2.0,0,0,3,950,100,2007,,Seattle,98122,0,2007,7,7,317.0361904761905
2014-07-01,174000.0,2.0,1.0,900,13531,1.0,0,0,3,900,0,1979,,Pacific,98047,0,1979,35,35,193.33333333333334
2014-07-01,515000.0,2.0,1.0,1050,5000,1.0,0,0,5,1050,0,1907,,Seattle,98107,0,1907,107,107,490.4761904761905
2014-07-01,392000.0,5.0,2.25,3740,32481,1.5,0,0,3,2240,1500,1958,,Des Moines,98198,0,1958,56,56,104.81283422459893
2014-07-01,485000.0,4.0,1.75,1430,4096,2.0,0,0,3,1430,0,1900,,Seattle,98122,0,1900,114,114,339.16083916083915
2014-07-01,217500.0,3.0,1.75,1400,9546,1.0,0,0,4,1400,0,1984,,Federal Way,98003,0,1984,30,30,155.35714285714286
2014-07-01,502000.0,3.0,2.25,1600,45613,2.0,0,0,4,1600,0,1983,,Woodinville,98072,0,1983,31,31,313.75
2014-07-01,820000.0,3.0,2.25,2880,9750,2.0,0,0,3,2880,0,1989,,Bellevue,98006,0,1989,25,25,284.72222222222223
2014-07-01,1640000.0,3.0,3.25,3140,5445,2.0,0,3,4,2240,900,1913,,Seattle,98109,0,1913,101,101,522.2929936305733
2014-07-01,102500.0,2.0,1.0,820,4320,1.0,0,0,3,820,0,1937,,Seattle,98106,0,1937,77,77,125.0
2014-07-01,925000.0,5.0,5.5,5190,12637,2.0,0,2,3,5190,0,2001,,Snoqualmie,98065,0,2001,13,13,178.22736030828517
2014-07-01,540000.0,4.0,2.5,2180,10140,1.0,0,0,4,1180,1000,1968,,Redmond,98052,0,1968,46,46,247.70642201834863
2014-07-01,600000.0,2.0,1.0,910,2002,1.5,0,0,3,910,0,1900,,Seattle,98112,0,1900,114,114,659.3406593406594
2014-07-01,406000.0,4.0,1.0,1580,8475,1.5,0,2,4,1580,0,1928,,Seattle,98178,0,1928,86,86,256.9620253164557
2014-07-01,620000.0,4.0,3.0,2130,6325,1.0,0,0,5,1440,690,1948,,Seattle,98116,0,1948,66,66,291.0798122065728
2014-07-01,1060000.0,4.0,2.5,4570,16015,2.0,0,2,3,4570,0,1990,,Sammamish,98074,0,1990,24,24,231.94748358862145
2014-07-01,401000.0,3.0,2.0,1240,11172,1.0,0,0,3,1000,240,1984,,Sammamish,98074,0,1984,30,30,323.38709677419354
2014-07-01,725000.0,3.0,1.75,1860,6000,2.0,0,2,4,1860,0,1959,,Seattle,98144,0,1959,55,55,389.78494623655916
2014-07-01,276000.0,1.0,0.75,370,1801,1.0,0,0,5,370,0,1923,,Seattle,98117,0,1923,91,91,745.9459459459459
2014-07-01,500000.0,5.0,3.25,3130,12087,2.0,0,0,3,2180,950,1975,,Issaquah,98027,0,1975,39,39,159.7444089456869
2014-07-01,375000.0,3.0,1.75,2530,35150,1.0,0,0,4,1800,730,1977,,Kent,98042,0,1977,37,37,148.22134387351778
2014-07-01,2300000.0,4.0,4.75,3970,9778,2.0,0,2,4,3390,580,1928,,Seattle,98119,0,1928,86,86,579.3450881612091
2014-07-01,260000.0,3.0,2.25,1920,9680,1.0,0,0,4,1300,620,1961,,Kent,98031,0,1961,53,53,135.41666666666666
2014-07-01,1565000.0,4.0,2.75,2970,12750,1.5,0,1,4,2130,840,1918,1986.0,Bellevue,98004,1,1986,96,28,526.9360269360269
2014-07-01,431000.0,4.0,2.5,2300,6087,2.0,0,0,3,2300,0,2001,,Renton,98056,0,2001,13,13,187.3913043478261
2014-07-01,321000.0,4.0,2.5,1830,9601,2.0,0,0,3,1830,0,2003,,Maple Valley,98038,0,2003,11,11,175.40983606557376
2014-07-01,433000.0,4.0,1.5,1550,5053,1.0,0,0,4,1180,370,1963,,Seattle,98118,0,1963,51,51,279.35483870967744
2014-07-01,920000.0,4.0,3.5,4080,10666,2.0,0,0,3,4080,0,2005,,Redmond,98053,0,2005,9,9,225.49019607843138
2014-07-01,482000.0,3.0,2.25,1710,21485,2.0,0,0,3,1710,0,1989,,Sammamish,98074,0,1989,25,25,281.87134502923976
2014-07-01,712000.0,3.0,2.5,2375,4094,2.0,0,0,3,2375,0,2002,,Redmond,98052,0,2002,12,12,299.7894736842105
2014-07-01,505000.0,4.0,2.75,2200,9778,1.0,0,0,4,1100,1100,1962,,Bellevue,98006,0,1962,52,52,229.54545454545453
2014-07-01,2367000.0,3.0,2.25,3530,17450,1.0,1,3,3,1840,1690,1930,1993.0,Mercer Island,98040,1,1993,84,21,670.5382436260624
2014-07-01,452000.0,3.0,1.75,1110,9012,1.0,0,0,4,1110,0,1966,,Redmond,98052,0,1966,48,48,407.2072072072072
2014-07-01,581000.0,4.0,1.0,1630,2566,1.5,0,0,3,1630,0,1921,,Seattle,98122,0,1921,93,93,356.44171779141107
2014-07-01,952500.0,4.0,1.5,2550,5055,2.0,0,0,4,2550,0,1910,,Seattle,98112,0,1910,104,104,373.52941176470586
2014-07-01,808000.0,4.0,2.25,2500,8866,2.0,0,0,4,2500,0,1987,,Bellevue,98007,0,1987,27,27,323.2
2014-07-01,476000.0,4.0,3.0,2890,6885,1.0,0,0,3,1590,1300,1945,2013.0,Seattle,98115,1,2013,69,1,164.7058823529412
2014-07-01,535000.0,4.0,1.75,1420,5000,1.5,0,0,4,1420,0,1945,,Seattle,98117,0,1945,69,69,376.76056338028167
2014-07-01,1356925.0,4.0,3.5,4270,5800,2.0,0,3,5,3170,1100,1937,,Seattle,98199,0,1937,77,77,317.78103044496487
2014-07-01,629800.0,3.0,2.5,2390,1984,2.0,0,0,3,2220,170,2008,,Issaquah,98029,0,2008,6,6,263.5146443514644
2014-07-01,417838.0,4.0,2.5,2530,5048,2.0,0,0,3,2530,0,2014,,Maple Valley,98038,0,2014,0,0,165.15335968379446
2014-07-01,399895.0,4.0,2.5,2701,4500,2.0,0,0,3,2701,0,2014,,Auburn,98092,0,2014,0,0,148.054424287301
2014-07-01,825000.0,4.0,2.75,3990,6637,2.0,0,0,3,3990,0,2003,,Redmond,98053,0,2003,11,11,206.7669172932331
2014-07-01,300000.0,4.0,2.5,2303,3826,2.0,0,0,3,2303,0,2006,,Auburn,98092,0,2006,8,8,130.2648719062093
2014-07-01,640000.0,2.0,2.25,1540,965,3.0,0,0,3,1540,0,2007,,Seattle,98122,0,2007,7,7,415.5844155844156
2014-07-01,460000.0,3.0,2.5,1450,1053,2.0,0,0,3,940,510,2008,,Seattle,98107,0,2008,6,6,317.2413793103448
2014-07-01,525000.0,2.0,2.5,1160,1458,2.0,0,0,3,1040,120,2012,,Seattle,98119,0,2012,2,2,452.58620689655174
2014-07-01,499990.0,4.0,2.75,2910,6334,2.0,0,0,3,2910,0,2013,,North Bend,98045,0,2013,1,1,171.81786941580756
2014-07-01,1020000.0,4.0,3.5,3770,8501,2.0,0,0,3,3770,0,2008,,Kirkland,98033,0,2008,6,6,270.55702917771885
2014-07-02,675000.0,5.0,2.25,2900,10300,1.0,0,0,3,1450,1450,1985,,Bellevue,98006,0,1985,29,29,232.75862068965517
2014-07-02,512031.0,3.0,1.75,1540,3000,1.0,0,2,3,770,770,1920,,Seattle,98117,0,1920,94,94,332.48766233766236
2014-07-02,310000.0,2.0,1.0,700,3000,1.0,0,0,4,700,0,1918,,Seattle,98103,0,1918,96,96,442.85714285714283
2014-07-02,1075000.0,3.0,2.5,3280,10302,1.0,0,0,3,1680,1600,1970,,Seattle,98115,0,1970,44,44,327.7439024390244
2014-07-02,255000.0,4.0,2.0,2430,8960,1.0,0,0,3,1430,1000,1960,,Seattle,98178,0,1960,54,54,104.93827160493827
2014-07-02,435000.0,3.0,2.5,1900,7984,2.0,0,0,3,1900,0,1993,,Bothell,98011,0,1993,21,21,228.94736842105263
2014-07-02,453000.0,3.0,2.0,1660,15050,1.0,0,0,3,1260,400,1983,,Kirkland,98034,0,1983,31,31,272.89156626506025
2014-07-02,260000.0,4.0,2.0,1620,7992,2.0,0,0,4,1620,0,1975,,Kent,98031,0,1975,39,39,160.49382716049382
2014-07-02,659000.0,4.0,2.0,2090,10800,1.0,0,0,4,2090,0,1951,,Mercer Island,98040,0,1951,63,63,315.311004784689
2014-07-02,223000.0,3.0,2.0,1110,7231,1.0,0,0,4,1110,0,1991,,Kent,98031,0,1991,23,23,200.9009009009009
2014-07-02,851000.0,5.0,3.25,3760,9792,2.0,0,0,3,2550,1210,1984,,Bellevue,98006,0,1984,30,30,226.32978723404256
2014-07-02,605000.0,3.0,2.25,2080,12134,1.0,0,0,4,1530,550,1973,,Redmond,98052,0,1973,41,41,290.86538461538464
2014-07-02,895000.0,4.0,2.25,1950,5950,1.0,0,0,3,1330,620,1947,,Seattle,98109,0,1947,67,67,458.97435897435895
2014-07-02,519000.0,5.0,2.25,2570,13054,1.0,0,1,3,1470,1100,1950,1992.0,Normandy Park,98166,1,1992,64,22,201.9455252918288
2014-07-02,535000.0,3.0,1.75,2330,12141,1.0,0,0,3,1390,940,1983,,Woodinville,98072,0,1983,31,31,229.6137339055794
2014-07-02,489000.0,3.0,3.0,3700,10375,2.0,0,0,3,3700,0,1982,,SeaTac,98188,0,1982,32,32,132.16216216216216
2014-07-02,250000.0,3.0,2.25,1920,7738,1.0,0,0,3,1520,400,1965,,Burien,98148,0,1965,49,49,130.20833333333334
2014-07-02,580000.0,3.0,2.25,1900,3960,1.5,0,0,3,1200,700,1905,,Seattle,98122,0,1905,109,109,305.2631578947368
2014-07-02,1038000.0,4.0,1.75,1440,13296,1.0,0,0,4,1440,0,1967,,Bellevue,98004,0,1967,47,47,720.8333333333334
2014-07-02,605000.0,4.0,2.25,2940,48788,1.0,0,0,5,1520,1420,1961,,Kenmore,98028,0,1961,53,53,205.78231292517006
2014-07-02,599950.0,4.0,3.5,2500,3080,2.0,0,0,3,1810,690,2008,,Redmond,98052,0,2008,6,6,239.98
2014-07-02,700000.0,3.0,2.5,2490,23891,2.0,0,0,3,2490,0,1993,,Redmond,98053,0,1993,21,21,281.12449799196787
2014-07-02,480000.0,3.0,2.0,1470,10052,1.0,0,0,4,1470,0,1956,,Seattle,98125,0,1956,58,58,326.53061224489795
2014-07-02,329950.0,4.0,2.5,2120,4558,2.0,0,0,3,2120,0,2002,,Maple Valley,98038,0,2002,12,12,155.63679245283018
2014-07-02,250000.0,3.0,1.75,1200,24805,1.0,0,0,3,1200,0,1984,,Kent,98031,0,1984,30,30,208.33333333333334
2014-07-02,345000.0,5.0,2.5,2450,6994,2.0,0,0,3,2450,0,2002,,Kent,98030,0,2002,12,12,140.81632653061226
2014-07-02,175000.0,4.0,2.5,1780,6000,2.0,0,0,3,1780,0,1991,,Des Moines,98198,0,1991,23,23,98.31460674157303
2014-07-02,185000.0,5.0,1.0,1590,6700,1.5,0,0,3,1090,500,1942,,Seattle,98146,0,1942,72,72,116.35220125786164
2014-07-02,411000.0,4.0,2.0,2370,76665,2.0,0,0,4,2370,0,1978,,Auburn,98001,0,1978,36,36,173.41772151898735
2014-07-02,690000.0,3.0,1.5,1760,4000,2.0,0,0,3,1760,0,1922,,Seattle,98102,0,1922,92,92,392.04545454545456
2014-07-02,265000.0,4.0,3.0,1940,8170,1.0,0,0,4,1940,0,1948,,Shoreline,98155,0,1948,66,66,136.5979381443299
2014-07-02,720000.0,4.0,3.0,3550,12327,1.5,0,0,4,2180,1370,1990,,Bothell,98011,0,1990,24,24,202.81690140845072
2014-07-02,256000.0,4.0,2.5,2050,5787,2.0,0,0,3,2050,0,2002,,Des Moines,98198,0,2002,12,12,124.8780487804878
2014-07-02,255000.0,4.0,2.25,1680,3179,2.0,0,0,3,1680,0,2002,,Auburn,98092,0,2002,12,12,151.78571428571428
2014-07-02,540000.0,3.0,2.25,1320,1800,2.0,0,0,3,1320,0,1994,,Seattle,98122,0,1994,20,20,409.09090909090907
2014-07-02,481015.0,3.0,2.25,1550,5511,2.0,0,0,3,1550,0,1987,,Kirkland,98033,0,1987,27,27,310.3322580645161
2014-07-02,575000.0,3.0,1.75,2680,8625,1.0,0,0,5,1590,1090,1974,,Issaquah,98027,0,1974,40,40,214.55223880597015
2014-07-02,339950.0,3.0,2.5,2390,34041,1.0,0,0,3,1840,550,1984,,Kent,98042,0,1984,30,30,142.23849372384936
2014-07-02,475000.0,4.0,2.5,2040,7260,2.0,0,0,4,2040,0,1963,,Shoreline,98133,0,1963,51,51,232.84313725490196
2014-07-02,732000.0,3.0,3.75,2670,6517,2.5,0,4,4,2020,650,1977,,Seattle,98126,0,1977,37,37,274.1573033707865
2014-07-02,860000.0,4.0,1.75,1880,3720,1.5,0,0,4,1880,0,1924,,Seattle,98109,0,1924,90,90,457.4468085106383
2014-07-02,389000.0,4.0,1.75,2400,7700,1.5,0,0,4,1500,900,1927,,Seattle,98133,0,1927,87,87,162.08333333333334
2014-07-02,645000.0,3.0,1.75,2270,11472,1.0,0,0,4,1370,900,1956,,Seattle,98177,0,1956,58,58,284.1409691629956
2014-07-02,475000.0,4.0,2.5,1850,5444,2.0,0,0,5,1850,0,1981,,Kirkland,98034,0,1981,33,33,256.7567567567568
2014-07-02,550000.0,4.0,2.75,2160,5005,1.0,0,0,3,1430,730,1987,,Seattle,98115,0,1987,27,27,254.62962962962962
2014-07-02,305000.0,2.0,1.0,2160,12960,1.0,0,0,3,1360,800,1968,,Tukwila,98168,0,1968,46,46,141.2037037037037
2014-07-02,782000.0,2.0,1.5,1570,3600,1.5,0,2,4,1320,250,1906,,Seattle,98119,0,1906,108,108,498.0891719745223
2014-07-02,545000.0,3.0,2.0,1340,7200,1.5,0,0,4,1340,0,1923,,Seattle,98118,0,1923,91,91,406.7164179104478
2014-07-02,394500.0,4.0,2.5,3002,6042,2.0,0,0,3,3002,0,2004,,Kent,98031,0,2004,10,10,131.41239173884077
2014-07-02,600000.0,5.0,2.0,2190,9072,1.0,0,0,5,1110,1080,1965,,Redmond,98052,0,1965,49,49,273.972602739726
2014-07-02,1300000.0,4.0,1.75,2610,21600,1.0,0,0,4,2610,0,1966,,Clyde Hill,98004,0,1966,48,48,498.08429118773944
2014-07-02,300000.0,2.0,1.0,1010,11919,1.0,0,0,3,1010,0,1947,,Shoreline,98155,0,1947,67,67,297.029702970297
2014-07-02,330000.0,4.0,2.5,2105,6093,2.0,0,0,3,2105,0,2003,,Kent,98042,0,2003,11,11,156.76959619952495
2014-07-02,723000.0,4.0,2.25,2430,4748,1.5,0,0,3,1630,800,1928,,Seattle,98116,0,1928,86,86,297.5308641975309
2014-07-02,2271150.0,4.0,3.25,4040,18916,1.0,0,0,4,4040,0,1954,,Medina,98039,0,1954,60,60,562.1658415841584
2014-07-02,480000.0,5.0,2.5,2160,7737,2.0,0,0,3,2160,0,1998,,Snoqualmie,98065,0,1998,16,16,222.22222222222223
2014-07-02,496000.0,2.0,1.0,900,9260,1.0,0,0,3,900,0,1946,,Seattle,98107,0,1946,68,68,551.1111111111111
2014-07-02,625000.0,3.0,3.0,1820,1641,3.0,0,0,3,1540,280,2006,,Seattle,98119,0,2006,8,8,343.4065934065934
2014-07-02,475000.0,4.0,2.0,2100,13468,1.0,0,0,5,1050,1050,1962,,Seattle,98125,0,1962,52,52,226.1904761904762
2014-07-02,275250.0,3.0,2.25,1520,7199,2.0,0,0,4,1520,0,1992,,Maple Valley,98038,0,1992,22,22,181.08552631578948
2014-07-02,253000.0,2.0,1.0,1310,7128,1.0,0,0,4,940,370,1980,,Kent,98031,0,1980,34,34,193.12977099236642
2014-07-02,630000.0,4.0,2.5,2190,9880,1.0,0,0,4,1410,780,1979,,Kirkland,98033,0,1979,35,35,287.67123287671234
2014-07-02,660500.0,5.0,2.5,2950,5500,1.5,0,0,5,1720,1230,1918,,Seattle,98144,0,1918,96,96,223.89830508474577
2014-07-02,262000.0,5.0,1.0,1870,7800,1.0,0,0,3,1580,290,1962,,Seattle,98168,0,1962,52,52,140.10695187165774
2014-07-02,2147500.0,3.0,3.5,4660,5500,2.0,0,4,5,3040,1620,1909,,Seattle,98102,0,1909,105,105,460.83690987124464
2014-07-02,552000.0,3.0,2.5,1840,9900,1.0,0,0,3,1840,0,1978,,Bellevue,98007,0,1978,36,36,300.0
2014-07-02,1411600.0,2.0,2.5,3180,9400,2.0,0,4,5,2610,570,1985,,Bellevue,98006,0,1985,29,29,443.8993710691824
2014-07-02,736000.0,2.0,1.0,1500,4000,1.0,0,0,3,1100,400,1933,,Seattle,98109,0,1933,81,81,490.6666666666667
2014-07-02,355000.0,3.0,1.75,1730,7416,1.5,0,0,3,1730,0,1954,,Shoreline,98133,0,1954,60,60,205.20231213872833
2014-07-02,305000.0,3.0,1.0,1580,7424,1.0,0,0,3,1010,570,1962,,Renton,98058,0,1962,52,52,193.0379746835443
2014-07-02,484998.0,4.0,2.5,1540,1870,2.0,0,0,3,1540,0,2014,,Issaquah,98029,0,2014,0,0,314.9337662337662
2014-07-02,1054690.0,4.0,3.5,3390,3979,2.0,0,0,3,2610,780,2014,,Seattle,98199,0,2014,0,0,311.117994100295
2014-07-02,334500.0,2.0,1.5,830,1858,2.0,0,0,3,830,0,2005,,Seattle,98144,0,2005,9,9,403.0120481927711
2014-07-02,475000.0,4.0,2.75,2620,6178,2.0,0,0,3,2620,0,2013,,North Bend,98045,0,2013,1,1,181.29770992366412
2014-07-02,309780.0,3.0,2.5,2242,4500,2.0,0,0,3,2242,0,2014,,Auburn,98092,0,2014,0,0,138.17127564674396
2014-07-02,795000.0,4.0,2.5,2890,7798,2.0,0,0,3,2890,0,2005,,Bellevue,98006,0,2005,9,9,275.0865051903114
2014-07-02,274500.0,3.0,2.25,1450,4050,2.0,0,0,3,1450,0,2010,,Maple Valley,98038,0,2010,4,4,189.31034482758622
2014-07-02,265050.0,2.0,1.5,800,2119,2.0,0,0,3,800,0,2008,,Seattle,98106,0,2008,6,6,331.3125
2014-07-02,567500.0,3.0,2.5,2280,2502,2.0,0,0,3,1880,400,2006,,Issaquah,98027,0,2006,8,8,248.90350877192984
2014-07-02,915000.0,3.0,4.5,3850,62726,2.0,0,0,3,3120,730,2013,,Redmond,98053,0,2013,1,1,237.66233766233765
2014-07-03,285000.0,5.0,2.5,2270,6300,2.0,0,0,3,2270,0,1995,,Auburn,98092,0,1995,19,19,125.55066079295155
2014-07-03,445838.0,3.0,2.5,2250,5692,2.0,0,0,3,2250,0,2000,,Seattle,98146,0,2000,14,14,198.15022222222223
2014-07-03,304900.0,4.0,1.75,2600,11325,1.0,0,0,4,1610,990,1969,,Kent,98031,0,1969,45,45,117.26923076923077
2014-07-03,940000.0,4.0,2.0,2490,9525,2.0,0,0,5,2490,0,1968,,Mercer Island,98040,0,1968,46,46,377.5100401606426
2014-07-03,1127000.0,4.0,2.5,3160,8281,2.0,0,0,4,3160,0,1995,,Kirkland,98033,0,1995,19,19,356.6455696202532
2014-07-03,835000.0,4.0,4.25,4930,25714,2.0,0,0,3,4930,0,2005,,Auburn,98092,0,2005,9,9,169.3711967545639
2014-07-03,290000.0,3.0,1.0,1440,11250,1.0,0,0,3,1440,0,1967,,Renton,98055,0,1967,47,47,201.38888888888889
2014-07-03,250000.0,3.0,1.75,1770,8868,1.0,0,0,4,1770,0,1959,,Auburn,98002,0,1959,55,55,141.24293785310735
2014-07-03,342000.0,4.0,2.5,2300,6448,2.0,0,0,3,2300,0,2001,,Kent,98030,0,2001,13,13,148.69565217391303
2014-07-03,1012000.0,4.0,2.5,2980,16263,2.0,0,0,3,2980,0,1989,,Bellevue,98006,0,1989,25,25,339.5973154362416
2014-07-03,400000.0,4.0,2.25,2230,7200,1.0,0,0,4,1300,930,1963,,Shoreline,98133,0,1963,51,51,179.37219730941703
2014-07-03,312500.0,3.0,1.75,1830,7969,1.0,0,0,3,930,900,1950,2008.0,Renton,98055,1,2008,64,6,170.76502732240436
2014-07-03,267000.0,3.0,1.0,1740,10875,1.0,0,0,4,1020,720,1962,,Tukwila,98188,0,1962,52,52,153.44827586206895
2014-07-03,575000.0,3.0,1.75,1530,6743,1.0,0,0,3,1410,120,1955,,Seattle,98116,0,1955,59,59,375.8169934640523
2014-07-03,810000.0,3.0,1.5,1520,9041,1.0,0,0,4,1520,0,1954,,Bellevue,98004,0,1954,60,60,532.8947368421053
2014-07-03,850000.0,3.0,2.5,3230,5000,2.0,0,2,5,2430,800,1945,,Seattle,98117,0,1945,69,69,263.1578947368421
2014-07-03,1015000.0,3.0,3.25,3620,4000,2.0,0,0,3,2730,890,2005,,Seattle,98199,0,2005,9,9,280.3867403314917
2014-07-03,1100000.0,4.0,3.75,5070,60123,2.0,0,0,3,5070,0,2000,,Redmond,98053,0,2000,14,14,216.96252465483235
2014-07-03,240000.0,3.0,1.75,1570,8750,1.0,0,0,3,1570,0,1960,,Burien,98148,0,1960,54,54,152.86624203821657
2014-07-03,198000.0,4.0,1.75,2080,7200,1.0,0,0,4,1050,1030,1966,,Auburn,98001,0,1966,48,48,95.1923076923077
2014-07-03,565000.0,4.0,2.5,2230,8624,1.0,0,0,4,1430,800,1969,,Redmond,98052,0,1969,45,45,253.36322869955157
2014-07-03,1195000.0,5.0,3.0,3420,18129,2.0,0,0,3,2540,880,1952,2005.0,Mercer Island,98040,1,2005,62,9,349.41520467836256
2014-07-03,340000.0,8.0,2.75,2790,6695,1.0,0,0,3,1470,1320,1977,,Shoreline,98133,0,1977,37,37,121.86379928315412
2014-07-03,815000.0,4.0,2.5,3150,4203,2.0,0,0,3,3150,0,2002,,Kirkland,98033,0,2002,12,12,258.73015873015873
2014-07-03,1875000.0,4.0,3.25,3930,10929,2.0,0,0,3,3930,0,2006,,Bellevue,98004,0,2006,8,8,477.09923664122135
2014-07-03,588000.0,5.0,3.0,2190,4900,2.0,0,0,5,1490,700,1940,,Seattle,98117,0,1940,74,74,268.4931506849315
2014-07-03,280500.0,4.0,2.5,1890,6962,2.0,0,0,3,1890,0,1997,,Auburn,98092,0,1997,17,17,148.4126984126984
2014-07-03,390000.0,4.0,2.0,1900,76877,1.0,0,0,3,1900,0,2004,,Kent,98042,0,2004,10,10,205.26315789473685
2014-07-03,509000.0,2.0,1.5,1930,3521,2.0,0,0,3,1930,0,1989,,Bellevue,98007,0,1989,25,25,263.73056994818654
2014-07-03,490600.0,3.0,2.5,3316,11447,2.0,0,0,3,3316,0,1986,,Federal Way,98023,0,1986,28,28,147.9493365500603
2014-07-03,650000.0,3.0,1.5,1380,4500,1.0,0,0,5,1380,0,1960,,Mercer Island,98040,0,1960,54,54,471.0144927536232
2014-07-03,715000.0,3.0,4.0,2080,2250,3.0,0,4,3,2080,0,1997,,Seattle,98103,0,1997,17,17,343.75
2014-07-03,529950.0,3.0,1.0,1240,5000,1.5,0,0,5,1240,0,1909,,Seattle,98107,0,1909,105,105,427.3790322580645
2014-07-03,265000.0,3.0,1.0,1020,8610,1.0,0,0,5,1020,0,1959,,Renton,98056,0,1959,55,55,259.80392156862746
2014-07-03,1755000.0,3.0,2.0,2360,4800,2.0,0,0,3,2360,0,1909,2014.0,Seattle,98112,1,2014,105,0,743.6440677966102
2014-07-03,1140000.0,3.0,2.5,2780,33503,1.5,0,1,4,2110,670,1969,,Sammamish,98075,0,1969,45,45,410.0719424460432
2014-07-03,610000.0,3.0,2.0,2300,13418,1.0,0,0,3,1430,870,1955,,Bellevue,98004,0,1955,59,59,265.2173913043478
2014-07-03,554729.0,4.0,2.5,2020,4350,2.0,0,0,5,1730,290,1943,,Seattle,98199,0,1943,71,71,274.61831683168316
2014-07-03,395000.0,5.0,1.75,1840,10453,1.0,0,2,3,1360,480,1948,,Burien,98166,0,1948,66,66,214.67391304347825
2014-07-03,341000.0,3.0,1.0,1390,4814,1.5,0,0,3,1390,0,1908,,Seattle,98115,0,1908,106,106,245.32374100719426
2014-07-03,264500.0,4.0,2.25,2060,11385,1.0,0,0,4,1200,860,1962,,Federal Way,98023,0,1962,52,52,128.39805825242718
2014-07-03,395000.0,4.0,2.75,2640,35070,1.5,0,0,3,2640,0,1963,,Kent,98031,0,1963,51,51,149.62121212121212
2014-07-03,640000.0,3.0,2.25,1980,10115,1.0,0,0,3,1980,0,1959,,Bellevue,98005,0,1959,55,55,323.2323232323232
2014-07-03,430000.0,3.0,1.5,1810,5080,1.0,0,0,3,1030,780,1958,,Seattle,98115,0,1958,56,56,237.56906077348066
2014-07-03,410000.0,4.0,2.5,1700,9000,1.0,0,0,5,1700,0,1972,,Kirkland,98034,0,1972,42,42,241.1764705882353
2014-07-03,220000.0,4.0,1.0,1200,6000,1.5,0,0,3,1200,0,1923,,Seattle,98106,0,1923,91,91,183.33333333333334
2014-07-03,1625000.0,4.0,3.25,2980,3600,2.0,0,0,3,2150,830,1999,,Seattle,98112,0,1999,15,15,545.3020134228188
2014-07-03,405500.0,2.0,2.75,1350,1252,2.0,0,0,3,1120,230,2006,,Seattle,98136,0,2006,8,8,300.3703703703704
2014-07-03,633000.0,4.0,2.5,2360,10000,1.0,0,3,3,1980,380,1977,,Seattle,98126,0,1977,37,37,268.22033898305085
2014-07-03,295950.0,2.0,1.0,1190,6200,1.0,0,0,3,1190,0,1948,,Shoreline,98133,0,1948,66,66,248.69747899159663
2014-07-03,1042031.0,4.0,5.0,4110,43560,2.0,0,0,4,4110,0,1978,,Bellevue,98005,0,1978,36,36,253.53552311435524
2014-07-03,605000.0,4.0,2.5,2800,10786,1.0,0,0,3,1420,1380,1970,,Bellevue,98008,0,1970,44,44,216.07142857142858
2014-07-03,255000.0,2.0,1.5,920,1598,2.0,0,0,3,920,0,1995,,Seattle,98133,0,1995,19,19,277.17391304347825
2014-07-03,474000.0,3.0,1.75,1530,8000,2.0,0,0,3,1530,0,1978,,Redmond,98052,0,1978,36,36,309.80392156862746
2014-07-03,370000.0,2.0,1.0,860,5040,1.0,0,0,3,860,0,1956,,Seattle,98117,0,1956,58,58,430.2325581395349
2014-07-03,288000.0,3.0,2.5,1520,3593,2.0,0,0,3,1520,0,2004,,Maple Valley,98038,0,2004,10,10,189.47368421052633
2014-07-03,100000.0,2.0,0.75,660,5240,1.0,0,0,4,660,0,1912,,Kent,98032,0,1912,102,102,151.5151515151515
2014-07-03,1150000.0,5.0,2.5,3580,8921,2.0,0,0,3,3580,0,2000,,Kirkland,98033,0,2000,14,14,321.2290502793296
2014-07-03,600000.0,5.0,2.25,3000,13899,2.0,0,0,4,3000,0,1975,,Redmond,98052,0,1975,39,39,200.0
2014-07-03,515000.0,5.0,3.25,2740,9629,1.0,0,0,5,1390,1350,1977,,Bothell,98011,0,1977,37,37,187.95620437956205
2014-07-03,345000.0,4.0,2.5,2040,5523,2.0,0,0,3,2040,0,1999,,Burien,98148,0,1999,15,15,169.11764705882354
2014-07-03,975000.0,6.0,2.75,2520,54160,2.0,1,4,3,2520,0,1954,,Seattle,98146,0,1954,60,60,386.9047619047619
2014-07-03,850000.0,3.0,2.0,2470,8800,2.0,0,0,3,2470,0,1961,2004.0,Mercer Island,98040,1,2004,53,10,344.12955465587044
2014-07-03,439990.0,3.0,2.5,1930,1348,2.0,0,0,3,1300,630,2005,,Seattle,98199,0,2005,9,9,227.9740932642487
2014-07-03,554950.0,3.0,2.5,2950,10254,2.0,0,0,3,2950,0,2006,,Renton,98059,0,2006,8,8,188.11864406779662
2014-07-03,605000.0,3.0,2.5,2610,6405,2.0,0,0,3,2610,0,2001,,Snoqualmie,98065,0,2001,13,13,231.8007662835249
2014-07-03,609000.0,3.0,1.75,1630,1526,3.0,0,0,3,1630,0,2014,,Seattle,98103,0,2014,0,0,373.6196319018405
2014-07-03,425000.0,3.0,1.5,1400,1022,3.0,0,0,3,1400,0,2007,,Seattle,98115,0,2007,7,7,303.57142857142856
2014-07-03,399900.0,2.0,1.75,1410,1005,1.5,0,0,3,900,510,2011,,Issaquah,98029,0,2011,3,3,283.6170212765957
2014-07-03,1025000.0,4.0,3.5,4370,10860,2.0,0,0,3,4370,0,2008,,Renton,98059,0,2008,6,6,234.5537757437071
2014-07-03,2351956.0,4.0,4.25,5010,19412,2.0,0,1,3,4000,1010,2014,,Mercer Island,98040,0,2014,0,0,469.45229540918166
2014-07-03,519995.0,4.0,3.0,2590,6160,2.0,0,0,3,2590,0,2014,,Renton,98059,0,2014,0,0,200.77027027027026
2014-07-04,625000.0,3.0,1.5,1300,7200,1.0,0,0,5,1300,0,1960,,Kirkland,98033,0,1960,54,54,480.7692307692308
2014-07-04,600000.0,3.0,2.5,2320,7609,2.0,0,0,3,2320,0,2003,,Issaquah,98027,0,2003,11,11,258.62068965517244
2014-07-05,1200000.0,4.0,2.5,2700,4275,2.0,0,0,3,2700,0,2004,,Seattle,98115,0,2004,10,10,444.44444444444446
2014-07-05,1738000.0,4.0,2.25,2920,6513,2.0,0,0,4,2260,660,1937,,Seattle,98112,0,1937,77,77,595.2054794520548
2014-07-05,671000.0,4.0,3.0,3130,5700,1.5,0,0,3,1750,1380,1953,,Seattle,98115,0,1953,61,61,214.37699680511182
2014-07-05,459500.0,3.0,1.75,1470,4950,1.0,0,0,3,1030,440,1984,,Seattle,98133,0,1984,30,30,312.5850340136054
2014-07-05,499000.0,3.0,2.5,1540,1326,3.0,0,0,3,1390,150,1995,,Seattle,98119,0,1995,19,19,324.02597402597405
2014-07-06,1280000.0,4.0,2.5,3160,4620,1.5,0,4,3,2020,1140,1917,2005.0,Seattle,98116,1,2005,97,9,405.0632911392405
2014-07-06,395000.0,3.0,1.75,1480,7700,1.0,0,0,3,1480,0,1975,,Kirkland,98034,0,1975,39,39,266.8918918918919
2014-07-07,861990.0,5.0,2.75,3595,5639,2.0,0,0,3,3595,0,2014,,Redmond,98053,0,2014,0,0,239.77468706536857
2014-07-07,382500.0,2.0,1.0,1190,4440,1.0,0,0,3,1190,0,1981,,Seattle,98125,0,1981,33,33,321.42857142857144
2014-07-07,404950.0,4.0,2.25,2340,217014,1.0,0,0,4,2340,0,1982,,Auburn,98092,0,1982,32,32,173.05555555555554
2014-07-07,530000.0,3.0,1.75,1320,2500,1.0,0,0,3,870,450,1918,,Seattle,98105,0,1918,96,96,401.5151515151515
2014-07-07,195000.0,2.0,1.0,1190,27007,1.0,0,0,4,1190,0,1910,,Issaquah,98027,0,1910,104,104,163.8655462184874
2014-07-07,747500.0,4.0,2.25,2350,18600,2.0,0,0,4,2350,0,1977,,Kenmore,98028,0,1977,37,37,318.0851063829787
2014-07-07,199990.0,3.0,1.0,1100,8560,1.0,0,0,3,1100,0,1961,,Federal Way,98023,0,1961,53,53,181.8090909090909
2014-07-07,548800.0,4.0,1.0,1660,4704,1.5,0,0,3,1260,400,1930,,Seattle,98115,0,1930,84,84,330.6024096385542
2014-07-07,870000.0,4.0,3.0,3040,36246,1.5,0,0,3,2680,360,1923,2014.0,Sammamish,98074,1,2014,91,0,286.1842105263158
2014-07-07,588000.0,3.0,2.0,1860,4777,2.0,0,0,5,1860,0,1908,,Seattle,98115,0,1908,106,106,316.1290322580645
2014-07-07,775000.0,4.0,3.25,4100,241322,2.0,0,0,3,2500,1600,1981,,Woodinville,98072,0,1981,33,33,189.02439024390245
2014-07-07,670000.0,6.0,3.0,4050,36171,2.0,0,0,4,2620,1430,1970,,Issaquah,98027,0,1970,44,44,165.4320987654321
2014-07-07,445000.0,2.0,2.0,1240,2500,2.0,0,0,3,1240,0,1985,,Seattle,98117,0,1985,29,29,358.8709677419355
2014-07-07,300000.0,4.0,3.0,2200,10800,1.0,0,0,3,2200,0,1960,,Renton,98058,0,1960,54,54,136.36363636363637
2014-07-07,480000.0,3.0,2.25,1680,9090,1.0,0,0,4,1130,550,1959,,Bellevue,98008,0,1959,55,55,285.7142857142857
2014-07-07,300000.0,3.0,1.0,930,5160,1.5,0,0,5,930,0,1919,,Seattle,98106,0,1919,95,95,322.5806451612903
2014-07-07,360000.0,3.0,1.5,1800,22000,2.0,0,0,3,1800,0,1931,,Tukwila,98168,0,1931,83,83,200.0
2014-07-07,527000.0,6.0,3.5,3000,8401,1.0,0,0,3,1500,1500,1979,,Seattle,98125,0,1979,35,35,175.66666666666666
2014-07-07,875000.0,3.0,1.5,1820,12686,1.0,0,0,4,1820,0,1952,,Bellevue,98004,0,1952,62,62,480.7692307692308
2014-07-07,266000.0,4.0,2.25,1995,7102,2.0,0,0,4,1995,0,1981,,Federal Way,98023,0,1981,33,33,133.33333333333334
2014-07-07,866000.0,4.0,3.25,3990,9786,2.0,0,0,3,3990,0,2004,,Redmond,98053,0,2004,10,10,217.04260651629073
2014-07-07,335950.0,2.0,1.5,800,5192,1.0,0,0,5,800,0,1951,,Seattle,98146,0,1951,63,63,419.9375
2014-07-07,215000.0,3.0,1.0,960,9563,1.0,0,0,5,960,0,1967,,Federal Way,98023,0,1967,47,47,223.95833333333334
2014-07-07,481000.0,4.0,2.5,2286,8269,2.0,0,0,3,2286,0,2002,,Renton,98056,0,2002,12,12,210.41119860017497
2014-07-07,320000.0,3.0,1.75,2220,11646,1.0,0,0,3,1270,950,1950,,Kenmore,98028,0,1950,64,64,144.14414414414415
2014-07-07,295000.0,3.0,1.75,1940,7500,1.5,0,0,4,1940,0,1918,1985.0,Enumclaw,98022,1,1985,96,29,152.06185567010309
2014-07-07,295000.0,3.0,1.5,1640,7222,2.0,0,0,4,1640,0,1908,,Seattle,98108,0,1908,106,106,179.8780487804878
2014-07-07,320000.0,3.0,1.0,1120,10576,1.0,0,0,4,1120,0,1969,,Woodinville,98077,0,1969,45,45,285.7142857142857
2014-07-07,780000.0,4.0,2.0,2600,4800,1.0,0,2,3,1400,1200,1953,,Seattle,98119,0,1953,61,61,300.0
2014-07-07,437500.0,3.0,2.0,1490,4800,2.0,0,0,5,1490,0,1948,,Seattle,98117,0,1948,66,66,293.6241610738255
2014-07-07,443000.0,5.0,1.75,1650,3000,1.5,0,0,3,1650,0,1902,,Seattle,98144,0,1902,112,112,268.4848484848485
2014-07-07,575000.0,4.0,2.5,2400,6137,2.0,0,0,3,2400,0,1990,,Sammamish,98074,0,1990,24,24,239.58333333333334
2014-07-07,245000.0,2.0,1.0,1500,6685,1.0,0,0,3,1190,310,1926,,Seattle,98133,0,1926,88,88,163.33333333333334
2014-07-07,450000.0,3.0,2.5,1990,12793,2.0,0,0,3,1990,0,1993,,Kenmore,98028,0,1993,21,21,226.13065326633165
2014-07-07,536000.0,2.0,1.5,1130,746,2.0,0,0,3,1030,100,2009,,Seattle,98107,0,2009,5,5,474.3362831858407
2014-07-07,685000.0,3.0,3.25,2030,11070,2.0,0,0,4,2030,0,1980,,Redmond,98052,0,1980,34,34,337.4384236453202
2014-07-07,373000.0,4.0,1.75,1590,7920,2.0,0,0,4,1590,0,1960,,Shoreline,98133,0,1960,54,54,234.59119496855345
2014-07-07,450000.0,3.0,1.75,1480,8394,1.0,0,0,4,1480,0,1971,,Redmond,98052,0,1971,43,43,304.05405405405406
2014-07-07,645000.0,4.0,2.5,2690,18653,2.0,0,0,3,2690,0,1985,,Sammamish,98074,0,1985,29,29,239.77695167286245
2014-07-07,1275000.0,3.0,2.5,3870,46609,2.0,0,3,3,3870,0,1997,,Bellevue,98008,0,1997,17,17,329.4573643410853
2014-07-07,230000.0,3.0,1.0,1390,6000,1.0,0,0,3,1390,0,1954,,Renton,98056,0,1954,60,60,165.46762589928056
2014-07-07,593000.0,3.0,2.75,1830,1850,2.0,0,0,3,1690,140,2011,,Issaquah,98027,0,2011,3,3,324.04371584699453
2014-07-07,558000.0,2.0,2.0,1580,5750,1.0,0,0,5,790,790,1910,,Seattle,98116,0,1910,104,104,353.1645569620253
2014-07-07,538250.0,3.0,2.25,2590,15229,2.0,0,3,3,2590,0,1984,,Des Moines,98198,0,1984,30,30,207.81853281853282
2014-07-07,475000.0,5.0,2.5,2510,8050,1.0,0,0,4,1490,1020,1977,,Kirkland,98034,0,1977,37,37,189.24302788844622
2014-07-07,209950.0,3.0,1.5,1180,7300,1.0,0,0,4,1180,0,1968,,Auburn,98002,0,1968,46,46,177.92372881355934
2014-07-07,410000.0,3.0,2.25,1450,19206,2.0,0,0,3,1450,0,1989,,Sammamish,98074,0,1989,25,25,282.7586206896552
2014-07-07,1636000.0,3.0,2.5,3110,6765,2.0,0,1,4,2550,560,1946,,Seattle,98115,0,1946,68,68,526.0450160771704
2014-07-07,670000.0,5.0,2.5,2860,68519,2.0,0,0,5,2860,0,1958,,Snoqualmie,98065,0,1958,56,56,234.26573426573427
2014-07-07,821000.0,3.0,2.75,2760,8476,1.0,0,0,4,1690,1070,1967,,Mercer Island,98040,0,1967,47,47,297.463768115942
2014-07-07,665000.0,5.0,2.0,2800,17788,1.0,0,0,4,1400,1400,1963,,Kirkland,98033,0,1963,51,51,237.5
2014-07-07,339000.0,3.0,2.5,1450,3748,2.0,0,0,3,1450,0,2004,,Snoqualmie,98065,0,2004,10,10,233.79310344827587
2014-07-07,631500.0,4.0,2.0,2530,5650,1.5,0,0,4,1910,620,1910,,Seattle,98116,0,1910,104,104,249.60474308300394
2014-07-07,570000.0,3.0,2.0,1640,2808,1.0,0,3,4,820,820,1924,,Seattle,98144,0,1924,90,90,347.5609756097561
2014-07-07,437000.0,3.0,1.75,2220,17568,1.0,0,0,4,2220,0,1967,,Woodinville,98072,0,1967,47,47,196.84684684684686
2014-07-07,542500.0,3.0,2.5,2040,10086,2.0,0,0,3,2040,0,1987,,Redmond,98052,0,1987,27,27,265.9313725490196
2014-07-07,229500.0,3.0,1.0,1230,6000,1.0,0,0,4,1230,0,1967,,Auburn,98002,0,1967,47,47,186.58536585365854
2014-07-07,170500.0,2.0,1.0,1060,7700,1.0,0,0,3,820,240,1981,,Renton,98055,0,1981,33,33,160.8490566037736
2014-07-07,391500.0,3.0,2.5,1920,9625,2.0,0,0,3,1920,0,1993,,North Bend,98045,0,1993,21,21,203.90625
2014-07-07,296475.0,3.0,2.5,1520,4170,2.0,0,0,3,1520,0,2004,,Maple Valley,98038,0,2004,10,10,195.04934210526315
2014-07-07,1450000.0,4.0,3.25,3770,4103,2.0,0,0,5,2710,1060,1925,,Seattle,98109,0,1925,89,89,384.61538461538464
2014-07-07,888550.0,3.0,2.5,3540,38322,2.0,0,0,3,3540,0,1989,,Redmond,98053,0,1989,25,25,251.00282485875707
2014-07-07,1360000.0,4.0,3.0,5430,108900,2.0,0,0,4,5430,0,1987,,Redmond,98053,0,1987,27,27,250.46040515653775
2014-07-07,328000.0,3.0,2.0,2250,7904,1.5,0,0,3,2250,0,1998,,Auburn,98001,0,1998,16,16,145.77777777777777
2014-07-07,300000.0,4.0,2.5,2090,5195,2.0,0,0,3,2090,0,2007,,Kent,98031,0,2007,7,7,143.54066985645932
2014-07-07,500000.0,3.0,2.5,1720,3012,2.0,0,0,3,1720,0,2011,,Seattle,98133,0,2011,3,3,290.69767441860466
2014-07-07,494815.0,3.0,2.5,1910,2091,2.0,0,0,3,1910,0,2014,,Issaquah,98029,0,2014,0,0,259.065445026178
2014-07-07,378000.0,3.0,2.5,1601,2491,3.0,0,0,3,1536,65,2007,,Seattle,98125,0,2007,7,7,236.10243597751406
2014-07-07,505000.0,2.0,2.25,1060,1209,2.0,0,0,3,940,120,2006,,Seattle,98102,0,2006,8,8,476.41509433962267
2014-07-07,680000.0,4.0,2.75,2330,3920,2.0,0,0,3,2330,0,2005,,Issaquah,98029,0,2005,9,9,291.84549356223175
2014-07-07,351999.0,3.0,2.5,2370,4200,2.0,0,0,3,2370,0,2014,,Maple Valley,98038,0,2014,0,0,148.52278481012658
2014-07-07,510000.0,3.0,2.5,1420,1237,3.0,0,0,3,1420,0,2014,,Seattle,98107,0,2014,0,0,359.15492957746477
2014-07-07,1300000.0,4.0,2.25,2360,4000,2.0,0,0,3,2360,0,2013,,Seattle,98112,0,2013,1,1,550.8474576271186
2014-07-07,374000.0,2.0,1.5,1260,1575,2.0,0,0,3,1260,0,2001,,Seattle,98144,0,2001,13,13,296.8253968253968
2014-07-07,509900.0,3.0,2.5,3030,9053,2.0,0,0,3,3030,0,2009,,Renton,98059,0,2009,5,5,168.2838283828383
2014-07-07,230000.0,3.0,1.75,1140,1201,2.0,0,0,3,1140,0,2014,,Seattle,98108,0,2014,0,0,201.75438596491227
2014-07-08,527700.0,5.0,2.5,2820,9375,1.0,0,0,4,1550,1270,1968,,Bellevue,98006,0,1968,46,46,187.12765957446808
2014-07-08,438000.0,2.0,2.0,1270,1372,3.0,0,0,3,1270,0,2000,,Seattle,98115,0,2000,14,14,344.88188976377955
2014-07-08,900000.0,3.0,2.5,3180,12600,2.0,0,0,4,3180,0,1978,,Sammamish,98074,0,1978,36,36,283.0188679245283
2014-07-08,1131000.0,3.0,2.25,2790,13791,1.0,0,3,3,2790,0,2006,,Normandy Park,98166,0,2006,8,8,405.3763440860215
2014-07-08,439000.0,4.0,2.25,2570,9503,2.0,0,0,3,2570,0,1980,,Bothell,98011,0,1980,34,34,170.8171206225681
2014-07-08,315000.0,2.0,1.0,1080,2674,1.0,0,0,4,720,360,1919,,Seattle,98108,0,1919,95,95,291.6666666666667
2014-07-08,765000.0,4.0,4.0,3010,7221,2.0,0,0,3,3010,0,2004,,Sammamish,98075,0,2004,10,10,254.15282392026577
2014-07-08,332000.0,3.0,2.25,2120,14915,1.0,0,0,3,1720,400,1979,,Auburn,98001,0,1979,35,35,156.60377358490567
2014-07-08,600000.0,3.0,2.25,1900,46609,1.5,0,0,4,1440,460,1969,,Woodinville,98072,0,1969,45,45,315.7894736842105
2014-07-08,378500.0,3.0,2.5,2860,43821,2.0,0,0,4,2860,0,1990,,Auburn,98092,0,1990,24,24,132.34265734265733
2014-07-08,190000.0,3.0,1.0,910,10575,1.0,0,0,4,910,0,1968,,Federal Way,98003,0,1968,46,46,208.7912087912088
2014-07-08,645000.0,4.0,2.5,2850,37522,2.0,0,0,3,2850,0,1987,,Sammamish,98075,0,1987,27,27,226.31578947368422
2014-07-08,780000.0,2.0,2.5,2560,2500,2.0,0,0,5,1690,870,1901,,Seattle,98112,0,1901,113,113,304.6875
2014-07-08,370000.0,3.0,1.75,1570,16817,2.0,0,0,3,1570,0,1982,,North Bend,98045,0,1982,32,32,235.6687898089172
2014-07-08,875000.0,4.0,3.5,3110,108464,2.0,0,2,4,3110,0,1979,,Sammamish,98075,0,1979,35,35,281.3504823151125
2014-07-08,1049000.0,4.0,3.75,4740,126759,2.0,0,0,4,4740,0,1991,,Issaquah,98027,0,1991,23,23,221.30801687763713
2014-07-08,479000.0,3.0,1.0,1340,13750,1.0,0,0,4,1340,0,1955,,Bellevue,98006,0,1955,59,59,357.46268656716416
2014-07-08,245000.0,4.0,2.25,2600,6390,1.0,0,0,3,1390,1210,1978,,Federal Way,98023,0,1978,36,36,94.23076923076923
2014-07-08,542000.0,3.0,1.75,1070,8030,1.0,0,0,3,1070,0,1966,2014.0,Redmond,98052,1,2014,48,0,506.5420560747664
2014-07-08,557500.0,3.0,2.25,1820,9670,2.0,0,0,3,1820,0,1984,,Redmond,98052,0,1984,30,30,306.31868131868134
2014-07-08,480000.0,2.0,1.0,1060,3040,1.0,0,0,3,860,200,1924,,Seattle,98103,0,1924,90,90,452.8301886792453
2014-07-08,330000.0,3.0,2.25,2220,4060,1.0,0,0,3,1330,890,1993,,Seattle,98118,0,1993,21,21,148.64864864864865
2014-07-08,160000.0,3.0,1.0,1350,8700,1.5,0,0,3,1350,0,1942,,SeaTac,98188,0,1942,72,72,118.51851851851852
2014-07-08,695500.0,5.0,2.75,2510,9180,1.0,0,1,4,1600,910,1975,,Redmond,98052,0,1975,39,39,277.0916334661355
2014-07-08,235500.0,5.0,2.5,2340,13713,1.0,0,0,2,1670,670,1967,,Federal Way,98003,0,1967,47,47,100.64102564102564
2014-07-08,326500.0,3.0,1.0,1060,7920,1.0,0,0,4,1060,0,1968,,Seattle,98106,0,1968,46,46,308.0188679245283
2014-07-08,300000.0,4.0,2.5,2200,8065,2.0,0,0,3,2200,0,1998,,Kent,98031,0,1998,16,16,136.36363636363637
2014-07-08,267000.0,3.0,1.0,1400,8100,1.5,0,0,3,1400,0,1944,,Seattle,98125,0,1944,70,70,190.71428571428572
2014-07-08,292600.0,3.0,1.5,1520,7123,1.0,0,0,4,1520,0,1959,,Renton,98056,0,1959,55,55,192.5
2014-07-08,362000.0,5.0,3.0,1810,3000,2.0,0,0,3,1810,0,1998,,Seattle,98118,0,1998,16,16,200.0
2014-07-08,1087500.0,2.0,2.0,2360,11340,1.5,0,0,3,2360,0,1997,,Mercer Island,98040,0,1997,17,17,460.8050847457627
2014-07-08,357562.0,2.0,1.75,1210,1032,2.0,0,0,3,1210,0,2014,,Issaquah,98029,0,2014,0,0,295.5057851239669
2014-07-08,789900.0,3.0,2.5,3420,25150,1.0,0,0,4,1750,1670,1987,,Bellevue,98006,0,1987,27,27,230.96491228070175
2014-07-08,513000.0,3.0,2.5,1810,4592,2.0,0,0,3,1810,0,1992,,Issaquah,98029,0,1992,22,22,283.42541436464086
2014-07-08,336000.0,3.0,2.25,2760,10160,1.0,0,0,3,2760,0,1969,,Renton,98058,0,1969,45,45,121.73913043478261
2014-07-08,560000.0,4.0,2.25,1950,9800,1.0,0,0,3,1330,620,1968,,Kirkland,98033,0,1968,46,46,287.1794871794872
2014-07-08,1150000.0,3.0,2.5,3830,48743,2.0,0,0,3,3830,0,1991,,Bellevue,98006,0,1991,23,23,300.2610966057441
2014-07-08,410000.0,4.0,2.25,2060,7283,1.0,0,0,3,1220,840,1963,2013.0,Shoreline,98155,1,2013,51,1,199.02912621359224
2014-07-08,371500.0,3.0,1.0,1650,6400,1.0,0,0,4,980,670,1954,,Seattle,98106,0,1954,60,60,225.15151515151516
2014-07-08,368000.0,4.0,1.75,2100,11942,1.0,0,0,3,1030,1070,1964,,Seattle,98106,0,1964,50,50,175.23809523809524
2014-07-08,650000.0,4.0,3.0,3720,57499,1.0,0,0,3,1880,1840,2003,,Carnation,98014,0,2003,11,11,174.7311827956989
2014-07-08,308950.0,4.0,2.5,1920,8562,2.0,0,2,4,1920,0,1994,,Enumclaw,98022,0,1994,20,20,160.91145833333334
2014-07-08,440000.0,3.0,2.0,1860,217800,2.0,0,2,3,1860,0,1998,,Renton,98059,0,1998,16,16,236.55913978494624
2014-07-08,630000.0,2.0,2.5,2290,3507,2.0,0,0,3,2290,0,2005,,Issaquah,98029,0,2005,9,9,275.10917030567686
2014-07-08,228950.0,3.0,1.75,1200,9085,1.0,0,0,4,1200,0,1968,,Federal Way,98023,0,1968,46,46,190.79166666666666
2014-07-08,782000.0,4.0,3.5,5270,53428,2.0,0,0,3,3440,1830,2004,,Renton,98058,0,2004,10,10,148.38709677419354
2014-07-08,245000.0,3.0,2.5,1600,2788,2.0,0,0,4,1600,0,1992,,Kent,98031,0,1992,22,22,153.125
2014-07-08,410000.0,4.0,2.5,2560,4020,2.0,0,0,3,2560,0,2006,,Maple Valley,98038,0,2006,8,8,160.15625
2014-07-08,427550.0,2.0,1.0,880,4000,1.0,0,0,3,880,0,1940,,Seattle,98117,0,1940,74,74,485.85227272727275
2014-07-08,235000.0,2.0,1.0,1020,7920,1.0,0,0,3,1020,0,1939,,Seattle,98108,0,1939,75,75,230.3921568627451
2014-07-08,210000.0,3.0,2.0,960,9380,1.0,0,0,3,960,0,1949,,Seattle,98146,0,1949,65,65,218.75
2014-07-08,485000.0,4.0,2.25,1900,7200,1.0,0,0,3,1370,530,1977,,Seattle,98146,0,1977,37,37,255.26315789473685
2014-07-08,410000.0,3.0,2.0,1320,6000,1.5,0,0,4,1320,0,1920,,Seattle,98144,0,1920,94,94,310.6060606060606
2014-07-08,435000.0,4.0,2.75,2230,9640,1.0,0,0,3,1320,910,1998,,Seattle,98125,0,1998,16,16,195.06726457399103
2014-07-08,300000.0,3.0,1.0,1150,7314,1.0,0,0,3,1150,0,1960,,Bellevue,98008,0,1960,54,54,260.8695652173913
2014-07-08,455000.0,4.0,3.5,3440,6000,2.0,0,0,4,3440,0,2002,,Normandy Park,98198,0,2002,12,12,132.2674418604651
2014-07-08,210000.0,3.0,1.0,1070,8179,1.0,0,0,3,1070,0,1949,,Seattle,98146,0,1949,65,65,196.26168224299064
2014-07-08,1050000.0,4.0,2.75,2250,3433,1.5,0,0,3,1500,750,1927,2013.0,Seattle,98112,1,2013,87,1,466.6666666666667
2014-07-08,458400.0,4.0,2.5,1910,10300,1.0,0,0,3,1910,0,1921,1968.0,Shoreline,98177,1,1968,93,46,240.0
2014-07-08,390000.0,3.0,1.75,1180,16552,1.0,0,0,4,1180,0,1967,,Woodinville,98072,0,1967,47,47,330.50847457627117
2014-07-08,148226.0,3.0,1.0,1400,7360,1.0,0,0,4,1400,0,1968,,Auburn,98092,0,1968,46,46,105.87571428571428
2014-07-08,711600.0,4.0,3.0,3580,9316,2.5,0,0,3,2370,1210,1991,,Bellevue,98007,0,1991,23,23,198.7709497206704
2014-07-08,819000.0,3.0,2.75,3176,13391,2.0,0,3,4,2726,450,1985,,Federal Way,98003,0,1985,29,29,257.8715365239295
2014-07-08,613000.0,2.0,2.0,1170,1890,1.5,0,1,4,1170,0,1927,,Seattle,98119,0,1927,87,87,523.9316239316239
2014-07-08,592350.0,2.0,2.0,1570,4665,1.0,0,0,3,1570,0,2006,,Redmond,98053,0,2006,8,8,377.2929936305732
2014-07-08,232000.0,3.0,1.5,1460,15000,1.0,0,0,3,1460,0,1966,,Auburn,98001,0,1966,48,48,158.9041095890411
2014-07-08,250000.0,3.0,1.75,1140,10400,1.0,0,0,4,1140,0,1983,,Milton,98354,0,1983,31,31,219.2982456140351
2014-07-08,115000.0,1.0,2.0,1150,9812,1.0,0,0,4,1150,0,1962,,Auburn,98001,0,1962,52,52,100.0
2014-07-08,1115000.0,4.0,2.5,3180,31931,1.0,0,0,4,2390,790,1978,,Bellevue,98007,0,1978,36,36,350.62893081761007
2014-07-08,585000.0,4.0,2.5,2630,6185,2.0,0,0,3,2630,0,1999,,Renton,98056,0,1999,15,15,222.43346007604563
2014-07-08,580000.0,3.0,2.25,1940,5980,1.0,0,0,3,1520,420,1987,,Issaquah,98027,0,1987,27,27,298.96907216494844
2014-07-08,165000.0,1.0,1.0,850,8050,1.0,0,0,2,850,0,1906,,Seattle,98118,0,1906,108,108,194.11764705882354
2014-07-08,430000.0,3.0,2.0,1550,6039,1.0,0,0,5,830,720,1942,,Seattle,98126,0,1942,72,72,277.4193548387097
2014-07-08,383000.0,3.0,2.25,2090,15000,1.0,0,0,3,2090,0,1961,,North Bend,98045,0,1961,53,53,183.25358851674642
2014-07-08,1195000.0,4.0,3.5,3960,6654,2.0,0,0,3,2850,1110,2006,,Seattle,98199,0,2006,8,8,301.7676767676768
2014-07-08,201500.0,3.0,1.0,1320,5000,1.5,0,0,3,1320,0,1912,,Seattle,98116,0,1912,102,102,152.65151515151516
2014-07-08,690000.0,4.0,2.5,3220,35400,2.0,0,0,3,3220,0,1991,,Woodinville,98072,0,1991,23,23,214.28571428571428
2014-07-08,325000.0,2.0,1.0,800,7260,1.0,0,0,3,800,0,1953,,Seattle,98126,0,1953,61,61,406.25
2014-07-08,375000.0,3.0,1.75,1660,9673,1.0,0,0,3,1130,530,1976,,Woodinville,98072,0,1976,38,38,225.90361445783134
2014-07-08,600000.0,4.0,2.5,2250,11370,2.0,0,0,3,2250,0,1991,,Kirkland,98034,0,1991,23,23,266.6666666666667
2014-07-08,340000.0,3.0,2.25,2120,13090,1.0,0,0,3,2120,0,1997,,Auburn,98002,0,1997,17,17,160.37735849056602
2014-07-08,890000.0,4.0,2.75,2310,4020,3.0,0,0,5,2310,0,1979,,Seattle,98122,0,1979,35,35,385.28138528138527
2014-07-08,415000.0,4.0,1.75,1920,7700,2.0,0,0,4,1920,0,1970,,Newcastle,98056,0,1970,44,44,216.14583333333334
2014-07-08,255000.0,3.0,1.75,1550,9720,1.0,0,0,3,1050,500,1976,,Black Diamond,98010,0,1976,38,38,164.51612903225808
2014-07-08,530000.0,2.0,2.5,1785,779,2.0,0,0,3,1595,190,1975,,Bellevue,98004,0,1975,39,39,296.9187675070028
2014-07-08,468000.0,3.0,1.5,1830,9848,1.0,0,0,5,1830,0,1962,,Newcastle,98056,0,1962,52,52,255.7377049180328
2014-07-08,970000.0,5.0,2.75,3500,5040,2.0,0,2,3,2950,550,1927,2007.0,Seattle,98126,1,2007,87,7,277.14285714285717
2014-07-08,599000.0,3.0,2.0,2560,14680,1.0,0,0,3,1330,1230,1987,,Redmond,98052,0,1987,27,27,233.984375
2014-07-08,399500.0,4.0,1.75,1360,4840,1.5,0,0,4,1360,0,1928,,Seattle,98126,0,1928,86,86,293.75
2014-07-08,2458000.0,4.0,5.25,6500,14986,2.0,0,0,3,5180,1320,2001,,Medina,98039,0,2001,13,13,378.15384615384613
2014-07-08,1205000.0,4.0,3.5,3150,5500,2.0,0,0,3,3150,0,2014,,Seattle,98105,0,2014,0,0,382.53968253968253
2014-07-08,325000.0,2.0,1.0,810,4080,1.0,0,0,4,810,0,1941,,Seattle,98126,0,1941,73,73,401.2345679012346
2014-07-08,1135250.0,5.0,4.0,7320,217800,2.0,0,0,3,7320,0,1992,,Renton,98058,0,1992,22,22,155.08879781420765
2014-07-08,568000.0,4.0,1.75,2790,17476,1.0,0,2,3,1450,1340,1956,,Burien,98166,0,1956,58,58,203.584229390681
2014-07-08,517000.0,2.0,1.5,1920,3408,1.0,0,0,4,960,960,1912,,Seattle,98122,0,1912,102,102,269.2708333333333
2014-07-08,469950.0,4.0,2.75,2530,14178,2.0,0,0,3,2530,0,1997,,Duvall,98019,0,1997,17,17,185.7509881422925
2014-07-08,1675000.0,3.0,2.5,3490,8343,2.0,1,4,4,2150,1340,1939,1991.0,Seattle,98125,1,1991,75,23,479.9426934097421
2014-07-08,2180000.0,6.0,2.75,4710,11000,2.0,0,3,3,3690,1020,1931,,Seattle,98105,0,1931,83,83,462.84501061571126
2014-07-08,623000.0,3.0,1.75,2050,16313,1.0,0,0,2,2050,0,1973,,Mercer Island,98040,0,1973,41,41,303.9024390243902
2014-07-08,720000.0,4.0,2.25,2410,8400,2.0,0,0,5,2410,0,1965,,Bellevue,98008,0,1965,49,49,298.7551867219917
2014-07-08,205000.0,3.0,1.0,1180,8240,1.0,0,0,4,1180,0,1967,,Federal Way,98003,0,1967,47,47,173.72881355932202
2014-07-08,148000.0,2.0,1.0,630,4200,1.0,0,0,3,630,0,1930,,Seattle,98106,0,1930,84,84,234.9206349206349
2014-07-08,950000.0,3.0,2.5,3480,7800,1.0,0,0,4,1750,1730,1941,1998.0,Seattle,98177,1,1998,73,16,272.98850574712645
2014-07-08,405000.0,3.0,1.5,1010,7683,1.5,0,0,5,1010,0,1953,,Seattle,98125,0,1953,61,61,400.990099009901
2014-07-08,293000.0,3.0,2.25,1910,3481,2.0,0,0,3,1910,0,2009,,Kent,98031,0,2009,5,5,153.40314136125656
2014-07-08,550000.0,3.0,3.5,2490,3582,2.0,0,0,3,1720,770,2005,,Issaquah,98027,0,2005,9,9,220.8835341365462
2014-07-08,435000.0,4.0,2.5,2150,3143,2.0,0,0,3,2150,0,2010,,Renton,98059,0,2010,4,4,202.32558139534885
2014-07-08,355000.0,4.0,2.75,3000,5470,2.0,0,0,3,3000,0,2005,,Maple Valley,98038,0,2005,9,9,118.33333333333333
2014-07-08,673000.0,3.0,2.75,2830,3496,2.0,0,0,3,2830,0,2012,,Issaquah,98029,0,2012,2,2,237.80918727915196
2014-07-08,449990.0,4.0,2.5,2680,5539,2.0,0,0,3,2680,0,2013,,North Bend,98045,0,2013,1,1,167.90671641791045
2014-07-08,249000.0,2.0,1.5,1090,2686,2.0,0,0,3,1090,0,1982,,Kirkland,98034,0,1982,32,32,228.44036697247705
2014-07-08,380000.0,4.0,2.5,1984,32400,1.0,0,0,3,1564,420,1962,,Des Moines,98198,0,1962,52,52,191.53225806451613
2014-07-08,760005.0,4.0,2.75,3090,5859,2.0,0,0,3,3090,0,2010,,Sammamish,98074,0,2010,4,4,245.95631067961165
2014-07-08,674600.0,4.0,2.5,2610,5140,2.0,0,0,3,2610,0,2006,,Seattle,98103,0,2006,8,8,258.46743295019155
2014-07-08,812000.0,4.0,3.5,3370,3634,2.0,0,0,3,2750,620,2007,,Issaquah,98029,0,2007,7,7,240.94955489614244
2014-07-08,333490.0,4.0,2.5,2250,3916,2.0,0,0,3,2250,0,2014,,Auburn,98092,0,2014,0,0,148.21777777777777
2014-07-08,320000.0,3.0,3.25,1450,1387,2.0,0,0,3,1180,270,2013,,Seattle,98106,0,2013,1,1,220.68965517241378
2014-07-08,999000.0,4.0,2.5,3130,10849,2.0,0,0,3,3130,0,2013,,Kirkland,98033,0,2013,1,1,319.1693290734824
2014-07-08,810000.0,2.0,2.75,2700,8572,1.0,0,0,3,2700,0,2007,,Redmond,98053,0,2007,7,7,300.0
2014-07-09,399950.0,5.0,2.75,1970,5400,1.0,0,0,3,1320,650,1986,,Seattle,98144,0,1986,28,28,203.0203045685279
2014-07-09,550000.0,3.0,2.0,1970,4166,2.0,0,3,5,1270,700,1929,,Seattle,98126,0,1929,85,85,279.18781725888323
2014-07-09,290000.0,3.0,1.5,1950,15954,1.0,0,0,4,1950,0,1959,,Federal Way,98003,0,1959,55,55,148.71794871794873
2014-07-09,232500.0,3.0,1.5,1940,9887,1.0,0,0,4,1140,800,1969,,Federal Way,98003,0,1969,45,45,119.84536082474227
2014-07-09,1355000.0,4.0,3.5,3550,11000,1.0,0,2,3,2260,1290,1999,,Bellevue,98006,0,1999,15,15,381.6901408450704
2014-07-09,565000.0,3.0,2.5,2500,7394,2.0,0,0,3,2500,0,1990,,Woodinville,98072,0,1990,24,24,226.0
2014-07-09,749950.0,4.0,2.75,2910,18700,1.0,0,0,3,2210,700,1957,1995.0,Shoreline,98177,1,1995,57,19,257.7147766323024
2014-07-09,720500.0,4.0,2.5,3350,35298,2.0,0,0,4,3350,0,1985,,Redmond,98053,0,1985,29,29,215.07462686567163
2014-07-09,507000.0,3.0,1.75,2140,40098,1.0,0,0,5,1490,650,1950,,Renton,98058,0,1950,64,64,236.9158878504673
2014-07-09,989000.0,5.0,4.5,4030,13474,2.0,0,0,3,4030,0,2000,,Sammamish,98075,0,2000,14,14,245.40942928039703
2014-07-09,463000.0,4.0,2.5,1980,6660,2.0,0,0,4,1980,0,1974,,Kirkland,98034,0,1974,40,40,233.83838383838383
2014-07-09,310000.0,3.0,1.5,1460,9908,1.0,0,0,3,1460,0,1952,,Des Moines,98148,0,1952,62,62,212.32876712328766
2014-07-09,284000.0,4.0,1.75,1880,8800,1.0,0,0,3,1130,750,1960,,Seattle,98168,0,1960,54,54,151.06382978723406
2014-07-09,737500.0,3.0,1.75,2320,10900,2.0,0,0,3,2320,0,1935,1974.0,Seattle,98115,1,1974,79,40,317.88793103448273
2014-07-09,569000.0,3.0,3.25,2220,8227,1.5,0,0,5,1770,450,1929,,Seattle,98108,0,1929,85,85,256.3063063063063
2014-07-09,700000.0,3.0,1.0,1410,7200,2.0,0,0,4,1410,0,1901,,Seattle,98144,0,1901,113,113,496.45390070921985
2014-07-09,660000.0,3.0,1.0,1240,3500,1.0,0,0,4,1240,0,1927,,Seattle,98103,0,1927,87,87,532.258064516129
2014-07-09,275000.0,4.0,2.0,2030,8426,2.0,0,0,3,2030,0,1944,,Tukwila,98168,0,1944,70,70,135.4679802955665
2014-07-09,570000.0,6.0,3.75,4000,6015,2.0,0,2,3,3080,920,2004,,Renton,98058,0,2004,10,10,142.5
2014-07-09,150000.0,3.0,0.75,490,38500,1.5,0,0,4,490,0,1959,,Skykomish,98288,0,1959,55,55,306.1224489795918
2014-07-09,356000.0,3.0,2.5,1590,3411,2.0,0,0,3,1590,0,2000,,Snoqualmie,98065,0,2000,14,14,223.8993710691824
2014-07-09,610000.0,3.0,2.5,2630,5827,2.0,0,0,3,2630,0,2001,,Redmond,98053,0,2001,13,13,231.93916349809885
2014-07-09,498800.0,2.0,1.75,1350,4614,1.0,0,0,3,1350,0,2008,,Redmond,98053,0,2008,6,6,369.48148148148147
2014-07-09,226550.0,3.0,1.0,990,4440,1.0,0,0,3,990,0,1943,,Seattle,98106,0,1943,71,71,228.83838383838383
2014-07-09,692500.0,4.0,2.75,3710,7984,2.0,0,0,3,3710,0,1999,,Snoqualmie,98065,0,1999,15,15,186.6576819407008
2014-07-09,250000.0,3.0,1.0,990,8062,1.0,0,0,4,990,0,1960,,Des Moines,98198,0,1960,54,54,252.5252525252525
2014-07-09,660000.0,4.0,2.5,2510,4543,2.0,0,0,3,2510,0,2002,,Sammamish,98075,0,2002,12,12,262.9482071713147
2014-07-09,295000.0,2.0,1.0,800,6500,1.0,0,0,4,800,0,1953,,Shoreline,98133,0,1953,61,61,368.75
2014-07-09,154950.0,4.0,1.0,1600,10183,1.0,0,0,4,1600,0,1966,,Auburn,98002,0,1966,48,48,96.84375
2014-07-09,409124.0,5.0,3.25,3320,11340,2.0,0,0,4,2480,840,1999,,Kent,98042,0,1999,15,15,123.23012048192771
2014-07-09,287000.0,5.0,1.5,1730,9230,1.0,0,0,3,1010,720,1962,,Renton,98058,0,1962,52,52,165.89595375722544
2014-07-09,810000.0,4.0,1.75,2000,3988,1.0,0,4,4,1000,1000,1958,,Seattle,98116,0,1958,56,56,405.0
2014-07-09,525000.0,4.0,2.75,2910,6308,1.0,0,0,3,1640,1270,1985,,Bothell,98011,0,1985,29,29,180.41237113402062
2014-07-09,525000.0,4.0,1.75,1710,10440,1.0,0,0,4,1710,0,1955,,Bellevue,98006,0,1955,59,59,307.0175438596491
2014-07-09,275000.0,3.0,1.0,1200,7800,1.0,0,0,4,1200,0,1954,,Seattle,98126,0,1954,60,60,229.16666666666666
2014-07-09,583000.0,3.0,2.5,2600,5100,2.0,0,1,3,2600,0,1998,,Renton,98056,0,1998,16,16,224.23076923076923
2014-07-09,237950.0,2.0,1.75,1460,7926,1.0,0,0,4,1460,0,1987,,Covington,98042,0,1987,27,27,162.9794520547945
2014-07-09,1065000.0,4.0,3.75,4260,9800,2.0,0,0,3,4260,0,2008,,Kirkland,98033,0,2008,6,6,250.0
2014-07-09,679000.0,4.0,2.75,2100,4480,1.5,0,0,4,1780,320,1928,,Seattle,98105,0,1928,86,86,323.3333333333333
2014-07-09,1465000.0,6.0,4.5,4230,6420,2.0,0,3,4,2360,1870,1916,,Seattle,98119,0,1916,98,98,346.3356973995272
2014-07-09,410000.0,3.0,1.75,1660,6250,1.0,0,0,3,830,830,1980,,Seattle,98116,0,1980,34,34,246.9879518072289
2014-07-09,306000.0,3.0,1.0,1450,7200,1.0,0,0,3,1010,440,1969,,Kirkland,98034,0,1969,45,45,211.0344827586207
2014-07-09,215000.0,4.0,1.5,1860,5040,1.5,0,0,5,1860,0,1920,,Enumclaw,98022,0,1920,94,94,115.59139784946237
2014-07-09,594950.0,4.0,2.5,2720,10006,2.0,0,0,3,2720,0,1989,,Sammamish,98074,0,1989,25,25,218.7316176470588
2014-07-09,1250000.0,4.0,2.5,2920,5500,1.0,0,3,3,2030,890,1957,,Seattle,98199,0,1957,57,57,428.0821917808219
2014-07-09,305000.0,3.0,1.5,1800,12196,1.0,0,0,4,1800,0,1966,,Federal Way,98023,0,1966,48,48,169.44444444444446
2014-07-09,425000.0,2.0,1.0,1320,8830,1.0,0,0,3,1020,300,1939,,Seattle,98199,0,1939,75,75,321.969696969697
2014-07-09,215000.0,3.0,1.75,1770,29004,1.0,0,0,3,1770,0,1959,,Federal Way,98023,0,1959,55,55,121.46892655367232
2014-07-09,480000.0,5.0,2.75,2550,7725,1.0,0,0,5,1390,1160,1967,,Newcastle,98056,0,1967,47,47,188.23529411764707
2014-07-09,550000.0,4.0,1.75,2150,9000,1.0,0,0,4,1110,1040,1966,,Redmond,98052,0,1966,48,48,255.8139534883721
2014-07-09,750000.0,4.0,2.5,3020,7465,2.0,0,0,3,3020,0,2004,,Sammamish,98075,0,2004,10,10,248.34437086092714
2014-07-09,137124.0,3.0,1.0,960,27442,1.0,0,0,4,960,0,1970,,Renton,98058,0,1970,44,44,142.8375
2014-07-09,840000.0,3.0,2.0,2783,11177,2.0,0,0,3,2783,0,1910,1999.0,Seattle,98126,1,1999,104,15,301.8325547969817
2014-07-09,624800.0,3.0,2.0,2250,14274,1.0,0,0,4,1500,750,1964,,Mercer Island,98040,0,1964,50,50,277.68888888888887
2014-07-09,630000.0,3.0,1.75,1710,8767,1.0,0,0,4,1710,0,1986,,Kirkland,98033,0,1986,28,28,368.42105263157896
2014-07-09,590000.0,3.0,2.5,2650,9380,1.0,0,0,5,1680,970,1975,,Lake Forest Park,98155,0,1975,39,39,222.64150943396226
2014-07-09,599950.0,3.0,3.25,1830,1804,3.0,0,0,3,1830,0,2014,,Seattle,98117,0,2014,0,0,327.8415300546448
2014-07-09,299880.0,3.0,2.5,1460,3044,2.0,0,0,3,1460,0,2000,,Seattle,98108,0,2000,14,14,205.3972602739726
2014-07-09,400000.0,3.0,2.0,1760,6875,1.0,0,0,4,1760,0,1967,,Woodinville,98072,0,1967,47,47,227.27272727272728
2014-07-09,560000.0,3.0,2.5,1960,6058,2.0,0,0,3,1960,0,2002,,Sammamish,98074,0,2002,12,12,285.7142857142857
2014-07-09,229000.0,4.0,2.25,2010,7688,1.0,0,0,3,1170,840,1979,,Federal Way,98023,0,1979,35,35,113.93034825870647
2014-07-09,525000.0,4.0,2.5,3670,9958,2.0,0,0,3,3670,0,2005,,Renton,98058,0,2005,9,9,143.05177111716623
2014-07-09,737000.0,2.0,2.25,2290,9772,1.0,0,0,3,2290,0,2007,,Redmond,98053,0,2007,7,7,321.8340611353712
2014-07-09,680000.0,3.0,2.0,1780,5720,1.0,0,0,5,980,800,1925,,Seattle,98103,0,1925,89,89,382.02247191011236
2014-07-09,635000.0,4.0,2.5,3080,35430,2.0,0,0,3,3080,0,1997,,Redmond,98053,0,1997,17,17,206.16883116883116
2014-07-09,740000.0,4.0,2.5,3360,15091,2.0,0,0,3,3360,0,1997,,Redmond,98052,0,1997,17,17,220.23809523809524
2014-07-09,335500.0,3.0,1.0,1370,6780,2.0,0,0,3,1370,0,1930,,Seattle,98125,0,1930,84,84,244.8905109489051
2014-07-09,270000.0,4.0,2.5,1660,8063,1.0,0,0,4,1660,0,1978,,Des Moines,98198,0,1978,36,36,162.65060240963857
2014-07-09,1037000.0,4.0,3.5,4440,10660,2.0,0,0,3,4440,0,2003,,Newcastle,98059,0,2003,11,11,233.55855855855856
2014-07-09,450000.0,5.0,2.5,2850,209523,1.0,0,0,4,1930,920,1925,1968.0,Renton,98058,1,1968,89,46,157.89473684210526
2014-07-09,379000.0,3.0,2.5,1530,2913,2.0,0,0,4,1530,0,1986,,Kirkland,98033,0,1986,28,28,247.71241830065358
2014-07-09,468000.0,4.0,2.5,2100,8400,1.0,0,0,4,1240,860,1976,,Woodinville,98072,0,1976,38,38,222.85714285714286
2014-07-09,321500.0,1.0,1.0,730,1942,1.0,0,0,3,730,0,2008,,Seattle,98144,0,2008,6,6,440.4109589041096
2014-07-09,443000.0,3.0,2.25,1920,8223,2.0,0,0,4,1920,0,1989,,Bothell,98011,0,1989,25,25,230.72916666666666
2014-07-09,340000.0,3.0,1.0,1600,7324,1.0,0,0,4,1600,0,1958,,Renton,98056,0,1958,56,56,212.5
2014-07-09,470000.0,4.0,2.25,2380,17199,2.0,0,0,3,1530,850,1979,,Kenmore,98028,0,1979,35,35,197.47899159663865
2014-07-09,545000.0,3.0,2.5,2760,17377,2.0,0,0,3,2760,0,2002,,Renton,98056,0,2002,12,12,197.46376811594203
2014-07-09,415000.0,4.0,1.5,1840,11367,1.5,0,0,4,1840,0,1950,,Shoreline,98177,0,1950,64,64,225.54347826086956
2014-07-09,599000.0,7.0,2.5,2580,5750,1.0,0,0,4,1880,700,1901,,Seattle,98122,0,1901,113,113,232.1705426356589
2014-07-09,759000.0,4.0,1.75,2100,4750,1.0,0,0,3,1340,760,1975,,Seattle,98103,0,1975,39,39,361.42857142857144
2014-07-09,300000.0,4.0,1.75,1820,5015,1.0,0,0,4,1190,630,1926,,Seattle,98108,0,1926,88,88,164.83516483516485
2014-07-09,1681000.0,5.0,5.25,4830,18707,2.0,0,1,5,3930,900,1952,1998.0,Mercer Island,98040,1,1998,62,16,348.03312629399585
2014-07-09,359000.0,3.0,1.5,1550,4980,1.0,0,0,3,1080,470,1978,,Seattle,98133,0,1978,36,36,231.61290322580646
2014-07-09,550000.0,4.0,1.0,1440,3600,1.5,0,0,4,1440,0,1924,,Seattle,98116,0,1924,90,90,381.94444444444446
2014-07-09,395000.0,2.0,1.0,930,6380,1.0,0,0,4,930,0,1940,,Seattle,98115,0,1940,74,74,424.73118279569894
2014-07-09,486000.0,4.0,2.5,3560,12047,2.0,0,0,3,3560,0,1988,,Federal Way,98023,0,1988,26,26,136.51685393258427
2014-07-09,187000.0,2.0,1.0,840,11600,1.0,0,0,3,840,0,1952,,Burien,98168,0,1952,62,62,222.61904761904762
2014-07-09,734950.0,4.0,3.25,4280,47179,2.0,0,0,3,3050,1230,2002,,Auburn,98092,0,2002,12,12,171.71728971962617
2014-07-09,284000.0,3.0,1.5,1500,10018,1.0,0,0,4,1500,0,1957,,Renton,98058,0,1957,57,57,189.33333333333334
2014-07-09,696000.0,4.0,3.5,3650,38546,2.0,0,0,3,2550,1100,1996,,North Bend,98045,0,1996,18,18,190.68493150684932
2014-07-09,380000.0,2.0,1.0,780,3910,1.0,0,0,3,780,0,1918,,Seattle,98126,0,1918,96,96,487.1794871794872
2014-07-09,625000.0,4.0,1.0,1600,5500,1.5,0,0,4,1600,0,1946,,Seattle,98117,0,1946,68,68,390.625
2014-07-09,252000.0,4.0,1.75,1120,8250,1.0,0,0,4,1120,0,1966,,Renton,98058,0,1966,48,48,225.0
2014-07-09,560000.0,2.0,1.0,1010,9219,1.0,0,0,4,1010,0,1960,,Kirkland,98033,0,1960,54,54,554.4554455445544
2014-07-09,395000.0,4.0,2.75,1970,37026,1.0,0,0,4,1970,0,1961,,Vashon,98070,0,1961,53,53,200.50761421319797
2014-07-09,900000.0,4.0,2.5,2230,4372,2.0,0,0,5,1540,690,1935,,Seattle,98103,0,1935,79,79,403.58744394618833
2014-07-09,2680000.0,5.0,3.0,4290,20445,2.0,0,0,4,4290,0,1985,,Medina,98039,0,1985,29,29,624.7086247086247
2014-07-09,625000.0,3.0,1.75,3160,76230,1.0,0,0,4,2160,1000,1978,,Auburn,98001,0,1978,36,36,197.78481012658227
2014-07-09,580000.0,3.0,1.75,1850,5100,1.0,0,0,3,1020,830,1909,,Seattle,98105,0,1909,105,105,313.5135135135135
2014-07-09,309000.0,3.0,2.25,1980,8755,1.0,0,0,4,1300,680,1963,,Des Moines,98198,0,1963,51,51,156.06060606060606
2014-07-09,412000.0,4.0,3.5,3360,9767,2.0,0,0,3,2450,910,1990,,Federal Way,98023,0,1990,24,24,122.61904761904762
2014-07-09,495000.0,3.0,2.0,2660,192099,1.0,0,0,4,2660,0,1964,,Enumclaw,98022,0,1964,50,50,186.09022556390977
2014-07-09,215000.0,3.0,1.0,1200,7280,1.0,0,0,4,1200,0,1967,,Kent,98032,0,1967,47,47,179.16666666666666
2014-07-09,741500.0,2.0,2.5,2150,5760,1.0,0,0,3,2150,0,2010,,Redmond,98053,0,2010,4,4,344.8837209302326
2014-07-09,749000.0,3.0,2.75,2820,5348,2.0,0,0,3,2820,0,2008,,Redmond,98052,0,2008,6,6,265.60283687943263
2014-07-09,659950.0,4.0,2.75,3510,9400,2.0,0,0,3,3510,0,2014,,Renton,98059,0,2014,0,0,188.019943019943
2014-07-09,530000.0,3.0,2.5,1790,3078,2.0,0,0,3,1790,0,2010,,Issaquah,98027,0,2010,4,4,296.0893854748603
2014-07-09,749000.0,4.0,2.75,2700,6000,2.0,0,0,4,2100,600,1910,,Seattle,98116,0,1910,104,104,277.4074074074074
2014-07-09,2321000.0,5.0,4.75,5780,17004,2.0,0,0,3,4260,1520,2006,,Mercer Island,98040,0,2006,8,8,401.55709342560556
2014-07-09,595000.0,4.0,3.25,3730,4560,2.0,0,0,3,2760,970,2013,,Seattle,98103,0,2013,1,1,159.51742627345845
2014-07-09,487000.0,4.0,2.5,2540,5001,2.0,0,0,3,2540,0,2005,,Seattle,98108,0,2005,9,9,191.73228346456693
2014-07-09,760000.0,4.0,2.25,3300,8365,3.0,0,0,3,3300,0,2014,,Seattle,98126,0,2014,0,0,230.3030303030303
2014-07-09,1240000.0,5.0,3.5,5430,10327,2.0,0,2,3,4010,1420,2007,,Bellevue,98006,0,2007,7,7,228.3609576427256
2014-07-09,435000.0,4.0,2.5,2550,5200,2.0,0,0,3,2550,0,2009,,Renton,98059,0,2009,5,5,170.58823529411765
2014-07-09,374950.0,3.0,2.25,1390,1484,3.0,0,0,3,1390,0,2007,,Seattle,98103,0,2007,7,7,269.7482014388489
2014-07-09,440000.0,3.0,1.5,1270,1413,3.0,0,0,3,1270,0,2007,,Seattle,98115,0,2007,7,7,346.45669291338584
2014-07-10,360000.0,4.0,2.5,2380,5000,2.0,0,0,3,2380,0,2005,,Maple Valley,98038,0,2005,9,9,151.26050420168067
2014-07-10,879000.0,4.0,2.5,3360,22111,2.0,0,0,3,3360,0,1994,,Sammamish,98075,0,1994,20,20,261.60714285714283
2014-07-10,1550000.0,5.0,4.25,6070,171626,2.0,0,0,3,6070,0,1999,,Fall City,98024,0,1999,15,15,255.35420098846788
2014-07-10,505000.0,2.0,1.0,1240,57000,1.0,0,0,3,1240,0,1962,,Sammamish,98075,0,1962,52,52,407.258064516129
2014-07-10,545000.0,2.0,2.0,2930,14057,1.0,0,2,4,1680,1250,1980,,Vashon,98070,0,1980,34,34,186.00682593856655
2014-07-10,600000.0,2.0,2.5,2410,102366,1.0,0,0,4,1940,470,1912,1989.0,Fall City,98024,1,1989,102,25,248.96265560165975
2014-07-10,775000.0,6.0,2.75,2980,5000,1.5,0,0,3,2480,500,1916,,Seattle,98103,0,1916,98,98,260.06711409395973
2014-07-10,725000.0,2.0,1.75,1950,2719,1.0,0,0,5,1010,940,1919,,Seattle,98103,0,1919,95,95,371.79487179487177
2014-07-10,610000.0,4.0,2.75,2600,36583,1.0,0,0,5,1580,1020,1976,,Sammamish,98075,0,1976,38,38,234.6153846153846
2014-07-10,350000.0,4.0,1.0,1170,8147,1.5,0,0,3,1170,0,1959,,Seattle,98125,0,1959,55,55,299.14529914529913
2014-07-10,410000.0,3.0,1.0,1470,6500,1.0,0,0,4,1470,0,1953,,Burien,98166,0,1953,61,61,278.91156462585036
2014-07-10,639000.0,4.0,2.0,1840,5419,1.0,0,0,4,920,920,1942,,Seattle,98199,0,1942,72,72,347.2826086956522
2014-07-10,439000.0,4.0,2.0,1560,7500,1.0,0,0,4,1560,0,1968,,Kirkland,98034,0,1968,46,46,281.4102564102564
2014-07-10,499950.0,4.0,1.75,1520,7700,1.0,0,0,4,1520,0,1967,,Kirkland,98034,0,1967,47,47,328.9144736842105
2014-07-10,800000.0,3.0,2.75,2220,4000,2.0,0,0,3,1700,520,1914,2000.0,Seattle,98122,1,2000,100,14,360.36036036036035
2014-07-10,350000.0,4.0,2.5,2800,9538,2.0,0,0,3,2800,0,1993,,Federal Way,98003,0,1993,21,21,125.0
2014-07-10,279000.0,2.0,1.0,670,6300,1.0,0,0,5,670,0,1942,,Seattle,98126,0,1942,72,72,416.4179104477612
2014-07-10,290256.0,3.0,2.25,1720,7885,2.0,0,0,3,1720,0,1983,,Federal Way,98023,0,1983,31,31,168.75348837209302
2014-07-10,355000.0,3.0,2.5,2110,4038,2.0,0,0,4,2110,0,1989,,Kent,98042,0,1989,25,25,168.24644549763033
2014-07-10,263000.0,3.0,1.75,1580,9187,1.0,0,0,3,1180,400,1993,,Maple Valley,98038,0,1993,21,21,166.45569620253164
2014-07-10,880000.0,6.0,2.5,2640,3680,2.0,0,0,5,1760,880,1922,,Seattle,98126,0,1922,92,92,333.3333333333333
2014-07-10,426500.0,4.0,2.5,2700,6515,2.0,0,0,3,2700,0,1998,,Renton,98058,0,1998,16,16,157.96296296296296
2014-07-10,735000.0,3.0,2.5,2820,8159,2.0,0,0,3,2820,0,2004,,Issaquah,98029,0,2004,10,10,260.63829787234044
2014-07-10,720000.0,4.0,2.5,3340,8930,2.0,0,2,3,3340,0,1999,,Snoqualmie,98065,0,1999,15,15,215.5688622754491
2014-07-10,265000.0,3.0,2.5,1530,6000,2.0,0,0,4,1530,0,1991,,Maple Valley,98038,0,1991,23,23,173.20261437908496
2014-07-10,840000.0,4.0,3.5,3840,85728,2.0,0,0,3,3840,0,1998,,Carnation,98014,0,1998,16,16,218.75
2014-07-10,657500.0,3.0,2.0,2320,10960,1.0,0,0,3,1510,810,1956,,Bellevue,98005,0,1956,58,58,283.4051724137931
2014-07-10,850000.0,5.0,2.0,2310,13430,1.5,0,0,4,2310,0,1966,,Bellevue,98004,0,1966,48,48,367.965367965368
2014-05-02,436110.0,3.0,2.5,1770,1235,3.0,0,0,3,1600,170,2007,,Seattle,98103,0,2007,7,7,246.38983050847457
2014-05-08,589900.0,2.0,3.0,3160,66646,2.0,0,0,3,3160,0,1993,,Woodinville,98077,0,1993,21,21,186.6772151898734
2014-05-12,620000.0,3.0,1.5,1620,6630,1.0,0,0,3,1280,340,1954,,Seattle,98117,0,1954,60,60,382.71604938271605
2014-05-16,254000.0,4.0,2.0,1510,4235,1.0,0,0,3,1510,0,1955,,Seattle,98108,0,1955,59,59,168.21192052980132
2014-06-05,375000.0,3.0,1.75,960,8106,1.0,0,0,3,960,0,1962,,Redmond,98052,0,1962,52,52,390.625
2014-06-06,455000.0,4.0,2.25,1740,8449,1.0,0,0,4,1170,570,1958,,Bellevue,98008,0,1958,56,56,261.4942528735632
2014-06-06,445000.0,4.0,2.0,1470,8395,1.0,0,0,4,1470,0,1965,,Bellevue,98008,0,1965,49,49,302.72108843537416
2014-06-07,568500.0,4.0,2.5,2460,4200,2.0,0,0,3,2460,0,1998,,Sammamish,98074,0,1998,16,16,231.09756097560975
2014-06-11,352500.0,3.0,1.75,1170,8182,1.0,0,0,3,1170,0,1962,,Shoreline,98155,0,1962,52,52,301.28205128205127
2014-06-24,342500.0,2.0,1.75,1210,7507,1.0,0,0,3,1210,0,1982,,Kirkland,98034,0,1982,32,32,283.05785123966945
2014-06-25,299950.0,3.0,2.5,1870,7942,2.0,0,0,3,1870,0,1990,,Auburn,98001,0,1990,24,24,160.40106951871658
2014-07-01,425000.0,3.0,2.5,1950,5689,2.0,0,0,3,1950,0,2009,,Snoqualmie,98065,0,2009,5,5,217.94871794871796
2014-07-09,561000.0,4.0,2.5,2570,5250,2.0,0,0,3,2570,0,1990,,Issaquah,98029,0,1990,24,24,218.28793774319067
2014-05-27,455500.0,3.0,2.0,1460,10311,1.0,0,0,4,1460,0,1975,,Redmond,98052,0,1975,39,39,311.986301369863
2014-06-24,400000.0,3.0,2.5,2970,23100,1.0,0,0,3,1510,1460,1967,,Woodinville,98072,0,1967,47,47,134.68013468013467
2014-06-20,443500.0,4.0,2.5,2040,21781,2.0,0,0,3,2040,0,1994,,Carnation,98014,0,1994,20,20,217.40196078431373
2014-06-20,1234582.0,5.0,3.25,3240,6551,1.5,0,4,4,2500,740,1939,,Seattle,98115,0,1939,75,75,381.04382716049383
2014-05-22,370000.0,4.0,2.75,3150,67518,1.0,0,0,4,2250,900,1965,,Auburn,98092,0,1965,49,49,117.46031746031746
2014-05-22,475000.0,3.0,2.25,1820,8008,1.0,0,0,3,1240,580,1981,,Redmond,98052,0,1981,33,33,260.989010989011
2014-07-08,580000.0,4.0,2.5,2130,35752,1.0,0,0,3,1490,640,1980,,Sammamish,98075,0,1980,34,34,272.30046948356807
2014-05-06,518000.0,3.0,1.05,1430,8000,1.0,0,0,4,1430,0,1956,,Bellevue,98007,0,1956,58,58,362.23776223776224
2014-05-09,525000.0,3.0,2.55,2030,6970,2.0,0,0,4,2030,0,1991,,Issaquah,98029,0,1991,23,23,258.62068965517244
2014-06-24,236000.0,4.0,2.57,2000,5827,2.0,0,0,3,2000,0,1997,,Maple Valley,98038,0,1997,17,17,118.0
2014-06-10,278500.0,4.0,2.3,1940,6206,2.0,0,0,3,1940,0,1990,,Federal Way,98023,0,1990,24,24,143.55670103092783
2014-06-23,205425.0,2.0,1.7,880,6780,1.0,0,0,4,880,0,1945,,Seattle,98178,0,1945,69,69,233.4375
2014-06-30,248000.0,3.0,1.0,950,9400,1.0,0,0,4,950,0,1954,,Bellevue,98006,0,1954,60,60,261.05263157894734
2014-05-23,505000.0,3.0,2.25,1670,1596,2.0,0,0,3,1220,450,2002,,Seattle,98199,0,2002,12,12,302.3952095808383
2014-05-22,657500.0,3.0,2.5,2670,10496,2.0,0,0,3,2670,0,1989,,Sammamish,98074,0,1989,25,25,246.2546816479401
2014-07-10,670000.0,3.0,2.5,2700,1438,2.0,0,0,3,1280,1420,2003,,Seattle,98102,0,2003,11,11,248.14814814814815
2014-07-01,202000.0,1.0,1.0,590,833,1.0,0,0,4,590,0,1926,,Seattle,98122,0,1926,88,88,342.3728813559322
2014-05-02,440000.0,4.0,2.25,2160,8119,1.0,0,0,3,1080,1080,1966,,Bellevue,98006,0,1966,48,48,203.7037037037037
2014-05-26,690000.0,4.0,2.5,2700,8810,2.0,0,0,3,2700,0,2004,,Redmond,98052,0,2004,10,10,255.55555555555554
2014-05-08,375000.0,6.0,2.25,3206,5793,2.0,0,0,3,3206,0,2012,,Kent,98032,0,2012,2,2,116.96818465377417
2014-05-20,291000.0,3.0,1.75,1560,9788,1.0,0,0,3,1560,0,1964,2000.0,Seattle,98178,1,2000,50,14,186.53846153846155
2014-06-16,230000.0,3.0,1.75,1400,6956,1.0,0,0,4,1400,0,1957,2001.0,Kent,98031,1,2001,57,13,164.28571428571428
2014-05-22,850000.0,4.0,3.25,3090,6744,2.0,0,4,3,3090,0,2013,,Shoreline,98177,0,2013,1,1,275.0809061488673
