date,price,bedrooms,bathrooms,sqft_living,sqft_lot,floors,waterfront,view,condition,sqft_above,sqft_basement,yr_built,yr_renovated,address,date_raw,street,city,statezip,country,zipcode
2014-05-02,313000.0,3.0,1.5,1340,7912,1.5,0,0,3,1340,0,1955,,"18810 Densmore Ave N, Shoreline, WA 98133, USA",20140502T000000,18810 Densmore Ave N,Shoreline,WA 98133,USA,98133
2014-05-02,2384000.0,5.0,2.5,3650,9050,2.0,0,4,5,3370,280,1921,,"709 W Blaine St, Seattle, WA 98119, USA",20140502T000000,709 W Blaine St,Seattle,WA 98119,USA,98119
2014-05-02,342000.0,3.0,2.0,1930,11947,1.0,0,0,4,1930,0,1966,,"26206-26214 143rd Ave SE, Kent, WA 98042, USA",20140502T000000,26206-26214 143rd Ave SE,Kent,WA 98042,USA,98042
2014-05-02,420000.0,3.0,2.25,2000,8030,1.0,0,0,4,1000,1000,1963,,"857 170th Pl NE, Bellevue, WA 98008, USA",20140502T000000,857 170th Pl NE,Bellevue,WA 98008,USA,98008
2014-05-02,550000.0,4.0,2.5,1940,10500,1.0,0,0,4,1140,800,1976,,"9105 170th Ave NE, Redmond, WA 98052, USA",20140502T000000,9105 170th Ave NE,Redmond,WA 98052,USA,98052
2014-05-02,490000.0,2.0,1.0,880,6380,1.0,0,0,3,880,0,1938,1994.0,"522 NE 88th St, Seattle, WA 98115, USA",20140502T000000,522 NE 88th St,Seattle,WA 98115,USA,98115
2014-05-02,335000.0,2.0,2.0,1350,2560,1.0,0,0,3,1350,0,1976,,"2616 174th Ave NE, Redmond, WA 98052, USA",20140502T000000,2616 174th Ave NE,Redmond,WA 98052,USA,98052
2014-05-02,482000.0,4.0,2.5,2710,35868,2.0,0,0,3,2710,0,1989,,"23762 SE 253rd Pl, Maple Valley, WA 98038, USA",20140502T000000,23762 SE 253rd Pl,Maple Valley,WA 98038,USA,98038
2014-05-02,452500.0,3.0,2.5,2430,88426,1.0,0,0,4,1570,860,1985,,"46611-46625 SE 129th St, North Bend, WA 98045, USA",20140502T000000,46611-46625 SE 129th St,North Bend,WA 98045,USA,98045
2014-05-02,640000.0,4.0,2.0,1520,6200,1.5,0,0,3,1520,0,1945,,"6811 55th Ave NE, Seattle, WA 98115, USA",20140502T000000,6811 55th Ave NE,Seattle,WA 98115,USA,98115
2014-05-02,463000.0,3.0,1.75,1710,7320,1.0,0,0,3,1710,0,1948,,"Burke-Gilman Trail, Lake Forest Park, WA 98155, USA",20140502T000000,Burke-Gilman Trail,Lake Forest Park,WA 98155,USA,98155
2014-05-02,1400000.0,4.0,2.5,2920,4000,1.5,0,0,5,1910,1010,1909,,"3838-4098 44th Ave NE, Seattle, WA 98105, USA",20140502T000000,3838-4098 44th Ave NE,Seattle,WA 98105,USA,98105
2014-05-02,588500.0,3.0,1.75,2330,14892,1.0,0,0,3,1970,360,1980,,"1833 220th Pl NE, Sammamish, WA 98074, USA",20140502T000000,1833 220th Pl NE,Sammamish,WA 98074,USA,98074
2014-05-02,365000.0,3.0,1.0,1090,6435,1.0,0,0,4,1090,0,1955,,"2504 SW Portland Ct, Seattle, WA 98106, USA",20140502T000000,2504 SW Portland Ct,Seattle,WA 98106,USA,98106
2014-05-02,1200000.0,5.0,2.75,2910,9480,1.5,0,0,3,2910,0,1939,,"3534 46th Ave NE, Seattle, WA 98105, USA",20140502T000000,3534 46th Ave NE,Seattle,WA 98105,USA,98105
2014-05-02,242500.0,3.0,1.5,1200,9720,1.0,0,0,4,1200,0,1965,,"14034 SE 201st St, Kent, WA 98042, USA",20140502T000000,14034 SE 201st St,Kent,WA 98042,USA,98042
2014-05-02,419000.0,3.0,1.5,1570,6700,1.0,0,0,4,1570,0,1956,,"15424 SE 9th St, Bellevue, WA 98007, USA",20140502T000000,15424 SE 9th St,Bellevue,WA 98007,USA,98007
2014-05-02,367500.0,4.0,3.0,3110,7231,2.0,0,0,3,3110,0,1997,,"11224 SE 306th Pl, Auburn, WA 98092, USA",20140502T000000,11224 SE 306th Pl,Auburn,WA 98092,USA,98092
2014-05-02,257950.0,3.0,1.75,1370,5858,1.0,0,0,3,1370,0,1987,,"1605 S 245th Pl, Des Moines, WA 98198, USA",20140502T000000,1605 S 245th Pl,Des Moines,WA 98198,USA,98198
2014-05-02,275000.0,3.0,1.5,1180,10277,1.0,0,0,3,1180,0,1983,,"12425 415th Ave SE, North Bend, WA 98045, USA",20140502T000000,12425 415th Ave SE,North Bend,WA 98045,USA,98045
2014-05-02,750000.0,3.0,1.75,2240,10578,2.0,0,0,5,1550,690,1923,,"3225 NE 92nd St, Seattle, WA 98115, USA",20140502T000000,3225 NE 92nd St,Seattle,WA 98115,USA,98115
2014-05-02,435000.0,4.0,1.0,1450,8800,1.0,0,0,4,1450,0,1954,,"3922 154th Ave SE, Bellevue, WA 98006, USA",20140502T000000,3922 154th Ave SE,Bellevue,WA 98006,USA,98006
2014-05-02,626000.0,3.0,2.25,1750,1572,2.5,0,0,3,1470,280,2005,,"3140 Franklin Ave E, Seattle, WA 98102, USA",20140502T000000,3140 Franklin Ave E,Seattle,WA 98102,USA,98102
2014-05-02,612500.0,4.0,2.5,2730,12261,2.0,0,0,3,2730,0,1991,,"10212 NE 156th Pl, Bothell, WA 98011, USA",20140502T000000,10212 NE 156th Pl,Bothell,WA 98011,USA,98011
2014-05-02,495000.0,4.0,1.75,1600,6380,1.0,0,0,3,1130,470,1959,,"2021 NE 100th St, Seattle, WA 98125, USA",20140502T000000,2021 NE 100th St,Seattle,WA 98125,USA,98125
2014-05-02,285000.0,3.0,2.5,2090,10834,1.0,0,0,4,1360,730,1987,,"27736 23rd Avenue South, Federal Way, WA 98003, USA",20140502T000000,27736 23rd Avenue South,Federal Way,WA 98003,USA,98003
2014-05-02,615000.0,3.0,1.75,2360,7291,1.0,0,0,4,1360,1000,1948,,"8436-8438 41st Ave SW, Seattle, WA 98136, USA",20140502T000000,8436-8438 41st Ave SW,Seattle,WA 98136,USA,98136
2014-05-02,698000.0,4.0,2.25,2200,11250,1.5,0,0,5,1300,900,1920,,"1036 4th St, Kirkland, WA 98033, USA",20140502T000000,1036 4th St,Kirkland,WA 98033,USA,98033
2014-05-02,675000.0,5.0,2.5,2820,67518,2.0,0,0,3,2820,0,1979,,"23525 SE 32nd Way, Issaquah, WA 98029, USA",20140502T000000,23525 SE 32nd Way,Issaquah,WA 98029,USA,98029
2014-05-02,790000.0,3.0,2.5,2600,4750,1.0,0,0,4,1700,900,1951,,"3314 NW 75th St, Seattle, WA 98117, USA",20140502T000000,3314 NW 75th St,Seattle,WA 98117,USA,98117
2014-05-02,382500.0,4.0,1.75,1560,8700,1.0,0,0,4,1560,0,1967,,"14104 119th Ave NE, Kirkland, WA 98034, USA",20140502T000000,14104 119th Ave NE,Kirkland,WA 98034,USA,98034
2014-05-02,499950.0,4.0,2.5,2860,3345,2.0,0,0,3,2190,670,2004,,"20120 137th Ave NE, Woodinville, WA 98072, USA",20140502T000000,20120 137th Ave NE,Woodinville,WA 98072,USA,98072
2014-05-02,650000.0,4.0,2.0,1820,5000,1.5,0,1,3,1640,180,1945,,"7201-7399 55th Ave NE, Seattle, WA 98115, USA",20140502T000000,7201-7399 55th Ave NE,Seattle,WA 98115,USA,98115
2014-05-02,625000.0,4.0,2.5,2820,8408,2.0,0,0,3,2820,0,2014,,"17052 4th Ave NE, Shoreline, WA 98155, USA",20140502T000000,17052 4th Ave NE,Shoreline,WA 98155,USA,98155
2014-05-02,400000.0,4.0,2.5,3630,42884,1.5,0,0,3,2300,1330,1979,,"5172-5198 Heather Ave SE, Auburn, WA 98092, USA",20140502T000000,5172-5198 Heather Ave SE,Auburn,WA 98092,USA,98092
2014-05-02,604000.0,3.0,2.5,3240,33151,2.0,0,2,3,3240,0,1995,,"30822 36th Ct SW, Federal Way, WA 98023, USA",20140502T000000,30822 36th Ct SW,Federal Way,WA 98023,USA,98023
2014-05-02,440000.0,2.0,1.0,800,4850,1.0,0,0,4,800,0,1944,,"4801-4899 6th Ave NW, Seattle, WA 98107, USA",20140502T000000,4801-4899 6th Ave NW,Seattle,WA 98107,USA,98107
2014-05-02,287200.0,3.0,3.0,1850,19966,1.0,0,0,4,1090,760,1992,,"23017 SE 281st Ct, Maple Valley, WA 98038, USA",20140502T000000,23017 SE 281st Ct,Maple Valley,WA 98038,USA,98038
2014-05-02,403000.0,3.0,2.0,1960,13100,1.0,0,2,5,1650,310,1957,,"17825 4th Ave SW, Normandy Park, WA 98166, USA",20140502T000000,17825 4th Ave SW,Normandy Park,WA 98166,USA,98166
2014-05-02,750000.0,3.0,2.5,2390,6550,1.0,0,2,4,1440,950,1955,,"3628 59th Ave SW, Seattle, WA 98116, USA",20140502T000000,3628 59th Ave SW,Seattle,WA 98116,USA,98116
2014-05-02,335000.0,3.0,2.25,1580,16215,1.0,0,0,4,1580,0,1978,,"4460 332nd Ave SE, Fall City, WA 98024, USA",20140502T000000,4460 332nd Ave SE,Fall City,WA 98024,USA,98024
2014-05-02,260000.0,4.0,2.0,1480,8625,1.0,0,0,4,1480,0,1974,,"2019 Aberdeen Pl SE, Renton, WA 98055, USA",20140502T000000,2019 Aberdeen Pl SE,Renton,WA 98055,USA,98055
2014-05-02,308500.0,2.0,1.0,850,6174,1.0,0,0,4,850,0,1950,,"121 NE 147th St, Shoreline, WA 98155, USA",20140502T000000,121 NE 147th St,Shoreline,WA 98155,USA,98155
2014-05-02,439950.0,3.0,2.5,1770,2875,2.0,0,0,3,1770,0,1990,,"4458 51st Ave SW, Seattle, WA 98116, USA",20140502T000000,4458 51st Ave SW,Seattle,WA 98116,USA,98116
2014-05-02,235000.0,2.0,1.0,1210,9400,1.0,0,0,2,1210,0,1949,,"7542 21st Ave SW, Seattle, WA 98106, USA",20140502T000000,7542 21st Ave SW,Seattle,WA 98106,USA,98106
2014-05-02,315000.0,3.0,1.0,1160,9180,1.0,0,0,3,1160,0,1968,,"15804 198th Pl NE, Woodinville, WA 98077, USA",20140502T000000,15804 198th Pl NE,Woodinville,WA 98077,USA,98077
2014-05-02,437500.0,3.0,2.25,1970,35100,2.0,0,0,4,1970,0,1977,,"26069 SE 154th St, Issaquah, WA 98027, USA",20140502T000000,26069 SE 154th St,Issaquah,WA 98027,USA,98027
2014-05-02,407500.0,3.0,2.5,1930,10460,2.0,0,0,3,1930,0,1996,,"4314 NE 6th Pl, Renton, WA 98059, USA",20140502T000000,4314 NE 6th Pl,Renton,WA 98059,USA,98059
2014-05-02,445700.0,3.0,2.5,1270,1180,3.0,0,0,3,1270,0,2001,,"2640 NW 56th St, Seattle, WA 98107, USA",20140502T000000,2640 NW 56th St,Seattle,WA 98107,USA,98107
2014-05-02,838000.0,4.0,2.5,3310,42998,2.0,0,0,3,3310,0,2001,,"15712 NE 136th Pl, Redmond, WA 98052, USA",20140502T000000,15712 NE 136th Pl,Redmond,WA 98052,USA,98052
2014-05-02,630000.0,4.0,2.75,2710,37277,2.0,0,0,3,2710,0,2000,,"26429 SE 154th Pl, Issaquah, WA 98027, USA",20140502T000000,26429 SE 154th Pl,Issaquah,WA 98027,USA,98027
2014-05-02,550000.0,3.0,1.75,2910,35200,1.5,0,0,3,2910,0,1979,,"3923 229th Pl SE, Sammamish, WA 98075, USA",20140502T000000,3923 229th Pl SE,Sammamish,WA 98075,USA,98075
2014-05-02,805000.0,3.0,2.0,2710,4500,1.5,0,0,4,1880,830,1929,,"6222 30th Ave NE, Seattle, WA 98115, USA",20140502T000000,6222 30th Ave NE,Seattle,WA 98115,USA,98115
2014-05-02,284000.0,3.0,1.75,1800,23103,1.0,0,0,3,1800,0,1968,,"32418 NE 50th St, Carnation, WA 98014, USA",20140502T000000,32418 NE 50th St,Carnation,WA 98014,USA,98014
2014-05-02,470000.0,5.0,2.5,2210,9655,1.0,0,0,3,1460,750,1976,,"19334 89th Ave NE, Bothell, WA 98011, USA",20140502T000000,19334 89th Ave NE,Bothell,WA 98011,USA,98011
2014-05-02,430000.0,4.0,1.5,1920,10000,1.0,0,0,4,1070,850,1954,,"4071 156th Ave SE, Bellevue, WA 98006, USA",20140502T000000,4071 156th Ave SE,Bellevue,WA 98006,USA,98006
2014-05-02,491500.0,4.0,1.75,2190,125452,1.0,0,2,3,2190,0,1968,,"36850 204th Ave SE, Auburn, WA 98092, USA",20140502T000000,36850 204th Ave SE,Auburn,WA 98092,USA,98092
2014-05-02,785000.0,5.0,3.25,3660,11995,2.0,0,2,3,3660,0,2006,,"7425 Snowberry Ave SE, Snoqualmie, WA 98065, USA",20140502T000000,7425 Snowberry Ave SE,Snoqualmie,WA 98065,USA,98065
2014-05-02,385000.0,3.0,3.25,1320,1327,2.0,0,0,3,1040,280,2008,,"3400 21st Ave W, Seattle, WA 98199, USA",20140502T000000,3400 21st Ave W,Seattle,WA 98199,USA,98199
2014-05-02,295000.0,2.0,2.5,1630,1368,2.0,0,0,3,1280,350,2009,,"5944-6082 Delridge Way SW, Seattle, WA 98106, USA",20140502T000000,5944-6082 Delridge Way SW,Seattle,WA 98106,USA,98106
2014-05-02,555000.0,4.0,2.5,3310,6500,2.0,0,0,3,3310,0,2012,,"35229 SE Terrace St, Snoqualmie, WA 98065, USA",20140502T000000,35229 SE Terrace St,Snoqualmie,WA 98065,USA,98065
2014-05-02,459990.0,3.0,2.5,2680,5539,2.0,0,0,3,2680,0,2013,,"13800 453rd Ave SE, North Bend, WA 98045, USA",20140502T000000,13800 453rd Ave SE,North Bend,WA 98045,USA,98045
2014-05-02,625000.0,4.0,3.25,2730,54014,1.0,0,0,3,1560,1170,2007,,"9927 174th Ave SE, Renton, WA 98059, USA",20140502T000000,9927 174th Ave SE,Renton,WA 98059,USA,98059
2014-05-02,300000.0,3.0,2.5,2540,5050,2.0,0,0,3,2540,0,2006,,"29734 215th Terrace SE, Kent, WA 98042, USA",20140502T000000,29734 215th Terrace SE,Kent,WA 98042,USA,98042
2014-05-03,625000.0,4.0,2.75,2920,6605,2.0,0,0,3,2920,0,2012,,"5608 NE 5th Cir, Renton, WA 98059, USA",20140503T000000,5608 NE 5th Cir,Renton,WA 98059,USA,98059
2014-05-03,553000.0,2.0,1.0,900,5000,1.0,0,0,3,900,0,1944,,"8053 29th Ave NW, Seattle, WA 98117, USA",20140503T000000,8053 29th Ave NW,Seattle,WA 98117,USA,98117
2014-05-03,379880.0,3.0,2.5,1650,14054,1.0,0,0,4,1130,520,1986,,"13256 242nd Pl SE, Issaquah, WA 98027, USA",20140503T000000,13256 242nd Pl SE,Issaquah,WA 98027,USA,98027
2014-05-03,310000.0,3.0,1.0,1010,9945,1.0,0,0,4,1010,0,1973,,"7528 N Fork Rd SE, Snoqualmie, WA 98065, USA",20140503T000000,7528 N Fork Rd SE,Snoqualmie,WA 98065,USA,98065
2014-05-04,775000.0,2.0,2.5,2680,7392,1.0,0,0,3,2680,0,2004,,"13134 234th Ct NE, Redmond, WA 98053, USA",20140504T000000,13134 234th Ct NE,Redmond,WA 98053,USA,98053
2014-05-04,365000.0,3.0,2.5,2200,7350,1.0,0,0,5,1570,630,1988,,"13420 SE 182nd St, Renton, WA 98058, USA",20140504T000000,13420 SE 182nd St,Renton,WA 98058,USA,98058
2014-05-04,331950.0,4.0,2.5,2530,9933,2.0,0,2,3,2010,520,1990,,"925 48th Ct, Auburn, WA 98092, USA",20140504T000000,925 48th Ct,Auburn,WA 98092,USA,98092
2014-05-04,783500.0,3.0,2.5,2850,7130,2.0,0,0,3,1990,860,1980,,"151 Euclid Ave, Seattle, WA 98122, USA",20140504T000000,151 Euclid Ave,Seattle,WA 98122,USA,98122
2014-05-04,628000.0,4.0,2.0,2280,6010,1.0,0,0,3,1140,1140,1900,,"205-206 Euclid Ave, Seattle, WA 98122, USA",20140504T000000,205-206 Euclid Ave,Seattle,WA 98122,USA,98122
2014-05-05,560000.0,3.0,2.5,1900,8744,2.0,0,0,3,1900,0,1987,,"22314 NE 11th Pl, Sammamish, WA 98074, USA",20140505T000000,22314 NE 11th Pl,Sammamish,WA 98074,USA,98074
2014-05-05,900000.0,3.0,1.0,1330,77972,1.0,0,0,3,1330,0,1928,1954.0,"13615 NE 100th St, Kirkland, WA 98033, USA",20140505T000000,13615 NE 100th St,Kirkland,WA 98033,USA,98033
2014-05-05,531000.0,2.0,3.0,1270,1175,2.0,0,0,3,1110,160,2000,,"1411 N 48th St, Seattle, WA 98103, USA",20140505T000000,1411 N 48th St,Seattle,WA 98103,USA,98103
2014-05-05,831000.0,4.0,3.0,2170,4000,2.0,0,0,4,1610,560,1982,2011.0,"120 31st Ave E, Seattle, WA 98112, USA",20140505T000000,120 31st Ave E,Seattle,WA 98112,USA,98112
2014-05-05,780000.0,4.0,2.5,2730,10281,2.0,0,2,3,2730,0,1996,,"23140 NE 14th Ct, Sammamish, WA 98074, USA",20140505T000000,23140 NE 14th Ct,Sammamish,WA 98074,USA,98074
2014-05-05,755000.0,4.0,2.5,2120,10202,1.0,0,0,4,1620,500,1960,,"12645 SE 27th St, Bellevue, WA 98005, USA",20140505T000000,12645 SE 27th St,Bellevue,WA 98005,USA,98005
2014-05-05,705380.0,3.0,2.5,2490,4343,2.0,0,0,3,2490,0,2003,,"3187 NE Larkspur Ln, Issaquah, WA 98029, USA",20140505T000000,3187 NE Larkspur Ln,Issaquah,WA 98029,USA,98029
2014-05-05,627000.0,4.0,2.25,1990,7712,1.0,0,0,3,1210,780,1973,,"18915 SE 42nd Pl, Issaquah, WA 98027, USA",20140505T000000,18915 SE 42nd Pl,Issaquah,WA 98027,USA,98027
2014-05-05,865000.0,4.0,3.0,3690,9892,2.0,0,0,3,3690,0,1998,,"1765 267th Ct SE, Sammamish, WA 98075, USA",20140505T000000,1765 267th Ct SE,Sammamish,WA 98075,USA,98075
2014-05-05,580000.0,2.0,1.0,2540,7000,1.0,0,0,5,1320,1220,1942,,"8624 Island Dr S, Seattle, WA 98118, USA",20140505T000000,8624 Island Dr S,Seattle,WA 98118,USA,98118
2014-05-05,410000.0,3.0,2.25,1800,36704,1.0,0,0,4,1360,440,1978,,"24502 SE Mirrormont Dr, Issaquah, WA 98027, USA",20140505T000000,24502 SE Mirrormont Dr,Issaquah,WA 98027,USA,98027
2014-05-05,485000.0,4.0,3.0,2340,7048,1.0,0,0,4,1340,1000,1979,,"14319 85th Pl NE, Kirkland, WA 98034, USA",20140505T000000,14319 85th Pl NE,Kirkland,WA 98034,USA,98034
2014-05-05,400000.0,2.0,1.75,2110,9519,1.0,0,0,2,2110,0,1948,,"2120 NE 168th St, Shoreline, WA 98155, USA",20140505T000000,2120 NE 168th St,Shoreline,WA 98155,USA,98155
2014-05-05,549000.0,2.0,1.0,1140,5400,1.0,0,0,5,1140,0,1908,,"209 30th Ave E, Seattle, WA 98112, USA",20140505T000000,209 30th Ave E,Seattle,WA 98112,USA,98112
2014-05-05,620000.0,3.0,1.75,1480,2185,2.5,0,0,3,1480,0,2005,,"10512 128th Ave NE, Kirkland, WA 98033, USA",20140505T000000,10512 128th Ave NE,Kirkland,WA 98033,USA,98033
2014-05-05,405000.0,2.0,3.0,1410,1240,2.0,0,0,3,1140,270,2006,,"9126 45th Ave SW, Seattle, WA 98136, USA",20140505T000000,9126 45th Ave SW,Seattle,WA 98136,USA,98136
2014-05-05,232000.0,2.0,1.0,1200,8063,1.0,0,0,4,1200,0,1958,,"20220 8th Ave S, Des Moines, WA 98198, USA",20140505T000000,20220 8th Ave S,Des Moines,WA 98198,USA,98198
2014-05-05,800866.0,5.0,2.5,3180,13806,2.0,0,0,4,3180,0,1990,,"11821 NE 48th Pl, Kirkland, WA 98033, USA",20140505T000000,11821 NE 48th Pl,Kirkland,WA 98033,USA,98033
2014-05-05,650000.0,3.0,1.5,2160,9000,1.0,0,2,4,1400,760,1949,,"13026 10th Ave NW, Seattle, WA 98177, USA",20140505T000000,13026 10th Ave NW,Seattle,WA 98177,USA,98177
2014-05-05,823000.0,6.0,1.75,2920,5000,2.5,0,0,4,2780,140,1908,,"125 29th Ave, Seattle, WA 98122, USA",20140505T000000,125 29th Ave,Seattle,WA 98122,USA,98122
2014-05-05,770000.0,3.0,2.0,2350,5700,1.5,0,0,4,1810,540,1939,,"2171 Boyer Ave E, Seattle, WA 98112, USA",20140505T000000,2171 Boyer Ave E,Seattle,WA 98112,USA,98112
2014-05-05,524000.0,3.0,1.75,1560,5520,1.0,0,0,4,780,780,1944,,"3434 33rd Ave W, Seattle, WA 98199, USA",20140505T000000,3434 33rd Ave W,Seattle,WA 98199,USA,98199
2014-05-05,541125.0,5.0,2.75,2740,8426,1.0,0,0,4,1370,1370,1960,,"5211 116th Pl SE, Bellevue, WA 98006, USA",20140505T000000,5211 116th Pl SE,Bellevue,WA 98006,USA,98006
2014-05-05,670000.0,3.0,2.5,1680,2000,3.0,0,0,3,1680,0,1909,1998.0,"3503 NE 44th St, Seattle, WA 98105, USA",20140505T000000,3503 NE 44th St,Seattle,WA 98105,USA,98105
2014-05-05,384900.0,5.0,2.5,3090,12750,1.0,0,0,3,1750,1340,1968,,"114 SW 292nd St, Federal Way, WA 98023, USA",20140505T000000,114 SW 292nd St,Federal Way,WA 98023,USA,98023
2014-05-05,406100.0,3.0,2.25,1410,1332,3.0,0,0,3,1410,0,2005,,"8536 Interlake Ave N, Seattle, WA 98103, USA",20140505T000000,8536 Interlake Ave N,Seattle,WA 98103,USA,98103
2014-05-05,1395000.0,5.0,3.5,4010,8510,2.0,0,1,5,2850,1160,1971,,"3930 NE Belvoir Pl, Seattle, WA 98105, USA",20140505T000000,3930 NE Belvoir Pl,Seattle,WA 98105,USA,98105
2014-05-05,736500.0,4.0,2.5,3180,21904,2.0,0,3,3,3180,0,2000,,"17132 SE 100th St, Renton, WA 98059, USA",20140505T000000,17132 SE 100th St,Renton,WA 98059,USA,98059
2014-05-05,570000.0,3.0,2.25,2010,6000,1.0,0,0,3,1330,680,1975,,"10204 168th Pl NE, Redmond, WA 98052, USA",20140505T000000,10204 168th Pl NE,Redmond,WA 98052,USA,98052
2014-05-05,787000.0,3.0,1.75,1330,7500,1.0,0,0,3,1330,0,1961,,"218 109th Ave SE, Bellevue, WA 98004, USA",20140505T000000,218 109th Ave SE,Bellevue,WA 98004,USA,98004
2014-05-05,328000.0,4.0,2.5,2370,6500,2.0,0,0,3,2370,0,1998,,"12621 SE 300th Way, Auburn, WA 98092, USA",20140505T000000,12621 SE 300th Way,Auburn,WA 98092,USA,98092
2014-05-05,435000.0,5.0,2.0,1840,9240,1.0,0,0,4,1540,300,1942,1958.0,"14013 Ashworth Ave N, Seattle, WA 98133, USA",20140505T000000,14013 Ashworth Ave N,Seattle,WA 98133,USA,98133
2014-05-05,499000.0,4.0,2.5,2910,6479,2.0,0,0,3,2910,0,2006,,"34010 SE Sorenson St, Snoqualmie, WA 98065, USA",20140505T000000,34010 SE Sorenson St,Snoqualmie,WA 98065,USA,98065
2014-05-05,501000.0,4.0,1.0,2070,7519,1.0,0,0,3,1160,910,1963,,"2506 166th Ave NE, Bellevue, WA 98008, USA",20140505T000000,2506 166th Ave NE,Bellevue,WA 98008,USA,98008
2014-05-05,1090000.0,4.0,2.5,4340,141570,2.5,0,0,3,4340,0,1992,,"8814 218th Ave NE, Redmond, WA 98053, USA",20140505T000000,8814 218th Ave NE,Redmond,WA 98053,USA,98053
2014-05-05,400000.0,2.0,1.0,840,5510,1.0,0,0,3,840,0,1955,,"4515 SW Trenton St, Seattle, WA 98136, USA",20140505T000000,4515 SW Trenton St,Seattle,WA 98136,USA,98136
2014-05-05,220000.0,4.0,1.5,1240,9600,1.0,0,0,3,1240,0,1971,,"4924 SW 314th Pl, Federal Way, WA 98023, USA",20140505T000000,4924 SW 314th Pl,Federal Way,WA 98023,USA,98023
2014-05-05,657100.0,4.0,1.0,1390,4240,1.0,0,0,3,1050,340,1924,,"4312 Woodlawn Ave N, Seattle, WA 98103, USA",20140505T000000,4312 Woodlawn Ave N,Seattle,WA 98103,USA,98103
2014-05-05,309950.0,4.0,2.75,2310,5000,2.0,0,0,3,2310,0,2006,,"22912 SE 268th Pl, Maple Valley, WA 98038, USA",20140505T000000,22912 SE 268th Pl,Maple Valley,WA 98038,USA,98038
2014-05-05,300000.0,3.0,2.0,1050,10072,1.0,0,0,3,1050,0,1986,,"27106 NE Miller St, Duvall, WA 98019, USA",20140505T000000,27106 NE Miller St,Duvall,WA 98019,USA,98019
2014-05-05,525888.0,5.0,1.75,2550,71874,1.0,0,0,5,1810,740,1960,,"13129 195th Pl SE, Issaquah, WA 98027, USA",20140505T000000,13129 195th Pl SE,Issaquah,WA 98027,USA,98027
2014-05-05,740000.0,4.0,1.75,2010,3600,1.5,0,0,3,2010,0,1902,,"1014 W Garfield St, Seattle, WA 98119, USA",20140505T000000,1014 W Garfield St,Seattle,WA 98119,USA,98119
2014-05-05,340000.0,5.0,1.0,1120,9022,1.5,0,0,4,1120,0,1962,,"14150 75th Ave NE, Kirkland, WA 98034, USA",20140505T000000,14150 75th Ave NE,Kirkland,WA 98034,USA,98034
2014-05-05,398750.0,3.0,2.5,2230,4000,2.0,0,0,3,2230,0,1954,,"2601 21st Ave S, Seattle, WA 98144, USA",20140505T000000,2601 21st Ave S,Seattle,WA 98144,USA,98144
2014-05-05,206000.0,2.0,1.0,810,7158,1.0,0,0,5,810,0,1944,,"12807 7th Ave S, Burien, WA 98168, USA",20140505T000000,12807 7th Ave S,Burien,WA 98168,USA,98168
2014-05-05,1030000.0,5.0,2.75,3190,16920,1.0,0,3,3,1690,1500,1976,,"4529 135th Ave SE, Bellevue, WA 98006, USA",20140505T000000,4529 135th Ave SE,Bellevue,WA 98006,USA,98006
2014-05-05,600000.0,3.0,1.75,1670,39639,1.0,0,0,4,1670,0,1976,1992.0,"1804 E Beaver Lake Dr SE, Sammamish, WA 98075, USA",20140505T000000,1804 E Beaver Lake Dr SE,Sammamish,WA 98075,USA,98075
2014-05-05,379950.0,4.0,1.75,1970,9389,1.0,0,0,5,1140,830,1960,,"1701 N 204th Pl, Shoreline, WA 98133, USA",20140505T000000,1701 N 204th Pl,Shoreline,WA 98133,USA,98133
2014-05-05,287000.0,3.0,1.0,1450,6000,1.0,0,0,4,1450,0,1953,,"8681 Beacon Ave S, Seattle, WA 98118, USA",20140505T000000,8681 Beacon Ave S,Seattle,WA 98118,USA,98118
2014-05-05,2280000.0,7.0,8.0,13540,307752,3.0,0,4,3,9410,4130,1999,,"26408 NE 70th St, Redmond, WA 98053, USA",20140505T000000,26408 NE 70th St,Redmond,WA 98053,USA,98053
2014-05-05,309950.0,3.0,2.5,1880,7838,2.0,0,0,3,1880,0,1994,,"17717 113th Pl SE, Renton, WA 98055, USA",20140505T000000,17717 113th Pl SE,Renton,WA 98055,USA,98055
2014-05-05,600000.0,3.0,1.75,1880,6360,1.0,0,0,4,1040,840,1945,,"8040 39th Ave NE, Seattle, WA 98115, USA",20140505T000000,8040 39th Ave NE,Seattle,WA 98115,USA,98115
2014-05-05,418000.0,3.0,2.0,1410,6030,1.5,0,0,4,1410,0,1930,,"901 N 97th St, Seattle, WA 98103, USA",20140505T000000,901 N 97th St,Seattle,WA 98103,USA,98103
2014-05-05,449250.0,4.0,2.0,1480,3844,1.5,0,0,5,1480,0,1928,,"519 N 104th St, Seattle, WA 98133, USA",20140505T000000,519 N 104th St,Seattle,WA 98133,USA,98133
2014-05-05,329950.0,2.0,1.0,1140,5250,1.5,0,0,4,1140,0,1949,,"14017 Roslyn Pl N, Seattle, WA 98133, USA",20140505T000000,14017 Roslyn Pl N,Seattle,WA 98133,USA,98133
2014-05-05,245000.0,3.0,1.75,1920,9306,1.0,0,0,3,1000,920,1984,,"30001-30021 55th Pl S, Auburn, WA 98001, USA",20140505T000000,30001-30021 55th Pl S,Auburn,WA 98001,USA,98001
2014-05-05,549000.0,4.0,2.5,2910,6338,2.0,0,0,3,2910,0,2008,,"16026 SE 137th Terrace, Renton, WA 98059, USA",20140505T000000,16026 SE 137th Terrace,Renton,WA 98059,USA,98059
2014-05-05,800000.0,3.0,2.5,3240,7857,2.0,0,0,3,3240,0,1994,,"22721-22727 SE 27th St, Sammamish, WA 98075, USA",20140505T000000,22721-22727 SE 27th St,Sammamish,WA 98075,USA,98075
2014-05-05,249950.0,3.0,2.0,1550,15040,1.0,0,0,4,1550,0,1958,,"18027 SE 128th St, Renton, WA 98059, USA",20140505T000000,18027 SE 128th St,Renton,WA 98059,USA,98059
2014-05-05,210000.0,5.0,2.0,2050,10200,1.0,0,0,3,1430,620,1956,,"20927-20999 2nd Ave S, Des Moines, WA 98198, USA",20140505T000000,20927-20999 2nd Ave S,Des Moines,WA 98198,USA,98198
2014-05-05,1425000.0,2.0,2.5,2220,4000,2.0,0,0,3,2220,0,2000,,"1857 41st Ave E, Seattle, WA 98112, USA",20140505T000000,1857 41st Ave E,Seattle,WA 98112,USA,98112
2014-05-05,585000.0,2.0,1.0,1770,8640,1.5,0,0,3,1520,250,1949,,"353 NW 88th St, Seattle, WA 98117, USA",20140505T000000,353 NW 88th St,Seattle,WA 98117,USA,98117
2014-05-05,615000.0,4.0,1.75,2300,11700,1.0,0,0,4,1960,340,1977,,"18427 NE 26th Way, Redmond, WA 98052, USA",20140505T000000,18427 NE 26th Way,Redmond,WA 98052,USA,98052
2014-05-05,618500.0,3.0,2.0,1800,5000,1.0,0,0,4,1080,720,1942,,"2803 NE 62nd St, Seattle, WA 98115, USA",20140505T000000,2803 NE 62nd St,Seattle,WA 98115,USA,98115
2014-05-05,487585.0,4.0,1.75,2010,9211,1.0,0,0,3,1470,540,1977,,"13313 127th Pl NE, Kirkland, WA 98034, USA",20140505T000000,13313 127th Pl NE,Kirkland,WA 98034,USA,98034
2014-05-05,509900.0,3.0,2.5,1790,2700,2.0,0,0,3,1790,0,2010,,"4532 185th Ave SE, Issaquah, WA 98027, USA",20140505T000000,4532 185th Ave SE,Issaquah,WA 98027,USA,98027
2014-05-05,631625.0,4.0,2.5,2440,6651,2.0,0,0,3,2440,0,2014,,"9288-9358 Holman Rd NW, Seattle, WA 98117, USA",20140505T000000,9288-9358 Holman Rd NW,Seattle,WA 98117,USA,98117
2014-05-05,555000.0,3.0,2.5,1940,3211,2.0,0,0,3,1940,0,2009,,"4509 185th Ave SE, Issaquah, WA 98027, USA",20140505T000000,4509 185th Ave SE,Issaquah,WA 98027,USA,98027
2014-05-05,340000.0,2.0,1.5,1160,1438,2.0,0,0,3,1160,0,2001,,"1318 29th Ave S, Seattle, WA 98144, USA",20140505T000000,1318 29th Ave S,Seattle,WA 98144,USA,98144
2014-05-05,830000.0,4.0,2.5,3400,9692,2.0,0,0,3,3400,0,2007,,"12001 173rd Pl NE, Redmond, WA 98052, USA",20140505T000000,12001 173rd Pl NE,Redmond,WA 98052,USA,98052
2014-05-05,890000.0,4.0,4.25,4420,5750,2.0,0,0,3,3410,1010,2006,,"842 Summerhill Ridge Dr NW, Issaquah, WA 98027, USA",20140505T000000,842 Summerhill Ridge Dr NW,Issaquah,WA 98027,USA,98027
2014-05-05,366750.0,3.0,3.0,1571,2017,3.0,0,0,3,1571,0,2008,,"14359 19th Ave NE, Seattle, WA 98125, USA",20140505T000000,14359 19th Ave NE,Seattle,WA 98125,USA,98125
2014-05-05,415000.0,3.0,2.25,1620,998,2.5,0,0,3,1540,80,2010,,"935 4th Ave NE, Issaquah, WA 98029, USA",20140505T000000,935 4th Ave NE,Issaquah,WA 98029,USA,98029
2014-05-05,416286.0,3.0,2.5,1408,989,3.0,0,0,3,1408,0,2005,,"7809 12th Ave NE, Seattle, WA 98115, USA",20140505T000000,7809 12th Ave NE,Seattle,WA 98115,USA,98115
2014-05-05,478000.0,3.0,2.5,3040,4535,2.0,0,0,3,3040,0,2007,,"2027 Ferndale Ave NE, Renton, WA 98056, USA",20140505T000000,2027 Ferndale Ave NE,Renton,WA 98056,USA,98056
2014-05-05,890000.0,5.0,3.5,4490,6000,2.0,0,0,3,3200,1290,2006,,"792 Summerhill Ridge Dr NW, Issaquah, WA 98027, USA",20140505T000000,792 Summerhill Ridge Dr NW,Issaquah,WA 98027,USA,98027
2014-05-05,419190.0,2.0,2.5,1590,1426,2.0,0,0,3,1590,0,2014,,"1273 NE Hickory Ln, Issaquah, WA 98029, USA",20140505T000000,1273 NE Hickory Ln,Issaquah,WA 98029,USA,98029
2014-05-05,712198.0,4.0,2.5,2450,4247,2.0,0,0,3,2450,0,2013,,"17122 NE 117th St, Redmond, WA 98052, USA",20140505T000000,17122 NE 117th St,Redmond,WA 98052,USA,98052
2014-05-06,397000.0,4.0,2.0,1440,7680,1.0,0,0,3,1200,240,1971,,"10601 NE 138th Pl, Kirkland, WA 98034, USA",20140506T000000,10601 NE 138th Pl,Kirkland,WA 98034,USA,98034
2014-05-06,450000.0,2.0,2.0,1100,3000,1.5,0,0,3,1100,0,1912,2005.0,"412 NW 70th St, Seattle, WA 98117, USA",20140506T000000,412 NW 70th St,Seattle,WA 98117,USA,98117
2014-05-06,353000.0,3.0,1.0,1350,7740,1.0,0,0,4,860,490,1947,,"11051 35th Ave NE, Seattle, WA 98125, USA",20140506T000000,11051 35th Ave NE,Seattle,WA 98125,USA,98125
2014-05-06,609000.0,4.0,2.5,2150,37981,2.0,0,0,3,2150,0,1985,,"18114 NE 136th St, Redmond, WA 98052, USA",20140506T000000,18114 NE 136th St,Redmond,WA 98052,USA,98052
2014-05-06,234000.0,3.0,1.75,1490,8366,1.0,0,0,4,1010,480,1975,,"25305 151st Pl SE, Covington, WA 98042, USA",20140506T000000,25305 151st Pl SE,Covington,WA 98042,USA,98042
2014-05-06,561000.0,3.0,2.0,2000,7000,2.0,0,0,3,2000,0,1916,1986.0,"6422 Marshall Ave SW, Seattle, WA 98136, USA",20140506T000000,6422 Marshall Ave SW,Seattle,WA 98136,USA,98136
2014-05-06,469000.0,2.0,1.0,1030,4400,1.0,0,0,3,1030,0,1924,,"310 NW 72nd St, Seattle, WA 98117, USA",20140506T000000,310 NW 72nd St,Seattle,WA 98117,USA,98117
2014-05-06,329350.0,2.0,1.0,720,6687,1.0,0,0,3,720,0,1942,,"9712 4th Ave NW, Seattle, WA 98117, USA",20140506T000000,9712 4th Ave NW,Seattle,WA 98117,USA,98117
2014-05-06,488000.0,5.0,2.0,2020,5000,1.5,0,0,4,2020,0,1938,,"9020-9024 11th Ave NW, Seattle, WA 98117, USA",20140506T000000,9020-9024 11th Ave NW,Seattle,WA 98117,USA,98117
2014-05-06,279900.0,3.0,1.75,1580,8151,1.0,0,1,4,1100,480,1962,,"1629 S 261st Pl, Des Moines, WA 98198, USA",20140506T000000,1629 S 261st Pl,Des Moines,WA 98198,USA,98198
2014-05-06,606000.0,4.0,2.5,2110,13850,2.0,0,0,3,2110,0,1987,,"2755 NW Pine Cone Dr, Issaquah, WA 98027, USA",20140506T000000,2755 NW Pine Cone Dr,Issaquah,WA 98027,USA,98027
2014-05-06,312000.0,4.0,2.0,1300,7054,1.0,0,0,3,1300,0,1950,2013.0,"2815 SW 107th St, Seattle, WA 98146, USA",20140506T000000,2815 SW 107th St,Seattle,WA 98146,USA,98146
2014-05-06,650000.0,3.0,1.5,1630,7475,1.0,0,1,3,1160,470,1940,,"6009 52nd Ave NE, Seattle, WA 98115, USA",20140506T000000,6009 52nd Ave NE,Seattle,WA 98115,USA,98115
2014-05-06,1135000.0,4.0,2.75,3370,8103,1.0,0,3,3,1970,1400,1970,2014.0,"3922 SW Henderson St, Seattle, WA 98136, USA",20140506T000000,3922 SW Henderson St,Seattle,WA 98136,USA,98136
2014-05-06,325000.0,4.0,2.5,1890,6156,1.0,0,0,3,980,910,1980,,"5631 17th Ave SW, Seattle, WA 98106, USA",20140506T000000,5631 17th Ave SW,Seattle,WA 98106,USA,98106
2014-05-06,425000.0,4.0,2.0,1520,7983,1.0,0,0,5,1520,0,1967,,"14876 Juanita Woodinville Way NE, Inglewood-Finn Hill, WA 98034, USA",20140506T000000,14876 Juanita Woodinville Way NE,Inglewood-Finn Hill,WA 98034,USA,98034
2014-05-06,219000.0,2.0,1.0,900,5160,1.0,0,0,3,900,0,1952,,"8652 17th Ave SW, Seattle, WA 98106, USA",20140506T000000,8652 17th Ave SW,Seattle,WA 98106,USA,98106
2014-05-06,250000.0,3.0,1.0,1050,6874,1.0,0,0,3,1050,0,1954,,"18305 Dayton Ave N, Shoreline, WA 98133, USA",20140506T000000,18305 Dayton Ave N,Shoreline,WA 98133,USA,98133
2014-05-06,390000.0,3.0,1.75,1260,6500,1.0,0,0,4,1260,0,1966,,"1415 168th Ave NE, Bellevue, WA 98008, USA",20140506T000000,1415 168th Ave NE,Bellevue,WA 98008,USA,98008
2014-05-06,475000.0,6.0,3.0,3470,117612,1.5,0,0,3,3470,0,1924,,"19007 80th Ave NE, Kenmore, WA 98028, USA",20140506T000000,19007 80th Ave NE,Kenmore,WA 98028,USA,98028
2014-05-06,736000.0,4.0,2.5,2290,12047,2.0,0,0,4,2290,0,1988,,"17435 SE 47th St, Bellevue, WA 98006, USA",20140506T000000,17435 SE 47th St,Bellevue,WA 98006,USA,98006
2014-05-06,407000.0,4.0,2.25,2810,23400,1.0,0,1,3,1710,1100,1958,,"23024-23198 17th Ave S, Des Moines, WA 98198, USA",20140506T000000,23024-23198 17th Ave S,Des Moines,WA 98198,USA,98198
2014-05-06,272000.0,3.0,2.5,1650,13816,2.0,0,0,3,1650,0,1998,,"32000-32072 NE 55th St, Carnation, WA 98014, USA",20140506T000000,32000-32072 NE 55th St,Carnation,WA 98014,USA,98014
2014-05-06,362000.0,3.0,2.25,1640,14374,1.0,0,0,4,1140,500,1963,,"17253 Ambaum Blvd S, Burien, WA 98148, USA",20140506T000000,17253 Ambaum Blvd S,Burien,WA 98148,USA,98148
2014-05-06,535000.0,3.0,2.5,1850,10109,2.0,0,0,3,1850,0,1991,,"8409 NE 129th Pl, Kirkland, WA 98034, USA",20140506T000000,8409 NE 129th Pl,Kirkland,WA 98034,USA,98034
2014-05-06,284000.0,4.0,2.5,2000,5390,2.0,0,0,3,2000,0,2003,,"25434 160th Ave SE, Kent, WA 98042, USA",20140506T000000,25434 160th Ave SE,Kent,WA 98042,USA,98042
2014-05-06,367500.0,3.0,1.5,1410,9647,1.0,0,0,3,1410,0,1961,,"18048 3rd Ave NW, Shoreline, WA 98177, USA",20140506T000000,18048 3rd Ave NW,Shoreline,WA 98177,USA,98177
2014-05-06,379900.0,4.0,1.75,1500,11600,1.0,0,0,4,1000,500,1955,,"15007 75th Ave NE, Kenmore, WA 98028, USA",20140506T000000,15007 75th Ave NE,Kenmore,WA 98028,USA,98028
2014-05-06,520000.0,3.0,2.5,2460,54885,2.0,0,0,4,2460,0,1980,,"5424 NE 10th St, Renton, WA 98059, USA",20140506T000000,5424 NE 10th St,Renton,WA 98059,USA,98059
2014-05-06,175000.0,3.0,1.0,1010,7034,1.0,0,0,3,1010,0,1954,,"207 NW 5th St, Renton, WA 98057, USA",20140506T000000,207 NW 5th St,Renton,WA 98057,USA,98057
2014-05-06,460000.0,2.0,2.25,1230,929,2.0,0,0,3,1020,210,2004,,"100 24th Ave E, Seattle, WA 98112, USA",20140506T000000,100 24th Ave E,Seattle,WA 98112,USA,98112
2014-05-06,345000.0,4.0,2.5,2331,3826,2.0,0,0,3,2331,0,2007,,"11853 SE 176th Ct, Renton, WA 98058, USA",20140506T000000,11853 SE 176th Ct,Renton,WA 98058,USA,98058
2014-05-06,455000.0,5.0,2.5,2240,7770,1.0,0,0,3,1340,900,1978,,"12633 NE 133rd Pl, Kirkland, WA 98034, USA",20140506T000000,12633 NE 133rd Pl,Kirkland,WA 98034,USA,98034
2014-05-06,610000.0,4.0,3.0,2450,10117,1.0,0,0,5,1580,870,1967,,"15607 SE 42nd Ct, Bellevue, WA 98006, USA",20140506T000000,15607 SE 42nd Ct,Bellevue,WA 98006,USA,98006
2014-05-06,563000.0,4.0,3.0,3100,15480,2.0,0,0,3,2400,700,1996,,"7422 NE 163rd St, Kenmore, WA 98028, USA",20140506T000000,7422 NE 163rd St,Kenmore,WA 98028,USA,98028
2014-05-06,612500.0,4.0,2.0,2060,5000,1.0,0,0,3,1030,1030,1949,2013.0,"1708 NW 96th St, Seattle, WA 98117, USA",20140506T000000,1708 NW 96th St,Seattle,WA 98117,USA,98117
2014-05-06,218000.0,3.0,1.75,1850,7684,1.0,0,0,3,1320,530,1979,,"33945 28th Pl SW, Federal Way, WA 98023, USA",20140506T000000,33945 28th Pl SW,Federal Way,WA 98023,USA,98023
2014-05-06,404000.0,4.0,1.75,1840,10720,1.0,0,0,3,960,880,1958,,"16020 SE 2nd St, Bellevue, WA 98008, USA",20140506T000000,16020 SE 2nd St,Bellevue,WA 98008,USA,98008
2014-05-06,860000.0,4.0,2.0,3740,32417,2.0,0,0,3,3740,0,2000,,"24507 NE 77th Pl, Redmond, WA 98053, USA",20140506T000000,24507 NE 77th Pl,Redmond,WA 98053,USA,98053
2014-05-06,136500.0,3.0,1.5,1420,8580,1.0,0,0,3,1420,0,1962,,"32827 22nd Ave SW, Federal Way, WA 98023, USA",20140506T000000,32827 22nd Ave SW,Federal Way,WA 98023,USA,98023
2014-05-06,313950.0,3.0,1.0,1510,6083,1.0,0,0,4,860,650,1940,,"415 NE 94th St, Seattle, WA 98115, USA",20140506T000000,415 NE 94th St,Seattle,WA 98115,USA,98115
2014-05-06,575000.0,3.0,1.75,2130,6500,1.0,0,2,3,1170,960,1954,,"2214 W Halladay St, Seattle, WA 98199, USA",20140506T000000,2214 W Halladay St,Seattle,WA 98199,USA,98199
2014-05-06,1225000.0,4.0,2.25,3490,6906,2.0,0,0,4,2280,1210,1928,,"2560 39th Ave W, Seattle, WA 98199, USA",20140506T000000,2560 39th Ave W,Seattle,WA 98199,USA,98199
2014-05-06,280000.0,3.0,1.75,1630,11800,1.0,0,0,4,1630,0,1971,,"12525 458th Ave SE, North Bend, WA 98045, USA",20140506T000000,12525 458th Ave SE,North Bend,WA 98045,USA,98045
2014-05-06,515000.0,3.0,2.5,1790,7167,2.0,0,0,3,1790,0,1989,,"920 221st Ave NE, Sammamish, WA 98074, USA",20140506T000000,920 221st Ave NE,Sammamish,WA 98074,USA,98074
2014-05-06,513000.0,4.0,2.5,2000,5684,2.0,0,0,3,2000,0,1996,,"9041 NE 160th Pl, Kenmore, WA 98028, USA",20140506T000000,9041 NE 160th Pl,Kenmore,WA 98028,USA,98028
2014-05-06,599000.0,4.0,2.25,2260,29930,2.0,0,0,4,1400,860,1977,,"16022 SE 43rd St, Bellevue, WA 98006, USA",20140506T000000,16022 SE 43rd St,Bellevue,WA 98006,USA,98006
2014-05-06,685000.0,4.0,2.5,3030,7864,2.0,0,0,3,3030,0,1999,,"24201 SE 1st Pl, Sammamish, WA 98074, USA",20140506T000000,24201 SE 1st Pl,Sammamish,WA 98074,USA,98074
2014-05-06,365000.0,3.0,1.5,1310,8160,1.0,0,0,3,1310,0,1950,,"13714 Ashworth Ave N, Seattle, WA 98133, USA",20140506T000000,13714 Ashworth Ave N,Seattle,WA 98133,USA,98133
2014-05-06,762300.0,4.0,2.5,3880,14550,2.0,0,0,3,3880,0,1987,,"22344 NE 31st St, Sammamish, WA 98074, USA",20140506T000000,22344 NE 31st St,Sammamish,WA 98074,USA,98074
2014-05-06,1580000.0,4.0,3.25,3760,10920,1.5,0,0,5,2400,1360,1950,,"5650 NE 55th St, Seattle, WA 98105, USA",20140506T000000,5650 NE 55th St,Seattle,WA 98105,USA,98105
2014-05-06,562000.0,5.0,2.25,3040,8111,2.0,0,0,3,3040,0,1984,,"17649 NE 129th Pl, Redmond, WA 98052, USA",20140506T000000,17649 NE 129th Pl,Redmond,WA 98052,USA,98052
2014-05-06,530000.0,5.0,2.5,2910,9636,1.0,0,0,4,1690,1220,1964,,"3250 165th Ave SE, Bellevue, WA 98008, USA",20140506T000000,3250 165th Ave SE,Bellevue,WA 98008,USA,98008
2014-05-06,525000.0,3.0,2.5,2970,11985,1.0,0,0,3,1770,1200,1995,,"21603 NE 29th St, Sammamish, WA 98074, USA",20140506T000000,21603 NE 29th St,Sammamish,WA 98074,USA,98074
2014-05-06,484000.0,2.0,1.75,1660,6000,1.0,0,0,3,1160,500,1942,,"4711 University View Pl NE, Seattle, WA 98105, USA",20140506T000000,4711 University View Pl NE,Seattle,WA 98105,USA,98105
2014-05-06,725126.0,4.0,2.5,3200,12369,2.0,0,0,3,3200,0,1998,,"14707 SE 84th St, Newcastle, WA 98059, USA",20140506T000000,14707 SE 84th St,Newcastle,WA 98059,USA,98059
2014-05-06,360000.0,4.0,2.0,2680,18768,1.0,0,0,5,2680,0,1965,,"31607-31633 44th Ave S, Auburn, WA 98001, USA",20140506T000000,31607-31633 44th Ave S,Auburn,WA 98001,USA,98001
2014-05-06,387000.0,3.0,1.0,1230,9568,1.0,0,0,5,1230,0,1962,,"12116 SE 71st Pl, Newcastle, WA 98056, USA",20140506T000000,12116 SE 71st Pl,Newcastle,WA 98056,USA,98056
2014-05-06,483500.0,4.0,2.5,2740,45732,2.0,0,0,3,2740,0,1995,,"15418 216th Ave NE, Woodinville, WA 98077, USA",20140506T000000,15418 216th Ave NE,Woodinville,WA 98077,USA,98077
2014-05-06,655500.0,4.0,3.5,3380,8330,2.0,0,0,3,3380,0,2000,,"1703 NW 200th Ln, Shoreline, WA 98177, USA",20140506T000000,1703 NW 200th Ln,Shoreline,WA 98177,USA,98177
2014-05-06,345000.0,3.0,1.0,1110,6250,1.0,0,0,3,1110,0,1956,,"3230 NE 95th St, Seattle, WA 98115, USA",20140506T000000,3230 NE 95th St,Seattle,WA 98115,USA,98115
2014-05-06,533000.0,5.0,2.75,1800,3780,1.5,0,0,3,1400,400,1926,,"7434 Winona Ave N, Seattle, WA 98103, USA",20140506T000000,7434 Winona Ave N,Seattle,WA 98103,USA,98103
2014-05-06,385000.0,3.0,1.75,1900,5520,1.0,0,0,3,1280,620,1982,,"5215 32nd Ave S, Seattle, WA 98118, USA",20140506T000000,5215 32nd Ave S,Seattle,WA 98118,USA,98118
2014-05-06,675000.0,2.0,1.0,930,36478,1.0,0,2,3,930,0,1951,,"4206 SE Newport Way, Bellevue, WA 98006, USA",20140506T000000,4206 SE Newport Way,Bellevue,WA 98006,USA,98006
2014-05-06,197000.0,3.0,1.75,1690,7735,1.0,0,0,4,1060,630,1976,,"30020 43rd Pl S, Auburn, WA 98001, USA",20140506T000000,30020 43rd Pl S,Auburn,WA 98001,USA,98001
2014-05-06,485000.0,3.0,2.0,1420,4080,1.5,0,0,3,1420,0,1905,2013.0,"720 N 80th St, Seattle, WA 98103, USA",20140506T000000,720 N 80th St,Seattle,WA 98103,USA,98103
2014-05-06,1870000.0,5.0,4.0,4510,15175,2.0,0,0,3,4510,0,1969,2002.0,"8300 SE 82nd St, Mercer Island, WA 98040, USA",20140506T000000,8300 SE 82nd St,Mercer Island,WA 98040,USA,98040
2014-05-06,295000.0,3.0,2.25,1980,8000,1.0,0,0,4,1560,420,1974,,"31966 36th Ave SW, Federal Way, WA 98023, USA",20140506T000000,31966 36th Ave SW,Federal Way,WA 98023,USA,98023
2014-05-06,499000.0,2.0,1.75,1170,2400,1.0,0,0,4,740,430,1903,,"2112 N 50th St, Seattle, WA 98103, USA",20140506T000000,2112 N 50th St,Seattle,WA 98103,USA,98103
2014-05-06,1050000.0,3.0,2.5,2200,1970,2.0,0,0,3,1610,590,2008,,"2516 Yale Ave E, Seattle, WA 98102, USA",20140506T000000,2516 Yale Ave E,Seattle,WA 98102,USA,98102
2014-05-06,191000.0,3.0,1.5,800,8850,1.0,0,0,4,800,0,1959,,"1003 SW 307th St, Federal Way, WA 98023, USA",20140506T000000,1003 SW 307th St,Federal Way,WA 98023,USA,98023
2014-05-06,500000.0,3.0,2.5,1480,1171,3.0,0,0,3,1480,0,2006,,"135 25th Ave E, Seattle, WA 98112, USA",20140506T000000,135 25th Ave E,Seattle,WA 98112,USA,98112
2014-05-06,390000.0,5.0,3.75,2890,5000,1.0,0,0,3,1310,1580,2006,,"3665 Renton Ave S, Seattle, WA 98144, USA",20140506T000000,3665 Renton Ave S,Seattle,WA 98144,USA,98144
2014-05-06,979000.0,3.0,2.5,2690,4047,3.0,0,0,3,2690,0,2014,,"7000 23rd Ave NW, Seattle, WA 98117, USA",20140506T000000,7000 23rd Ave NW,Seattle,WA 98117,USA,98117
2014-05-06,580000.0,4.0,3.25,3569,8327,2.0,0,0,3,3569,0,2013,,"710 S 23rd St, Renton, WA 98055, USA",20140506T000000,710 S 23rd St,Renton,WA 98055,USA,98055
2014-05-06,369950.0,3.0,2.0,1270,1320,3.0,0,0,3,1270,0,2006,,"8846 Midvale Ave N, Seattle, WA 98103, USA",20140506T000000,8846 Midvale Ave N,Seattle,WA 98103,USA,98103
2014-05-06,1800000.0,5.0,5.0,4490,10279,2.0,0,0,3,3930,560,2013,,"1435 104th Ave SE, Bellevue, WA 98004, USA",20140506T000000,1435 104th Ave SE,Bellevue,WA 98004,USA,98004
2014-05-06,776000.0,4.0,2.5,3040,6425,2.0,0,0,3,3040,0,2008,,"16775 NE 86th Ct, Redmond, WA 98052, USA",20140506T000000,16775 NE 86th Ct,Redmond,WA 98052,USA,98052
2014-05-07,519950.0,3.0,2.25,1170,1249,3.0,0,0,3,1170,0,2014,,"1749 NW 60th St, Seattle, WA 98107, USA",20140507T000000,1749 NW 60th St,Seattle,WA 98107,USA,98107
2014-05-07,255000.0,5.0,2.25,2060,8632,1.0,0,0,3,1030,1030,1962,,"105 SW 129th St, Burien, WA 98146, USA",20140507T000000,105 SW 129th St,Burien,WA 98146,USA,98146
2014-05-07,495000.0,3.0,1.0,990,6000,1.0,0,0,3,990,0,1943,,"5628 NE 59th St, Seattle, WA 98105, USA",20140507T000000,5628 NE 59th St,Seattle,WA 98105,USA,98105
2014-05-07,510000.0,4.0,2.5,2430,5203,2.0,0,0,3,2430,0,2003,,"1028 NE 153rd Ct, Shoreline, WA 98155, USA",20140507T000000,1028 NE 153rd Ct,Shoreline,WA 98155,USA,98155
2014-05-07,1150000.0,4.0,4.0,4460,103382,2.0,0,0,3,4460,0,2001,,"25823 NE 30th Ct, Redmond, WA 98053, USA",20140507T000000,25823 NE 30th Ct,Redmond,WA 98053,USA,98053
2014-05-07,253000.0,3.0,1.75,1250,10122,1.0,0,0,3,1250,0,1994,,"25502 Kanasket Dr, Black Diamond, WA 98010, USA",20140507T000000,25502 Kanasket Dr,Black Diamond,WA 98010,USA,98010
2014-05-07,503000.0,3.0,2.75,1540,6760,1.0,0,0,5,1210,330,1980,,"9626 NE 129th Pl, Kirkland, WA 98034, USA",20140507T000000,9626 NE 129th Pl,Kirkland,WA 98034,USA,98034
2014-05-07,275000.0,3.0,2.5,1600,7000,2.0,0,0,4,1600,0,1993,,"21326 SE 277th Pl, Maple Valley, WA 98038, USA",20140507T000000,21326 SE 277th Pl,Maple Valley,WA 98038,USA,98038
2014-05-07,249000.0,3.0,1.0,1110,8423,1.0,0,0,3,1110,0,1952,,"14613 6th Ave SW, Burien, WA 98166, USA",20140507T000000,14613 6th Ave SW,Burien,WA 98166,USA,98166
2014-05-07,310000.0,3.0,1.75,1840,10723,1.0,0,0,4,1220,620,1974,,"19313 140th Pl SE, Renton, WA 98058, USA",20140507T000000,19313 140th Pl SE,Renton,WA 98058,USA,98058
2014-05-07,750000.0,3.0,2.75,2520,5401,1.0,0,0,4,1360,1160,1946,,"2806 13th Ave W, Seattle, WA 98119, USA",20140507T000000,2806 13th Ave W,Seattle,WA 98119,USA,98119
2014-05-07,630000.0,3.0,2.5,2680,327135,2.0,0,0,3,2680,0,1995,,"25339 SE 248th St, Ravensdale, WA 98051, USA",20140507T000000,25339 SE 248th St,Ravensdale,WA 98051,USA,98051
2014-05-07,599999.0,9.0,4.5,3830,6988,2.5,0,0,3,2450,1380,1938,,"8809 Densmore Ave N, Seattle, WA 98103, USA",20140507T000000,8809 Densmore Ave N,Seattle,WA 98103,USA,98103
2014-05-07,758000.0,4.0,2.75,2410,9549,1.0,0,0,4,1780,630,1956,,"10627 NE 45th St, Kirkland, WA 98033, USA",20140507T000000,10627 NE 45th St,Kirkland,WA 98033,USA,98033
2014-05-07,248500.0,4.0,1.75,1720,10018,1.0,0,0,5,1720,0,1960,,"16635 SE 268th St, Covington, WA 98042, USA",20140507T000000,16635 SE 268th St,Covington,WA 98042,USA,98042
2014-05-07,310000.0,3.0,1.75,2070,37904,1.0,0,0,4,1420,650,1973,,"19654 116th Ave SE, Kent, WA 98031, USA",20140507T000000,19654 116th Ave SE,Kent,WA 98031,USA,98031
2014-05-07,460000.0,3.0,2.0,1760,9055,2.0,0,0,4,1760,0,1985,,"5003 159th Ct NE, Redmond, WA 98052, USA",20140507T000000,5003 159th Ct NE,Redmond,WA 98052,USA,98052
2014-05-07,675000.0,3.0,1.75,1680,10500,1.0,0,0,4,1680,0,1959,,"4 128th Ave SE, Bellevue, WA 98005, USA",20140507T000000,4 128th Ave SE,Bellevue,WA 98005,USA,98005
2014-05-07,526000.0,2.0,2.0,1550,2400,1.5,0,0,4,1550,0,1900,,"3845 Whitman Ave N, Seattle, WA 98103, USA",20140507T000000,3845 Whitman Ave N,Seattle,WA 98103,USA,98103
2014-05-07,560000.0,3.0,3.0,4120,60392,2.0,0,2,3,3180,940,1994,,"32223 NE 88th St, Carnation, WA 98014, USA",20140507T000000,32223 NE 88th St,Carnation,WA 98014,USA,98014
2014-05-07,415000.0,4.0,3.0,1830,9548,2.0,0,0,3,1830,0,1991,,"15204 88th Ave NE, Bothell, WA 98028, USA",20140507T000000,15204 88th Ave NE,Bothell,WA 98028,USA,98028
2014-05-07,246000.0,3.0,1.0,1400,7410,1.0,0,0,3,1400,0,1944,,"624 SW 137th St, Burien, WA 98166, USA",20140507T000000,624 SW 137th St,Burien,WA 98166,USA,98166
2014-05-07,314500.0,3.0,1.75,1870,12381,1.0,0,0,4,1870,0,1957,,"29645 10th Pl S, Federal Way, WA 98003, USA",20140507T000000,29645 10th Pl S,Federal Way,WA 98003,USA,98003
2014-05-07,3200000.0,7.0,4.5,6210,8856,2.5,0,2,5,4760,1450,1910,,"1230 Warren Ave N, Seattle, WA 98109, USA",20140507T000000,1230 Warren Ave N,Seattle,WA 98109,USA,98109
2014-05-07,420000.0,2.0,1.5,1040,3500,1.5,0,0,4,1040,0,1904,,"1713 22nd Ave S, Seattle, WA 98144, USA",20140507T000000,1713 22nd Ave S,Seattle,WA 98144,USA,98144
2014-05-07,535000.0,3.0,1.75,2720,149410,1.5,0,0,3,2720,0,1988,,"33331 NE Lake Joy Rd, Carnation, WA 98014, USA",20140507T000000,33331 NE Lake Joy Rd,Carnation,WA 98014,USA,98014
2014-05-07,350000.0,3.0,1.0,1010,9360,1.0,0,0,3,1010,0,1981,,"9703 130th Ave NE, Kirkland, WA 98033, USA",20140507T000000,9703 130th Ave NE,Kirkland,WA 98033,USA,98033
2014-05-07,515000.0,3.0,1.75,1580,9147,1.0,0,1,4,1210,370,1967,,"234 W Lake Sammamish Pkwy SE, Bellevue, WA 98008, USA",20140507T000000,234 W Lake Sammamish Pkwy SE,Bellevue,WA 98008,USA,98008
2014-05-07,749950.0,4.0,2.75,2600,6050,2.0,0,0,5,1960,640,1949,,"4140 53rd Ave SW, Seattle, WA 98116, USA",20140507T000000,4140 53rd Ave SW,Seattle,WA 98116,USA,98116
2014-05-07,230000.0,3.0,2.5,1920,9180,2.0,0,0,3,1920,0,1988,,"206 Oakesdale Ave SW, Renton, WA 98057, USA",20140507T000000,206 Oakesdale Ave SW,Renton,WA 98057,USA,98057
2014-05-07,568000.0,3.0,2.0,2350,5080,1.5,0,0,3,1780,570,1929,,"5531 Seward Park Ave S, Seattle, WA 98118, USA",20140507T000000,5531 Seward Park Ave S,Seattle,WA 98118,USA,98118
2014-05-07,250000.0,1.0,1.0,1100,4373,1.0,0,0,2,820,280,1947,,"232 SW 154th St, Burien, WA 98166, USA",20140507T000000,232 SW 154th St,Burien,WA 98166,USA,98166
2014-05-07,581000.0,4.0,2.0,2510,13695,1.0,0,0,4,1280,1230,1961,2001.0,"11105 126th Ave NE, Kirkland, WA 98033, USA",20140507T000000,11105 126th Ave NE,Kirkland,WA 98033,USA,98033
2014-05-07,651000.0,3.0,2.5,3240,108366,2.0,0,0,4,3240,0,1991,,"18611 SE 307th Ln, Kent, WA 98042, USA",20140507T000000,18611 SE 307th Ln,Kent,WA 98042,USA,98042
2014-05-07,600000.0,3.0,2.5,2460,108900,1.0,0,0,4,1860,600,1977,,"25525 SE 133rd St, Issaquah, WA 98027, USA",20140507T000000,25525 SE 133rd St,Issaquah,WA 98027,USA,98027
2014-05-07,500000.0,2.0,1.0,1010,3885,1.5,0,0,4,1010,0,1906,1990.0,"331 22nd Ave E, Seattle, WA 98112, USA",20140507T000000,331 22nd Ave E,Seattle,WA 98112,USA,98112
2014-05-07,475000.0,2.0,1.0,820,2723,1.0,0,0,3,820,0,1921,,"4602 Woodlawn Ave N, Seattle, WA 98103, USA",20140507T000000,4602 Woodlawn Ave N,Seattle,WA 98103,USA,98103
2014-05-07,352000.0,5.0,2.5,2420,8560,1.0,0,2,3,1620,800,1978,,"3723 S Chicago St, Seattle, WA 98118, USA",20140507T000000,3723 S Chicago St,Seattle,WA 98118,USA,98118
2014-05-07,420000.0,3.0,2.25,1770,8165,2.0,0,0,3,1770,0,1977,,"12921 79th Pl NE, Kirkland, WA 98034, USA",20140507T000000,12921 79th Pl NE,Kirkland,WA 98034,USA,98034
2014-05-07,428000.0,2.0,2.0,1350,3900,1.0,0,0,3,1350,0,2003,,"232nd Way, Redmond, WA 98053, USA",20140507T000000,232nd Way,Redmond,WA 98053,USA,98053
2014-05-07,599000.0,3.0,1.75,1960,4788,1.0,0,0,4,1090,870,1920,,"6253-6299 15th Ave NE, Seattle, WA 98115, USA",20140507T000000,6253-6299 15th Ave NE,Seattle,WA 98115,USA,98115
2014-05-07,492000.0,4.0,2.5,3305,16164,1.5,0,0,5,2245,1060,1922,1956.0,"1718 N 175th St, Shoreline, WA 98133, USA",20140507T000000,1718 N 175th St,Shoreline,WA 98133,USA,98133
2014-05-07,630000.0,2.0,2.25,2550,5663,1.0,0,0,3,1720,830,2011,,"1225 N 41st Pl, Renton, WA 98056, USA",20140507T000000,1225 N 41st Pl,Renton,WA 98056,USA,98056
2014-05-07,900000.0,5.0,3.75,4130,226076,2.0,0,0,3,3170,960,1985,,"12809-12907 206th Ave NE, Woodinville, WA 98077, USA",20140507T000000,12809-12907 206th Ave NE,Woodinville,WA 98077,USA,98077
2014-05-07,1110000.0,4.0,1.5,2310,13300,1.0,0,0,3,1890,420,1950,,"9724 NE 14th St, Clyde Hill, WA 98004, USA",20140507T000000,9724 NE 14th St,Clyde Hill,WA 98004,USA,98004
2014-05-07,575000.0,4.0,2.0,1650,5000,1.0,0,0,3,1650,0,1955,,"6708 14th Ave NW, Seattle, WA 98117, USA",20140507T000000,6708 14th Ave NW,Seattle,WA 98117,USA,98117
2014-05-07,705000.0,4.0,2.5,2650,4316,1.5,0,0,3,1520,1130,1905,2013.0,"1902 45th Ave SW, Seattle, WA 98116, USA",20140507T000000,1902 45th Ave SW,Seattle,WA 98116,USA,98116
2014-05-07,940000.0,4.0,2.25,1890,5940,1.0,0,1,3,1470,420,1963,,"1234 22nd Ave E, Seattle, WA 98112, USA",20140507T000000,1234 22nd Ave E,Seattle,WA 98112,USA,98112
2014-05-07,313000.0,3.0,1.75,2190,8000,1.0,0,0,4,2190,0,1967,,"32631 39th Ave SW, Federal Way, WA 98023, USA",20140507T000000,32631 39th Ave SW,Federal Way,WA 98023,USA,98023
2014-05-07,618080.0,3.0,2.5,2030,6500,2.0,0,0,3,2030,0,1988,,"4421-4564 186th Ave SE, Issaquah, WA 98027, USA",20140507T000000,4421-4564 186th Ave SE,Issaquah,WA 98027,USA,98027
2014-05-07,640000.0,3.0,3.0,2270,5175,2.0,0,0,3,2130,140,2002,,"1200 N 27th Pl, Renton, WA 98056, USA",20140507T000000,1200 N 27th Pl,Renton,WA 98056,USA,98056
2014-05-07,485000.0,3.0,2.0,1610,4160,1.0,0,0,4,1010,600,1917,,"4313 SW Willow St, Seattle, WA 98136, USA",20140507T000000,4313 SW Willow St,Seattle,WA 98136,USA,98136
2014-05-07,300000.0,2.0,1.0,760,3001,1.0,0,0,3,760,0,1913,,"1761 17th Ave S, Seattle, WA 98144, USA",20140507T000000,1761 17th Ave S,Seattle,WA 98144,USA,98144
2014-05-07,379500.0,2.0,1.0,1640,17335,1.0,0,0,3,840,800,1978,,"3301-3389 289th Ave NE, Redmond, WA 98053, USA",20140507T000000,3301-3389 289th Ave NE,Redmond,WA 98053,USA,98053
2014-05-07,339950.0,3.0,2.25,1630,12295,2.0,0,0,4,1630,0,1985,,"19501 135th Ave SE, Renton, WA 98058, USA",20140507T000000,19501 135th Ave SE,Renton,WA 98058,USA,98058
2014-05-07,1500000.0,6.0,2.5,3560,6480,2.5,0,0,4,3560,0,1914,,"903 22nd Ave E, Seattle, WA 98112, USA",20140507T000000,903 22nd Ave E,Seattle,WA 98112,USA,98112
2014-05-07,1340000.0,3.0,3.0,2960,5500,2.0,0,2,3,2440,520,1937,1990.0,"3529 W Howe St, Seattle, WA 98199, USA",20140507T000000,3529 W Howe St,Seattle,WA 98199,USA,98199
2014-05-07,500000.0,3.0,2.5,1940,37565,1.0,0,0,4,1940,0,1987,,"20821 SE 135th St, Issaquah, WA 98027, USA",20140507T000000,20821 SE 135th St,Issaquah,WA 98027,USA,98027
2014-05-07,239900.0,3.0,2.0,1410,7566,1.0,0,0,3,1410,0,1985,,"11907 SE 261st Pl, Kent, WA 98030, USA",20140507T000000,11907 SE 261st Pl,Kent,WA 98030,USA,98030
2014-05-07,314950.0,3.0,1.0,1040,16986,1.0,0,0,4,1040,0,1968,,"18227 SE 135th St, Renton, WA 98059, USA",20140507T000000,18227 SE 135th St,Renton,WA 98059,USA,98059
2014-05-07,361280.0,2.0,1.0,820,6400,1.0,0,0,4,820,0,1944,,"5902 37th Ave SW, Seattle, WA 98126, USA",20140507T000000,5902 37th Ave SW,Seattle,WA 98126,USA,98126
2014-05-07,100000.0,2.0,1.0,910,22000,1.0,0,0,3,910,0,1956,,"138 Seattle Blvd S, Algona, WA 98001, USA",20140507T000000,138 Seattle Blvd S,Algona,WA 98001,USA,98001
2014-05-07,540000.0,7.0,5.75,3700,7647,2.0,0,1,3,3700,0,1948,1984.0,"15007-15299 37th Ave NE, Lake Forest Park, WA 98155, USA",20140507T000000,15007-15299 37th Ave NE,Lake Forest Park,WA 98155,USA,98155
2014-05-07,480500.0,4.0,2.5,2180,11200,1.0,0,0,4,2180,0,1968,,"18911 NE 165th Pl, Woodinville, WA 98072, USA",20140507T000000,18911 NE 165th Pl,Woodinville,WA 98072,USA,98072
2014-05-07,280000.0,3.0,2.5,1600,4271,2.0,0,0,3,1600,0,2000,,"5146 S 303rd Pl, Auburn, WA 98001, USA",20140507T000000,5146 S 303rd Pl,Auburn,WA 98001,USA,98001
2014-05-07,440000.0,3.0,1.75,1500,6180,1.0,0,0,4,1060,440,1947,,"3827 39th Ave S, Seattle, WA 98118, USA",20140507T000000,3827 39th Ave S,Seattle,WA 98118,USA,98118
2014-05-07,530000.0,3.0,1.0,1340,4284,1.0,0,0,3,1080,260,1910,,"4703-4707 4th Ave NE, Seattle, WA 98105, USA",20140507T000000,4703-4707 4th Ave NE,Seattle,WA 98105,USA,98105
2014-05-07,560000.0,3.0,2.0,1860,13374,1.0,0,0,3,1860,0,1985,,"1010 NW Inneswood Dr, Issaquah, WA 98027, USA",20140507T000000,1010 NW Inneswood Dr,Issaquah,WA 98027,USA,98027
2014-05-07,775000.0,3.0,2.0,2540,7200,1.5,0,3,4,1600,940,1905,,"517 32nd Ave S, Seattle, WA 98144, USA",20140507T000000,517 32nd Ave S,Seattle,WA 98144,USA,98144
2014-05-07,160000.0,2.0,1.0,1040,13100,1.0,0,0,5,1040,0,1912,,"733 1st Ave N, Kent, WA 98032, USA",20140507T000000,733 1st Ave N,Kent,WA 98032,USA,98032
2014-05-07,209950.0,3.0,1.5,1380,11130,1.0,0,0,3,1380,0,1960,,"32016 8th Ave S, Federal Way, WA 98003, USA",20140507T000000,32016 8th Ave S,Federal Way,WA 98003,USA,98003
2014-05-07,226500.0,3.0,1.75,1640,10762,1.0,0,0,3,1130,510,1988,,"27000-27080 201st Ave SE, Covington, WA 98042, USA",20140507T000000,27000-27080 201st Ave SE,Covington,WA 98042,USA,98042
2014-05-07,380000.0,5.0,1.75,3000,6000,1.0,0,0,5,1500,1500,1958,,"8514 S 124th St, Seattle, WA 98178, USA",20140507T000000,8514 S 124th St,Seattle,WA 98178,USA,98178
2014-05-07,409500.0,4.0,2.75,2140,13000,1.0,0,0,3,1320,820,1968,,"19302 65th Pl NE, Kenmore, WA 98028, USA",20140507T000000,19302 65th Pl NE,Kenmore,WA 98028,USA,98028
2014-05-07,690000.0,3.0,2.0,1760,6428,1.0,0,0,4,980,780,1942,,"2145 Condon Way W, Seattle, WA 98199, USA",20140507T000000,2145 Condon Way W,Seattle,WA 98199,USA,98199
2014-05-07,405000.0,3.0,2.25,1660,8307,1.0,0,0,4,1660,0,1961,,"605 N 178th St, Shoreline, WA 98133, USA",20140507T000000,605 N 178th St,Shoreline,WA 98133,USA,98133
2014-05-07,375000.0,3.0,2.5,1830,13042,2.0,0,0,3,1830,0,1990,,"25408 Lake Wilderness Country Club Dr SE, Maple Valley, WA 98038, USA",20140507T000000,25408 Lake Wilderness Country Club Dr SE,Maple Valley,WA 98038,USA,98038
2014-05-07,794154.0,4.0,2.0,2210,8556,1.0,0,1,4,1210,1000,1954,,"3235 30th Ave W, Seattle, WA 98199, USA",20140507T000000,3235 30th Ave W,Seattle,WA 98199,USA,98199
2014-05-07,185000.0,4.0,1.0,1490,6600,1.0,0,0,3,1490,0,1969,,"13248 Occidental Ave S, Burien, WA 98168, USA",20140507T000000,13248 Occidental Ave S,Burien,WA 98168,USA,98168
2014-05-07,245000.0,3.0,1.5,1260,1270,2.0,0,0,3,1040,220,2005,,"11304 Corliss Ave N, Seattle, WA 98133, USA",20140507T000000,11304 Corliss Ave N,Seattle,WA 98133,USA,98133
2014-05-07,1532500.0,5.0,4.5,4270,8076,2.0,0,0,3,3400,870,2007,,"11017 101st Pl NE, Kirkland, WA 98033, USA",20140507T000000,11017 101st Pl NE,Kirkland,WA 98033,USA,98033
2014-05-07,1040000.0,4.0,3.5,3900,8391,2.0,0,0,3,3900,0,2006,,"10908 101st Pl NE, Kirkland, WA 98033, USA",20140507T000000,10908 101st Pl NE,Kirkland,WA 98033,USA,98033
2014-05-07,425000.0,2.0,2.5,1150,1027,3.0,0,0,3,1150,0,2008,,"3631 Greenwood Ave N, Seattle, WA 98103, USA",20140507T000000,3631 Greenwood Ave N,Seattle,WA 98103,USA,98103
2014-05-07,495000.0,4.0,2.75,2656,21195,2.0,0,0,3,2656,0,2014,,"31898 50th Pl S, Auburn, WA 98001, USA",20140507T000000,31898 50th Pl S,Auburn,WA 98001,USA,98001
2014-05-07,365000.0,5.0,2.75,2410,5003,1.0,0,0,3,1410,1000,2008,,"7956 46th Ave S, Seattle, WA 98118, USA",20140507T000000,7956 46th Ave S,Seattle,WA 98118,USA,98118
2014-05-07,417250.0,3.0,2.25,1606,1452,3.0,0,0,3,1606,0,2009,,"12303 Sand Point Way NE, Seattle, WA 98125, USA",20140507T000000,12303 Sand Point Way NE,Seattle,WA 98125,USA,98125
2014-05-07,339950.0,2.0,1.0,820,681,3.0,0,0,3,820,0,2006,,"513 N 46th St, Seattle, WA 98103, USA",20140507T000000,513 N 46th St,Seattle,WA 98103,USA,98103
2014-05-08,615000.0,2.0,1.0,1540,6872,1.0,0,0,4,820,720,1946,,"2814 13th Ave W, Seattle, WA 98119, USA",20140508T000000,2814 13th Ave W,Seattle,WA 98119,USA,98119
2014-05-08,403000.0,3.0,2.75,2090,8354,2.0,0,0,3,2090,0,2012,,"27930 NE 147th Pl, Duvall, WA 98019, USA",20140508T000000,27930 NE 147th Pl,Duvall,WA 98019,USA,98019
2014-05-08,980000.0,5.0,2.5,3160,11470,1.0,0,0,4,1780,1380,1971,,"7401 92nd Pl SE, Mercer Island, WA 98040, USA",20140508T000000,7401 92nd Pl SE,Mercer Island,WA 98040,USA,98040
2014-05-08,258000.0,4.0,1.75,1730,8320,1.0,0,0,3,1230,500,1977,,"30633 21st Ave SW, Federal Way, WA 98023, USA",20140508T000000,30633 21st Ave SW,Federal Way,WA 98023,USA,98023
2014-05-08,533000.0,3.0,1.0,1670,4080,1.0,0,0,3,1170,500,1967,,"544 NE 84th St, Seattle, WA 98115, USA",20140508T000000,544 NE 84th St,Seattle,WA 98115,USA,98115
2014-05-08,537500.0,4.0,2.5,2550,4630,2.0,0,0,3,2550,0,2005,,"1825 251st Pl SE, Sammamish, WA 98075, USA",20140508T000000,1825 251st Pl SE,Sammamish,WA 98075,USA,98075
2014-05-08,830000.0,5.0,3.0,3040,9601,1.0,0,0,5,1970,1070,1968,,"5200-5298 90th Ave SE, Mercer Island, WA 98040, USA",20140508T000000,5200-5298 90th Ave SE,Mercer Island,WA 98040,USA,98040
2014-05-08,712000.0,3.0,1.0,1250,4620,1.5,0,0,4,1150,100,1900,,"3612 Interlake Ave N, Seattle, WA 98103, USA",20140508T000000,3612 Interlake Ave N,Seattle,WA 98103,USA,98103
2014-05-08,262000.0,4.0,2.5,2020,6236,2.0,0,0,3,2020,0,2002,,"434 Pullman Ave, Algona, WA 98001, USA",20140508T000000,434 Pullman Ave,Algona,WA 98001,USA,98001
2014-05-08,753888.0,4.0,2.5,2660,5500,2.0,0,2,3,2660,0,2003,,"1669 28th Ave NE, Issaquah, WA 98029, USA",20140508T000000,1669 28th Ave NE,Issaquah,WA 98029,USA,98029
2014-05-08,134000.0,2.0,1.5,980,5000,2.0,0,0,3,980,0,1922,2003.0,"235 Thelma St, Skykomish, WA 98288, USA",20140508T000000,235 Thelma St,Skykomish,WA 98288,USA,98288
2014-05-08,402000.0,3.0,2.5,1960,8000,1.0,0,0,4,1290,670,1977,,"12207 NE 139th Pl, Kirkland, WA 98034, USA",20140508T000000,12207 NE 139th Pl,Kirkland,WA 98034,USA,98034
2014-05-08,205000.0,2.0,1.0,720,5040,1.0,0,0,3,720,0,1955,,"8448 Delridge Way SW, Seattle, WA 98106, USA",20140508T000000,8448 Delridge Way SW,Seattle,WA 98106,USA,98106
2014-05-08,553650.0,2.0,2.5,1360,1349,2.0,0,0,3,1050,310,1997,,"624 Lake Washington Blvd E, Seattle, WA 98112, USA",20140508T000000,624 Lake Washington Blvd E,Seattle,WA 98112,USA,98112
2014-05-08,559950.0,2.0,2.0,1870,4950,1.0,0,0,3,1870,0,2006,,"23733 NE Salal Pl, Redmond, WA 98053, USA",20140508T000000,23733 NE Salal Pl,Redmond,WA 98053,USA,98053
2014-05-08,260000.0,4.0,1.5,2130,8800,1.0,0,0,3,1100,1030,1962,,"24345 35th Pl S, Kent, WA 98032, USA",20140508T000000,24345 35th Pl S,Kent,WA 98032,USA,98032
2014-05-08,270000.0,4.0,2.5,1810,6509,2.0,0,0,3,1810,0,1994,,"14816 SE 278th St, Kent, WA 98042, USA",20140508T000000,14816 SE 278th St,Kent,WA 98042,USA,98042
2014-05-08,295000.0,2.0,1.75,2200,89298,1.0,0,0,3,1100,1100,1973,,"27469-27501 SE 154th Pl, Issaquah, WA 98027, USA",20140508T000000,27469-27501 SE 154th Pl,Issaquah,WA 98027,USA,98027
2014-05-08,719000.0,3.0,2.5,1690,4500,1.5,0,1,4,1690,0,1928,,"4022 SW Walker St, Seattle, WA 98116, USA",20140508T000000,4022 SW Walker St,Seattle,WA 98116,USA,98116
2014-05-08,266000.0,3.0,2.5,1940,8547,1.0,0,0,3,1460,480,1989,,"28123 123rd Pl SE, Kent, WA 98030, USA",20140508T000000,28123 123rd Pl SE,Kent,WA 98030,USA,98030
2014-05-08,325900.0,4.0,2.5,2320,6270,2.0,0,0,3,2320,0,2004,,"15020 SE 281st St, Kent, WA 98042, USA",20140508T000000,15020 SE 281st St,Kent,WA 98042,USA,98042
2014-05-08,647500.0,4.0,1.75,2060,26036,1.0,0,0,4,1160,900,1947,,"17622 12th Ave SW, Normandy Park, WA 98166, USA",20140508T000000,17622 12th Ave SW,Normandy Park,WA 98166,USA,98166
2014-05-08,1039000.0,4.0,1.0,3410,5000,2.0,0,0,5,2190,1220,1910,,"2509 33rd Ave S, Seattle, WA 98144, USA",20140508T000000,2509 33rd Ave S,Seattle,WA 98144,USA,98144
2014-05-08,569000.0,4.0,2.25,2250,41688,2.0,0,0,3,2250,0,1980,,"7304 217th Pl NE, Redmond, WA 98053, USA",20140508T000000,7304 217th Pl NE,Redmond,WA 98053,USA,98053
2014-05-08,246000.0,3.0,1.75,1390,7399,1.0,0,0,4,1390,0,1975,,"11921 SE 205th St, Kent, WA 98031, USA",20140508T000000,11921 SE 205th St,Kent,WA 98031,USA,98031
2014-05-08,515000.0,2.0,1.0,1060,4960,1.0,0,0,3,1060,0,1926,,"8230 Corliss Ave N, Seattle, WA 98103, USA",20140508T000000,8230 Corliss Ave N,Seattle,WA 98103,USA,98103
2014-05-08,207000.0,3.0,1.0,1490,8995,1.0,0,0,4,1490,0,1954,,"12612 23rd Ave S, Seattle, WA 98168, USA",20140508T000000,12612 23rd Ave S,Seattle,WA 98168,USA,98168
2014-05-08,780000.0,4.0,1.75,2480,9195,1.0,0,0,3,1390,1090,1950,,"3002 109th Ave SE, Bellevue, WA 98004, USA",20140508T000000,3002 109th Ave SE,Bellevue,WA 98004,USA,98004
2014-05-08,489990.0,5.0,2.25,2440,20828,1.5,0,0,4,2440,0,1975,,"13711 SE 251 Pl, Kent, WA 98042, USA",20140508T000000,13711 SE 251 Pl,Kent,WA 98042,USA,98042
2014-05-08,335000.0,3.0,1.5,2240,87625,1.5,0,0,2,1480,760,1980,,"18748 SE 330th St, Auburn, WA 98092, USA",20140508T000000,18748 SE 330th St,Auburn,WA 98092,USA,98092
2014-05-08,295000.0,3.0,2.5,1920,7229,2.0,0,0,3,1920,0,1993,,"1914 S 375th St, Federal Way, WA 98003, USA",20140508T000000,1914 S 375th St,Federal Way,WA 98003,USA,98003
2014-05-08,385000.0,3.0,1.75,1890,9920,1.0,0,0,3,1230,660,1944,,"14317 22nd Ave NE, Seattle, WA 98125, USA",20140508T000000,14317 22nd Ave NE,Seattle,WA 98125,USA,98125
2014-05-08,350000.0,4.0,1.75,2250,13515,1.0,0,0,4,2150,100,1940,,"468 Scenic Way, Kent, WA 98030, USA",20140508T000000,468 Scenic Way,Kent,WA 98030,USA,98030
2014-05-08,235000.0,2.0,1.0,1270,3008,1.0,0,0,4,650,620,1923,,"4305 S Webster St, Seattle, WA 98118, USA",20140508T000000,4305 S Webster St,Seattle,WA 98118,USA,98118
2014-05-08,358000.0,2.0,1.5,960,1808,2.0,0,0,3,960,0,1993,,"1816 26th Ave, Seattle, WA 98122, USA",20140508T000000,1816 26th Ave,Seattle,WA 98122,USA,98122
2014-05-08,716500.0,4.0,2.5,3290,6465,2.0,0,0,3,3290,0,2002,,"1031 272nd Pl SE, Sammamish, WA 98075, USA",20140508T000000,1031 272nd Pl SE,Sammamish,WA 98075,USA,98075
2014-05-08,228000.0,4.0,1.75,2000,6120,1.0,0,0,3,1100,900,1965,,"5933 S Eastwood Dr, Seattle, WA 98178, USA",20140508T000000,5933 S Eastwood Dr,Seattle,WA 98178,USA,98178
2014-05-08,405000.0,2.0,1.0,1020,8155,1.0,0,0,4,1020,0,1948,,"13221 3rd Ave NW, Seattle, WA 98177, USA",20140508T000000,13221 3rd Ave NW,Seattle,WA 98177,USA,98177
2014-05-08,538000.0,4.0,1.75,1840,9600,1.0,0,0,3,1220,620,1967,,"5524 161st Pl NE, Redmond, WA 98052, USA",20140508T000000,5524 161st Pl NE,Redmond,WA 98052,USA,98052
2014-05-08,530000.0,3.0,1.75,1980,6760,1.0,0,0,4,1980,0,1973,,"3220 170th Ave NE, Bellevue, WA 98008, USA",20140508T000000,3220 170th Ave NE,Bellevue,WA 98008,USA,98008
2014-05-08,1750000.0,6.0,3.0,3510,5760,2.5,0,0,4,3510,0,1906,,"806 15th Ave E, Seattle, WA 98112, USA",20140508T000000,806 15th Ave E,Seattle,WA 98112,USA,98112
2014-05-08,636000.0,2.0,1.75,1230,3600,1.5,0,0,5,1230,0,1925,,"2561 3rd Ave W, Seattle, WA 98119, USA",20140508T000000,2561 3rd Ave W,Seattle,WA 98119,USA,98119
2014-05-08,535000.0,4.0,2.5,2280,65836,2.0,0,0,3,2280,0,2004,,"13812 196th Ave NE, Woodinville, WA 98077, USA",20140508T000000,13812 196th Ave NE,Woodinville,WA 98077,USA,98077
2014-05-08,1500000.0,3.0,1.75,2430,12757,1.0,0,2,4,1340,1090,1952,,"9842 Vineyard Crest, Bellevue, WA 98004, USA",20140508T000000,9842 Vineyard Crest,Bellevue,WA 98004,USA,98004
2014-05-08,868500.0,3.0,2.5,2920,3942,3.0,0,0,3,2920,0,2008,,"1012 N 42nd Pl, Renton, WA 98056, USA",20140508T000000,1012 N 42nd Pl,Renton,WA 98056,USA,98056
2014-05-08,530000.0,4.0,2.75,2280,2850,1.5,0,0,4,1540,740,1930,,"8013 20th Ave NE, Seattle, WA 98115, USA",20140508T000000,8013 20th Ave NE,Seattle,WA 98115,USA,98115
2014-05-08,450000.0,3.0,2.0,1510,43560,1.0,0,0,3,1510,0,1954,,"13611 Bear Creek Rd NE, Woodinville, WA 98077, USA",20140508T000000,13611 Bear Creek Rd NE,Woodinville,WA 98077,USA,98077
2014-05-08,230000.0,3.0,1.75,950,6000,1.0,0,0,3,790,160,1939,,"1237 S Sullivan St, Seattle, WA 98108, USA",20140508T000000,1237 S Sullivan St,Seattle,WA 98108,USA,98108
2014-05-08,229000.0,3.0,2.5,1190,3000,2.0,0,0,3,1190,0,2002,,"12227 47th Ave S, Tukwila, WA 98178, USA",20140508T000000,12227 47th Ave S,Tukwila,WA 98178,USA,98178
2014-05-08,437000.0,3.0,1.75,1310,9282,1.0,0,0,4,1310,0,1976,,"17128 NE 92nd St, Redmond, WA 98052, USA",20140508T000000,17128 NE 92nd St,Redmond,WA 98052,USA,98052
2014-05-08,1307000.0,5.0,3.25,2800,3200,1.5,0,0,5,1910,890,1932,2002.0,"365 Halladay St, Seattle, WA 98109, USA",20140508T000000,365 Halladay St,Seattle,WA 98109,USA,98109
2014-05-08,595000.0,3.0,2.5,1750,3354,2.0,0,0,4,1750,0,1991,,"10621 NE 107th Pl, Kirkland, WA 98033, USA",20140508T000000,10621 NE 107th Pl,Kirkland,WA 98033,USA,98033
2014-05-08,660000.0,3.0,1.75,1320,5750,1.5,0,0,5,1320,0,1918,,"2121 46th Ave SW, Seattle, WA 98116, USA",20140508T000000,2121 46th Ave SW,Seattle,WA 98116,USA,98116
2014-05-08,347500.0,4.0,2.5,2460,7350,2.0,0,0,3,2460,0,1989,,"32817 10th Pl SW, Federal Way, WA 98023, USA",20140508T000000,32817 10th Pl SW,Federal Way,WA 98023,USA,98023
2014-05-08,297950.0,3.0,2.0,1240,10800,1.0,0,0,3,1240,0,1967,2010.0,"17109 139th Pl SE, Renton, WA 98058, USA",20140508T000000,17109 139th Pl SE,Renton,WA 98058,USA,98058
2014-05-08,245000.0,3.0,1.5,1260,7964,1.0,0,0,4,1260,0,1955,,"168 S 192nd Pl, Des Moines, WA 98148, USA",20140508T000000,168 S 192nd Pl,Des Moines,WA 98148,USA,98148
2014-05-08,543200.0,6.0,2.25,2820,15600,1.5,0,2,5,1970,850,1940,,"15451 22nd Ave SW, Burien, WA 98166, USA",20140508T000000,15451 22nd Ave SW,Burien,WA 98166,USA,98166
2014-05-08,1250000.0,4.0,3.25,3820,24166,2.0,0,1,4,3310,510,1990,,"8565 E Mercer Way, Mercer Island, WA 98040, USA",20140508T000000,8565 E Mercer Way,Mercer Island,WA 98040,USA,98040
2014-05-08,413450.0,3.0,2.5,1540,1614,3.0,0,0,3,1470,70,2008,,"9202A Interlake Ave N, Seattle, WA 98103, USA",20140508T000000,9202A Interlake Ave N,Seattle,WA 98103,USA,98103
2014-05-08,330000.0,2.0,2.0,1550,435600,1.5,0,0,2,1550,0,1972,,"36521 SE 94th St, Snoqualmie, WA 98065, USA",20140508T000000,36521 SE 94th St,Snoqualmie,WA 98065,USA,98065
2014-05-08,424500.0,3.0,1.75,1460,7700,1.0,0,0,3,1460,0,1979,,"15917 NE 109th Way, Redmond, WA 98052, USA",20140508T000000,15917 NE 109th Way,Redmond,WA 98052,USA,98052
2014-05-08,230000.0,3.0,1.0,1390,16000,1.0,0,0,4,1390,0,1960,,"322 9th Ave N, Algona, WA 98001, USA",20140508T000000,322 9th Ave N,Algona,WA 98001,USA,98001
2014-05-08,930000.0,3.0,3.25,2640,4080,2.0,0,0,3,1840,800,1912,2000.0,"4714 Thackeray Pl NE, Seattle, WA 98105, USA",20140508T000000,4714 Thackeray Pl NE,Seattle,WA 98105,USA,98105
2014-05-08,349000.0,3.0,1.75,1590,9620,1.0,0,0,3,1590,0,1988,,"4924 SE 2nd Pl, Renton, WA 98059, USA",20140508T000000,4924 SE 2nd Pl,Renton,WA 98059,USA,98059
2014-05-08,835000.0,4.0,2.0,1910,6960,1.5,0,0,5,1910,0,1941,,"744 N 83rd St, Seattle, WA 98103, USA",20140508T000000,744 N 83rd St,Seattle,WA 98103,USA,98103
2014-05-08,988500.0,3.0,2.75,2015,16807,2.0,1,4,3,2015,0,2007,,"2973-3563 SW 172nd St, Burien, WA 98166, USA",20140508T000000,2973-3563 SW 172nd St,Burien,WA 98166,USA,98166
2014-05-08,500000.0,3.0,1.75,1410,1197,3.0,0,0,3,1410,0,2012,,"4010 Linden Ave N, Seattle, WA 98103, USA",20140508T000000,4010 Linden Ave N,Seattle,WA 98103,USA,98103
2014-05-08,499000.0,2.0,1.5,1110,957,2.0,0,0,3,930,180,2005,,"1417 4th Ave W, Seattle, WA 98119, USA",20140508T000000,1417 4th Ave W,Seattle,WA 98119,USA,98119
2014-05-08,321950.0,2.0,1.25,860,1277,2.0,0,0,3,860,0,2007,,"2113 15th Ave S, Seattle, WA 98144, USA",20140508T000000,2113 15th Ave S,Seattle,WA 98144,USA,98144
2014-05-08,494000.0,3.0,2.5,2310,4729,2.0,0,0,3,2310,0,2011,,"7630 Todd Pl, Kenmore, WA 98028, USA",20140508T000000,7630 Todd Pl,Kenmore,WA 98028,USA,98028
2014-05-08,441750.0,2.0,1.5,1020,1060,3.0,0,0,3,1020,0,2008,,"743 N 71st St, Seattle, WA 98103, USA",20140508T000000,743 N 71st St,Seattle,WA 98103,USA,98103
2014-05-08,438000.0,2.0,1.0,980,1179,2.0,0,0,3,980,0,2010,,"2050 14th Ave W, Seattle, WA 98119, USA",20140508T000000,2050 14th Ave W,Seattle,WA 98119,USA,98119
2014-05-09,985000.0,4.0,2.25,4230,37769,2.0,0,0,3,4230,0,1989,,"19505 NE 143rd St, Woodinville, WA 98077, USA",20140509T000000,19505 NE 143rd St,Woodinville,WA 98077,USA,98077
2014-05-09,352000.0,3.0,2.25,1640,11050,1.0,0,0,4,1640,0,1972,,"14513-14521 164th Pl SE, Renton, WA 98059, USA",20140509T000000,14513-14521 164th Pl SE,Renton,WA 98059,USA,98059
2014-05-09,839900.0,4.0,3.5,3810,13592,1.0,0,1,3,2560,1250,2013,,"2411 Meadow Ave N, Renton, WA 98056, USA",20140509T000000,2411 Meadow Ave N,Renton,WA 98056,USA,98056
2014-05-09,765000.0,4.0,2.75,2790,10819,2.0,0,0,3,2790,0,1996,,"19490 SE 57th Pl, Issaquah, WA 98027, USA",20140509T000000,19490 SE 57th Pl,Issaquah,WA 98027,USA,98027
2014-05-09,460000.0,4.0,1.75,1750,5500,1.5,0,0,5,1050,700,1926,,"7021 24th Ave NW, Seattle, WA 98117, USA",20140509T000000,7021 24th Ave NW,Seattle,WA 98117,USA,98117
2014-05-09,224500.0,4.0,1.0,1430,8355,1.5,0,0,4,1430,0,1983,,"31714 125th Pl SE, Auburn, WA 98092, USA",20140509T000000,31714 125th Pl SE,Auburn,WA 98092,USA,98092
2014-05-09,254000.0,3.0,2.5,1850,4597,2.0,0,0,3,1850,0,2003,,"15407 SE 252nd Pl, Covington, WA 98042, USA",20140509T000000,15407 SE 252nd Pl,Covington,WA 98042,USA,98042
2014-05-09,255000.0,2.0,1.0,960,28717,1.0,0,0,4,960,0,1984,,"29805-29821 129th Pl SW, Vashon, WA 98070, USA",20140509T000000,29805-29821 129th Pl SW,Vashon,WA 98070,USA,98070
2014-05-09,610000.0,3.0,3.0,2480,45302,1.0,0,0,4,1620,860,1976,,"19707 NE 181st St, Woodinville, WA 98077, USA",20140509T000000,19707 NE 181st St,Woodinville,WA 98077,USA,98077
2014-05-09,920000.0,4.0,3.0,3750,11025,2.0,0,0,3,3750,0,1976,,"3005 211th Ave NE, Sammamish, WA 98074, USA",20140509T000000,3005 211th Ave NE,Sammamish,WA 98074,USA,98074
2014-05-09,402500.0,4.0,2.5,2600,11951,2.0,0,0,3,2600,0,1988,,"33134 3rd Ct SW, Federal Way, WA 98023, USA",20140509T000000,33134 3rd Ct SW,Federal Way,WA 98023,USA,98023
2014-05-09,280950.0,3.0,1.75,1390,8700,1.0,0,3,4,840,550,1912,,"629-899 Cedar Ave S, Renton, WA 98057, USA",20140509T000000,629-899 Cedar Ave S,Renton,WA 98057,USA,98057
2014-05-09,604000.0,4.0,2.5,2260,7753,2.0,0,0,3,2260,0,1989,,"3809 260th Ave SE, Issaquah, WA 98029, USA",20140509T000000,3809 260th Ave SE,Issaquah,WA 98029,USA,98029
2014-05-09,565000.0,4.0,2.25,2470,7447,2.0,0,0,3,2470,0,1984,,"4205 NE 169th Ct, Lake Forest Park, WA 98155, USA",20140509T000000,4205 NE 169th Ct,Lake Forest Park,WA 98155,USA,98155
2014-05-09,255000.0,2.0,1.0,810,7980,1.0,0,0,1,810,0,1928,,"12727 2nd Ave SW, Seattle, WA 98146, USA",20140509T000000,12727 2nd Ave SW,Seattle,WA 98146,USA,98146
2014-05-09,445000.0,4.0,2.0,1650,6000,1.0,0,0,5,1000,650,1959,,"2211 20th Ave S, Seattle, WA 98144, USA",20140509T000000,2211 20th Ave S,Seattle,WA 98144,USA,98144
2014-05-09,2400000.0,3.0,2.25,3000,11665,1.5,1,4,3,3000,0,2001,,"East Lake Sammamish Trail, Sammamish, WA 98075, USA",20140509T000000,East Lake Sammamish Trail,Sammamish,WA 98075,USA,98075
2014-05-09,195000.0,2.0,1.0,720,18000,1.0,0,0,3,720,0,1950,,"10614 57th Ave S, Seattle, WA 98178, USA",20140509T000000,10614 57th Ave S,Seattle,WA 98178,USA,98178
2014-05-09,275000.0,3.0,1.5,1390,48257,1.0,0,0,3,1390,0,1922,2013.0,"4609-4699 Preston-Fall City Rd SE, Fall City, WA 98024, USA",20140509T000000,4609-4699 Preston-Fall City Rd SE,Fall City,WA 98024,USA,98024
2014-05-09,387000.0,3.0,2.25,1445,1606,2.0,0,0,3,1300,145,2003,,"206-458 Lingering Pine Dr NW, Issaquah, WA 98027, USA",20140509T000000,206-458 Lingering Pine Dr NW,Issaquah,WA 98027,USA,98027
2014-05-09,490000.0,2.0,1.0,1840,3300,1.5,0,0,4,1130,710,1910,,"6255 4th Ave NW, Seattle, WA 98107, USA",20140509T000000,6255 4th Ave NW,Seattle,WA 98107,USA,98107
2014-05-09,505000.0,3.0,2.5,2100,5824,2.0,0,2,3,2100,0,1999,,"7418 Dogwood Ln SE, Snoqualmie, WA 98065, USA",20140509T000000,7418 Dogwood Ln SE,Snoqualmie,WA 98065,USA,98065
2014-05-09,303500.0,3.0,1.5,1060,10464,1.0,0,0,4,1060,0,1973,,"14320 84th Ave NE, Kirkland, WA 98034, USA",20140509T000000,14320 84th Ave NE,Kirkland,WA 98034,USA,98034
2014-05-09,270000.0,3.0,1.5,1500,6337,1.0,0,0,5,1500,0,1953,,"13532 15th Pl NE, Seattle, WA 98125, USA",20140509T000000,13532 15th Pl NE,Seattle,WA 98125,USA,98125
2014-05-09,323000.0,4.0,2.75,1970,7213,1.0,0,0,3,1170,800,1977,,"17814 161st Ave SE, Renton, WA 98058, USA",20140509T000000,17814 161st Ave SE,Renton,WA 98058,USA,98058
2014-05-09,382000.0,3.0,3.25,1410,1253,3.0,0,0,3,1410,0,2005,,"9507 Ashworth Ave N, Seattle, WA 98103, USA",20140509T000000,9507 Ashworth Ave N,Seattle,WA 98103,USA,98103
2014-05-09,1370000.0,4.0,2.75,3720,9450,1.0,0,4,5,1960,1760,1962,,"13615 Somerset Ln SE, Bellevue, WA 98006, USA",20140509T000000,13615 Somerset Ln SE,Bellevue,WA 98006,USA,98006
2014-05-09,280000.0,4.0,2.0,2190,14439,1.0,0,0,4,1180,1010,1977,,"3331 S 368th Pl, Auburn, WA 98001, USA",20140509T000000,3331 S 368th Pl,Auburn,WA 98001,USA,98001
2014-05-09,260000.0,3.0,2.0,1920,8075,1.0,0,0,4,1510,410,1969,,"32704 33rd Ave SW, Federal Way, WA 98023, USA",20140509T000000,32704 33rd Ave SW,Federal Way,WA 98023,USA,98023
2014-05-09,201500.0,3.0,1.0,1160,8320,1.0,0,0,4,1160,0,1959,,"24345 35th Pl S, Kent, WA 98032, USA",20140509T000000,24345 35th Pl S,Kent,WA 98032,USA,98032
2014-05-09,1157200.0,4.0,4.25,5860,52889,2.0,0,0,4,4910,950,1996,,"13905 184th Ave NE, Woodinville, WA 98072, USA",20140509T000000,13905 184th Ave NE,Woodinville,WA 98072,USA,98072
2014-05-09,536500.0,4.0,1.75,2000,4000,1.5,0,0,5,1450,550,1926,,"4127 Fauntleroy Way SW, Seattle, WA 98126, USA",20140509T000000,4127 Fauntleroy Way SW,Seattle,WA 98126,USA,98126
2014-05-09,248000.0,4.0,3.0,2163,5883,2.0,0,0,3,2163,0,2006,,"429 Milwaukee Blvd S, Algona, WA 98001, USA",20140509T000000,429 Milwaukee Blvd S,Algona,WA 98001,USA,98001
2014-05-09,532000.0,5.0,3.0,3480,57499,1.0,0,0,4,2340,1140,1976,,"23801 SE 162nd St, Issaquah, WA 98027, USA",20140509T000000,23801 SE 162nd St,Issaquah,WA 98027,USA,98027
2014-05-09,580000.0,4.0,2.5,2840,6268,2.0,0,0,3,2840,0,1998,,"15217 80th Ave NE, Kenmore, WA 98028, USA",20140509T000000,15217 80th Ave NE,Kenmore,WA 98028,USA,98028
2014-05-09,463000.0,2.0,1.0,1150,4400,1.0,0,0,4,1150,0,1905,,"401 31st Ave E, Seattle, WA 98112, USA",20140509T000000,401 31st Ave E,Seattle,WA 98112,USA,98112
2014-05-09,742500.0,4.0,2.75,3100,3773,2.0,0,0,3,2000,1100,1919,1996.0,"1614 32nd Ave, Seattle, WA 98122, USA",20140509T000000,1614 32nd Ave,Seattle,WA 98122,USA,98122
2014-05-09,260000.0,3.0,2.5,1420,14850,1.0,0,0,4,1020,400,1963,,"3319 S 262nd St, Kent, WA 98032, USA",20140509T000000,3319 S 262nd St,Kent,WA 98032,USA,98032
2014-05-09,590000.0,4.0,2.25,2430,32496,1.0,0,0,3,2430,0,1993,,"18616 215th Way NE, Woodinville, WA 98077, USA",20140509T000000,18616 215th Way NE,Woodinville,WA 98077,USA,98077
2014-05-09,312000.0,4.0,2.25,1930,7452,1.0,0,0,3,1430,500,1984,,"21423 114th Pl SE, Kent, WA 98031, USA",20140509T000000,21423 114th Pl SE,Kent,WA 98031,USA,98031
2014-05-09,566000.0,3.0,2.25,1660,10140,1.0,0,0,4,1370,290,1980,,"9828 159th Pl NE, Redmond, WA 98052, USA",20140509T000000,9828 159th Pl NE,Redmond,WA 98052,USA,98052
2014-05-09,511555.0,3.0,2.0,1400,7293,1.0,0,0,4,1400,0,1963,,"2655 166th Ave SE, Bellevue, WA 98008, USA",20140509T000000,2655 166th Ave SE,Bellevue,WA 98008,USA,98008
2014-05-09,583000.0,4.0,2.5,2660,4000,2.0,0,0,3,2660,0,2001,,"9921 227th Way NE, Redmond, WA 98053, USA",20140509T000000,9921 227th Way NE,Redmond,WA 98053,USA,98053
2014-05-09,290000.0,4.0,2.5,2000,13300,1.0,0,0,4,1200,800,1968,,"3026 S Star Lake Rd, Auburn, WA 98001, USA",20140509T000000,3026 S Star Lake Rd,Auburn,WA 98001,USA,98001
2014-05-09,311100.0,4.0,2.25,2130,8078,1.0,0,0,4,1380,750,1977,,"3502 Morris Ave S, Renton, WA 98055, USA",20140509T000000,3502 Morris Ave S,Renton,WA 98055,USA,98055
2014-05-09,325000.0,3.0,2.25,1352,1694,3.0,0,0,3,1352,0,2007,,"1211 NE 135th St, Seattle, WA 98125, USA",20140509T000000,1211 NE 135th St,Seattle,WA 98125,USA,98125
2014-05-09,491300.0,3.0,1.75,1750,11340,1.0,0,1,4,1300,450,1987,,"400-498 211th Pl NE, Sammamish, WA 98074, USA",20140509T000000,400-498 211th Pl NE,Sammamish,WA 98074,USA,98074
2014-05-09,315000.0,5.0,1.75,2320,8100,1.0,0,0,4,1160,1160,1956,,"439 SW 156th St, Burien, WA 98166, USA",20140509T000000,439 SW 156th St,Burien,WA 98166,USA,98166
2014-05-09,360000.0,2.0,1.0,1420,81892,1.0,0,0,3,1180,240,1956,,"18730-18798 109 Ln SE, Renton, WA 98055, USA",20140509T000000,18730-18798 109 Ln SE,Renton,WA 98055,USA,98055
2014-05-09,330000.0,4.0,2.5,1940,3784,2.0,0,0,3,1940,0,2003,,"16828 166th Pl SE, Renton, WA 98058, USA",20140509T000000,16828 166th Pl SE,Renton,WA 98058,USA,98058
2014-05-09,481450.0,3.0,2.0,1410,4800,1.0,0,0,3,1410,0,1940,,"7701 16th Ave NW, Seattle, WA 98117, USA",20140509T000000,7701 16th Ave NW,Seattle,WA 98117,USA,98117
2014-05-09,234950.0,3.0,1.0,1360,9948,1.0,0,0,3,1360,0,1977,,"21612 SE 290th Ct, Black Diamond, WA 98010, USA",20140509T000000,21612 SE 290th Ct,Black Diamond,WA 98010,USA,98010
2014-05-09,251000.0,3.0,1.75,1220,7250,1.0,0,0,3,1220,0,1962,,"445 Meadow Dr SE, North Bend, WA 98045, USA",20140509T000000,445 Meadow Dr SE,North Bend,WA 98045,USA,98045
2014-05-09,782000.0,4.0,2.5,2830,20345,2.0,0,0,3,1980,850,1979,,"11110 NE 38th Pl, Bellevue, WA 98004, USA",20140509T000000,11110 NE 38th Pl,Bellevue,WA 98004,USA,98004
2014-05-09,833000.0,4.0,2.75,3780,10308,2.0,0,0,3,3780,0,1999,,"26621 SE 22nd Way, Sammamish, WA 98075, USA",20140509T000000,26621 SE 22nd Way,Sammamish,WA 98075,USA,98075
2014-05-09,542500.0,4.0,2.5,2330,14289,2.0,0,0,4,2330,0,1978,,"2084-2104 144th Ave SE, Bellevue, WA 98007, USA",20140509T000000,2084-2104 144th Ave SE,Bellevue,WA 98007,USA,98007
2014-05-09,851000.0,3.0,2.5,3560,107290,2.0,0,0,3,3560,0,1987,,"21630-21648 NE 67th St, Redmond, WA 98053, USA",20140509T000000,21630-21648 NE 67th St,Redmond,WA 98053,USA,98053
2014-05-09,325000.0,4.0,1.5,1470,70800,1.0,0,0,3,1470,0,1976,,"29606 SE 286 St, Ravensdale, WA 98051, USA",20140509T000000,29606 SE 286 St,Ravensdale,WA 98051,USA,98051
2014-05-09,415000.0,4.0,2.25,3060,48787,2.0,0,0,3,3060,0,1992,,"31701-31799 SE 291st St, Ravensdale, WA 98051, USA",20140509T000000,31701-31799 SE 291st St,Ravensdale,WA 98051,USA,98051
2014-05-09,252500.0,3.0,1.0,1030,6127,1.0,0,0,3,880,150,1947,,"819 NE 125th St, Seattle, WA 98125, USA",20140509T000000,819 NE 125th St,Seattle,WA 98125,USA,98125
2014-05-09,465000.0,4.0,2.5,1930,9653,1.0,0,0,4,1930,0,1968,,"29612 2nd Ave SW, Federal Way, WA 98023, USA",20140509T000000,29612 2nd Ave SW,Federal Way,WA 98023,USA,98023
2014-05-09,336900.0,3.0,1.75,1780,120661,1.0,0,0,4,1780,0,1979,,"33030 NE 201st St, Duvall, WA 98019, USA",20140509T000000,33030 NE 201st St,Duvall,WA 98019,USA,98019
2014-05-09,225000.0,3.0,2.5,2000,9202,2.0,0,0,4,2000,0,1992,,"21227 SE 278th Way, Maple Valley, WA 98038, USA",20140509T000000,21227 SE 278th Way,Maple Valley,WA 98038,USA,98038
2014-05-09,270000.0,3.0,2.0,1690,9583,1.0,0,0,4,1690,0,1969,,"108-150 Union Ave SE, Renton, WA 98059, USA",20140509T000000,108-150 Union Ave SE,Renton,WA 98059,USA,98059
2014-05-09,1702500.0,5.0,4.5,5190,23716,2.0,0,2,3,3390,1800,1987,2000.0,"8608 N Mercer Way, Mercer Island, WA 98040, USA",20140509T000000,8608 N Mercer Way,Mercer Island,WA 98040,USA,98040
2014-05-09,536000.0,3.0,1.75,1300,5413,1.5,0,0,3,1300,0,1925,1992.0,"9610 8th Ave NE, Seattle, WA 98115, USA",20140509T000000,9610 8th Ave NE,Seattle,WA 98115,USA,98115
2014-05-09,585000.0,4.0,3.25,2400,29252,2.0,0,0,4,2400,0,1982,,"15610 NE 159th St, Woodinville, WA 98072, USA",20140509T000000,15610 NE 159th St,Woodinville,WA 98072,USA,98072
2014-05-09,445000.0,2.0,2.0,1150,6634,1.0,0,0,3,860,290,1940,,"1721 NE 98th St, Seattle, WA 98115, USA",20140509T000000,1721 NE 98th St,Seattle,WA 98115,USA,98115
2014-05-09,320000.0,4.0,2.25,2310,7490,2.0,0,0,3,2310,0,1980,,"11131 SE 183rd Pl, Renton, WA 98055, USA",20140509T000000,11131 SE 183rd Pl,Renton,WA 98055,USA,98055
2014-05-09,769900.0,4.0,3.5,2730,3047,2.0,0,0,3,2400,330,2006,,"2653 46th Ave SW, Seattle, WA 98116, USA",20140509T000000,2653 46th Ave SW,Seattle,WA 98116,USA,98116
2014-05-09,557000.0,4.0,2.5,2840,4500,2.0,0,0,3,2840,0,2012,,"19226 76th Pl NE, Kenmore, WA 98028, USA",20140509T000000,19226 76th Pl NE,Kenmore,WA 98028,USA,98028
2014-05-09,212000.0,2.0,1.5,1020,1525,2.0,0,0,3,1020,0,2004,,"10312 Linden Ave N, Seattle, WA 98133, USA",20140509T000000,10312 Linden Ave N,Seattle,WA 98133,USA,98133
2014-05-09,376000.0,3.0,2.0,1340,1384,3.0,0,0,3,1340,0,2008,,"9245-9249 Fremont Ave N, Seattle, WA 98103, USA",20140509T000000,9245-9249 Fremont Ave N,Seattle,WA 98103,USA,98103
2014-05-09,800000.0,4.0,3.25,3540,159430,2.0,0,0,3,3540,0,2007,,"33001 NE 24th St, Carnation, WA 98014, USA",20140509T000000,33001 NE 24th St,Carnation,WA 98014,USA,98014
2014-05-09,2238888.0,5.0,6.5,7270,130017,2.0,0,0,3,6420,850,2010,,"7070 270th Pl SE, Issaquah, WA 98029, USA",20140509T000000,7070 270th Pl SE,Issaquah,WA 98029,USA,98029
2014-05-09,324000.0,3.0,2.25,998,904,2.0,0,0,3,798,200,2007,,"820 NW 95th St, Seattle, WA 98117, USA",20140509T000000,820 NW 95th St,Seattle,WA 98117,USA,98117
2014-05-10,549900.0,5.0,2.75,3060,7015,1.0,0,0,5,1600,1460,1979,,"10834 31st Ave SW, Seattle, WA 98146, USA",20140510T000000,10834 31st Ave SW,Seattle,WA 98146,USA,98146
2014-05-10,320000.0,3.0,2.5,2130,6969,2.0,0,0,3,2130,0,2003,,"Cedar to Green River Trail, Maple Valley, WA 98038, USA",20140510T000000,Cedar to Green River Trail,Maple Valley,WA 98038,USA,98038
2014-05-10,875000.0,4.0,2.0,2520,6000,1.0,0,0,3,1400,1120,1921,2007.0,"6521 Fremont Ave N, Seattle, WA 98103, USA",20140510T000000,6521 Fremont Ave N,Seattle,WA 98103,USA,98103
2014-05-10,265000.0,4.0,1.0,1940,9533,1.0,0,0,3,1080,860,1962,,"9908 S 210th Pl, Kent, WA 98031, USA",20140510T000000,9908 S 210th Pl,Kent,WA 98031,USA,98031
2014-05-10,394950.0,3.0,2.5,1350,1250,3.0,0,0,3,1270,80,2006,,"5940 California Ave SW, Seattle, WA 98136, USA",20140510T000000,5940 California Ave SW,Seattle,WA 98136,USA,98136
2014-05-11,842500.0,4.0,2.5,2160,5298,2.5,0,0,4,2160,0,1902,,"906 17th Ave, Seattle, WA 98122, USA",20140511T000000,906 17th Ave,Seattle,WA 98122,USA,98122
2014-05-11,368000.0,3.0,2.5,1370,1350,2.0,0,0,3,1010,360,2007,,"5411 Fauntleroy Way SW, Seattle, WA 98136, USA",20140511T000000,5411 Fauntleroy Way SW,Seattle,WA 98136,USA,98136
2014-05-12,1225000.0,4.0,4.5,5420,101930,1.0,0,0,3,3890,1530,2001,,"25005 NE Patterson Way, Redmond, WA 98053, USA",20140512T000000,25005 NE Patterson Way,Redmond,WA 98053,USA,98053
2014-05-12,885000.0,4.0,2.5,2830,5000,2.0,0,0,3,2830,0,1995,,"3503 NE 43rd St, Seattle, WA 98105, USA",20140512T000000,3503 NE 43rd St,Seattle,WA 98105,USA,98105
2014-05-12,453246.0,3.0,2.5,2010,2287,2.0,0,0,3,1390,620,2014,,"2500 Mulberry Walk NE, Issaquah, WA 98029, USA",20140512T000000,2500 Mulberry Walk NE,Issaquah,WA 98029,USA,98029
2014-05-12,927000.0,4.0,2.75,3300,12090,2.0,0,0,3,3300,0,1953,,"9155 NE 21st Pl, Clyde Hill, WA 98004, USA",20140512T000000,9155 NE 21st Pl,Clyde Hill,WA 98004,USA,98004
2014-05-12,490000.0,2.0,2.5,1230,1391,2.0,0,0,3,870,360,2004,,"106 24th Ave E, Seattle, WA 98112, USA",20140512T000000,106 24th Ave E,Seattle,WA 98112,USA,98112
2014-05-12,341000.0,3.0,1.5,1720,7119,1.5,0,0,4,1720,0,1952,,"17050 14th Avenue Northeast, Shoreline, WA 98155, USA",20140512T000000,17050 14th Avenue Northeast,Shoreline,WA 98155,USA,98155
2014-05-12,235000.0,1.0,1.0,810,2451,1.0,0,0,5,810,0,1941,,"9413 34th Ave SW, Seattle, WA 98126, USA",20140512T000000,9413 34th Ave SW,Seattle,WA 98126,USA,98126
2014-05-12,1200000.0,3.0,1.75,1560,8078,1.5,1,4,4,1560,0,1928,,"3603 W Mercer Way, Mercer Island, WA 98040, USA",20140512T000000,3603 W Mercer Way,Mercer Island,WA 98040,USA,98040
2014-05-12,560000.0,3.0,2.0,2560,216777,1.0,0,0,3,2560,0,1986,,"19211 SE 342nd St, Auburn, WA 98092, USA",20140512T000000,19211 SE 342nd St,Auburn,WA 98092,USA,98092
2014-05-12,900000.0,4.0,3.25,4700,38412,2.0,0,0,3,3420,1280,1978,,"3709 131st Ave NE, Bellevue, WA 98005, USA",20140512T000000,3709 131st Ave NE,Bellevue,WA 98005,USA,98005
2014-05-12,255000.0,2.0,1.0,1220,2500,1.0,0,0,3,770,450,1910,,"3017 SW Hinds St, Seattle, WA 98126, USA",20140512T000000,3017 SW Hinds St,Seattle,WA 98126,USA,98126
2014-05-12,1575000.0,5.0,2.75,3650,20150,1.0,0,0,4,2360,1290,1975,,"1216 86th Ave NE, Bellevue, WA 98004, USA",20140512T000000,1216 86th Ave NE,Bellevue,WA 98004,USA,98004
2014-05-12,876650.0,3.0,3.25,2170,12508,1.5,0,0,5,1650,520,1928,1970.0,"4436-4446 W Mercer Way, Mercer Island, WA 98040, USA",20140512T000000,4436-4446 W Mercer Way,Mercer Island,WA 98040,USA,98040
2014-05-12,540000.0,4.0,2.25,2540,228254,1.0,0,0,3,1450,1090,1990,,"31907 NE 139th St, Duvall, WA 98019, USA",20140512T000000,31907 NE 139th St,Duvall,WA 98019,USA,98019
2014-05-12,350000.0,2.0,1.0,910,4500,1.5,0,0,4,910,0,1906,,"4430 Letitia Ave S, Seattle, WA 98118, USA",20140512T000000,4430 Letitia Ave S,Seattle,WA 98118,USA,98118
2014-05-12,750000.0,4.0,2.5,2980,4930,2.0,0,0,3,2890,90,2000,,"16512 SE 64th Pl, Bellevue, WA 98006, USA",20140512T000000,16512 SE 64th Pl,Bellevue,WA 98006,USA,98006
2014-05-12,582000.0,4.0,1.75,2120,4650,1.0,0,1,3,1190,930,1951,,"9214 Cyrus Ave NW, Seattle, WA 98117, USA",20140512T000000,9214 Cyrus Ave NW,Seattle,WA 98117,USA,98117
2014-05-12,1315000.0,4.0,3.5,3460,3997,2.0,0,0,3,2560,900,2004,,"2346 N 59th St, Seattle, WA 98103, USA",20140512T000000,2346 N 59th St,Seattle,WA 98103,USA,98103
2014-05-12,372500.0,5.0,3.0,2480,10090,1.0,0,0,3,1300,1180,2004,,"5537 S 119th St, Seattle, WA 98178, USA",20140512T000000,5537 S 119th St,Seattle,WA 98178,USA,98178
2014-05-12,410000.0,3.0,2.25,2200,16921,2.0,0,0,3,2200,0,1987,,"21709 SE 255th Pl, Maple Valley, WA 98038, USA",20140512T000000,21709 SE 255th Pl,Maple Valley,WA 98038,USA,98038
2014-05-12,360000.0,4.0,2.0,1730,5500,1.0,0,0,5,1010,720,1943,,"7953 14th Ave SW, Seattle, WA 98106, USA",20140512T000000,7953 14th Ave SW,Seattle,WA 98106,USA,98106
2014-05-12,1015000.0,3.0,2.5,2920,34527,1.0,0,4,4,1800,1120,1954,1983.0,"5220 SW Pritchard St, Seattle, WA 98116, USA",20140512T000000,5220 SW Pritchard St,Seattle,WA 98116,USA,98116
2014-05-12,225000.0,3.0,1.0,990,8012,1.0,0,0,4,990,0,1966,,"16411 120th Ave SE, Renton, WA 98058, USA",20140512T000000,16411 120th Ave SE,Renton,WA 98058,USA,98058
2014-05-12,647000.0,4.0,2.5,3040,6887,2.0,0,0,3,3040,0,1999,,"215 243rd Ave SE, Sammamish, WA 98074, USA",20140512T000000,215 243rd Ave SE,Sammamish,WA 98074,USA,98074
2014-05-12,950000.0,5.0,3.0,4530,258746,1.5,0,0,4,3200,1330,2003,,"20325 NE 198th St, Woodinville, WA 98077, USA",20140512T000000,20325 NE 198th St,Woodinville,WA 98077,USA,98077
2014-05-12,185000.0,3.0,1.5,1370,8470,1.0,0,0,4,1370,0,1961,,"2420 Dogwood St SE, Auburn, WA 98092, USA",20140512T000000,2420 Dogwood St SE,Auburn,WA 98092,USA,98092
2014-05-12,335000.0,3.0,2.5,1940,4927,2.0,0,0,3,1940,0,2004,,"17217 Woodside Dr SE, Renton, WA 98058, USA",20140512T000000,17217 Woodside Dr SE,Renton,WA 98058,USA,98058
2014-05-12,210000.0,3.0,2.5,1040,2643,2.0,0,0,3,720,320,2004,,"5145 S Roxbury St, Seattle, WA 98118, USA",20140512T000000,5145 S Roxbury St,Seattle,WA 98118,USA,98118
2014-05-12,522000.0,4.0,2.25,1800,8623,1.0,0,0,4,1360,440,1980,,"11725 NE 102nd Pl, Kirkland, WA 98033, USA",20140512T000000,11725 NE 102nd Pl,Kirkland,WA 98033,USA,98033
2014-05-12,770000.0,3.0,1.75,1720,5000,1.0,0,0,3,1720,0,1954,2014.0,"1614 33rd Ave, Seattle, WA 98122, USA",20140512T000000,1614 33rd Ave,Seattle,WA 98122,USA,98122
2014-05-12,499950.0,3.0,1.0,980,6380,1.0,0,0,3,760,220,1941,,"1733 NE 88th St, Seattle, WA 98115, USA",20140512T000000,1733 NE 88th St,Seattle,WA 98115,USA,98115
2014-05-12,751000.0,4.0,2.5,3110,6142,2.0,0,0,3,3110,0,2004,,"11461-11577 172nd Ave NE, Redmond, WA 98052, USA",20140512T000000,11461-11577 172nd Ave NE,Redmond,WA 98052,USA,98052
2014-05-12,330000.0,5.0,3.0,2100,7715,1.0,0,0,3,1250,850,2013,,"1047-1099 S 130th St, Burien, WA 98168, USA",20140512T000000,1047-1099 S 130th St,Burien,WA 98168,USA,98168
2014-05-12,465000.0,3.0,1.5,2020,11358,1.0,0,0,4,1190,830,1956,,"11618 NE 65th St, Kirkland, WA 98033, USA",20140512T000000,11618 NE 65th St,Kirkland,WA 98033,USA,98033
2014-05-12,850000.0,4.0,1.75,2350,11914,1.0,0,0,4,2350,0,1961,,"8223 SE 71st St, Mercer Island, WA 98040, USA",20140512T000000,8223 SE 71st St,Mercer Island,WA 98040,USA,98040
2014-05-12,947500.0,4.0,2.25,3290,12329,1.5,0,0,4,3290,0,1968,,"9202 SE 46th St, Mercer Island, WA 98040, USA",20140512T000000,9202 SE 46th St,Mercer Island,WA 98040,USA,98040
2014-05-12,302000.0,5.0,2.25,2180,7813,2.0,0,0,3,2180,0,1986,,"26405 218th Ave SE, Maple Valley, WA 98038, USA",20140512T000000,26405 218th Ave SE,Maple Valley,WA 98038,USA,98038
2014-05-12,500000.0,2.0,2.25,1290,1334,3.0,0,0,3,1290,0,2007,,"5900 20th Ave NW, Seattle, WA 98107, USA",20140512T000000,5900 20th Ave NW,Seattle,WA 98107,USA,98107
2014-05-12,201000.0,3.0,1.0,1460,9750,1.0,0,0,4,1460,0,1969,,"30928 148th Ave SE, Kent, WA 98042, USA",20140512T000000,30928 148th Ave SE,Kent,WA 98042,USA,98042
2014-05-12,265000.0,2.0,1.0,1290,2828,2.0,0,0,3,1290,0,2008,,"23549 NE 111th St, Redmond, WA 98053, USA",20140512T000000,23549 NE 111th St,Redmond,WA 98053,USA,98053
2014-05-12,870300.0,4.0,2.5,2350,3150,1.5,0,0,4,1690,660,1910,,"4410 Burke Ave N, Seattle, WA 98103, USA",20140512T000000,4410 Burke Ave N,Seattle,WA 98103,USA,98103
2014-05-12,339000.0,3.0,1.0,1080,8100,1.0,0,0,4,1080,0,1955,,"20248 20th Ave NE, Shoreline, WA 98155, USA",20140512T000000,20248 20th Ave NE,Shoreline,WA 98155,USA,98155
2014-05-12,690000.0,4.0,2.5,2670,13463,2.0,0,0,4,2670,0,1989,,"24127 SE 45th Pl, Issaquah, WA 98029, USA",20140512T000000,24127 SE 45th Pl,Issaquah,WA 98029,USA,98029
2014-05-12,788000.0,4.0,3.25,3680,5759,2.0,0,0,3,2840,840,2003,,"570 Wilderness Peak Dr NW, Issaquah, WA 98027, USA",20140512T000000,570 Wilderness Peak Dr NW,Issaquah,WA 98027,USA,98027
2014-05-12,315275.0,3.0,1.75,1440,8040,1.0,0,0,3,960,480,1951,,"11521 22nd Ave NE, Seattle, WA 98125, USA",20140512T000000,11521 22nd Ave NE,Seattle,WA 98125,USA,98125
2014-05-12,505000.0,4.0,1.75,1940,4800,1.0,0,0,5,1030,910,1922,,"414 14th Ave, Seattle, WA 98122, USA",20140512T000000,414 14th Ave,Seattle,WA 98122,USA,98122
2014-05-12,368000.0,3.0,1.0,1280,9898,1.0,0,0,3,1280,0,1968,,"13222 NE 193rd Pl, Woodinville, WA 98072, USA",20140512T000000,13222 NE 193rd Pl,Woodinville,WA 98072,USA,98072
2014-05-12,947500.0,3.0,2.75,2980,27144,1.5,1,2,5,2180,800,1917,,"Indian Trail, Burien, WA 98166, USA",20140512T000000,Indian Trail,Burien,WA 98166,USA,98166
2014-05-12,156000.0,3.0,1.0,970,8580,1.0,0,0,3,970,0,1959,,"29621 18th Ave S, Federal Way, WA 98003, USA",20140512T000000,29621 18th Ave S,Federal Way,WA 98003,USA,98003
2014-05-12,610000.0,4.0,3.0,2110,5000,1.5,0,2,4,1640,470,1930,,"9319 45th Ave SW, Seattle, WA 98136, USA",20140512T000000,9319 45th Ave SW,Seattle,WA 98136,USA,98136
2014-05-12,420000.0,2.0,2.5,1480,1369,3.0,0,0,3,1480,0,2009,,"8107 165th Ave NE, Redmond, WA 98052, USA",20140512T000000,8107 165th Ave NE,Redmond,WA 98052,USA,98052
2014-05-12,192000.0,2.0,1.0,700,10540,1.0,0,0,3,700,0,1953,,"124 SW 185th St, Normandy Park, WA 98166, USA",20140512T000000,124 SW 185th St,Normandy Park,WA 98166,USA,98166
2014-05-12,910000.0,3.0,2.0,2700,6120,1.0,0,0,4,1350,1350,1962,,"124 NE 61st St, Seattle, WA 98115, USA",20140512T000000,124 NE 61st St,Seattle,WA 98115,USA,98115
2014-05-12,1300000.0,4.0,3.25,2330,9687,2.0,0,3,3,2330,0,1918,,"731 McGilvra Blvd E, Seattle, WA 98112, USA",20140512T000000,731 McGilvra Blvd E,Seattle,WA 98112,USA,98112
2014-05-12,1346400.0,5.0,1.75,3380,20021,1.0,0,0,4,1690,1690,1963,,"9640 NE 32nd St, Clyde Hill, WA 98004, USA",20140512T000000,9640 NE 32nd St,Clyde Hill,WA 98004,USA,98004
2014-05-12,840000.0,4.0,2.75,2600,2750,1.5,0,0,3,1620,980,1936,,"2455 Queen Anne Ave N, Seattle, WA 98109, USA",20140512T000000,2455 Queen Anne Ave N,Seattle,WA 98109,USA,98109
2014-05-12,300000.0,2.0,1.75,1360,8100,1.0,0,0,3,860,500,1975,,"13730 2nd Ave NW, Seattle, WA 98177, USA",20140512T000000,13730 2nd Ave NW,Seattle,WA 98177,USA,98177
2014-05-12,505000.0,4.0,2.5,2780,6369,1.0,0,0,3,1590,1190,1978,,"9311 NE 142nd St, Kirkland, WA 98034, USA",20140512T000000,9311 NE 142nd St,Kirkland,WA 98034,USA,98034
2014-05-12,110000.0,3.0,1.0,1250,53143,1.0,0,0,5,1250,0,1945,,"19693-19799 SE Maple Valley Hwy, Maple Valley, WA 98038, USA",20140512T000000,19693-19799 SE Maple Valley Hwy,Maple Valley,WA 98038,USA,98038
2014-05-12,746000.0,3.0,2.5,2620,8950,2.0,0,0,3,2620,0,1992,,"16580 SE 57th Pl, Bellevue, WA 98006, USA",20140512T000000,16580 SE 57th Pl,Bellevue,WA 98006,USA,98006
2014-05-12,211000.0,3.0,1.5,1350,7620,1.0,0,0,5,1350,0,1941,,"16251 12th Ave SW, Burien, WA 98166, USA",20140512T000000,16251 12th Ave SW,Burien,WA 98166,USA,98166
2014-05-12,675000.0,4.0,3.0,2400,3340,1.0,0,0,4,1200,1200,1964,,"618 NW 49th St, Seattle, WA 98107, USA",20140512T000000,618 NW 49th St,Seattle,WA 98107,USA,98107
2014-05-12,734200.0,4.0,2.5,2760,5000,1.5,0,0,5,1680,1080,1928,,"950 NW 60th St, Seattle, WA 98107, USA",20140512T000000,950 NW 60th St,Seattle,WA 98107,USA,98107
2014-05-12,1225000.0,4.0,2.25,3070,16028,1.0,0,3,3,1870,1200,1976,,"8434 W Mercer Way, Mercer Island, WA 98040, USA",20140512T000000,8434 W Mercer Way,Mercer Island,WA 98040,USA,98040
2014-05-12,615000.0,2.0,1.75,2040,28593,1.5,1,3,4,2040,0,1919,1990.0,"23014 Vashon Hwy SW, Vashon, WA 98070, USA",20140512T000000,23014 Vashon Hwy SW,Vashon,WA 98070,USA,98070
2014-05-12,630000.0,4.0,2.0,1770,6000,2.0,0,0,5,1770,0,1911,1981.0,"3219 34th Ave W, Seattle, WA 98199, USA",20140512T000000,3219 34th Ave W,Seattle,WA 98199,USA,98199
2014-05-12,1264000.0,4.0,3.75,3490,9170,2.0,0,0,3,3490,0,2012,,"10442 SE 13th St, Bellevue, WA 98004, USA",20140512T000000,10442 SE 13th St,Bellevue,WA 98004,USA,98004
2014-05-12,301500.0,2.0,1.5,830,1333,2.0,0,0,3,830,0,2005,,"5650 Fauntleroy Way SW, Seattle, WA 98136, USA",20140512T000000,5650 Fauntleroy Way SW,Seattle,WA 98136,USA,98136
2014-05-12,369000.0,2.0,2.5,980,895,2.0,0,0,3,670,310,2009,,"1716 California Ave SW, Seattle, WA 98116, USA",20140512T000000,1716 California Ave SW,Seattle,WA 98116,USA,98116
2014-05-12,635000.0,3.0,2.5,1570,1433,3.0,0,0,3,1570,0,2010,,"7815 Stroud Ave N, Seattle, WA 98103, USA",20140512T000000,7815 Stroud Ave N,Seattle,WA 98103,USA,98103
2014-05-12,1033888.0,4.0,3.25,3270,5187,2.0,0,0,3,3110,160,2014,,"10774 155th Pl NE, Redmond, WA 98052, USA",20140512T000000,10774 155th Pl NE,Redmond,WA 98052,USA,98052
2014-05-12,383000.0,4.0,2.5,2160,6223,2.0,0,0,3,2160,0,2010,,"22442-22446 Southeast 281st Court, Maple Valley, WA 98038, USA",20140512T000000,22442-22446 Southeast 281st Court,Maple Valley,WA 98038,USA,98038
2014-05-12,1050000.0,4.0,3.75,3280,11000,2.0,0,0,3,2320,960,2008,,"1313 4th St, Kirkland, WA 98033, USA",20140512T000000,1313 4th St,Kirkland,WA 98033,USA,98033
2014-05-13,455000.0,4.0,2.5,3360,7685,2.0,0,0,3,3360,0,2001,,"18416 172nd Ct SE, Renton, WA 98058, USA",20140513T000000,18416 172nd Ct SE,Renton,WA 98058,USA,98058
2014-05-13,819900.0,5.0,2.75,3150,7119,2.0,0,0,3,3150,0,2013,,"8082-8160 142nd Ave NE, Redmond, WA 98052, USA",20140513T000000,8082-8160 142nd Ave NE,Redmond,WA 98052,USA,98052
2014-05-13,625000.0,3.0,3.5,1810,1846,2.0,0,0,4,1440,370,2009,,"512-598 21st Ave, Seattle, WA 98122, USA",20140513T000000,512-598 21st Ave,Seattle,WA 98122,USA,98122
2014-05-13,651000.0,4.0,2.5,2740,7140,2.0,0,0,3,2740,0,1993,,"2476 239th Pl NE, Sammamish, WA 98074, USA",20140513T000000,2476 239th Pl NE,Sammamish,WA 98074,USA,98074
2014-05-13,480000.0,5.0,4.75,3830,35000,1.0,0,0,3,2130,1700,1976,,"18125 194th Ave NE, Woodinville, WA 98077, USA",20140513T000000,18125 194th Ave NE,Woodinville,WA 98077,USA,98077
2014-05-13,757000.0,3.0,3.25,3190,5283,2.0,0,0,3,3190,0,2007,,"2065 NE Nelson Ln, Issaquah, WA 98029, USA",20140513T000000,2065 NE Nelson Ln,Issaquah,WA 98029,USA,98029
2014-05-13,460000.0,3.0,2.25,2350,10450,1.0,0,0,3,1390,960,1977,,"15801 63rd Ave NE, Kenmore, WA 98028, USA",20140513T000000,15801 63rd Ave NE,Kenmore,WA 98028,USA,98028
2014-05-13,267345.0,4.0,2.25,2510,8165,1.0,0,0,4,1610,900,1972,,"2831 SW 327th St, Federal Way, WA 98023, USA",20140513T000000,2831 SW 327th St,Federal Way,WA 98023,USA,98023
2014-05-13,530000.0,2.0,2.0,1680,4950,1.0,0,0,3,1680,0,2006,,"23726 NE 134th Pl, Redmond, WA 98053, USA",20140513T000000,23726 NE 134th Pl,Redmond,WA 98053,USA,98053
2014-05-13,449500.0,3.0,2.0,1770,6610,1.0,0,0,4,960,810,1954,,"19293 Stone Ave N, Shoreline, WA 98133, USA",20140513T000000,19293 Stone Ave N,Shoreline,WA 98133,USA,98133
2014-05-13,289000.0,3.0,1.0,1090,7315,1.0,0,0,5,1090,0,1981,,"4018 NE 6th Ct, Renton, WA 98056, USA",20140513T000000,4018 NE 6th Ct,Renton,WA 98056,USA,98056
2014-05-13,373000.0,5.0,2.5,3001,5710,2.0,0,0,3,3001,0,2006,,"25523 123rd Pl SE, Kent, WA 98030, USA",20140513T000000,25523 123rd Pl SE,Kent,WA 98030,USA,98030
2014-05-13,525000.0,5.0,3.0,2450,4591,2.0,0,0,3,2450,0,1994,,"7349 24th Ave NW, Seattle, WA 98117, USA",20140513T000000,7349 24th Ave NW,Seattle,WA 98117,USA,98117
2014-05-13,777000.0,3.0,3.25,3610,59677,2.0,0,0,3,2440,1170,2003,,"18913 SE 63rd Pl, Issaquah, WA 98027, USA",20140513T000000,18913 SE 63rd Pl,Issaquah,WA 98027,USA,98027
2014-05-13,550000.0,4.0,2.0,2250,7500,1.0,0,0,5,1200,1050,1956,,"2448 137th Ave SE, Bellevue, WA 98005, USA",20140513T000000,2448 137th Ave SE,Bellevue,WA 98005,USA,98005
2014-05-13,523000.0,3.0,1.5,1240,7735,1.0,0,0,4,1240,0,1957,,"1020 163rd Ave SE, Bellevue, WA 98008, USA",20140513T000000,1020 163rd Ave SE,Bellevue,WA 98008,USA,98008
2014-05-13,628000.0,4.0,2.0,2260,6000,1.0,0,0,3,1430,830,1958,,"8028 27th Ave NE, Seattle, WA 98115, USA",20140513T000000,8028 27th Ave NE,Seattle,WA 98115,USA,98115
2014-05-13,581000.0,4.0,1.75,2090,8164,1.0,0,0,4,1070,1020,1963,,"7408 138th Pl NE, Redmond, WA 98052, USA",20140513T000000,7408 138th Pl NE,Redmond,WA 98052,USA,98052
2014-05-13,245000.0,5.0,1.75,2020,7902,1.0,0,0,3,1220,800,1962,,"10412 Aqua Way S, Seattle, WA 98168, USA",20140513T000000,10412 Aqua Way S,Seattle,WA 98168,USA,98168
2014-05-13,415000.0,3.0,1.75,1960,5000,1.0,0,0,5,980,980,1911,,"4958 12th Ave S, Seattle, WA 98108, USA",20140513T000000,4958 12th Ave S,Seattle,WA 98108,USA,98108
2014-05-13,1895000.0,5.0,2.25,3120,16672,2.0,0,0,4,3120,0,1969,,"9045 NE 40th Pl, Yarrow Point, WA 98004, USA",20140513T000000,9045 NE 40th Pl,Yarrow Point,WA 98004,USA,98004
2014-05-13,225000.0,3.0,1.5,1250,7500,1.0,0,0,3,1250,0,1967,,"1405 E Maple St, Kent, WA 98030, USA",20140513T000000,1405 E Maple St,Kent,WA 98030,USA,98030
2014-05-13,287000.0,3.0,2.25,1490,9600,1.0,0,0,4,1170,320,1987,,"27020 NE Ring St, Duvall, WA 98019, USA",20140513T000000,27020 NE Ring St,Duvall,WA 98019,USA,98019
2014-05-13,799200.0,6.0,3.0,2890,2370,2.5,0,0,3,2290,600,1906,,"420 Boylston Ave E, Seattle, WA 98102, USA",20140513T000000,420 Boylston Ave E,Seattle,WA 98102,USA,98102
2014-05-13,239950.0,3.0,1.0,1900,33888,1.5,0,0,4,1900,0,1942,,"36400-36452 51st Ave S, Auburn, WA 98001, USA",20140513T000000,36400-36452 51st Ave S,Auburn,WA 98001,USA,98001
2014-05-13,591000.0,3.0,1.75,1680,2400,1.0,0,0,5,870,810,1922,,"1600-1608 25th Ave, Seattle, WA 98122, USA",20140513T000000,1600-1608 25th Ave,Seattle,WA 98122,USA,98122
2014-05-13,700000.0,3.0,2.5,2030,8398,2.0,0,0,4,2030,0,1975,,"18307 NE 19th Pl, Bellevue, WA 98008, USA",20140513T000000,18307 NE 19th Pl,Bellevue,WA 98008,USA,98008
2014-05-13,475000.0,4.0,2.5,3740,8700,1.0,0,0,3,2260,1480,2004,,"16700 SE 161st St, Renton, WA 98058, USA",20140513T000000,16700 SE 161st St,Renton,WA 98058,USA,98058
2014-05-13,575000.0,3.0,1.75,1580,11750,1.0,0,0,4,1180,400,1951,,"5461 S Othello St, Seattle, WA 98118, USA",20140513T000000,5461 S Othello St,Seattle,WA 98118,USA,98118
2014-05-13,771000.0,3.0,2.25,1780,6120,1.5,0,0,4,1390,390,1927,,"171 Lake Washington Blvd, Seattle, WA 98122, USA",20140513T000000,171 Lake Washington Blvd,Seattle,WA 98122,USA,98122
2014-05-13,155000.0,2.0,1.0,910,6232,1.0,0,0,3,910,0,1943,,"4812 S Chicago St, Seattle, WA 98118, USA",20140513T000000,4812 S Chicago St,Seattle,WA 98118,USA,98118
2014-05-13,550000.0,7.0,4.0,3440,8100,2.0,0,0,3,3440,0,1970,,"718 N 95th St, Seattle, WA 98103, USA",20140513T000000,718 N 95th St,Seattle,WA 98103,USA,98103
2014-05-13,645000.0,3.0,2.5,1740,13750,2.0,0,0,4,1740,0,1975,,"1673 Rosemont Blvd, Bellevue, WA 98008, USA",20140513T000000,1673 Rosemont Blvd,Bellevue,WA 98008,USA,98008
2014-05-13,464000.0,5.0,2.5,3400,8970,1.0,0,0,4,1700,1700,1959,,"14700 Burke Ave N, Shoreline, WA 98133, USA",20140513T000000,14700 Burke Ave N,Shoreline,WA 98133,USA,98133
2014-05-13,1050000.0,4.0,3.25,4400,16625,2.0,0,0,3,4400,0,2003,,"27747 SE 24th Way, Sammamish, WA 98075, USA",20140513T000000,27747 SE 24th Way,Sammamish,WA 98075,USA,98075
2014-05-13,350000.0,3.0,2.5,2010,14298,2.0,0,0,3,2010,0,1977,,"10711 SW 111th Pl, Vashon, WA 98070, USA",20140513T000000,10711 SW 111th Pl,Vashon,WA 98070,USA,98070
2014-05-13,591000.0,4.0,2.25,2710,38180,2.0,0,0,4,2710,0,1977,,"19615 182nd Ave NE, Woodinville, WA 98077, USA",20140513T000000,19615 182nd Ave NE,Woodinville,WA 98077,USA,98077
2014-05-13,2555000.0,4.0,2.5,5300,26211,2.0,1,2,2,4570,730,1923,,"4437 55th Ave NE, Seattle, WA 98105, USA",20140513T000000,4437 55th Ave NE,Seattle,WA 98105,USA,98105
2014-05-13,717000.0,3.0,1.5,1310,3880,1.0,0,0,3,1090,220,1956,,"7325 Earl Ave NW, Seattle, WA 98117, USA",20140513T000000,7325 Earl Ave NW,Seattle,WA 98117,USA,98117
2014-05-13,225000.0,4.0,1.5,1950,12559,1.5,0,0,3,1950,0,1939,,"4030-4198 S 186th St, SeaTac, WA 98188, USA",20140513T000000,4030-4198 S 186th St,SeaTac,WA 98188,USA,98188
2014-05-13,225000.0,3.0,1.0,1040,6535,1.0,0,0,3,1040,0,1947,,"12446 21st Ave S, Seattle, WA 98168, USA",20140513T000000,12446 21st Ave S,Seattle,WA 98168,USA,98168
2014-05-13,345000.0,3.0,1.75,1090,7200,1.0,0,0,3,1090,0,1968,,"12033 NE 136th Pl, Kirkland, WA 98034, USA",20140513T000000,12033 NE 136th Pl,Kirkland,WA 98034,USA,98034
2014-05-13,230000.0,2.0,0.75,650,5360,1.0,0,0,4,650,0,1931,,"13540 Burke Ave N, Seattle, WA 98133, USA",20140513T000000,13540 Burke Ave N,Seattle,WA 98133,USA,98133
2014-05-13,385000.0,3.0,2.0,1480,6600,1.0,0,2,3,740,740,1943,,"4115 SW 106th St, Seattle, WA 98146, USA",20140513T000000,4115 SW 106th St,Seattle,WA 98146,USA,98146
2014-05-13,90000.0,2.0,1.0,790,2640,1.0,0,0,3,790,0,1973,,"14710 122nd Pl NE, Kirkland, WA 98034, USA",20140513T000000,14710 122nd Pl NE,Kirkland,WA 98034,USA,98034
2014-05-13,860000.0,4.0,2.5,3560,11119,1.0,0,2,3,2290,1270,1986,,"3883 112th Ave NE, Bellevue, WA 98004, USA",20140513T000000,3883 112th Ave NE,Bellevue,WA 98004,USA,98004
2014-05-13,675000.0,4.0,2.5,3000,5548,2.0,0,0,3,3000,0,2006,,"11409 SE 71st Pl, Newcastle, WA 98056, USA",20140513T000000,11409 SE 71st Pl,Newcastle,WA 98056,USA,98056
2014-05-13,975000.0,4.0,2.5,3490,7494,2.0,0,3,3,3490,0,2000,,"4902 159th Pl SE, Bellevue, WA 98006, USA",20140513T000000,4902 159th Pl SE,Bellevue,WA 98006,USA,98006
2014-05-13,780000.0,3.0,1.75,2340,10495,1.0,0,0,4,2340,0,1967,,"8421 SE 72nd Pl, Mercer Island, WA 98040, USA",20140513T000000,8421 SE 72nd Pl,Mercer Island,WA 98040,USA,98040
2014-05-13,370000.0,3.0,1.75,1650,8254,1.0,0,0,5,1060,590,1951,,"18015 25th Ave NE, Shoreline, WA 98155, USA",20140513T000000,18015 25th Ave NE,Shoreline,WA 98155,USA,98155
2014-05-13,665000.0,3.0,2.0,1940,5820,1.5,0,0,5,1150,790,1944,,"324 NW 48th St, Seattle, WA 98107, USA",20140513T000000,324 NW 48th St,Seattle,WA 98107,USA,98107
2014-05-13,675000.0,5.0,3.0,3410,9600,1.0,0,0,4,1870,1540,1968,,"2830 177th Ave NE, Redmond, WA 98052, USA",20140513T000000,2830 177th Ave NE,Redmond,WA 98052,USA,98052
2014-05-13,620000.0,3.0,1.0,1710,4050,1.5,0,0,3,1710,0,1909,,"6101-6149 Corliss Ave N, Seattle, WA 98103, USA",20140513T000000,6101-6149 Corliss Ave N,Seattle,WA 98103,USA,98103
2014-05-13,1105000.0,4.0,1.5,2740,4000,2.0,0,0,5,1930,810,1905,,"1707-1713 3rd Ave N, Seattle, WA 98109, USA",20140513T000000,1707-1713 3rd Ave N,Seattle,WA 98109,USA,98109
2014-05-13,450000.0,3.0,2.75,1250,892,2.0,0,0,3,1040,210,2010,,"2301 California Ave SW, Seattle, WA 98116, USA",20140513T000000,2301 California Ave SW,Seattle,WA 98116,USA,98116
2014-05-13,450000.0,3.0,2.25,2450,42180,1.0,0,0,4,2450,0,1978,2000.0,"17081-17183 SE Wax Rd, Covington, WA 98042, USA",20140513T000000,17081-17183 SE Wax Rd,Covington,WA 98042,USA,98042
2014-05-13,530000.0,3.0,1.75,1690,8190,1.0,0,0,4,1690,0,1958,,"2711 126th Ave SE, Bellevue, WA 98005, USA",20140513T000000,2711 126th Ave SE,Bellevue,WA 98005,USA,98005
2014-05-13,635000.0,4.0,1.75,1950,13320,1.0,0,0,4,1370,580,1969,,"15018 NE 10th Pl, Bellevue, WA 98007, USA",20140513T000000,15018 NE 10th Pl,Bellevue,WA 98007,USA,98007
2014-05-13,580000.0,5.0,2.0,2290,7125,1.0,0,0,3,1190,1100,1964,,"16541 NE 27th Pl, Bellevue, WA 98008, USA",20140513T000000,16541 NE 27th Pl,Bellevue,WA 98008,USA,98008
2014-05-13,1550000.0,5.0,3.25,3370,17458,1.0,0,2,5,2000,1370,1982,,"8126-8196 Forest Ave SE, Mercer Island, WA 98040, USA",20140513T000000,8126-8196 Forest Ave SE,Mercer Island,WA 98040,USA,98040
2014-05-13,285000.0,3.0,1.0,1090,8640,1.0,0,0,4,1090,0,1973,,"16014 16th Ave SW, Burien, WA 98166, USA",20140513T000000,16014 16th Ave SW,Burien,WA 98166,USA,98166
2014-05-13,375000.0,3.0,1.0,1190,9486,1.0,0,0,4,1190,0,1953,,"217 SW 191st St, Normandy Park, WA 98166, USA",20140513T000000,217 SW 191st St,Normandy Park,WA 98166,USA,98166
2014-05-13,1400000.0,5.0,4.25,3530,7924,2.0,0,0,3,3530,0,2001,,"2278 72nd Ave SE, Mercer Island, WA 98040, USA",20140513T000000,2278 72nd Ave SE,Mercer Island,WA 98040,USA,98040
2014-05-13,560000.0,3.0,1.0,1440,5000,2.0,0,0,3,1440,0,1910,,"6206 Phinney Ave N, Seattle, WA 98103, USA",20140513T000000,6206 Phinney Ave N,Seattle,WA 98103,USA,98103
2014-05-13,405000.0,4.0,1.75,2180,13529,1.0,0,0,3,1090,1090,1956,,"16722 32nd Pl NE, Lake Forest Park, WA 98155, USA",20140513T000000,16722 32nd Pl NE,Lake Forest Park,WA 98155,USA,98155
2014-05-13,413000.0,4.0,1.0,1410,6000,1.0,0,0,3,810,600,1925,,"4118 32nd Ave SW, Seattle, WA 98126, USA",20140513T000000,4118 32nd Ave SW,Seattle,WA 98126,USA,98126
2014-05-13,287600.0,3.0,2.5,1950,8251,2.0,0,0,3,1950,0,1990,,"4222 S 288th Pl, Auburn, WA 98001, USA",20140513T000000,4222 S 288th Pl,Auburn,WA 98001,USA,98001
2014-05-13,1680000.0,5.0,3.25,4860,23723,2.0,0,2,4,3820,1040,1989,,"9250 SE 36th Pl, Mercer Island, WA 98040, USA",20140513T000000,9250 SE 36th Pl,Mercer Island,WA 98040,USA,98040
2014-05-13,225000.0,3.0,1.0,1660,7210,1.0,0,0,3,1100,560,1963,,"29140 42nd Ave S, Auburn, WA 98001, USA",20140513T000000,29140 42nd Ave S,Auburn,WA 98001,USA,98001
2014-05-13,319000.0,3.0,1.0,1390,12823,1.0,0,0,4,1390,0,1968,,"15846 196th Pl NE, Woodinville, WA 98077, USA",20140513T000000,15846 196th Pl NE,Woodinville,WA 98077,USA,98077
2014-05-13,322500.0,3.0,2.0,1350,14200,1.0,0,0,3,1350,0,1989,,"14405 274th Ct NE, Duvall, WA 98019, USA",20140513T000000,14405 274th Ct NE,Duvall,WA 98019,USA,98019
2014-05-13,570000.0,3.0,2.0,1530,5401,1.0,0,0,4,1530,0,1937,,"7741 22nd Ave NE, Seattle, WA 98115, USA",20140513T000000,7741 22nd Ave NE,Seattle,WA 98115,USA,98115
2014-05-13,465000.0,3.0,1.5,1270,5112,1.0,0,0,3,1270,0,1950,,"3616 NE 65th St, Seattle, WA 98115, USA",20140513T000000,3616 NE 65th St,Seattle,WA 98115,USA,98115
2014-05-13,435000.0,4.0,2.25,2140,6355,2.0,0,0,3,2140,0,2002,,"7125 Silent Creek Ave SE, Snoqualmie, WA 98065, USA",20140513T000000,7125 Silent Creek Ave SE,Snoqualmie,WA 98065,USA,98065
2014-05-13,502000.0,4.0,2.5,2040,5616,2.0,0,0,3,2040,0,2012,,"7617 NE 201st Pl, Kenmore, WA 98028, USA",20140513T000000,7617 NE 201st Pl,Kenmore,WA 98028,USA,98028
2014-05-13,525000.0,3.0,3.5,2876,5086,2.0,0,0,3,2360,516,2007,,"12467 NE 171st Pl, Woodinville, WA 98072, USA",20140513T000000,12467 NE 171st Pl,Woodinville,WA 98072,USA,98072
2014-05-13,525000.0,3.0,2.5,1580,1161,2.0,0,0,3,1010,570,2008,,"213 26th Ave E, Seattle, WA 98112, USA",20140513T000000,213 26th Ave E,Seattle,WA 98112,USA,98112
2014-05-13,660000.0,4.0,3.5,3400,5196,2.0,0,0,3,3400,0,2012,,"9314 Ash Ave SE, Snoqualmie, WA 98065, USA",20140513T000000,9314 Ash Ave SE,Snoqualmie,WA 98065,USA,98065
2014-05-13,870000.0,4.0,2.5,3520,6773,2.5,0,0,3,2650,870,2006,,"7921 45th Ave SW, Seattle, WA 98136, USA",20140513T000000,7921 45th Ave SW,Seattle,WA 98136,USA,98136
2014-05-13,650000.0,4.0,2.5,2210,4861,2.0,0,0,3,2210,0,2013,,"615 NW 92nd St, Seattle, WA 98117, USA",20140513T000000,615 NW 92nd St,Seattle,WA 98117,USA,98117
2014-05-13,505000.0,4.0,2.5,2790,5602,2.0,0,0,3,2790,0,2009,,"5138 NE 8th St, Renton, WA 98059, USA",20140513T000000,5138 NE 8th St,Renton,WA 98059,USA,98059
2014-05-13,330000.0,3.0,2.5,1450,5008,1.0,0,0,3,840,610,2007,,"6544 18th Ave SW, Seattle, WA 98106, USA",20140513T000000,6544 18th Ave SW,Seattle,WA 98106,USA,98106
2014-05-14,385000.0,4.0,1.75,1620,4980,1.0,0,0,4,860,760,1947,,"10037 Interlake Ave N, Seattle, WA 98133, USA",20140514T000000,10037 Interlake Ave N,Seattle,WA 98133,USA,98133
2014-05-14,306000.0,3.0,1.5,1220,1086,3.0,0,0,3,1220,0,2007,,"353 N 105th St, Seattle, WA 98133, USA",20140514T000000,353 N 105th St,Seattle,WA 98133,USA,98133
2014-05-14,546000.0,3.0,1.75,2000,5000,1.0,0,0,4,1110,890,1921,,"7730 33rd Ave NW, Seattle, WA 98117, USA",20140514T000000,7730 33rd Ave NW,Seattle,WA 98117,USA,98117
2014-05-14,925000.0,4.0,2.5,2190,7350,2.5,0,0,5,2190,0,1958,,"3446 77th Ave SE, Mercer Island, WA 98040, USA",20140514T000000,3446 77th Ave SE,Mercer Island,WA 98040,USA,98040
2014-05-14,542000.0,4.0,1.75,1900,8250,1.0,0,0,4,950,950,1955,,"3810 145th Ave SE, Bellevue, WA 98006, USA",20140514T000000,3810 145th Ave SE,Bellevue,WA 98006,USA,98006
2014-05-14,800000.0,3.0,1.0,1700,4400,1.5,0,0,4,1700,0,1906,,"1109 32nd Ave, Seattle, WA 98122, USA",20140514T000000,1109 32nd Ave,Seattle,WA 98122,USA,98122
2014-05-14,620000.0,5.0,2.5,2540,3832,2.0,0,0,5,1760,780,1929,,"7558 32nd Ave NW, Seattle, WA 98117, USA",20140514T000000,7558 32nd Ave NW,Seattle,WA 98117,USA,98117
2014-05-14,175000.0,2.0,1.0,1170,8925,1.0,0,2,3,1170,0,1911,,"921 S 223rd St, Des Moines, WA 98198, USA",20140514T000000,921 S 223rd St,Des Moines,WA 98198,USA,98198
2014-05-14,740000.0,5.0,5.0,5774,31675,1.0,0,2,3,4490,1284,1984,,"28511 10th Ave S, Federal Way, WA 98003, USA",20140514T000000,28511 10th Ave S,Federal Way,WA 98003,USA,98003
2014-05-14,345000.0,3.0,2.25,2120,15003,2.0,0,0,3,2120,0,1984,,"14319 165th Pl SE, Renton, WA 98059, USA",20140514T000000,14319 165th Pl SE,Renton,WA 98059,USA,98059
2014-05-14,510000.0,3.0,1.75,2170,26460,1.0,0,0,3,1450,720,1986,,"721 222nd Pl NE, Sammamish, WA 98074, USA",20140514T000000,721 222nd Pl NE,Sammamish,WA 98074,USA,98074
2014-05-14,530000.0,4.0,2.75,2450,15002,1.0,0,0,5,2450,0,1974,,"404 SW 197th St, Normandy Park, WA 98166, USA",20140514T000000,404 SW 197th St,Normandy Park,WA 98166,USA,98166
2014-05-14,155000.0,2.0,1.0,700,5200,1.0,0,0,5,700,0,1952,,"475-547 Monroe Ave NE, Renton, WA 98056, USA",20140514T000000,475-547 Monroe Ave NE,Renton,WA 98056,USA,98056
2014-05-14,266000.0,3.0,2.5,1780,7214,1.0,0,0,4,1400,380,1986,,"26205 119th Dr SE, Kent, WA 98030, USA",20140514T000000,26205 119th Dr SE,Kent,WA 98030,USA,98030
2014-05-14,257200.0,3.0,2.0,1850,8250,1.0,0,0,4,1150,700,1952,,"200 Pike St SE, Auburn, WA 98002, USA",20140514T000000,200 Pike St SE,Auburn,WA 98002,USA,98002
2014-05-14,265000.0,3.0,2.0,1570,5706,1.0,0,0,3,1570,0,1998,,"11549 SE 319th Pl, Auburn, WA 98092, USA",20140514T000000,11549 SE 319th Pl,Auburn,WA 98092,USA,98092
2014-05-14,372220.0,3.0,1.0,1290,5500,1.0,0,0,3,980,310,1951,,"4607 SW Cloverdale St, Seattle, WA 98136, USA",20140514T000000,4607 SW Cloverdale St,Seattle,WA 98136,USA,98136
2014-05-14,337500.0,5.0,2.0,1700,7314,1.0,0,0,3,1000,700,1956,,"6000-6048 22nd Ave S, Seattle, WA 98108, USA",20140514T000000,6000-6048 22nd Ave S,Seattle,WA 98108,USA,98108
2014-05-14,582500.0,2.0,1.5,1159,4800,1.0,0,0,3,1159,0,1948,,"4254 33rd Ave W, Seattle, WA 98199, USA",20140514T000000,4254 33rd Ave W,Seattle,WA 98199,USA,98199
2014-05-14,489200.0,3.0,2.75,1850,9600,1.5,0,0,5,1850,0,1965,,"8622 NE 139th St, Kirkland, WA 98034, USA",20140514T000000,8622 NE 139th St,Kirkland,WA 98034,USA,98034
2014-05-14,405100.0,2.0,1.0,840,3522,1.0,0,0,3,840,0,1947,,"2901 W Elmore St, Seattle, WA 98199, USA",20140514T000000,2901 W Elmore St,Seattle,WA 98199,USA,98199
2014-05-14,372977.0,3.0,2.5,1690,1618,2.0,0,0,3,1150,540,2014,,"2500 Mulberry Walk NE, Issaquah, WA 98029, USA",20140514T000000,2500 Mulberry Walk NE,Issaquah,WA 98029,USA,98029
2014-05-14,310000.0,3.0,1.0,1050,9876,1.0,0,0,3,1050,0,1953,,"18527 Kenlake Pl NE, Kenmore, WA 98028, USA",20140514T000000,18527 Kenlake Pl NE,Kenmore,WA 98028,USA,98028
2014-05-14,538000.0,3.0,1.75,1400,3825,1.5,0,0,4,1100,300,1904,,"6917 28th Ave NW, Seattle, WA 98117, USA",20140514T000000,6917 28th Ave NW,Seattle,WA 98117,USA,98117
2014-05-14,1400000.0,3.0,2.5,2550,7200,2.0,0,2,3,2550,0,1981,2013.0,"316 Lake Washington Blvd S, Seattle, WA 98144, USA",20140514T000000,316 Lake Washington Blvd S,Seattle,WA 98144,USA,98144
2014-05-14,317000.0,3.0,2.5,1840,5011,2.0,0,0,3,1840,0,2012,,"21560 SE 275th Ct, Maple Valley, WA 98038, USA",20140514T000000,21560 SE 275th Ct,Maple Valley,WA 98038,USA,98038
2014-05-14,702500.0,3.0,1.5,2360,6750,2.0,0,0,5,1930,430,1926,,"2145 N 88th St, Seattle, WA 98103, USA",20140514T000000,2145 N 88th St,Seattle,WA 98103,USA,98103
2014-05-14,565000.0,4.0,2.5,2240,14667,2.0,0,0,4,2240,0,1989,,"13547 SE 83rd St, Newcastle, WA 98059, USA",20140514T000000,13547 SE 83rd St,Newcastle,WA 98059,USA,98059
2014-05-14,723000.0,4.0,2.5,2700,4004,2.0,0,0,3,2700,0,2004,,"2363 30th Ave NE, Issaquah, WA 98029, USA",20140514T000000,2363 30th Ave NE,Issaquah,WA 98029,USA,98029
2014-05-14,766950.0,3.0,2.5,3030,30007,1.5,0,0,4,3030,0,1992,,"15905 Saybrook Dr NE, Woodinville, WA 98077, USA",20140514T000000,15905 Saybrook Dr NE,Woodinville,WA 98077,USA,98077
2014-05-14,682000.0,3.0,1.75,1830,5120,1.5,0,2,5,1830,0,1903,,"322 16th Ave, Seattle, WA 98122, USA",20140514T000000,322 16th Ave,Seattle,WA 98122,USA,98122
2014-05-14,325000.0,3.0,2.5,2220,6049,2.0,0,0,4,2220,0,1990,,"11909 SE 228th Pl, Kent, WA 98031, USA",20140514T000000,11909 SE 228th Pl,Kent,WA 98031,USA,98031
2014-05-14,543000.0,3.0,2.5,2090,7640,1.0,0,0,3,1360,730,1962,2014.0,"14836 Densmore Ave N, Shoreline, WA 98133, USA",20140514T000000,14836 Densmore Ave N,Shoreline,WA 98133,USA,98133
2014-05-14,525000.0,3.0,1.75,1600,6120,1.5,0,0,3,1600,0,1924,,"7557 35th Ave NE, Seattle, WA 98115, USA",20140514T000000,7557 35th Ave NE,Seattle,WA 98115,USA,98115
2014-05-14,364000.0,4.0,1.75,2010,8625,1.0,0,0,4,1340,670,1957,,"16501-16515 Carlyle Hall Rd N, Shoreline, WA 98133, USA",20140514T000000,16501-16515 Carlyle Hall Rd N,Shoreline,WA 98133,USA,98133
2014-05-14,394475.0,2.0,1.0,830,4000,1.0,0,0,3,830,0,1955,,"8715 17th Ave NW, Seattle, WA 98117, USA",20140514T000000,8715 17th Ave NW,Seattle,WA 98117,USA,98117
2014-05-14,316000.0,4.0,2.5,2010,7226,2.0,0,0,3,2010,0,1995,,"1522 55th Ct SE, Auburn, WA 98092, USA",20140514T000000,1522 55th Ct SE,Auburn,WA 98092,USA,98092
2014-05-14,339950.0,3.0,1.0,1050,5402,1.5,0,0,4,1050,0,1906,,"1807 17th Ave S, Seattle, WA 98144, USA",20140514T000000,1807 17th Ave S,Seattle,WA 98144,USA,98144
2014-05-14,486000.0,4.0,2.5,2150,39449,1.0,0,0,3,1420,730,1978,,"5242 336th Ave SE, Fall City, WA 98024, USA",20140514T000000,5242 336th Ave SE,Fall City,WA 98024,USA,98024
2014-05-14,160000.0,3.0,1.0,860,11900,1.0,0,0,4,860,0,1963,,"27204 116th Pl SE, Kent, WA 98030, USA",20140514T000000,27204 116th Pl SE,Kent,WA 98030,USA,98030
2014-05-14,930000.0,3.0,2.5,3100,20553,1.0,0,0,3,3100,0,1954,,"1456 NW 185th St, Shoreline, WA 98177, USA",20140514T000000,1456 NW 185th St,Shoreline,WA 98177,USA,98177
2014-05-14,139000.0,3.0,1.0,1100,17334,1.0,0,0,3,1100,0,1978,,"33610 51st Ave S, Auburn, WA 98001, USA",20140514T000000,33610 51st Ave S,Auburn,WA 98001,USA,98001
2014-05-14,562000.0,3.0,1.5,1830,8000,1.0,0,0,4,1830,0,1957,,"920 163rd Ave SE, Bellevue, WA 98008, USA",20140514T000000,920 163rd Ave SE,Bellevue,WA 98008,USA,98008
2014-05-14,299000.0,2.0,1.75,1250,34395,1.0,0,0,4,1250,0,1950,,"1400 S 359th St, Federal Way, WA 98003, USA",20140514T000000,1400 S 359th St,Federal Way,WA 98003,USA,98003
2014-05-14,511000.0,3.0,2.5,1820,4883,2.0,0,0,3,1820,0,2005,,"14800-14822 88th Ave NE, Kenmore, WA 98028, USA",20140514T000000,14800-14822 88th Ave NE,Kenmore,WA 98028,USA,98028
2014-05-14,499000.0,3.0,2.0,2090,42689,1.5,0,0,3,2090,0,1959,1998.0,"30004 SE Lake Retreat S Dr, Ravensdale, WA 98051, USA",20140514T000000,30004 SE Lake Retreat S Dr,Ravensdale,WA 98051,USA,98051
2014-05-14,356000.0,3.0,3.5,2100,12384,2.0,0,0,3,2100,0,1980,,"14937 57th Ave S, Tukwila, WA 98168, USA",20140514T000000,14937 57th Ave S,Tukwila,WA 98168,USA,98168
2014-05-14,470000.0,4.0,2.5,2310,14023,2.0,0,0,3,2310,0,1991,,"14923 280th Pl NE, Duvall, WA 98019, USA",20140514T000000,14923 280th Pl NE,Duvall,WA 98019,USA,98019
2014-05-14,715000.0,4.0,2.25,2060,5649,1.0,0,0,5,1360,700,1941,,"3305 39th Ave W, Seattle, WA 98199, USA",20140514T000000,3305 39th Ave W,Seattle,WA 98199,USA,98199
2014-05-14,1120000.0,4.0,2.25,4470,60373,2.0,0,0,3,4470,0,1988,,"14235 160th Ave NE, Woodinville, WA 98072, USA",20140514T000000,14235 160th Ave NE,Woodinville,WA 98072,USA,98072
2014-05-14,458000.0,3.0,1.0,1660,7500,1.0,0,0,4,1060,600,1940,,"2000 NE 113th St, Seattle, WA 98125, USA",20140514T000000,2000 NE 113th St,Seattle,WA 98125,USA,98125
2014-05-14,966000.0,5.0,4.5,3810,8019,2.0,0,0,3,3810,0,2008,,"2033 211th Pl SE, Sammamish, WA 98075, USA",20140514T000000,2033 211th Pl SE,Sammamish,WA 98075,USA,98075
2014-05-14,305495.0,3.0,1.75,2110,10200,2.0,0,0,4,2110,0,1966,,"14244 140th Ave SE, Renton, WA 98059, USA",20140514T000000,14244 140th Ave SE,Renton,WA 98059,USA,98059
2014-05-14,543000.0,2.0,2.0,2370,217800,1.5,0,0,3,1600,770,1992,,"11400-11598 SE 114th Pl, Issaquah, WA 98027, USA",20140514T000000,11400-11598 SE 114th Pl,Issaquah,WA 98027,USA,98027
2014-05-14,340000.0,3.0,2.25,1970,3716,2.0,0,0,3,1970,0,1997,,"504 Shelton Ct NE, Renton, WA 98056, USA",20140514T000000,504 Shelton Ct NE,Renton,WA 98056,USA,98056
2014-05-14,633100.0,4.0,2.5,2470,33305,2.0,0,0,3,2470,0,1993,,"26021 NE 25th St, Redmond, WA 98053, USA",20140514T000000,26021 NE 25th St,Redmond,WA 98053,USA,98053
2014-05-14,310000.0,3.0,1.0,1480,7830,1.0,0,0,3,1480,0,1952,,"1909 N 195th St, Shoreline, WA 98133, USA",20140514T000000,1909 N 195th St,Shoreline,WA 98133,USA,98133
2014-05-14,349950.0,5.0,3.0,2257,10117,1.0,0,0,3,1363,894,2005,,"3755 S 168th St, SeaTac, WA 98188, USA",20140514T000000,3755 S 168th St,SeaTac,WA 98188,USA,98188
2014-05-14,267800.0,2.0,1.0,700,6000,1.0,0,0,4,700,0,1949,,"16824 11th Pl NE, Shoreline, WA 98155, USA",20140514T000000,16824 11th Pl NE,Shoreline,WA 98155,USA,98155
2014-05-14,234000.0,4.0,2.0,1630,9010,1.0,0,0,4,1050,580,1975,,"10872 SE 318th Pl, Auburn, WA 98092, USA",20140514T000000,10872 SE 318th Pl,Auburn,WA 98092,USA,98092
2014-05-14,740000.0,4.0,2.5,3430,10157,2.0,0,0,3,3430,0,2000,,"13622 NE 136th Pl, Kirkland, WA 98034, USA",20140514T000000,13622 NE 136th Pl,Kirkland,WA 98034,USA,98034
2014-05-14,607500.0,5.0,1.75,2220,6000,1.5,0,0,3,1420,800,1923,,"3047 21st Ave W, Seattle, WA 98199, USA",20140514T000000,3047 21st Ave W,Seattle,WA 98199,USA,98199
2014-05-14,223000.0,3.0,1.75,1340,7473,1.0,0,0,4,1340,0,1973,,"16 R Pl NE, Auburn, WA 98002, USA",20140514T000000,16 R Pl NE,Auburn,WA 98002,USA,98002
2014-05-14,400000.0,2.0,1.0,980,2130,1.0,0,0,4,860,120,1918,,"6520-6588 8th Ave NW, Seattle, WA 98117, USA",20140514T000000,6520-6588 8th Ave NW,Seattle,WA 98117,USA,98117
2014-05-14,802000.0,3.0,2.5,2580,13096,2.0,0,0,3,2580,0,1986,,"6133 147th Pl NE, Redmond, WA 98052, USA",20140514T000000,6133 147th Pl NE,Redmond,WA 98052,USA,98052
2014-05-14,253000.0,4.0,2.5,2230,4541,2.0,0,0,3,2230,0,2006,,"24217 181st Pl SE, Covington, WA 98042, USA",20140514T000000,24217 181st Pl SE,Covington,WA 98042,USA,98042
2014-05-14,1058000.0,4.0,2.0,2290,11137,1.0,0,0,4,2290,0,1955,,"10441 SE 24th Pl, Bellevue, WA 98004, USA",20140514T000000,10441 SE 24th Pl,Bellevue,WA 98004,USA,98004
2014-05-14,300000.0,3.0,1.0,1260,8280,1.0,0,0,3,1260,0,1946,,"2559 NE 98th St, Seattle, WA 98115, USA",20140514T000000,2559 NE 98th St,Seattle,WA 98115,USA,98115
2014-05-14,625000.0,4.0,2.75,1680,11180,1.0,0,0,4,1680,0,1966,,"15924 NE 53rd St, Redmond, WA 98052, USA",20140514T000000,15924 NE 53rd St,Redmond,WA 98052,USA,98052
2014-05-14,707000.0,4.0,3.25,3200,7081,2.0,0,0,3,3200,0,2004,,"26054 SE 23rd Pl, Sammamish, WA 98075, USA",20140514T000000,26054 SE 23rd Pl,Sammamish,WA 98075,USA,98075
2014-05-14,950000.0,4.0,2.5,3320,7644,2.0,0,0,3,3320,0,1995,,"5491 175th Pl SE, Bellevue, WA 98006, USA",20140514T000000,5491 175th Pl SE,Bellevue,WA 98006,USA,98006
2014-05-14,420000.0,4.0,2.5,3040,24123,2.0,0,0,3,3040,0,1999,,"4620 Kennedy Ave SE, Auburn, WA 98092, USA",20140514T000000,4620 Kennedy Ave SE,Auburn,WA 98092,USA,98092
2014-05-14,498000.0,4.0,2.75,2270,7375,1.0,0,0,4,1290,980,1973,,"12901 NE 136th St, Kirkland, WA 98034, USA",20140514T000000,12901 NE 136th St,Kirkland,WA 98034,USA,98034
2014-05-14,450000.0,3.0,2.5,2910,17172,2.0,0,0,3,2910,0,1989,,"36023 3rd Ave S, Federal Way, WA 98003, USA",20140514T000000,36023 3rd Ave S,Federal Way,WA 98003,USA,98003
2014-05-14,955000.0,5.0,2.25,2510,9887,2.0,0,0,3,2510,0,1972,,"7590 86th Ave SE, Mercer Island, WA 98040, USA",20140514T000000,7590 86th Ave SE,Mercer Island,WA 98040,USA,98040
2014-05-14,215000.0,2.0,1.0,1240,7200,1.0,0,0,3,1240,0,1967,,"4036 S 119th St, Tukwila, WA 98168, USA",20140514T000000,4036 S 119th St,Tukwila,WA 98168,USA,98168
2014-05-14,437000.0,3.0,2.75,2580,5200,2.0,0,0,3,2580,0,2008,,"808 Hoquiam Ave NE, Renton, WA 98059, USA",20140514T000000,808 Hoquiam Ave NE,Renton,WA 98059,USA,98059
2014-05-14,773000.0,3.0,2.75,2470,3600,2.0,0,0,3,2470,0,2007,,"1458-1462 29th Pl NE, Issaquah, WA 98029, USA",20140514T000000,1458-1462 29th Pl NE,Issaquah,WA 98029,USA,98029
2014-05-14,1222500.0,4.0,3.5,4910,9444,1.5,0,0,3,3110,1800,2007,,"4531 205th Pl NE, Sammamish, WA 98074, USA",20140514T000000,4531 205th Pl NE,Sammamish,WA 98074,USA,98074
2014-05-15,256883.0,3.0,2.5,1690,5025,2.0,0,0,3,1690,0,2003,,"833 SW 361st St, Federal Way, WA 98023, USA",20140515T000000,833 SW 361st St,Federal Way,WA 98023,USA,98023
2014-05-15,592500.0,4.0,2.5,2240,12032,1.0,0,0,3,2240,0,1983,,"24231 NE 5th Pl, Sammamish, WA 98074, USA",20140515T000000,24231 NE 5th Pl,Sammamish,WA 98074,USA,98074
2014-05-15,252350.0,3.0,2.0,1650,7352,1.0,0,0,3,1160,490,1979,,"12902 SE 158th Pl, Renton, WA 98058, USA",20140515T000000,12902 SE 158th Pl,Renton,WA 98058,USA,98058
2014-05-15,370000.0,4.0,2.5,2710,5880,2.0,0,0,3,2710,0,1998,,"12713 SE 302nd St, Auburn, WA 98092, USA",20140515T000000,12713 SE 302nd St,Auburn,WA 98092,USA,98092
2014-05-15,465750.0,3.0,1.5,1260,10350,1.0,0,0,3,1260,0,1959,,"16231 NE 29th St, Bellevue, WA 98008, USA",20140515T000000,16231 NE 29th St,Bellevue,WA 98008,USA,98008
2014-05-15,185000.0,3.0,1.0,1150,8100,1.0,0,0,3,1150,0,1932,,"12208 20th Ave S, Seattle, WA 98168, USA",20140515T000000,12208 20th Ave S,Seattle,WA 98168,USA,98168
2014-05-15,582800.0,4.0,2.75,2550,7636,1.0,0,0,3,1440,1110,1986,,"21023-21029 NE 42nd St, Sammamish, WA 98074, USA",20140515T000000,21023-21029 NE 42nd St,Sammamish,WA 98074,USA,98074
2014-05-15,245000.0,3.0,1.75,1490,6930,1.0,0,0,4,1490,0,1990,,"12145 SE 260th Pl, Kent, WA 98030, USA",20140515T000000,12145 SE 260th Pl,Kent,WA 98030,USA,98030
2014-05-15,302000.0,4.0,1.75,2020,7865,1.0,0,0,4,1010,1010,1963,,"1001 Whitman Ct NE, Renton, WA 98059, USA",20140515T000000,1001 Whitman Ct NE,Renton,WA 98059,USA,98059
2014-05-15,451555.0,2.0,1.0,1320,4520,1.0,0,1,3,1320,0,1912,1971.0,"4137 48th Ave SW, Seattle, WA 98116, USA",20140515T000000,4137 48th Ave SW,Seattle,WA 98116,USA,98116
2014-05-15,250000.0,3.0,1.0,1230,10350,1.0,0,0,4,1230,0,1957,,"19415 107th Ave SE, Renton, WA 98055, USA",20140515T000000,19415 107th Ave SE,Renton,WA 98055,USA,98055
2014-05-15,255000.0,4.0,2.5,2070,7800,2.0,0,0,3,2070,0,1989,,"1422 S 282nd Pl, Federal Way, WA 98003, USA",20140515T000000,1422 S 282nd Pl,Federal Way,WA 98003,USA,98003
2014-05-15,840000.0,4.0,1.75,2930,11562,1.0,0,3,3,1670,1260,1947,,"3539 NW 67th St, Seattle, WA 98117, USA",20140515T000000,3539 NW 67th St,Seattle,WA 98117,USA,98117
2014-05-15,190000.0,3.0,1.0,1090,8520,1.0,0,0,3,1090,0,1967,,"29611 21st Ave S, Federal Way, WA 98003, USA",20140515T000000,29611 21st Ave S,Federal Way,WA 98003,USA,98003
2014-05-15,349950.0,3.0,1.0,1400,7066,1.0,0,0,3,1400,0,1957,,"11515 4th Ave NE, Seattle, WA 98125, USA",20140515T000000,11515 4th Ave NE,Seattle,WA 98125,USA,98125
2014-05-15,613000.0,4.0,2.0,1550,4815,1.5,0,0,3,1550,0,1909,,"5212 Wallingford Ave N, Seattle, WA 98103, USA",20140515T000000,5212 Wallingford Ave N,Seattle,WA 98103,USA,98103
2014-05-15,300000.0,3.0,1.0,1220,13000,1.0,0,0,4,1220,0,1955,,"18218 Evanston Ave N, Shoreline, WA 98133, USA",20140515T000000,18218 Evanston Ave N,Shoreline,WA 98133,USA,98133
2014-05-15,455000.0,3.0,2.5,1870,7344,1.0,0,0,3,1470,400,1980,,"14013 101st Pl NE, Kirkland, WA 98034, USA",20140515T000000,14013 101st Pl NE,Kirkland,WA 98034,USA,98034
2014-05-15,335000.0,3.0,2.25,2150,30476,2.0,0,0,3,2150,0,1991,,"4446 S 160th St, Tukwila, WA 98188, USA",20140515T000000,4446 S 160th St,Tukwila,WA 98188,USA,98188
2014-05-15,197500.0,3.0,1.0,980,3090,1.5,0,0,3,980,0,1903,,"4531 S Lucile St, Seattle, WA 98118, USA",20140515T000000,4531 S Lucile St,Seattle,WA 98118,USA,98118
2014-05-15,412500.0,3.0,1.5,1490,8475,1.0,0,0,4,1490,0,1963,,"5419 156th Ave NE, Redmond, WA 98052, USA",20140515T000000,5419 156th Ave NE,Redmond,WA 98052,USA,98052
2014-05-15,395300.0,3.0,1.5,1120,7000,1.0,0,0,3,1120,0,1955,,"1323 145th Ave SE, Bellevue, WA 98007, USA",20140515T000000,1323 145th Ave SE,Bellevue,WA 98007,USA,98007
2014-05-15,342400.0,3.0,2.25,1180,9630,2.0,0,0,3,1180,0,1986,,"8121 NE 147th Pl, Kenmore, WA 98028, USA",20140515T000000,8121 NE 147th Pl,Kenmore,WA 98028,USA,98028
2014-05-15,749400.0,4.0,2.5,3240,20301,2.0,0,0,3,3240,0,1985,,"17013 NE 133rd St, Redmond, WA 98052, USA",20140515T000000,17013 NE 133rd St,Redmond,WA 98052,USA,98052
2014-05-15,316500.0,4.0,2.5,2150,6807,2.0,0,0,4,2150,0,1991,,"11401 SE 219th Pl, Kent, WA 98031, USA",20140515T000000,11401 SE 219th Pl,Kent,WA 98031,USA,98031
2014-05-15,390000.0,3.0,2.5,2240,10800,2.0,0,0,3,2240,0,1996,,"15839 84th Ave NE, Kenmore, WA 98028, USA",20140515T000000,15839 84th Ave NE,Kenmore,WA 98028,USA,98028
2014-05-15,225000.0,3.0,2.0,1400,7384,1.0,0,0,3,1150,250,1979,,"3311 SE 17th St, Renton, WA 98058, USA",20140515T000000,3311 SE 17th St,Renton,WA 98058,USA,98058
2014-05-15,550000.0,3.0,2.25,1980,40887,1.0,0,0,4,1980,0,1980,,"4216 232nd Ave NE, Redmond, WA 98053, USA",20140515T000000,4216 232nd Ave NE,Redmond,WA 98053,USA,98053
2014-05-15,280000.0,3.0,1.0,1330,20562,1.5,0,0,3,1330,0,1959,,"13219 424th Ave SE, North Bend, WA 98045, USA",20140515T000000,13219 424th Ave SE,North Bend,WA 98045,USA,98045
2014-05-15,1255000.0,4.0,2.5,3200,7535,2.0,0,0,3,3200,0,2006,,"5038 48th Ave NE, Seattle, WA 98105, USA",20140515T000000,5038 48th Ave NE,Seattle,WA 98105,USA,98105
2014-05-15,575000.0,2.0,1.0,1490,6000,1.0,0,0,3,1090,400,1946,,"1106 25th Ave E, Seattle, WA 98112, USA",20140515T000000,1106 25th Ave E,Seattle,WA 98112,USA,98112
2014-05-15,1000000.0,5.0,4.25,3920,16258,2.0,0,0,3,2900,1020,1990,,"2548 111th Ave SE, Bellevue, WA 98004, USA",20140515T000000,2548 111th Ave SE,Bellevue,WA 98004,USA,98004
2014-05-15,585000.0,5.0,1.75,2000,3750,2.0,0,0,4,2000,0,1921,,"309 N 46th St, Seattle, WA 98103, USA",20140515T000000,309 N 46th St,Seattle,WA 98103,USA,98103
2014-05-15,620000.0,4.0,2.5,2680,9185,2.0,0,0,3,2680,0,1989,,"26118 SE 39th Ct, Issaquah, WA 98029, USA",20140515T000000,26118 SE 39th Ct,Issaquah,WA 98029,USA,98029
2014-05-15,204700.0,4.0,2.0,1670,9987,1.0,0,0,3,1670,0,1967,,"29031 40th Ave S, Auburn, WA 98001, USA",20140515T000000,29031 40th Ave S,Auburn,WA 98001,USA,98001
2014-05-15,695000.0,4.0,3.0,3150,9130,2.0,0,0,3,3150,0,2001,,"24038 SE 13th Pl, Sammamish, WA 98075, USA",20140515T000000,24038 SE 13th Pl,Sammamish,WA 98075,USA,98075
2014-05-15,689900.0,4.0,3.25,2740,7266,2.0,0,0,3,2060,680,2003,,"392 Wilderness Peak Dr NW, Issaquah, WA 98027, USA",20140515T000000,392 Wilderness Peak Dr NW,Issaquah,WA 98027,USA,98027
2014-05-15,375000.0,4.0,1.75,1890,8000,1.0,0,0,4,1250,640,1960,,"2145 N 178th St, Shoreline, WA 98133, USA",20140515T000000,2145 N 178th St,Shoreline,WA 98133,USA,98133
2014-05-15,475000.0,7.0,3.5,2870,29699,1.0,0,0,3,1520,1350,1961,,"11738 1st Ave NE, Seattle, WA 98125, USA",20140515T000000,11738 1st Ave NE,Seattle,WA 98125,USA,98125
2014-05-15,215000.0,3.0,1.0,1160,10384,1.0,0,0,4,1160,0,1969,,"26516 235th Ave SE, Maple Valley, WA 98038, USA",20140515T000000,26516 235th Ave SE,Maple Valley,WA 98038,USA,98038
2014-05-15,2100000.0,4.0,1.75,3550,19865,2.0,0,0,3,3550,0,1962,2002.0,"7822 NE 14th St, Medina, WA 98039, USA",20140515T000000,7822 NE 14th St,Medina,WA 98039,USA,98039
2014-05-15,790000.0,3.0,1.75,1790,6117,1.0,0,2,3,1350,440,1940,,"1922 35th Ave W, Seattle, WA 98199, USA",20140515T000000,1922 35th Ave W,Seattle,WA 98199,USA,98199
2014-05-15,350000.0,3.0,1.75,1680,250470,1.0,0,0,4,1070,610,1940,,"18949 Mountain View Rd NE, Duvall, WA 98019, USA",20140515T000000,18949 Mountain View Rd NE,Duvall,WA 98019,USA,98019
2014-05-15,695000.0,3.0,2.5,4560,17622,2.0,0,0,4,3800,760,1986,,"1315 232nd Pl NE, Sammamish, WA 98074, USA",20140515T000000,1315 232nd Pl NE,Sammamish,WA 98074,USA,98074
2014-05-15,263000.0,3.0,2.25,1590,7748,2.0,0,0,4,1590,0,1991,,"35219 26th Ct S, Federal Way, WA 98003, USA",20140515T000000,35219 26th Ct S,Federal Way,WA 98003,USA,98003
2014-05-15,400000.0,3.0,1.0,1630,10304,1.0,0,0,5,1630,0,1953,,"17228 11th Ave NE, Shoreline, WA 98155, USA",20140515T000000,17228 11th Ave NE,Shoreline,WA 98155,USA,98155
2014-05-15,525000.0,3.0,2.5,2700,7434,2.0,0,0,3,2700,0,1991,,"12415 NE 160th St, Woodinville, WA 98072, USA",20140515T000000,12415 NE 160th St,Woodinville,WA 98072,USA,98072
2014-05-15,349950.0,3.0,2.5,1700,7496,2.0,0,0,3,1700,0,1994,,"18901-18937 114th Ct SE, Renton, WA 98055, USA",20140515T000000,18901-18937 114th Ct SE,Renton,WA 98055,USA,98055
2014-05-15,1085000.0,4.0,3.25,3740,12080,1.0,0,0,3,2000,1740,1988,,"13704-13712 209th Ave NE, Woodinville, WA 98077, USA",20140515T000000,13704-13712 209th Ave NE,Woodinville,WA 98077,USA,98077
2014-05-15,744000.0,4.0,3.0,1980,5352,2.5,0,0,3,1980,0,1941,2005.0,"4103 SW Kenyon St, Seattle, WA 98136, USA",20140515T000000,4103 SW Kenyon St,Seattle,WA 98136,USA,98136
2014-05-15,312500.0,2.0,1.0,880,6345,1.0,0,0,3,880,0,1919,,"7558 19th Ave SW, Seattle, WA 98106, USA",20140515T000000,7558 19th Ave SW,Seattle,WA 98106,USA,98106
2014-05-15,240000.0,3.0,2.0,1400,6200,1.0,0,0,3,700,700,1948,,"1610 N 185th St, Shoreline, WA 98133, USA",20140515T000000,1610 N 185th St,Shoreline,WA 98133,USA,98133
2014-05-15,495000.0,4.0,2.0,2050,4000,1.5,0,0,5,1210,840,1941,,"2609 21st Ave S, Seattle, WA 98144, USA",20140515T000000,2609 21st Ave S,Seattle,WA 98144,USA,98144
2014-05-15,580050.0,3.0,2.5,2360,4638,2.0,0,3,3,2360,0,1996,,"601 NE 76th St, Seattle, WA 98115, USA",20140515T000000,601 NE 76th St,Seattle,WA 98115,USA,98115
2014-05-15,640000.0,4.0,2.0,2560,7798,1.0,0,0,4,1890,670,1947,,"8600-8698 30th Ave NE, Seattle, WA 98115, USA",20140515T000000,8600-8698 30th Ave NE,Seattle,WA 98115,USA,98115
2014-05-15,417000.0,3.0,1.5,1340,10224,1.0,0,0,4,1340,0,1956,,"3825 138th Ave SE, Bellevue, WA 98006, USA",20140515T000000,3825 138th Ave SE,Bellevue,WA 98006,USA,98006
2014-05-15,174950.0,3.0,1.0,1060,5200,1.0,0,0,5,1060,0,1970,,"26635 Timberlane Dr SE, Covington, WA 98042, USA",20140515T000000,26635 Timberlane Dr SE,Covington,WA 98042,USA,98042
2014-05-15,295000.0,3.0,1.5,850,2500,1.0,0,0,3,850,0,1986,,"4020 21st Ave SW, Seattle, WA 98106, USA",20140515T000000,4020 21st Ave SW,Seattle,WA 98106,USA,98106
2014-05-15,423000.0,4.0,1.75,1880,7303,1.0,0,0,3,1010,870,1976,,"10320 NE 125th Pl, Kirkland, WA 98034, USA",20140515T000000,10320 NE 125th Pl,Kirkland,WA 98034,USA,98034
2014-05-15,839000.0,3.0,1.0,1230,12305,1.0,0,0,3,1230,0,1955,1990.0,"10904 SE 1st St, Bellevue, WA 98004, USA",20140515T000000,10904 SE 1st St,Bellevue,WA 98004,USA,98004
2014-05-15,343000.0,4.0,1.75,2290,10290,1.0,0,0,3,1340,950,1960,,"2816 SW 110th Pl, Seattle, WA 98146, USA",20140515T000000,2816 SW 110th Pl,Seattle,WA 98146,USA,98146
2014-05-15,467000.0,3.0,1.0,1660,6582,1.0,0,0,5,1000,660,1946,,"12033 Dayton Ave N, Seattle, WA 98133, USA",20140515T000000,12033 Dayton Ave N,Seattle,WA 98133,USA,98133
2014-05-15,512500.0,3.0,2.5,1840,2875,2.0,0,0,4,1840,0,1997,,"4530 48th Ave SW, Seattle, WA 98116, USA",20140515T000000,4530 48th Ave SW,Seattle,WA 98116,USA,98116
2014-05-15,575000.0,4.0,2.5,3020,17810,1.0,0,0,3,1600,1420,1979,,"4527-4553 NE 201st Pl, Lake Forest Park, WA 98155, USA",20140515T000000,4527-4553 NE 201st Pl,Lake Forest Park,WA 98155,USA,98155
2014-05-15,465000.0,3.0,1.75,1410,6886,1.0,0,0,3,1410,0,1924,2013.0,"12215 Dayton Ave N, Seattle, WA 98133, USA",20140515T000000,12215 Dayton Ave N,Seattle,WA 98133,USA,98133
2014-05-15,270000.0,3.0,1.0,1010,9514,1.0,0,0,3,1010,0,1969,,"17620 SE 121st Pl, Renton, WA 98059, USA",20140515T000000,17620 SE 121st Pl,Renton,WA 98059,USA,98059
2014-05-15,340000.0,3.0,1.75,1960,8136,1.0,0,0,3,980,980,1948,,"2419 SW Barton St, Seattle, WA 98106, USA",20140515T000000,2419 SW Barton St,Seattle,WA 98106,USA,98106
2014-05-15,765000.0,5.0,3.75,3580,14275,2.0,0,0,3,3190,390,1999,,"170 Mt Quay Dr NW, Issaquah, WA 98027, USA",20140515T000000,170 Mt Quay Dr NW,Issaquah,WA 98027,USA,98027
2014-05-15,497000.0,4.0,2.5,2240,7200,2.0,0,0,3,2240,0,1995,,"4417 47th Ave S, Seattle, WA 98118, USA",20140515T000000,4417 47th Ave S,Seattle,WA 98118,USA,98118
2014-05-15,803100.0,4.0,2.5,3310,5404,2.0,0,0,3,3310,0,2004,,"19107 NE 64th Way, Redmond, WA 98052, USA",20140515T000000,19107 NE 64th Way,Redmond,WA 98052,USA,98052
2014-05-15,344000.0,3.0,2.5,1232,1130,3.0,0,0,3,1232,0,2007,,"12331 A 10th Pl NE, Seattle, WA 98125, USA",20140515T000000,12331 A 10th Pl NE,Seattle,WA 98125,USA,98125
2014-05-15,828950.0,4.0,3.5,3930,5680,2.0,0,1,3,2820,1110,2013,,"19601-19853 Newport Way NW, Issaquah, WA 98027, USA",20140515T000000,19601-19853 Newport Way NW,Issaquah,WA 98027,USA,98027
2014-05-15,386380.0,3.0,2.5,1720,3600,2.0,0,0,3,1720,0,2010,,"9881 244th Pl NE, Redmond, WA 98053, USA",20140515T000000,9881 244th Pl NE,Redmond,WA 98053,USA,98053
2014-05-15,312000.0,3.0,2.25,1490,974,2.0,0,0,3,1220,270,2009,,"5021 Delridge Way SW, Seattle, WA 98106, USA",20140515T000000,5021 Delridge Way SW,Seattle,WA 98106,USA,98106
2014-05-15,720000.0,3.0,2.5,3150,151588,2.0,0,0,3,3150,0,2007,,"31215 SE 40th St, Fall City, WA 98024, USA",20140515T000000,31215 SE 40th St,Fall City,WA 98024,USA,98024
2014-05-15,914500.0,4.0,2.5,3950,10856,3.0,0,0,3,3950,0,2013,,"25707 SE 30th St, Sammamish, WA 98075, USA",20140515T000000,25707 SE 30th St,Sammamish,WA 98075,USA,98075
2014-05-15,819995.0,5.0,2.75,3030,10335,2.0,0,0,3,3030,0,2013,,"8024 117th Pl SE, Newcastle, WA 98056, USA",20140515T000000,8024 117th Pl SE,Newcastle,WA 98056,USA,98056
2014-05-16,252700.0,2.0,1.5,1070,9643,1.0,0,0,3,1070,0,1985,,"13105 SE 277th Pl, Kent, WA 98030, USA",20140516T000000,13105 SE 277th Pl,Kent,WA 98030,USA,98030
2014-05-16,437500.0,3.0,2.5,2320,36847,2.0,0,2,3,2320,0,1992,,"12711 470th Ave SE, North Bend, WA 98045, USA",20140516T000000,12711 470th Ave SE,North Bend,WA 98045,USA,98045
2014-05-16,350000.0,1.0,1.0,700,5100,1.0,0,0,3,700,0,1942,,"6849 26th Ave NE, Seattle, WA 98115, USA",20140516T000000,6849 26th Ave NE,Seattle,WA 98115,USA,98115
2014-05-16,619000.0,3.0,2.5,2720,6439,2.0,0,0,3,2720,0,2005,,"6516 Denny Peak Dr SE, Snoqualmie, WA 98065, USA",20140516T000000,6516 Denny Peak Dr SE,Snoqualmie,WA 98065,USA,98065
2014-05-16,408200.0,3.0,2.5,1800,5761,2.0,0,0,4,1800,0,1990,,"8124 24th Ave SW, Seattle, WA 98106, USA",20140516T000000,8124 24th Ave SW,Seattle,WA 98106,USA,98106
2014-05-16,451000.0,3.0,1.75,1560,4049,1.5,0,2,3,1000,560,1926,,"4042 34th Ave SW, Seattle, WA 98126, USA",20140516T000000,4042 34th Ave SW,Seattle,WA 98126,USA,98126
2014-05-16,317000.0,3.0,2.0,1760,11410,1.0,0,0,5,1060,700,1977,,"16703 133rd Pl SE, Renton, WA 98058, USA",20140516T000000,16703 133rd Pl SE,Renton,WA 98058,USA,98058
2014-05-16,799000.0,4.0,3.25,3120,5000,2.0,0,0,3,2370,750,2005,,"2561 NE 85th St, Seattle, WA 98115, USA",20140516T000000,2561 NE 85th St,Seattle,WA 98115,USA,98115
2014-05-16,720000.0,2.0,1.0,2020,7200,1.0,0,3,4,1700,320,1947,,"10835 41st Ave SW, Seattle, WA 98146, USA",20140516T000000,10835 41st Ave SW,Seattle,WA 98146,USA,98146
2014-05-16,490000.0,3.0,2.0,1450,2400,1.5,0,0,3,1450,0,1900,2003.0,"1746 NW 60th St, Seattle, WA 98107, USA",20140516T000000,1746 NW 60th St,Seattle,WA 98107,USA,98107
2014-05-16,239900.0,4.0,2.25,1860,7000,1.0,0,0,3,1120,740,1979,,"401 SW 322nd St, Federal Way, WA 98023, USA",20140516T000000,401 SW 322nd St,Federal Way,WA 98023,USA,98023
2014-05-16,446000.0,4.0,2.25,2270,7800,1.0,0,0,3,1290,980,1977,,"11123 NE 141st Pl, Kirkland, WA 98034, USA",20140516T000000,11123 NE 141st Pl,Kirkland,WA 98034,USA,98034
2014-05-16,275000.0,3.0,2.5,1480,15639,2.0,0,0,3,1480,0,1987,,"44402 SE 142nd Pl, North Bend, WA 98045, USA",20140516T000000,44402 SE 142nd Pl,North Bend,WA 98045,USA,98045
2014-05-16,239950.0,5.0,1.0,1460,6032,2.0,0,0,4,1460,0,1941,,"13012 41st Ave S, Tukwila, WA 98168, USA",20140516T000000,13012 41st Ave S,Tukwila,WA 98168,USA,98168
2014-05-16,248000.0,4.0,3.5,1850,6519,2.0,0,0,3,1130,720,1986,,"1501-1515 SW 327th St, Federal Way, WA 98023, USA",20140516T000000,1501-1515 SW 327th St,Federal Way,WA 98023,USA,98023
2014-05-16,619500.0,3.0,2.5,2170,5000,2.0,0,0,3,2170,0,2003,,"1778 26th Ave NE, Issaquah, WA 98029, USA",20140516T000000,1778 26th Ave NE,Issaquah,WA 98029,USA,98029
2014-05-16,363750.0,3.0,1.75,1726,197326,2.0,0,0,4,1726,0,1982,,"28507 Vashon Hwy SW, Vashon, WA 98070, USA",20140516T000000,28507 Vashon Hwy SW,Vashon,WA 98070,USA,98070
2014-05-16,385000.0,3.0,1.75,1180,10541,1.0,0,0,4,940,240,1981,,"23013 NE 28th St, Sammamish, WA 98074, USA",20140516T000000,23013 NE 28th St,Sammamish,WA 98074,USA,98074
2014-05-16,370000.0,4.0,1.5,1370,9957,1.0,0,0,3,900,470,1972,,"12054 NE 137th Ct, Kirkland, WA 98034, USA",20140516T000000,12054 NE 137th Ct,Kirkland,WA 98034,USA,98034
2014-05-16,425000.0,3.0,2.5,2670,13218,1.0,0,0,4,2670,0,1988,,"26010 141st Ave SE, Kent, WA 98042, USA",20140516T000000,26010 141st Ave SE,Kent,WA 98042,USA,98042
2014-05-16,342000.0,3.0,1.0,1260,6826,1.0,0,0,3,720,540,1944,,"14040 24th Ave NE, Seattle, WA 98125, USA",20140516T000000,14040 24th Ave NE,Seattle,WA 98125,USA,98125
2014-05-16,345000.0,4.0,1.0,1980,7991,1.5,0,0,3,1980,0,1962,,"12652 SE 160th St, Renton, WA 98058, USA",20140516T000000,12652 SE 160th St,Renton,WA 98058,USA,98058
2014-05-16,724800.0,3.0,2.0,2050,3933,1.0,0,0,3,1180,870,1926,2001.0,"2610 E Montlake Pl E, Seattle, WA 98112, USA",20140516T000000,2610 E Montlake Pl E,Seattle,WA 98112,USA,98112
2014-05-16,725000.0,5.0,2.75,2830,5310,2.0,0,0,3,2830,0,2006,,"11931 179th Pl NE, Redmond, WA 98052, USA",20140516T000000,11931 179th Pl NE,Redmond,WA 98052,USA,98052
2014-05-16,605000.0,2.0,1.0,910,3600,1.0,0,0,4,910,0,1909,,"1617-1621 3rd Ave W, Seattle, WA 98119, USA",20140516T000000,1617-1621 3rd Ave W,Seattle,WA 98119,USA,98119
2014-05-16,350000.0,4.0,2.5,2440,4000,2.0,0,0,3,2440,0,2009,,"24246 229th Ave SE, Maple Valley, WA 98038, USA",20140516T000000,24246 229th Ave SE,Maple Valley,WA 98038,USA,98038
2014-05-16,785000.0,3.0,2.0,2180,5440,1.0,0,0,5,1100,1080,1904,,"4111 Woodland Park Ave N, Seattle, WA 98103, USA",20140516T000000,4111 Woodland Park Ave N,Seattle,WA 98103,USA,98103
2014-05-16,250000.0,3.0,2.0,1900,6660,1.0,0,0,5,950,950,1966,,"27022 216th Ave SE, Maple Valley, WA 98038, USA",20140516T000000,27022 216th Ave SE,Maple Valley,WA 98038,USA,98038
2014-05-16,565000.0,3.0,2.25,1520,1221,3.0,0,0,3,1520,0,2013,,"1512 NW 62nd St, Seattle, WA 98107, USA",20140516T000000,1512 NW 62nd St,Seattle,WA 98107,USA,98107
2014-05-16,875000.0,3.0,2.0,2220,6641,1.0,0,2,4,1220,1000,1947,,"2559 24th Ave W, Seattle, WA 98199, USA",20140516T000000,2559 24th Ave W,Seattle,WA 98199,USA,98199
2014-05-16,862500.0,4.0,2.75,3280,24440,2.0,0,0,3,3280,0,1996,,"12040 201st Pl NE, Woodinville, WA 98077, USA",20140516T000000,12040 201st Pl NE,Woodinville,WA 98077,USA,98077
2014-05-16,400000.0,3.0,2.5,2740,83199,2.0,0,4,3,2740,0,1973,,"27200-27218 52nd Ave S, Kent, WA 98032, USA",20140516T000000,27200-27218 52nd Ave S,Kent,WA 98032,USA,98032
2014-05-16,282613.0,2.0,1.0,830,6017,1.0,0,0,4,830,0,1954,,"16221 Bagley Pl N, Shoreline, WA 98133, USA",20140516T000000,16221 Bagley Pl N,Shoreline,WA 98133,USA,98133
2014-05-16,174500.0,2.0,1.0,1010,5200,1.0,0,0,3,1010,0,1955,,"20721 9th Ave S, Des Moines, WA 98198, USA",20140516T000000,20721 9th Ave S,Des Moines,WA 98198,USA,98198
2014-05-16,306500.0,3.0,2.25,2060,38377,1.0,0,0,4,1560,500,1978,,"36415 12th Pl S, Federal Way, WA 98003, USA",20140516T000000,36415 12th Pl S,Federal Way,WA 98003,USA,98003
2014-05-16,445000.0,3.0,2.25,1990,7340,2.0,0,0,3,1990,0,1984,,"17849 149th Ave NE, Woodinville, WA 98072, USA",20140516T000000,17849 149th Ave NE,Woodinville,WA 98072,USA,98072
2014-05-16,433000.0,4.0,2.5,2280,7568,2.0,0,0,4,2280,0,2001,,"2207 Kennewick Pl NE, Renton, WA 98056, USA",20140516T000000,2207 Kennewick Pl NE,Renton,WA 98056,USA,98056
2014-05-16,306000.0,3.0,2.5,1870,5874,2.0,0,0,3,1870,0,2005,,"22610 133rd Pl SE, Kent, WA 98042, USA",20140516T000000,22610 133rd Pl SE,Kent,WA 98042,USA,98042
2014-05-16,620000.0,3.0,2.25,1720,4000,1.5,0,0,4,1450,270,1921,,"5255 39th Ave NE, Seattle, WA 98105, USA",20140516T000000,5255 39th Ave NE,Seattle,WA 98105,USA,98105
2014-05-16,245000.0,2.0,1.0,870,6150,1.0,0,0,3,870,0,1941,,"8627 9th Ave SW, Seattle, WA 98106, USA",20140516T000000,8627 9th Ave SW,Seattle,WA 98106,USA,98106
2014-05-16,238000.0,3.0,2.0,1020,1204,2.0,0,0,3,720,300,2004,,"3419 SW Morgan St, Seattle, WA 98126, USA",20140516T000000,3419 SW Morgan St,Seattle,WA 98126,USA,98126
2014-05-16,523000.0,3.0,1.5,1260,3135,1.5,0,0,3,1260,0,1931,,"3200 44th Ave SW, Seattle, WA 98116, USA",20140516T000000,3200 44th Ave SW,Seattle,WA 98116,USA,98116
2014-05-16,522500.0,3.0,2.5,2370,7875,2.0,0,0,3,2370,0,2003,,"6504 E Crest View Loop SE, Snoqualmie, WA 98065, USA",20140516T000000,6504 E Crest View Loop SE,Snoqualmie,WA 98065,USA,98065
2014-05-16,180000.0,3.0,1.0,1000,18513,1.0,0,0,3,1000,0,1940,,"1001 SW 102nd St, Seattle, WA 98146, USA",20140516T000000,1001 SW 102nd St,Seattle,WA 98146,USA,98146
2014-05-16,375000.0,3.0,1.5,1100,1751,2.0,0,0,3,940,160,2007,,"2001 S Norman St, Seattle, WA 98144, USA",20140516T000000,2001 S Norman St,Seattle,WA 98144,USA,98144
2014-05-16,249000.0,3.0,2.25,1440,7673,1.0,0,0,3,940,500,1982,,"22119 123rd Ave SE, Kent, WA 98031, USA",20140516T000000,22119 123rd Ave SE,Kent,WA 98031,USA,98031
2014-05-16,730100.0,4.0,2.5,3120,14300,2.0,0,0,3,3120,0,2003,,"120 Mt Si Pl NW, Issaquah, WA 98027, USA",20140516T000000,120 Mt Si Pl NW,Issaquah,WA 98027,USA,98027
2014-05-16,551000.0,2.0,2.0,2260,9604,1.0,0,0,3,2260,0,1990,,"9930 NE 197th St, Bothell, WA 98011, USA",20140516T000000,9930 NE 197th St,Bothell,WA 98011,USA,98011
2014-05-16,375000.0,4.0,2.5,2790,7956,2.0,0,0,3,2790,0,2005,,"26004 18th Ave S, Des Moines, WA 98198, USA",20140516T000000,26004 18th Ave S,Des Moines,WA 98198,USA,98198
2014-05-16,540000.0,1.0,1.0,1140,6700,1.5,0,0,3,1140,0,1920,,"9055 Palatine Ave N, Seattle, WA 98103, USA",20140516T000000,9055 Palatine Ave N,Seattle,WA 98103,USA,98103
2014-05-16,605000.0,3.0,2.25,1290,2500,2.0,0,0,4,1290,0,1987,,"411 27th Ave E, Seattle, WA 98112, USA",20140516T000000,411 27th Ave E,Seattle,WA 98112,USA,98112
2014-05-16,205000.0,5.0,1.75,1730,5200,1.0,0,0,4,1050,680,1978,,"26607 190th Ave SE, Covington, WA 98042, USA",20140516T000000,26607 190th Ave SE,Covington,WA 98042,USA,98042
2014-05-16,645000.0,4.0,2.5,3160,11380,2.0,0,0,3,3160,0,1983,,"2504 225th Pl NE, Sammamish, WA 98074, USA",20140516T000000,2504 225th Pl NE,Sammamish,WA 98074,USA,98074
2014-05-16,314000.0,4.0,2.5,2340,8990,2.0,0,0,3,2340,0,2003,,"24925 234th Pl SE, Maple Valley, WA 98038, USA",20140516T000000,24925 234th Pl SE,Maple Valley,WA 98038,USA,98038
2014-05-16,330000.0,3.0,1.5,1170,4950,1.0,0,0,4,1170,0,1960,,"15421 SE 4th Pl, Bellevue, WA 98007, USA",20140516T000000,15421 SE 4th Pl,Bellevue,WA 98007,USA,98007
2014-05-16,490000.0,2.0,1.0,1160,5000,1.0,0,0,4,1160,0,1937,,"7752 33rd Ave NW, Seattle, WA 98117, USA",20140516T000000,7752 33rd Ave NW,Seattle,WA 98117,USA,98117
2014-05-16,445000.0,3.0,3.0,1970,24318,1.0,0,0,3,1970,0,2010,,"18819 71st Ave NE, Kenmore, WA 98028, USA",20140516T000000,18819 71st Ave NE,Kenmore,WA 98028,USA,98028
2014-05-16,2000000.0,5.0,4.25,6490,10862,2.0,0,3,4,3940,2550,1991,,"4080 E Mercer Way, Mercer Island, WA 98040, USA",20140516T000000,4080 E Mercer Way,Mercer Island,WA 98040,USA,98040
2014-05-16,377500.0,3.0,2.25,1410,1377,2.0,0,0,3,1290,120,2005,,"2012 NW Boulder Way Dr, Issaquah, WA 98027, USA",20140516T000000,2012 NW Boulder Way Dr,Issaquah,WA 98027,USA,98027
2014-05-16,480000.0,4.0,2.5,2430,5000,2.0,0,0,3,2430,0,2009,,"35019 SE Terrace St, Snoqualmie, WA 98065, USA",20140516T000000,35019 SE Terrace St,Snoqualmie,WA 98065,USA,98065
2014-05-16,804995.0,5.0,1.5,3360,5402,2.0,0,0,3,3360,0,2014,,"21481 SE 2nd Pl, Sammamish, WA 98074, USA",20140516T000000,21481 SE 2nd Pl,Sammamish,WA 98074,USA,98074
2014-05-16,341000.0,3.0,2.5,1480,1663,2.0,0,0,3,1180,300,2012,,"6510 34th Ave SW, Seattle, WA 98126, USA",20140516T000000,6510 34th Ave SW,Seattle,WA 98126,USA,98126
2014-05-16,675000.0,5.0,2.5,3200,6455,2.0,0,0,3,3200,0,2009,,"6227-6299 Whitaker Ln SE, Snoqualmie, WA 98065, USA",20140516T000000,6227-6299 Whitaker Ln SE,Snoqualmie,WA 98065,USA,98065
2014-05-16,611000.0,3.0,2.5,2134,1984,2.5,0,0,3,2134,0,2008,,"373 NE Eagle Way, Issaquah, WA 98029, USA",20140516T000000,373 NE Eagle Way,Issaquah,WA 98029,USA,98029
2014-05-16,379950.0,3.0,3.25,1860,1787,3.0,0,0,3,1860,0,2007,,"17510 12th Ave NE, Shoreline, WA 98155, USA",20140516T000000,17510 12th Ave NE,Shoreline,WA 98155,USA,98155
2014-05-16,1270000.0,4.0,3.0,5520,8313,2.0,0,3,3,3570,1950,2008,,"4468 158th Ave SE, Bellevue, WA 98006, USA",20140516T000000,4468 158th Ave SE,Bellevue,WA 98006,USA,98006
2014-05-16,500000.0,2.0,2.5,1310,1500,2.0,0,0,3,1160,150,2006,,"921-927 18th Ave, Seattle, WA 98122, USA",20140516T000000,921-927 18th Ave,Seattle,WA 98122,USA,98122
2014-05-17,410000.0,3.0,2.0,1700,4250,1.0,0,0,3,890,810,1944,,"2204 W Emerson St, Seattle, WA 98199, USA",20140517T000000,2204 W Emerson St,Seattle,WA 98199,USA,98199
2014-05-18,415000.0,3.0,2.5,2480,8342,2.0,0,0,3,2480,0,1986,,"18303 155th Pl SE, Renton, WA 98058, USA",20140518T000000,18303 155th Pl SE,Renton,WA 98058,USA,98058
2014-05-18,297000.0,5.0,2.5,1970,8605,2.0,0,0,4,1970,0,1994,,"419 Wetherbee Ln, Enumclaw, WA 98022, USA",20140518T000000,419 Wetherbee Ln,Enumclaw,WA 98022,USA,98022
2014-05-18,575550.0,4.0,2.5,2060,7475,1.0,0,0,3,1440,620,1985,,"14117 175th Ave NE, Redmond, WA 98052, USA",20140518T000000,14117 175th Ave NE,Redmond,WA 98052,USA,98052
2014-05-18,534640.0,3.0,2.5,2130,3500,1.0,0,0,4,1210,920,1994,,"13440 NE 148th St, Woodinville, WA 98072, USA",20140518T000000,13440 NE 148th St,Woodinville,WA 98072,USA,98072
2014-05-18,352500.0,3.0,2.25,1410,14110,1.0,0,2,3,1170,240,1987,,"7426 N Fork Rd SE, Snoqualmie, WA 98065, USA",20140518T000000,7426 N Fork Rd SE,Snoqualmie,WA 98065,USA,98065
2014-05-18,488000.0,2.0,2.0,1360,4688,1.0,0,0,3,780,580,1944,,"8023 12th Ave NE, Seattle, WA 98115, USA",20140518T000000,8023 12th Ave NE,Seattle,WA 98115,USA,98115
2014-05-18,732000.0,3.0,2.0,1940,55756,1.0,0,0,5,1940,0,1954,,"2049 144th Ave SE, Bellevue, WA 98007, USA",20140518T000000,2049 144th Ave SE,Bellevue,WA 98007,USA,98007
2014-05-19,215000.0,2.0,2.25,1610,2040,2.0,0,0,4,1610,0,1979,,"2906 Kennewick Pl NE, Renton, WA 98056, USA",20140519T000000,2906 Kennewick Pl NE,Renton,WA 98056,USA,98056
2014-05-19,592500.0,2.0,2.0,1420,9191,1.5,0,2,5,1420,0,1928,,"800 NE 95th St, Seattle, WA 98115, USA",20140519T000000,800 NE 95th St,Seattle,WA 98115,USA,98115
2014-05-19,290000.0,4.0,2.5,1700,7280,2.0,0,0,4,1700,0,1988,,"22020 127th Ct SE, Kent, WA 98031, USA",20140519T000000,22020 127th Ct SE,Kent,WA 98031,USA,98031
2014-05-19,475000.0,2.0,1.0,1490,3825,1.0,0,0,3,860,630,1929,,"7008 19th Ave NW, Seattle, WA 98117, USA",20140519T000000,7008 19th Ave NW,Seattle,WA 98117,USA,98117
2014-05-19,320000.0,3.0,2.5,2680,7757,2.0,0,0,3,2680,0,1990,,"833 SW 346th St, Federal Way, WA 98023, USA",20140519T000000,833 SW 346th St,Federal Way,WA 98023,USA,98023
2014-05-19,1216000.0,4.0,2.5,3190,8684,1.0,0,3,5,1680,1510,1967,,"4625 Somerset Dr SE, Bellevue, WA 98006, USA",20140519T000000,4625 Somerset Dr SE,Bellevue,WA 98006,USA,98006
2014-05-19,290000.0,5.0,1.5,2120,7700,1.5,0,0,5,2120,0,1962,,"12611 SE 160th St, Renton, WA 98058, USA",20140519T000000,12611 SE 160th St,Renton,WA 98058,USA,98058
2014-05-19,487250.0,4.0,2.0,1690,3250,1.5,0,0,3,1550,140,1901,,"4800-4898 Whitman Ave N, Seattle, WA 98103, USA",20140519T000000,4800-4898 Whitman Ave N,Seattle,WA 98103,USA,98103
2014-05-19,339000.0,4.0,2.5,1830,8601,2.0,0,0,3,1830,0,2003,,"27305 245th Ave SE, Maple Valley, WA 98038, USA",20140519T000000,27305 245th Ave SE,Maple Valley,WA 98038,USA,98038
2014-05-19,440000.0,2.0,1.5,1010,1968,1.5,0,0,5,1010,0,1906,,"6411 22nd Ave NW, Seattle, WA 98107, USA",20140519T000000,6411 22nd Ave NW,Seattle,WA 98107,USA,98107
2014-05-19,366500.0,4.0,2.75,2070,9300,1.0,0,0,5,1120,950,1945,,"15511 9th Ave NE, Shoreline, WA 98155, USA",20140519T000000,15511 9th Ave NE,Shoreline,WA 98155,USA,98155
2014-05-19,462000.0,3.0,1.5,1710,4500,1.5,0,0,3,1410,300,1928,,"5151 S Othello St, Seattle, WA 98118, USA",20140519T000000,5151 S Othello St,Seattle,WA 98118,USA,98118
2014-05-19,560000.0,4.0,1.0,1660,4690,1.5,0,0,3,1260,400,1945,,"7353 16th Ave NW, Seattle, WA 98117, USA",20140519T000000,7353 16th Ave NW,Seattle,WA 98117,USA,98117
2014-05-19,285000.0,4.0,1.75,2080,13629,1.0,0,0,4,1040,1040,1955,,"8024 S 130th St, Seattle, WA 98178, USA",20140519T000000,8024 S 130th St,Seattle,WA 98178,USA,98178
2014-05-19,280000.0,3.0,2.5,1270,9675,2.0,0,0,3,1270,0,1993,,"44633 SE 151st St, North Bend, WA 98045, USA",20140519T000000,44633 SE 151st St,North Bend,WA 98045,USA,98045
2014-05-19,210000.0,3.0,1.0,1080,21043,1.0,0,0,3,1080,0,1942,,"5612 18th Ave SW, Seattle, WA 98106, USA",20140519T000000,5612 18th Ave SW,Seattle,WA 98106,USA,98106
2014-05-19,690000.0,3.0,2.0,1610,5100,1.5,0,0,5,1610,0,1940,,"7341 20th Ave NE, Seattle, WA 98115, USA",20140519T000000,7341 20th Ave NE,Seattle,WA 98115,USA,98115
2014-05-19,256500.0,2.0,1.0,1120,9912,1.0,0,0,4,1120,0,1980,,"7615 SW 257th St, Vashon, WA 98070, USA",20140519T000000,7615 SW 257th St,Vashon,WA 98070,USA,98070
2014-05-19,411000.0,4.0,2.75,2500,5257,2.0,0,0,3,2500,0,1966,,"8309 36th Ave S, Seattle, WA 98118, USA",20140519T000000,8309 36th Ave S,Seattle,WA 98118,USA,98118
2014-05-19,215000.0,3.0,1.0,970,7275,1.0,0,0,4,970,0,1970,,"11428 SE 225th St, Kent, WA 98031, USA",20140519T000000,11428 SE 225th St,Kent,WA 98031,USA,98031
2014-05-19,762000.0,5.0,2.0,3370,5000,1.5,0,0,4,2140,1230,1907,,"365 Crockett St, Seattle, WA 98109, USA",20140519T000000,365 Crockett St,Seattle,WA 98109,USA,98109
2014-05-19,359950.0,3.0,1.0,1290,189486,1.0,0,0,4,1290,0,1960,,"29701-29727 138th Ave SE, Auburn, WA 98092, USA",20140519T000000,29701-29727 138th Ave SE,Auburn,WA 98092,USA,98092
2014-05-19,480000.0,4.0,3.5,3370,435600,2.0,0,3,3,3370,0,2005,,"44250 SE Edgewick Rd, North Bend, WA 98045, USA",20140519T000000,44250 SE Edgewick Rd,North Bend,WA 98045,USA,98045
2014-05-19,1405000.0,4.0,3.5,3410,10769,2.0,0,0,3,3410,0,2008,,"10635 SE 2nd St, Bellevue, WA 98004, USA",20140519T000000,10635 SE 2nd St,Bellevue,WA 98004,USA,98004
2014-05-19,390000.0,4.0,2.5,2490,8290,2.0,0,0,3,2490,0,1999,,"30271 129th Ave SE, Auburn, WA 98092, USA",20140519T000000,30271 129th Ave SE,Auburn,WA 98092,USA,98092
2014-05-19,413500.0,2.0,1.0,770,4000,1.0,0,0,5,770,0,1924,,"615 NW 92nd St, Seattle, WA 98117, USA",20140519T000000,615 NW 92nd St,Seattle,WA 98117,USA,98117
2014-05-19,285000.0,1.0,1.5,810,3211,2.0,0,0,4,810,0,1982,,"11807 NE 105th Ct, Kirkland, WA 98033, USA",20140519T000000,11807 NE 105th Ct,Kirkland,WA 98033,USA,98033
2014-05-19,475000.0,4.0,2.5,3060,10043,1.0,0,0,4,1700,1360,1968,,"15024 Wallingford Ave N, Shoreline, WA 98133, USA",20140519T000000,15024 Wallingford Ave N,Shoreline,WA 98133,USA,98133
2014-05-19,386591.0,3.0,2.5,1690,1613,2.0,0,0,3,1150,540,2014,,"2500 Mulberry Walk NE, Issaquah, WA 98029, USA",20140519T000000,2500 Mulberry Walk NE,Issaquah,WA 98029,USA,98029
2014-05-19,524950.0,3.0,1.75,1890,3825,1.0,0,0,3,1290,600,1974,,"7360 19th Ave NW, Seattle, WA 98117, USA",20140519T000000,7360 19th Ave NW,Seattle,WA 98117,USA,98117
2014-05-19,241000.0,2.0,2.0,1470,3128,2.0,0,0,3,1470,0,2005,,"24023 SE 282nd St, Maple Valley, WA 98038, USA",20140519T000000,24023 SE 282nd St,Maple Valley,WA 98038,USA,98038
2014-05-19,461000.0,2.0,1.0,1060,7193,1.0,0,0,3,1060,0,1926,,"11053 Greenwood Ave N, Seattle, WA 98133, USA",20140519T000000,11053 Greenwood Ave N,Seattle,WA 98133,USA,98133
2014-05-19,810000.0,4.0,2.5,3480,59242,2.0,0,0,3,3480,0,1988,,"17822 NE 154th St, Woodinville, WA 98072, USA",20140519T000000,17822 NE 154th St,Woodinville,WA 98072,USA,98072
2014-05-19,885000.0,4.0,2.75,2730,3560,1.5,0,0,3,1550,1180,1921,2007.0,"6211 Ravenna Ave NE, Seattle, WA 98115, USA",20140519T000000,6211 Ravenna Ave NE,Seattle,WA 98115,USA,98115
2014-05-19,247000.0,3.0,2.25,1580,7941,2.0,0,0,4,1580,0,1986,,"1714 SW 354th Pl, Federal Way, WA 98023, USA",20140519T000000,1714 SW 354th Pl,Federal Way,WA 98023,USA,98023
2014-05-19,296500.0,3.0,2.75,2170,7900,1.0,0,0,4,1380,790,1978,,"26715 Stanford Ct, Kent, WA 98032, USA",20140519T000000,26715 Stanford Ct,Kent,WA 98032,USA,98032
2014-05-19,141800.0,2.0,1.0,930,4743,1.0,0,0,4,930,0,1942,,"821 Dayton Ave NE, Renton, WA 98056, USA",20140519T000000,821 Dayton Ave NE,Renton,WA 98056,USA,98056
2014-05-19,333000.0,4.0,2.0,1580,7800,2.0,0,0,2,1580,0,1906,,"2023 24th Ave S, Seattle, WA 98144, USA",20140519T000000,2023 24th Ave S,Seattle,WA 98144,USA,98144
2014-05-19,602000.0,5.0,1.75,3290,11900,1.5,0,0,3,3290,0,1973,,"6305 150th Ave NE, Redmond, WA 98052, USA",20140519T000000,6305 150th Ave NE,Redmond,WA 98052,USA,98052
2014-05-19,565000.0,4.0,2.25,2110,10698,2.0,0,0,4,2110,0,1979,,"4621 193rd Pl SE, Issaquah, WA 98027, USA",20140519T000000,4621 193rd Pl SE,Issaquah,WA 98027,USA,98027
2014-05-19,373000.0,3.0,2.5,1670,3565,2.0,0,0,3,1670,0,1999,,"18581 134th Pl NE, Woodinville, WA 98072, USA",20140519T000000,18581 134th Pl NE,Woodinville,WA 98072,USA,98072
2014-05-19,588000.0,3.0,2.25,2030,7350,1.0,0,0,4,1190,840,1977,,"10510 160th Ave NE, Redmond, WA 98052, USA",20140519T000000,10510 160th Ave NE,Redmond,WA 98052,USA,98052
2014-05-19,485000.0,3.0,1.0,1500,4100,1.5,0,0,3,1370,130,1926,,"816 NW Market St, Seattle, WA 98107, USA",20140519T000000,816 NW Market St,Seattle,WA 98107,USA,98107
2014-05-19,482500.0,3.0,2.25,1450,1445,2.0,0,0,3,980,470,2005,,"1820 24th Ave, Seattle, WA 98122, USA",20140519T000000,1820 24th Ave,Seattle,WA 98122,USA,98122
2014-05-19,251200.0,4.0,1.5,1310,8250,1.0,0,0,3,1060,250,1953,,"240 S 198th St, Des Moines, WA 98148, USA",20140519T000000,240 S 198th St,Des Moines,WA 98148,USA,98148
2014-05-19,869000.0,5.0,3.25,4180,49222,2.0,0,0,4,2880,1300,1979,,"18524 SE 60th St, Issaquah, WA 98027, USA",20140519T000000,18524 SE 60th St,Issaquah,WA 98027,USA,98027
2014-05-19,464000.0,3.0,1.75,1630,28600,1.0,0,0,3,1630,0,1967,,"14926 NE 202nd St, Woodinville, WA 98072, USA",20140519T000000,14926 NE 202nd St,Woodinville,WA 98072,USA,98072
2014-05-19,755000.0,4.0,2.5,2660,10452,2.0,0,0,3,2660,0,1993,,"10805 177th Ct NE, Redmond, WA 98052, USA",20140519T000000,10805 177th Ct NE,Redmond,WA 98052,USA,98052
2014-05-19,280000.0,3.0,2.5,1720,1916,2.0,0,0,3,1720,0,2005,,"454 A St, Renton, WA 98056, USA",20140519T000000,454 A St,Renton,WA 98056,USA,98056
2014-05-19,485000.0,2.0,2.25,1260,1240,3.0,0,0,3,1260,0,2004,,"3646 Dayton Ave N, Seattle, WA 98103, USA",20140519T000000,3646 Dayton Ave N,Seattle,WA 98103,USA,98103
2014-05-19,305000.0,3.0,1.75,1610,12247,1.0,0,0,3,1610,0,1981,,"16215 SE 172nd Ct, Renton, WA 98058, USA",20140519T000000,16215 SE 172nd Ct,Renton,WA 98058,USA,98058
2014-05-19,110700.0,2.0,1.0,680,8064,1.0,0,0,3,680,0,1941,,"14917-14999 27th Pl S, SeaTac, WA 98188, USA",20140519T000000,14917-14999 27th Pl S,SeaTac,WA 98188,USA,98188
2014-05-19,850000.0,4.0,3.5,2640,5900,2.0,0,2,3,2640,0,1937,1998.0,"6728 40th Ave SW, Seattle, WA 98136, USA",20140519T000000,6728 40th Ave SW,Seattle,WA 98136,USA,98136
2014-05-19,350000.0,3.0,2.25,1640,7200,2.0,0,0,4,1640,0,1985,,"1755 140th Ct SE, Bellevue, WA 98007, USA",20140519T000000,1755 140th Ct SE,Bellevue,WA 98007,USA,98007
2014-05-19,319950.0,4.0,1.75,2310,8045,1.0,0,0,4,1650,660,1976,,"16336 131st Ave SE, Renton, WA 98058, USA",20140519T000000,16336 131st Ave SE,Renton,WA 98058,USA,98058
2014-05-19,700000.0,3.0,1.75,2010,4905,1.0,0,0,5,1230,780,1912,,"901 18th Ave, Seattle, WA 98122, USA",20140519T000000,901 18th Ave,Seattle,WA 98122,USA,98122
2014-05-19,368000.0,2.0,1.5,1660,4680,1.0,0,0,5,830,830,1908,,"10010 44th Ave SW, Seattle, WA 98146, USA",20140519T000000,10010 44th Ave SW,Seattle,WA 98146,USA,98146
2014-05-19,433500.0,3.0,2.5,2200,3360,2.0,0,0,3,2200,0,2009,,"6729 37th Ave S, Seattle, WA 98118, USA",20140519T000000,6729 37th Ave S,Seattle,WA 98118,USA,98118
2014-05-19,611000.0,4.0,2.5,2460,4200,2.0,0,0,3,2460,0,1998,,"23911 SE 6th St, Redmond, WA 98074, USA",20140519T000000,23911 SE 6th St,Redmond,WA 98074,USA,98074
2014-05-19,1000000.0,2.0,1.75,2430,23400,1.0,0,4,3,2430,0,1951,,"18200-18298 13th Ave NW, Shoreline, WA 98177, USA",20140519T000000,18200-18298 13th Ave NW,Shoreline,WA 98177,USA,98177
2014-05-19,307000.0,3.0,1.0,1370,7500,1.0,0,0,3,1370,0,1960,,"4751 Stephens Ave, Carnation, WA 98014, USA",20140519T000000,4751 Stephens Ave,Carnation,WA 98014,USA,98014
2014-05-19,442500.0,3.0,1.75,1800,10200,1.0,0,0,3,1800,0,1967,,"17110-17116 146th Ave SE, Renton, WA 98058, USA",20140519T000000,17110-17116 146th Ave SE,Renton,WA 98058,USA,98058
2014-05-19,485000.0,3.0,1.75,2200,7706,2.0,0,2,3,2200,0,1908,1988.0,"23902 6th Ave S, Des Moines, WA 98198, USA",20140519T000000,23902 6th Ave S,Des Moines,WA 98198,USA,98198
2014-05-19,367000.0,2.0,1.0,700,2334,1.0,0,0,3,700,0,1945,,"2632 NW North Beach Dr, Seattle, WA 98117, USA",20140519T000000,2632 NW North Beach Dr,Seattle,WA 98117,USA,98117
2014-05-19,429000.0,3.0,2.5,1920,15124,2.0,0,0,3,1920,0,1995,,"714 NE 10th St, North Bend, WA 98045, USA",20140519T000000,714 NE 10th St,North Bend,WA 98045,USA,98045
2014-05-19,446000.0,5.0,2.75,2190,12687,1.0,0,0,5,1370,820,1978,,"20402 63rd Ave NE, Kenmore, WA 98028, USA",20140519T000000,20402 63rd Ave NE,Kenmore,WA 98028,USA,98028
2014-05-19,572500.0,3.0,2.25,2030,9791,1.0,0,0,4,1500,530,1984,,"13322 SE 77th Ct, Newcastle, WA 98059, USA",20140519T000000,13322 SE 77th Ct,Newcastle,WA 98059,USA,98059
2014-05-19,477000.0,3.0,2.5,1350,2053,3.0,0,0,3,1350,0,2005,,"2313 NW 65th St, Seattle, WA 98117, USA",20140519T000000,2313 NW 65th St,Seattle,WA 98117,USA,98117
2014-05-19,518000.0,3.0,2.5,1680,2096,2.0,0,0,3,1380,300,2008,,"8354 11th Ave NW, Seattle, WA 98117, USA",20140519T000000,8354 11th Ave NW,Seattle,WA 98117,USA,98117
2014-05-19,462000.0,5.0,1.75,1250,10530,1.0,0,0,4,1250,0,1966,,"4 151st Pl NE, Bellevue, WA 98007, USA",20140519T000000,4 151st Pl NE,Bellevue,WA 98007,USA,98007
2014-05-19,1190000.0,4.0,3.0,2240,6000,1.5,0,0,4,1270,970,1914,,"2009 4th Ave N, Seattle, WA 98109, USA",20140519T000000,2009 4th Ave N,Seattle,WA 98109,USA,98109
2014-05-19,137000.0,3.0,1.0,950,7620,1.0,0,0,3,950,0,1954,,"9445 8th Ave SW, Seattle, WA 98106, USA",20140519T000000,9445 8th Ave SW,Seattle,WA 98106,USA,98106
2014-05-19,530000.0,3.0,3.5,2320,3174,2.0,0,0,3,2060,260,1997,,"12418 NE 100th St, Kirkland, WA 98033, USA",20140519T000000,12418 NE 100th St,Kirkland,WA 98033,USA,98033
2014-05-19,818000.0,2.0,2.5,2380,9374,1.0,0,2,3,2380,0,2011,,"12449 240th Pl NE, Redmond, WA 98053, USA",20140519T000000,12449 240th Pl NE,Redmond,WA 98053,USA,98053
2014-05-19,640000.0,2.0,2.25,1540,958,3.0,0,0,3,1540,0,2007,,"1806 11th Ave, Seattle, WA 98122, USA",20140519T000000,1806 11th Ave,Seattle,WA 98122,USA,98122
2014-05-19,298450.0,5.0,3.0,2100,9752,1.0,0,0,3,1200,900,2007,,"29801-29829 23rd Avenue South, Federal Way, WA 98003, USA",20140519T000000,29801-29829 23rd Avenue South,Federal Way,WA 98003,USA,98003
2014-05-19,575000.0,4.0,2.5,2500,4945,2.0,0,0,3,2500,0,2013,,"34115 SE Ash St, Snoqualmie, WA 98065, USA",20140519T000000,34115 SE Ash St,Snoqualmie,WA 98065,USA,98065
2014-05-20,730000.0,4.0,2.5,3230,7331,2.0,0,0,3,3230,0,2004,,"2913 278th Ave SE, Sammamish, WA 98075, USA",20140520T000000,2913 278th Ave SE,Sammamish,WA 98075,USA,98075
2014-05-20,551000.0,3.0,2.5,2830,5802,2.0,0,0,3,2830,0,2001,,"7928 NE 182nd Pl, Kenmore, WA 98028, USA",20140520T000000,7928 NE 182nd Pl,Kenmore,WA 98028,USA,98028
2014-05-20,271310.0,2.0,1.0,870,5340,1.5,0,0,2,870,0,1906,,"2019 24th Ave S, Seattle, WA 98144, USA",20140520T000000,2019 24th Ave S,Seattle,WA 98144,USA,98144
2014-05-20,675000.0,4.0,3.0,2690,28300,1.0,0,0,3,2690,0,1954,1999.0,"17428 7th Pl SW, Normandy Park, WA 98166, USA",20140520T000000,17428 7th Pl SW,Normandy Park,WA 98166,USA,98166
2014-05-20,479000.0,3.0,2.5,1260,889,3.0,0,0,3,1260,0,2008,,"915 6th Ave N, Seattle, WA 98109, USA",20140520T000000,915 6th Ave N,Seattle,WA 98109,USA,98109
2014-05-20,520000.0,4.0,3.5,2680,10000,2.0,0,0,3,2040,640,1942,2014.0,"13342 30th Ave NE, Seattle, WA 98125, USA",20140520T000000,13342 30th Ave NE,Seattle,WA 98125,USA,98125
2014-05-20,599950.0,3.0,2.5,2660,4975,2.0,0,0,3,2660,0,2014,,"4810 S Raymond St, Seattle, WA 98118, USA",20140520T000000,4810 S Raymond St,Seattle,WA 98118,USA,98118
2014-05-20,483945.0,2.0,1.75,1480,5120,1.0,0,0,4,840,640,1951,,"4844 47th Ave SW, Seattle, WA 98116, USA",20140520T000000,4844 47th Ave SW,Seattle,WA 98116,USA,98116
2014-05-20,390000.0,4.0,2.25,1770,33132,1.0,0,0,4,1190,580,1965,,"14223 SE 179th Pl, Renton, WA 98058, USA",20140520T000000,14223 SE 179th Pl,Renton,WA 98058,USA,98058
2014-05-20,192500.0,2.0,1.0,950,7692,1.0,0,0,3,950,0,1926,,"12516 Military Rd S, Seattle, WA 98168, USA",20140520T000000,12516 Military Rd S,Seattle,WA 98168,USA,98168
2014-05-20,330000.0,2.0,1.0,860,8308,1.0,0,0,4,860,0,1948,,"3522 SW 107th St, Seattle, WA 98146, USA",20140520T000000,3522 SW 107th St,Seattle,WA 98146,USA,98146
2014-05-20,250000.0,4.0,2.0,1960,7560,1.0,0,0,5,1160,800,1978,,"12206 SE 217th St, Kent, WA 98031, USA",20140520T000000,12206 SE 217th St,Kent,WA 98031,USA,98031
2014-05-20,243000.0,2.0,1.0,1770,5522,1.5,0,0,4,960,810,1943,,"8040 S 118th St, Seattle, WA 98178, USA",20140520T000000,8040 S 118th St,Seattle,WA 98178,USA,98178
2014-05-20,575000.0,4.0,1.75,1280,6060,1.0,0,0,3,860,420,1926,,"7032 7th Ave NW, Seattle, WA 98117, USA",20140520T000000,7032 7th Ave NW,Seattle,WA 98117,USA,98117
2014-05-20,639000.0,4.0,2.5,2150,12028,2.0,0,0,4,2150,0,1982,,"13615 179th Ave NE, Redmond, WA 98052, USA",20140520T000000,13615 179th Ave NE,Redmond,WA 98052,USA,98052
2014-05-20,710000.0,2.0,1.0,1790,4000,1.0,0,0,4,1040,750,1923,,"2422 E McGraw St, Seattle, WA 98112, USA",20140520T000000,2422 E McGraw St,Seattle,WA 98112,USA,98112
2014-05-20,675000.0,3.0,2.25,1990,10260,2.0,0,0,4,1990,0,1987,,"16822 NE 87th St, Redmond, WA 98052, USA",20140520T000000,16822 NE 87th St,Redmond,WA 98052,USA,98052
2014-05-20,405000.0,5.0,2.5,2430,4781,2.0,0,0,3,2430,0,2001,,"16819 SE 171st Pl, Renton, WA 98058, USA",20140520T000000,16819 SE 171st Pl,Renton,WA 98058,USA,98058
2014-05-20,615000.0,4.0,2.75,2820,13193,1.0,0,0,3,1860,960,1965,,"4941-4949 125th Ave SE, Bellevue, WA 98006, USA",20140520T000000,4941-4949 125th Ave SE,Bellevue,WA 98006,USA,98006
2014-05-20,490000.0,3.0,1.0,1910,8190,1.0,0,0,4,1010,900,1946,,"9237 7th Ave NW, Seattle, WA 98117, USA",20140520T000000,9237 7th Ave NW,Seattle,WA 98117,USA,98117
2014-05-20,467000.0,3.0,2.25,1270,1213,2.0,0,0,3,1040,230,2005,,"1427 NW 62nd St, Seattle, WA 98107, USA",20140520T000000,1427 NW 62nd St,Seattle,WA 98107,USA,98107
2014-05-20,480000.0,4.0,2.75,2050,3960,1.0,0,0,4,1180,870,1986,,"2612 49th Ave SW, Seattle, WA 98116, USA",20140520T000000,2612 49th Ave SW,Seattle,WA 98116,USA,98116
2014-05-20,755000.0,6.0,2.0,2150,4505,1.0,0,0,3,1270,880,1952,,"3429 9th Ave W, Seattle, WA 98119, USA",20140520T000000,3429 9th Ave W,Seattle,WA 98119,USA,98119
2014-05-20,760000.0,4.0,1.75,2450,13300,1.0,0,2,4,1630,820,1987,,"5028 157th Ave SE, Bellevue, WA 98006, USA",20140520T000000,5028 157th Ave SE,Bellevue,WA 98006,USA,98006
2014-05-20,387000.0,2.0,2.25,1230,1280,2.0,0,0,3,960,270,2012,,"801-921 Martin Luther King Jr Way S, Seattle, WA 98144, USA",20140520T000000,801-921 Martin Luther King Jr Way S,Seattle,WA 98144,USA,98144
2014-05-20,925000.0,4.0,2.25,2260,41984,1.0,0,0,4,2260,0,1967,,"6046 126th Ave NE, Kirkland, WA 98033, USA",20140520T000000,6046 126th Ave NE,Kirkland,WA 98033,USA,98033
2014-05-20,415000.0,2.0,1.0,1050,60113,1.0,0,0,4,1050,0,1943,,"3720 S 312th Ln, Auburn, WA 98001, USA",20140520T000000,3720 S 312th Ln,Auburn,WA 98001,USA,98001
2014-05-20,263000.0,3.0,1.75,1570,7775,2.0,0,0,3,1570,0,1982,,"9226 S 239th Pl, Kent, WA 98031, USA",20140520T000000,9226 S 239th Pl,Kent,WA 98031,USA,98031
2014-05-20,519900.0,4.0,2.0,1820,9350,1.0,0,0,4,1820,0,1967,,"2019 182nd Ave NE, Redmond, WA 98052, USA",20140520T000000,2019 182nd Ave NE,Redmond,WA 98052,USA,98052
2014-05-20,570000.0,2.0,1.75,1540,4025,1.0,0,0,4,1190,350,1908,,"1715 46th Ave SW, Seattle, WA 98116, USA",20140520T000000,1715 46th Ave SW,Seattle,WA 98116,USA,98116
2014-05-20,450000.0,3.0,1.5,2060,44866,1.0,0,0,3,2060,0,1953,,"21533 NE Woodinville Duvall Rd, Woodinville, WA 98077, USA",20140520T000000,21533 NE Woodinville Duvall Rd,Woodinville,WA 98077,USA,98077
2014-05-20,1300000.0,4.0,3.5,4380,74052,1.0,0,0,3,4380,0,2001,,"5830 246th Pl NE, Redmond, WA 98053, USA",20140520T000000,5830 246th Pl NE,Redmond,WA 98053,USA,98053
2014-05-20,300000.0,3.0,1.0,1090,9900,1.0,0,0,4,1090,0,1955,,"13424 NE 80th St, Redmond, WA 98052, USA",20140520T000000,13424 NE 80th St,Redmond,WA 98052,USA,98052
2014-05-20,320000.0,3.0,1.75,1480,7225,1.0,0,0,4,1480,0,1965,,"2525 NE 24th St, Renton, WA 98056, USA",20140520T000000,2525 NE 24th St,Renton,WA 98056,USA,98056
2014-05-20,387500.0,4.0,1.0,1320,4440,1.5,0,0,3,1320,0,1929,,"1505 29th Ave, Seattle, WA 98122, USA",20140520T000000,1505 29th Ave,Seattle,WA 98122,USA,98122
2014-05-20,458000.0,1.0,2.25,2140,10350,1.0,0,0,3,1470,670,1976,,"14634 128th Ave NE, Woodinville, WA 98072, USA",20140520T000000,14634 128th Ave NE,Woodinville,WA 98072,USA,98072
2014-05-20,1212500.0,4.0,3.5,4560,16643,1.0,0,3,3,2230,2330,1995,,"16864 SE 57th Pl, Bellevue, WA 98006, USA",20140520T000000,16864 SE 57th Pl,Bellevue,WA 98006,USA,98006
2014-05-20,380000.0,4.0,3.0,2800,9764,2.0,0,0,3,2800,0,2002,,"24729 SE 276th Pl, Maple Valley, WA 98038, USA",20140520T000000,24729 SE 276th Pl,Maple Valley,WA 98038,USA,98038
2014-05-20,200000.0,3.0,1.0,1050,5000,1.0,0,0,4,1050,0,1967,,"602 Tacoma Ave NE, Renton, WA 98056, USA",20140520T000000,602 Tacoma Ave NE,Renton,WA 98056,USA,98056
2014-05-20,385000.0,3.0,1.5,1490,9630,1.0,0,0,4,1490,0,1959,,"6428 NE 184th St, Kenmore, WA 98028, USA",20140520T000000,6428 NE 184th St,Kenmore,WA 98028,USA,98028
2014-05-20,396675.0,2.0,1.0,1730,6375,2.0,0,0,4,1730,0,1945,,"7358 28th Ave SW, Seattle, WA 98126, USA",20140520T000000,7358 28th Ave SW,Seattle,WA 98126,USA,98126
2014-05-20,452000.0,4.0,1.0,1210,3760,1.5,0,0,3,1210,0,1900,,"1106 N 80th St, Seattle, WA 98103, USA",20140520T000000,1106 N 80th St,Seattle,WA 98103,USA,98103
2014-05-20,426000.0,4.0,2.5,2800,8494,2.0,0,0,3,2800,0,2004,,"24957 SE 279th St, Maple Valley, WA 98038, USA",20140520T000000,24957 SE 279th St,Maple Valley,WA 98038,USA,98038
2014-05-20,792000.0,3.0,1.5,1570,1050,2.0,0,0,3,1570,0,1915,,"1833 1st Ave N, Seattle, WA 98109, USA",20140520T000000,1833 1st Ave N,Seattle,WA 98109,USA,98109
2014-05-20,315000.0,3.0,2.25,1400,31626,1.0,0,0,2,1140,260,1987,,"20515 SE 333rd Pl, Auburn, WA 98092, USA",20140520T000000,20515 SE 333rd Pl,Auburn,WA 98092,USA,98092
2014-05-20,1275000.0,4.0,2.0,2850,7861,1.0,0,4,4,1450,1400,1970,,"3014 NW Esplanade, Seattle, WA 98117, USA",20140520T000000,3014 NW Esplanade,Seattle,WA 98117,USA,98117
2014-05-20,326000.0,6.0,3.0,1880,7200,1.0,0,0,4,1880,0,1966,,"1178 Camas Ave NE, Renton, WA 98056, USA",20140520T000000,1178 Camas Ave NE,Renton,WA 98056,USA,98056
2014-05-20,268500.0,2.0,1.0,790,8424,1.0,0,0,4,790,0,1953,,"556 N 167th St, Shoreline, WA 98133, USA",20140520T000000,556 N 167th St,Shoreline,WA 98133,USA,98133
2014-05-20,440000.0,2.0,1.75,1300,4000,2.0,0,0,3,1300,0,1948,,"5501 37th Ave NE, Seattle, WA 98105, USA",20140520T000000,5501 37th Ave NE,Seattle,WA 98105,USA,98105
2014-05-20,300000.0,3.0,1.0,2120,7735,1.0,0,0,4,1060,1060,1967,,"12840 163rd Ave SE, Renton, WA 98059, USA",20140520T000000,12840 163rd Ave SE,Renton,WA 98059,USA,98059
2014-05-20,525000.0,3.0,1.5,1540,4773,2.0,0,0,3,1540,0,1941,2009.0,"4017 36th Ave SW, Seattle, WA 98126, USA",20140520T000000,4017 36th Ave SW,Seattle,WA 98126,USA,98126
2014-05-20,978000.0,4.0,2.75,2620,13777,1.5,0,2,4,1720,900,1926,,"2602 Shoreland Dr S, Seattle, WA 98144, USA",20140520T000000,2602 Shoreland Dr S,Seattle,WA 98144,USA,98144
2014-05-20,1125000.0,6.0,3.0,2880,3192,2.0,0,0,4,2180,700,1919,,"2212 N 36th St, Seattle, WA 98103, USA",20140520T000000,2212 N 36th St,Seattle,WA 98103,USA,98103
2014-05-20,700000.0,4.0,1.0,1680,4021,1.5,0,0,3,1680,0,1921,,"2139 N 52nd St, Seattle, WA 98103, USA",20140520T000000,2139 N 52nd St,Seattle,WA 98103,USA,98103
2014-05-20,315000.0,2.0,1.0,790,6969,1.0,0,0,3,790,0,1955,1984.0,"10830 132nd Ave NE, Redmond, WA 98052, USA",20140520T000000,10830 132nd Ave NE,Redmond,WA 98052,USA,98052
2014-05-20,309000.0,3.0,1.0,1092,7500,1.5,0,0,3,1092,0,1918,,"7757 15th Ave SW, Seattle, WA 98106, USA",20140520T000000,7757 15th Ave SW,Seattle,WA 98106,USA,98106
2014-05-20,219950.0,3.0,1.5,1650,9936,1.0,0,0,3,1090,560,1967,,"425 S 305th St, Federal Way, WA 98003, USA",20140520T000000,425 S 305th St,Federal Way,WA 98003,USA,98003
2014-05-20,289000.0,3.0,2.5,2090,4700,2.0,0,0,3,2090,0,2002,,"17814 SE 257th St, Covington, WA 98042, USA",20140520T000000,17814 SE 257th St,Covington,WA 98042,USA,98042
2014-05-20,210000.0,4.0,1.75,2180,28710,1.0,0,0,3,1180,1000,1950,,"21922 34th Ave S, SeaTac, WA 98198, USA",20140520T000000,21922 34th Ave S,SeaTac,WA 98198,USA,98198
2014-05-20,260000.0,4.0,2.5,1990,6671,2.0,0,0,3,1990,0,1989,,"32819 17th Ave SW, Federal Way, WA 98023, USA",20140520T000000,32819 17th Ave SW,Federal Way,WA 98023,USA,98023
2014-05-20,699000.0,4.0,2.5,2650,7945,2.0,0,0,3,2650,0,2006,,"11332 30th Ave NE, Seattle, WA 98125, USA",20140520T000000,11332 30th Ave NE,Seattle,WA 98125,USA,98125
2014-05-20,1800000.0,4.0,3.5,4460,16953,1.0,0,0,3,2550,1910,1962,1994.0,"2625 82nd Ave NE, Medina, WA 98039, USA",20140520T000000,2625 82nd Ave NE,Medina,WA 98039,USA,98039
2014-05-20,299950.0,3.0,1.0,910,8000,1.0,0,0,4,740,170,1950,,"20013 15th Ave NW, Shoreline, WA 98177, USA",20140520T000000,20013 15th Ave NW,Shoreline,WA 98177,USA,98177
2014-05-20,749950.0,3.0,2.5,2770,10773,2.0,0,2,3,2770,0,1992,,"16420 SE 39th Pl, Bellevue, WA 98008, USA",20140520T000000,16420 SE 39th Pl,Bellevue,WA 98008,USA,98008
2014-05-20,1100000.0,3.0,2.0,2390,6888,2.0,0,1,5,2390,0,1939,,"7529 Lakemont Dr NE, Seattle, WA 98115, USA",20140520T000000,7529 Lakemont Dr NE,Seattle,WA 98115,USA,98115
2014-05-20,555000.0,3.0,2.5,3050,158558,1.0,0,0,4,3050,0,1987,,"701 S 52nd St, Renton, WA 98055, USA",20140520T000000,701 S 52nd St,Renton,WA 98055,USA,98055
2014-05-20,384000.0,3.0,2.5,1700,4000,2.0,0,0,3,1700,0,2003,,"35131 SE Ridge St, Snoqualmie, WA 98065, USA",20140520T000000,35131 SE Ridge St,Snoqualmie,WA 98065,USA,98065
2014-05-20,499950.0,5.0,3.5,3200,43560,2.0,0,0,3,3200,0,1989,,"18460 SE 143rd St, Renton, WA 98059, USA",20140520T000000,18460 SE 143rd St,Renton,WA 98059,USA,98059
2014-05-20,430000.0,3.0,1.75,1200,4500,1.0,0,0,5,1200,0,1906,,"5206 13th Ave S, Seattle, WA 98108, USA",20140520T000000,5206 13th Ave S,Seattle,WA 98108,USA,98108
2014-05-20,350000.0,4.0,2.25,2220,6953,2.0,0,0,4,2220,0,1999,,"22507 SE 279th St, Maple Valley, WA 98038, USA",20140520T000000,22507 SE 279th St,Maple Valley,WA 98038,USA,98038
2014-05-20,620000.0,3.0,2.5,2480,9041,2.0,0,0,3,2480,0,2004,,"8719 228th Way NE, Redmond, WA 98053, USA",20140520T000000,8719 228th Way NE,Redmond,WA 98053,USA,98053
2014-05-20,765000.0,4.0,2.25,2560,12100,1.0,0,0,4,1760,800,1976,,"17323 NE 24th St, Redmond, WA 98052, USA",20140520T000000,17323 NE 24th St,Redmond,WA 98052,USA,98052
2014-05-20,250000.0,4.0,1.5,2500,6300,1.0,0,0,4,1500,1000,1961,,"24911-24917 38th Ave S, Kent, WA 98032, USA",20140520T000000,24911-24917 38th Ave S,Kent,WA 98032,USA,98032
2014-05-20,376000.0,2.0,1.0,1150,4000,1.0,0,0,3,1150,0,1947,,"2825 W Elmore St, Seattle, WA 98199, USA",20140520T000000,2825 W Elmore St,Seattle,WA 98199,USA,98199
2014-05-20,475000.0,4.0,1.75,1650,7775,1.0,0,0,4,1150,500,1950,,"11726 Phinney Ave N, Seattle, WA 98133, USA",20140520T000000,11726 Phinney Ave N,Seattle,WA 98133,USA,98133
2014-05-20,120750.0,3.0,1.75,1140,9628,1.0,0,0,4,1140,0,1969,,"34403 30th Ave SW, Federal Way, WA 98023, USA",20140520T000000,34403 30th Ave SW,Federal Way,WA 98023,USA,98023
2014-05-20,1690000.0,3.0,1.75,3400,8965,1.0,0,2,5,1820,1580,1957,,"3872 50th Ave NE, Seattle, WA 98105, USA",20140520T000000,3872 50th Ave NE,Seattle,WA 98105,USA,98105
2014-05-20,330000.0,3.0,1.0,1180,43124,1.0,0,0,4,1180,0,1959,,"8442-8514 WA-900, Issaquah, WA 98027, USA",20140520T000000,8442-8514 WA-900,Issaquah,WA 98027,USA,98027
2014-05-20,619500.0,3.0,2.5,1700,4105,2.0,0,0,3,1700,0,1992,,"3113 E Cherry St, Seattle, WA 98122, USA",20140520T000000,3113 E Cherry St,Seattle,WA 98122,USA,98122
2014-05-20,345000.0,3.0,1.5,1240,11200,1.0,0,0,4,1240,0,1954,,"15154 SE Newport Way, Bellevue, WA 98006, USA",20140520T000000,15154 SE Newport Way,Bellevue,WA 98006,USA,98006
2014-05-20,598000.0,5.0,2.25,2890,12478,2.0,0,0,3,2890,0,1977,,"2116 Sahalee Dr E, Sammamish, WA 98074, USA",20140520T000000,2116 Sahalee Dr E,Sammamish,WA 98074,USA,98074
2014-05-20,335000.0,3.0,1.0,1060,10050,1.0,0,0,4,1060,0,1967,,"8136 NE 147th Pl, Kenmore, WA 98028, USA",20140520T000000,8136 NE 147th Pl,Kenmore,WA 98028,USA,98028
2014-05-20,372500.0,4.0,1.75,1590,10523,2.0,0,0,4,1590,0,1922,,"14556 Stone Ave N, Shoreline, WA 98133, USA",20140520T000000,14556 Stone Ave N,Shoreline,WA 98133,USA,98133
2014-05-20,300000.0,6.0,5.25,2860,5682,2.0,0,0,3,2860,0,1978,,"606 5th St SE, Auburn, WA 98002, USA",20140520T000000,606 5th St SE,Auburn,WA 98002,USA,98002
2014-05-20,194000.0,1.0,1.0,820,1060,1.0,0,0,3,760,60,2007,,"6017-6199 31st Ave SW, Seattle, WA 98126, USA",20140520T000000,6017-6199 31st Ave SW,Seattle,WA 98126,USA,98126
2014-05-20,507500.0,3.0,2.0,2020,8118,1.0,0,0,3,1020,1000,1963,,"16630 SE 26th St, Bellevue, WA 98008, USA",20140520T000000,16630 SE 26th St,Bellevue,WA 98008,USA,98008
2014-05-20,325000.0,4.0,2.25,1870,9680,1.0,0,0,4,1170,700,1959,,"12813 81st Ave NE, Kirkland, WA 98034, USA",20140520T000000,12813 81st Ave NE,Kirkland,WA 98034,USA,98034
2014-05-20,329900.0,3.0,2.5,2170,4905,2.0,0,0,3,2170,0,2004,,"22639 SE 280th Pl, Maple Valley, WA 98038, USA",20140520T000000,22639 SE 280th Pl,Maple Valley,WA 98038,USA,98038
2014-05-20,329000.0,4.0,2.5,1600,6765,1.0,0,0,3,830,770,1947,2011.0,"6048 26th Ave SW, Seattle, WA 98106, USA",20140520T000000,6048 26th Ave SW,Seattle,WA 98106,USA,98106
2014-05-20,494000.0,4.0,1.75,2090,4300,1.5,0,0,4,1250,840,1925,,"5011 SW Dawson St, Seattle, WA 98136, USA",20140520T000000,5011 SW Dawson St,Seattle,WA 98136,USA,98136
2014-05-20,206000.0,4.0,2.0,1700,6025,1.0,0,0,3,1700,0,1978,,"606 5th St SE, Auburn, WA 98002, USA",20140520T000000,606 5th St SE,Auburn,WA 98002,USA,98002
2014-05-20,423000.0,4.0,1.75,1940,6909,1.0,0,0,4,970,970,1941,,"11207 Evanston Ave N, Seattle, WA 98133, USA",20140520T000000,11207 Evanston Ave N,Seattle,WA 98133,USA,98133
2014-05-20,259000.0,3.0,1.0,1320,8625,1.0,0,0,4,1320,0,1957,,"2931 NE 5th Pl, Renton, WA 98056, USA",20140520T000000,2931 NE 5th Pl,Renton,WA 98056,USA,98056
2014-05-20,879950.0,4.0,2.25,3500,13875,1.0,0,4,4,1830,1670,1938,,"10599 Marine View Dr SW, Seattle, WA 98146, USA",20140520T000000,10599 Marine View Dr SW,Seattle,WA 98146,USA,98146
2014-05-20,345600.0,5.0,3.5,2800,5120,2.5,0,0,3,2800,0,1903,2005.0,"352 17th Ave, Seattle, WA 98122, USA",20140520T000000,352 17th Ave,Seattle,WA 98122,USA,98122
2014-05-20,395000.0,3.0,1.5,1080,2940,1.5,0,0,4,1080,0,1920,,"7505 Ravenna Ave NE, Seattle, WA 98115, USA",20140520T000000,7505 Ravenna Ave NE,Seattle,WA 98115,USA,98115
2014-05-20,625000.0,4.0,2.5,3550,8048,2.0,0,0,3,3550,0,2007,,"6519 Sword Fern Ave SE, Snoqualmie, WA 98065, USA",20140520T000000,6519 Sword Fern Ave SE,Snoqualmie,WA 98065,USA,98065
2014-05-20,439000.0,3.0,2.0,2010,251341,2.0,0,0,3,1510,500,2003,,"16103 Kelly Rd NE, Duvall, WA 98019, USA",20140520T000000,16103 Kelly Rd NE,Duvall,WA 98019,USA,98019
2014-05-20,380000.0,3.0,1.75,1690,1468,2.0,0,0,3,1380,310,2008,,"4355 Jill Pl S, Seattle, WA 98108, USA",20140520T000000,4355 Jill Pl S,Seattle,WA 98108,USA,98108
2014-05-20,440000.0,3.0,1.5,1270,1443,3.0,0,0,3,1270,0,2007,,"9608 Roosevelt Way NE, Seattle, WA 98115, USA",20140520T000000,9608 Roosevelt Way NE,Seattle,WA 98115,USA,98115
2014-05-20,415000.0,3.0,2.25,1970,2377,2.0,0,0,3,1680,290,2008,,"4351 Jill Pl S, Seattle, WA 98108, USA",20140520T000000,4351 Jill Pl S,Seattle,WA 98108,USA,98108
2014-05-20,860000.0,4.0,2.75,3160,8097,2.0,0,0,3,3160,0,2014,,"13009 NE 74th St, Kirkland, WA 98033, USA",20140520T000000,13009 NE 74th St,Kirkland,WA 98033,USA,98033
2014-05-20,500000.0,3.0,2.5,1210,1200,3.0,0,0,3,1210,0,2008,,"3903 Woodland Park Ave N, Seattle, WA 98103, USA",20140520T000000,3903 Woodland Park Ave N,Seattle,WA 98103,USA,98103
2014-05-20,953007.0,4.0,3.5,3120,5086,2.0,0,0,3,2480,640,2008,,"6511 37th Ave NE, Seattle, WA 98115, USA",20140520T000000,6511 37th Ave NE,Seattle,WA 98115,USA,98115
2014-05-20,515000.0,4.0,2.5,2670,8765,2.0,0,0,3,2670,0,2006,,"5407 NE 3rd Pl, Renton, WA 98059, USA",20140520T000000,5407 NE 3rd Pl,Renton,WA 98059,USA,98059
2014-05-20,772000.0,3.0,2.25,1640,1204,3.0,0,0,3,1640,0,2014,,"122 27th Ave E, Seattle, WA 98112, USA",20140520T000000,122 27th Ave E,Seattle,WA 98112,USA,98112
2014-05-20,329995.0,4.0,2.5,2303,3680,2.0,0,0,3,2303,0,2013,,"38068 41st Pl S, Auburn, WA 98001, USA",20140520T000000,38068 41st Pl S,Auburn,WA 98001,USA,98001
2014-05-20,409316.0,3.0,2.5,1800,3168,2.0,0,0,3,1800,0,2014,,"7416 Better Way Loop SE, Snoqualmie, WA 98065, USA",20140520T000000,7416 Better Way Loop SE,Snoqualmie,WA 98065,USA,98065
2014-05-20,490000.0,5.0,3.5,4460,2975,3.0,0,2,3,3280,1180,2013,,"1400 10th Ave W, Seattle, WA 98119, USA",20140520T000000,1400 10th Ave W,Seattle,WA 98119,USA,98119
2014-05-20,305000.0,2.0,2.5,1590,2656,2.0,0,0,3,1220,370,2009,,"5937 Delridge Way SW, Seattle, WA 98106, USA",20140520T000000,5937 Delridge Way SW,Seattle,WA 98106,USA,98106
2014-05-20,785000.0,4.0,3.5,3070,4684,2.0,0,0,3,2190,880,2009,,"2500-2556 NW Alpine Crest Way, Issaquah, WA 98027, USA",20140520T000000,2500-2556 NW Alpine Crest Way,Issaquah,WA 98027,USA,98027
2014-05-21,240000.0,2.0,1.75,1330,7200,1.0,0,0,3,1330,0,1993,,"17451 42nd Ln S, SeaTac, WA 98188, USA",20140521T000000,17451 42nd Ln S,SeaTac,WA 98188,USA,98188
2014-05-21,325000.0,3.0,1.0,990,6750,1.0,0,0,4,990,0,1947,,"11502 Corliss Ave N, Seattle, WA 98133, USA",20140521T000000,11502 Corliss Ave N,Seattle,WA 98133,USA,98133
2014-05-21,535800.0,4.0,2.5,1900,5790,2.0,0,0,3,1900,0,1994,,"4136 258th Ave SE, Issaquah, WA 98029, USA",20140521T000000,4136 258th Ave SE,Issaquah,WA 98029,USA,98029
2014-05-21,720000.0,3.0,2.5,2020,1159,3.0,0,3,3,2020,0,2000,,"208 N 45th St, Seattle, WA 98103, USA",20140521T000000,208 N 45th St,Seattle,WA 98103,USA,98103
2014-05-21,374000.0,3.0,1.75,2000,9416,1.0,0,0,4,2000,0,1961,,"12401 NE 108th Ln, Kirkland, WA 98033, USA",20140521T000000,12401 NE 108th Ln,Kirkland,WA 98033,USA,98033
2014-05-21,189650.0,2.0,1.75,1100,7600,1.0,0,0,3,1100,0,1980,,"1215 S 211th St, Des Moines, WA 98198, USA",20140521T000000,1215 S 211th St,Des Moines,WA 98198,USA,98198
2014-05-21,420850.0,1.0,1.0,960,40946,1.0,0,0,5,960,0,1945,,"10815 E Lake Joy Dr NE, Carnation, WA 98014, USA",20140521T000000,10815 E Lake Joy Dr NE,Carnation,WA 98014,USA,98014
2014-05-21,815000.0,4.0,2.75,3488,9614,2.0,0,0,3,3488,0,1998,,"321 246th Way SE, Redmond, WA 98074, USA",20140521T000000,321 246th Way SE,Redmond,WA 98074,USA,98074
2014-05-21,1065000.0,2.0,1.75,1890,9466,2.0,0,0,3,1890,0,1987,,"130 97th Ave NE, Bellevue, WA 98004, USA",20140521T000000,130 97th Ave NE,Bellevue,WA 98004,USA,98004
2014-05-21,199000.0,4.0,2.0,2030,8120,2.0,0,0,3,2030,0,1950,,"11226 57th Ave S, Seattle, WA 98178, USA",20140521T000000,11226 57th Ave S,Seattle,WA 98178,USA,98178
2014-05-21,195000.0,3.0,1.75,1380,7350,1.0,0,0,3,990,390,1981,,"18600-18698 SE 259th Pl, Covington, WA 98042, USA",20140521T000000,18600-18698 SE 259th Pl,Covington,WA 98042,USA,98042
2014-05-21,1506000.0,4.0,3.25,3660,5800,2.5,0,0,3,3360,300,1909,1995.0,"1020 15th Ave E, Seattle, WA 98112, USA",20140521T000000,1020 15th Ave E,Seattle,WA 98112,USA,98112
2014-05-21,288400.0,3.0,2.25,1870,3230,2.0,0,0,3,1870,0,1997,,"3901 NE 5th Pl, Renton, WA 98056, USA",20140521T000000,3901 NE 5th Pl,Renton,WA 98056,USA,98056
2014-05-21,442000.0,4.0,2.25,2080,12007,1.0,0,0,4,1220,860,1979,,"1740 216th Pl NE, Sammamish, WA 98074, USA",20140521T000000,1740 216th Pl NE,Sammamish,WA 98074,USA,98074
2014-05-21,619420.0,4.0,2.75,2450,14803,2.0,0,0,4,2450,0,1988,,"8537 135th Ave SE, Newcastle, WA 98059, USA",20140521T000000,8537 135th Ave SE,Newcastle,WA 98059,USA,98059
2014-05-21,635000.0,4.0,2.25,2750,6180,1.0,0,0,4,1500,1250,1948,,"3821 39th Ave S, Seattle, WA 98118, USA",20140521T000000,3821 39th Ave S,Seattle,WA 98118,USA,98118
2014-05-21,210000.0,3.0,1.0,1240,4842,1.0,0,0,4,1240,0,1916,,"9612-9618 Renton Ave S, Seattle, WA 98118, USA",20140521T000000,9612-9618 Renton Ave S,Seattle,WA 98118,USA,98118
2014-05-21,512500.0,3.0,2.5,1900,7604,2.0,0,0,3,1900,0,1990,,"11125 115th Ave NE, Kirkland, WA 98033, USA",20140521T000000,11125 115th Ave NE,Kirkland,WA 98033,USA,98033
2014-05-21,567000.0,3.0,2.5,2540,6093,2.0,0,0,3,2540,0,1999,,"7913-7935 79th Way NE, Kirkland, WA 98034, USA",20140521T000000,7913-7935 79th Way NE,Kirkland,WA 98034,USA,98034
2014-05-21,525000.0,3.0,2.75,2100,10362,2.0,0,0,3,1510,590,1998,,"3 Ober Strasse, Snoqualmie Pass, WA 98068, USA",20140521T000000,3 Ober Strasse,Snoqualmie Pass,WA 98068,USA,98068
2014-05-21,475000.0,4.0,2.0,1790,2250,1.0,0,2,4,840,950,1909,,"1017 N 38th St, Seattle, WA 98103, USA",20140521T000000,1017 N 38th St,Seattle,WA 98103,USA,98103
2014-05-21,250000.0,3.0,2.0,1170,7258,1.0,0,0,3,1170,0,1984,,"29812 55th Pl S, Auburn, WA 98001, USA",20140521T000000,29812 55th Pl S,Auburn,WA 98001,USA,98001
2014-05-21,220000.0,3.0,1.0,1060,9126,1.0,0,2,5,1060,0,1956,,"1122 Harding St, Enumclaw, WA 98022, USA",20140521T000000,1122 Harding St,Enumclaw,WA 98022,USA,98022
2014-05-21,230000.0,5.0,2.0,1930,6120,1.5,0,0,3,1930,0,1941,1969.0,"10645 2nd Ave SW, Seattle, WA 98146, USA",20140521T000000,10645 2nd Ave SW,Seattle,WA 98146,USA,98146
2014-05-21,385500.0,3.0,2.0,1540,7947,1.0,0,0,3,1120,420,1961,,"9215 NE 183rd St, Bothell, WA 98011, USA",20140521T000000,9215 NE 183rd St,Bothell,WA 98011,USA,98011
2014-05-21,895000.0,5.0,3.0,2876,13927,1.0,0,2,4,1970,906,1973,,"5558 W Mercer Way, Mercer Island, WA 98040, USA",20140521T000000,5558 W Mercer Way,Mercer Island,WA 98040,USA,98040
2014-05-21,368250.0,3.0,2.5,2150,7484,2.0,0,0,3,2150,0,1988,,"932 223rd Pl NE, Sammamish, WA 98074, USA",20140521T000000,932 223rd Pl NE,Sammamish,WA 98074,USA,98074
2014-05-21,249900.0,2.0,1.0,1140,5500,1.0,0,0,3,1140,0,1947,,"9412 24th Ave SW, Seattle, WA 98106, USA",20140521T000000,9412 24th Ave SW,Seattle,WA 98106,USA,98106
2014-05-21,350000.0,3.0,1.5,980,7790,1.0,0,0,5,980,0,1969,,"9753 NE 127th Pl, Kirkland, WA 98034, USA",20140521T000000,9753 NE 127th Pl,Kirkland,WA 98034,USA,98034
2014-05-21,175000.0,3.0,1.75,1230,13056,1.0,0,0,4,1230,0,1962,,"31649-31799 44th Ave S, Auburn, WA 98001, USA",20140521T000000,31649-31799 44th Ave S,Auburn,WA 98001,USA,98001
2014-05-21,270000.0,3.0,1.75,1390,10905,1.0,0,0,3,860,530,1957,,"5601-5605 21st Ave SW, Seattle, WA 98106, USA",20140521T000000,5601-5605 21st Ave SW,Seattle,WA 98106,USA,98106
2014-05-21,495000.0,3.0,3.5,2380,6250,2.0,0,3,3,1670,710,1997,,"6521-6599 S Norfolk St, Seattle, WA 98118, USA",20140521T000000,6521-6599 S Norfolk St,Seattle,WA 98118,USA,98118
2014-05-21,1580000.0,3.0,3.25,3690,7200,2.0,0,0,3,3690,0,2007,,"440 8th Ave, Kirkland, WA 98033, USA",20140521T000000,440 8th Ave,Kirkland,WA 98033,USA,98033
2014-05-21,542500.0,5.0,3.25,3010,1074218,1.5,0,0,5,2010,1000,1931,,"16200-16398 252nd Ave SE, Issaquah, WA 98027, USA",20140521T000000,16200-16398 252nd Ave SE,Issaquah,WA 98027,USA,98027
2014-05-21,330000.0,3.0,1.0,1250,9126,1.0,0,0,3,1250,0,1969,,"17510 194th Ave NE, Woodinville, WA 98077, USA",20140521T000000,17510 194th Ave NE,Woodinville,WA 98077,USA,98077
2014-05-21,1003000.0,4.0,2.75,2290,6120,2.0,0,0,4,2170,120,1926,,"124 NE 63rd St, Seattle, WA 98115, USA",20140521T000000,124 NE 63rd St,Seattle,WA 98115,USA,98115
2014-05-21,299800.0,2.0,1.0,790,5240,1.0,0,0,4,790,0,1925,,"8041-8299 Beacon Ave S, Seattle, WA 98118, USA",20140521T000000,8041-8299 Beacon Ave S,Seattle,WA 98118,USA,98118
2014-05-21,299900.0,3.0,2.5,2720,6014,2.0,0,0,3,2720,0,2002,,"29820 125th Pl SE, Auburn, WA 98092, USA",20140521T000000,29820 125th Pl SE,Auburn,WA 98092,USA,98092
2014-05-21,691000.0,4.0,2.75,2550,8632,1.0,0,0,3,1700,850,1972,,"4118 107th Pl NE, Kirkland, WA 98033, USA",20140521T000000,4118 107th Pl NE,Kirkland,WA 98033,USA,98033
2014-05-21,195000.0,2.0,1.0,1080,3899,1.0,0,0,4,1080,0,1972,,"24807 10th Ave S, Des Moines, WA 98198, USA",20140521T000000,24807 10th Ave S,Des Moines,WA 98198,USA,98198
2014-05-21,405000.0,3.0,1.75,2470,9620,1.0,0,1,4,1570,900,1962,,"1018 S 226th St, Des Moines, WA 98198, USA",20140521T000000,1018 S 226th St,Des Moines,WA 98198,USA,98198
2014-05-21,360000.0,2.0,0.75,850,7710,1.0,0,2,5,550,300,1909,,"2458 S Ferdinand St, Seattle, WA 98108, USA",20140521T000000,2458 S Ferdinand St,Seattle,WA 98108,USA,98108
2014-05-21,256750.0,3.0,2.5,1990,8991,1.0,0,0,3,1570,420,1969,,"23255 133rd Ave SE, Kent, WA 98042, USA",20140521T000000,23255 133rd Ave SE,Kent,WA 98042,USA,98042
2014-05-21,332500.0,3.0,2.25,1800,10500,2.0,0,0,3,1800,0,1995,,"23902 231st Pl SE, Maple Valley, WA 98038, USA",20140521T000000,23902 231st Pl SE,Maple Valley,WA 98038,USA,98038
2014-05-21,975000.0,5.0,4.0,4850,36450,2.0,0,0,3,4850,0,1977,,"13600 NE 36th Pl, Bellevue, WA 98005, USA",20140521T000000,13600 NE 36th Pl,Bellevue,WA 98005,USA,98005
2014-05-21,218000.0,3.0,1.0,1020,7874,1.0,0,0,3,1020,0,1956,,"9455 8th Ave SW, Seattle, WA 98106, USA",20140521T000000,9455 8th Ave SW,Seattle,WA 98106,USA,98106
2014-05-21,429000.0,3.0,2.5,2420,49928,2.0,0,0,3,1860,560,1985,,"24998 SE 155th Pl, Issaquah, WA 98027, USA",20140521T000000,24998 SE 155th Pl,Issaquah,WA 98027,USA,98027
2014-05-21,589000.0,4.0,2.5,2910,5776,2.0,0,2,3,2910,0,1998,,"6907 Fairway Ave SE, Snoqualmie, WA 98065, USA",20140521T000000,6907 Fairway Ave SE,Snoqualmie,WA 98065,USA,98065
2014-05-21,255000.0,3.0,1.5,1060,9039,1.0,0,0,3,1060,0,1973,2013.0,"19300 142nd Pl SE, Renton, WA 98058, USA",20140521T000000,19300 142nd Pl SE,Renton,WA 98058,USA,98058
2014-05-21,668750.0,4.0,2.5,2340,6420,1.0,0,2,3,1590,750,1964,,"2148 NW 197th St, Shoreline, WA 98177, USA",20140521T000000,2148 NW 197th St,Shoreline,WA 98177,USA,98177
2014-05-21,344500.0,4.0,2.75,1800,5453,1.0,0,0,3,1050,750,2002,,"1816 Talbot Rd S, Renton, WA 98055, USA",20140521T000000,1816 Talbot Rd S,Renton,WA 98055,USA,98055
2014-05-21,452000.0,4.0,2.0,1660,6150,1.0,0,0,3,850,810,1945,,"7308 28th Ave SW, Seattle, WA 98126, USA",20140521T000000,7308 28th Ave SW,Seattle,WA 98126,USA,98126
2014-05-21,540000.0,3.0,1.75,1300,62290,1.0,0,0,3,1300,0,1983,,"26933 NE Union Hill Rd, Redmond, WA 98053, USA",20140521T000000,26933 NE Union Hill Rd,Redmond,WA 98053,USA,98053
2014-05-21,246000.0,3.0,1.5,1780,23819,1.0,0,0,3,1780,0,1953,,"12432 16th Ave S, Seattle, WA 98168, USA",20140521T000000,12432 16th Ave S,Seattle,WA 98168,USA,98168
2014-05-21,535000.0,2.0,1.0,1030,4841,1.0,0,0,3,920,110,1939,,"1317 N 79th St, Seattle, WA 98103, USA",20140521T000000,1317 N 79th St,Seattle,WA 98103,USA,98103
2014-05-21,970000.0,4.0,3.25,2790,5420,1.0,0,3,3,1130,1660,1963,2013.0,"19400-19498 23rd Ave NW, Shoreline, WA 98177, USA",20140521T000000,19400-19498 23rd Ave NW,Shoreline,WA 98177,USA,98177
2014-05-21,430000.0,3.0,1.0,1150,3000,1.0,0,0,5,1150,0,1906,,"945 N 80th St, Seattle, WA 98103, USA",20140521T000000,945 N 80th St,Seattle,WA 98103,USA,98103
2014-05-21,520000.0,4.0,2.5,3290,11446,2.0,0,0,3,3290,0,1992,,"8020 NE 153rd Pl, Kenmore, WA 98028, USA",20140521T000000,8020 NE 153rd Pl,Kenmore,WA 98028,USA,98028
2014-05-21,712000.0,4.0,2.5,3400,247421,2.0,0,0,3,3400,0,2001,,"27728 SE 268th St, Ravensdale, WA 98051, USA",20140521T000000,27728 SE 268th St,Ravensdale,WA 98051,USA,98051
2014-05-21,450000.0,2.0,1.0,1200,4000,1.0,0,0,3,1070,130,1940,,"3026 37th Ave SW, Seattle, WA 98126, USA",20140521T000000,3026 37th Ave SW,Seattle,WA 98126,USA,98126
2014-05-21,220000.0,4.0,2.5,2160,8005,2.0,0,0,3,2160,0,1993,,"767 Oakhurst Dr, Pacific, WA 98047, USA",20140521T000000,767 Oakhurst Dr,Pacific,WA 98047,USA,98047
2014-05-21,525000.0,3.0,1.0,1450,4000,1.0,0,1,4,950,500,1948,,"5155 54th Ave S, Seattle, WA 98118, USA",20140521T000000,5155 54th Ave S,Seattle,WA 98118,USA,98118
2014-05-21,1220000.0,4.0,2.5,3240,3600,2.0,0,0,3,2060,1180,2008,,"2433 1st Ave N, Seattle, WA 98109, USA",20140521T000000,2433 1st Ave N,Seattle,WA 98109,USA,98109
2014-05-21,540000.0,3.0,2.0,1470,1691,2.0,0,0,3,1000,470,2007,,"1032 NE 63rd St, Seattle, WA 98115, USA",20140521T000000,1032 NE 63rd St,Seattle,WA 98115,USA,98115
2014-05-21,600000.0,4.0,2.5,2360,5226,2.0,0,0,3,2360,0,2001,,"8410 NE 124th St, Kirkland, WA 98034, USA",20140521T000000,8410 NE 124th St,Kirkland,WA 98034,USA,98034
2014-05-21,600000.0,3.0,2.25,2230,9053,2.0,0,0,4,2230,0,1987,,"5718 147th Ave NE, Bellevue, WA 98007, USA",20140521T000000,5718 147th Ave NE,Bellevue,WA 98007,USA,98007
2014-05-21,625000.0,4.0,2.5,2630,48706,2.0,0,0,3,2630,0,1986,,"16021 NE 203rd Pl, Woodinville, WA 98072, USA",20140521T000000,16021 NE 203rd Pl,Woodinville,WA 98072,USA,98072
2014-05-21,150000.0,3.0,1.0,1010,25000,1.0,0,0,3,1010,0,1966,,"10626 Kelly Rd NE, Carnation, WA 98014, USA",20140521T000000,10626 Kelly Rd NE,Carnation,WA 98014,USA,98014
2014-05-21,389999.0,3.0,2.25,1445,1471,2.0,0,0,3,1300,145,2003,,"206 Lingering Pine Dr NW, Issaquah, WA 98027, USA",20140521T000000,206 Lingering Pine Dr NW,Issaquah,WA 98027,USA,98027
2014-05-21,285000.0,3.0,1.75,2380,6000,1.5,0,0,3,1320,1060,1935,,"8723 S 117th St, Seattle, WA 98178, USA",20140521T000000,8723 S 117th St,Seattle,WA 98178,USA,98178
2014-05-21,744000.0,4.0,2.75,2830,13059,2.0,0,0,3,2830,0,1998,,"26592 SE 15th St, Sammamish, WA 98075, USA",20140521T000000,26592 SE 15th St,Sammamish,WA 98075,USA,98075
2014-05-21,700000.0,4.0,2.5,3010,46173,2.0,0,0,3,3010,0,1996,,"4375 279th Ave NE, Redmond, WA 98053, USA",20140521T000000,4375 279th Ave NE,Redmond,WA 98053,USA,98053
2014-05-21,318989.0,4.0,2.25,2000,9000,1.0,0,0,4,2000,0,1978,,"4231 SW 323rd St, Federal Way, WA 98023, USA",20140521T000000,4231 SW 323rd St,Federal Way,WA 98023,USA,98023
2014-05-21,556000.0,3.0,2.25,2020,3600,2.0,0,0,3,2020,0,1998,,"13031 NE 70th Dr, Kirkland, WA 98033, USA",20140521T000000,13031 NE 70th Dr,Kirkland,WA 98033,USA,98033
2014-05-21,275000.0,3.0,2.5,2030,6326,2.0,0,0,3,2030,0,1993,,"23418 SE 282nd Pl, Maple Valley, WA 98038, USA",20140521T000000,23418 SE 282nd Pl,Maple Valley,WA 98038,USA,98038
2014-05-21,430000.0,3.0,2.75,2550,11160,2.0,0,0,3,2550,0,1994,,"14540 5th Ave NE, Shoreline, WA 98155, USA",20140521T000000,14540 5th Ave NE,Shoreline,WA 98155,USA,98155
2014-05-21,300000.0,2.0,1.0,970,13700,1.0,0,0,3,970,0,1949,,"9807 22nd Ave SW, Seattle, WA 98106, USA",20140521T000000,9807 22nd Ave SW,Seattle,WA 98106,USA,98106
2014-05-21,396450.0,3.0,1.75,1540,12446,1.0,0,0,5,1540,0,1967,,"1106-1128 Lewis Ln SE, Issaquah, WA 98027, USA",20140521T000000,1106-1128 Lewis Ln SE,Issaquah,WA 98027,USA,98027
2014-05-21,225000.0,2.0,1.0,1396,111949,1.0,0,0,3,1396,0,1940,1997.0,"24841 Redmond-Fall City Rd NE, Redmond, WA 98053, USA",20140521T000000,24841 Redmond-Fall City Rd NE,Redmond,WA 98053,USA,98053
2014-05-21,700000.0,4.0,3.25,2780,7875,2.0,0,0,3,2780,0,2006,,"543 N 138th St, Seattle, WA 98133, USA",20140521T000000,543 N 138th St,Seattle,WA 98133,USA,98133
2014-05-21,260000.0,6.0,2.0,2220,8797,1.0,0,0,3,2220,0,1977,,"142 11th St SE, Auburn, WA 98002, USA",20140521T000000,142 11th St SE,Auburn,WA 98002,USA,98002
2014-05-21,655000.0,4.0,3.5,2350,13402,2.0,0,3,3,1670,680,1994,,"11221 NE 106th Pl, Kirkland, WA 98033, USA",20140521T000000,11221 NE 106th Pl,Kirkland,WA 98033,USA,98033
2014-05-21,1185000.0,3.0,2.25,2760,40946,2.0,0,0,5,2760,0,1978,,"13204 NE 45th St, Bellevue, WA 98005, USA",20140521T000000,13204 NE 45th St,Bellevue,WA 98005,USA,98005
2014-05-21,1550000.0,3.0,2.5,4460,26027,2.0,0,0,3,4460,0,1992,,"126th Ln NE, Kirkland, WA 98033, USA",20140521T000000,126th Ln NE,Kirkland,WA 98033,USA,98033
2014-05-21,413800.0,3.0,2.0,1440,4421,1.0,0,0,3,1440,0,2007,,"23571-23613 NE Twinberry Way, Redmond, WA 98053, USA",20140521T000000,23571-23613 NE Twinberry Way,Redmond,WA 98053,USA,98053
2014-05-21,950000.0,5.0,3.75,5330,6000,2.0,0,2,3,3570,1760,2006,,"832 Summerhill Ridge Dr NW, Issaquah, WA 98027, USA",20140521T000000,832 Summerhill Ridge Dr NW,Issaquah,WA 98027,USA,98027
2014-05-21,334990.0,4.0,2.5,2220,4228,2.0,0,0,3,2220,0,2014,,"11283-11399 5th Ave SW, Seattle, WA 98146, USA",20140521T000000,11283-11399 5th Ave SW,Seattle,WA 98146,USA,98146
2014-05-21,2700000.0,5.0,4.75,5305,8401,2.0,0,2,3,3745,1560,2005,,"1010 6th St W, Kirkland, WA 98033, USA",20140521T000000,1010 6th St W,Kirkland,WA 98033,USA,98033
2014-05-21,1030000.0,3.0,4.0,3880,13095,2.0,0,3,3,3700,180,2009,,"8090 Juanita Dr NE, Kirkland, WA 98034, USA",20140521T000000,8090 Juanita Dr NE,Kirkland,WA 98034,USA,98034
2014-05-21,1130000.0,4.0,3.25,3810,8519,1.0,0,1,3,2680,1130,2007,,"10022 NE 110th St, Kirkland, WA 98033, USA",20140521T000000,10022 NE 110th St,Kirkland,WA 98033,USA,98033
2014-05-21,556000.0,3.0,3.0,1960,1168,2.0,0,0,3,1600,360,2007,,"1150 NE Park Dr, Issaquah, WA 98029, USA",20140521T000000,1150 NE Park Dr,Issaquah,WA 98029,USA,98029
2014-05-21,360000.0,3.0,2.5,1530,1131,3.0,0,0,3,1530,0,2009,,"933 N 97th St, Seattle, WA 98103, USA",20140521T000000,933 N 97th St,Seattle,WA 98103,USA,98103
2014-05-22,480000.0,4.0,2.25,3250,34293,2.0,0,0,4,3250,0,1983,,"28030 185th Pl SE, Kent, WA 98042, USA",20140522T000000,28030 185th Pl SE,Kent,WA 98042,USA,98042
2014-05-22,324000.0,3.0,2.5,1750,7208,2.0,0,0,3,1750,0,1994,,"11201 SE 190th Pl, Renton, WA 98055, USA",20140522T000000,11201 SE 190th Pl,Renton,WA 98055,USA,98055
2014-05-22,1050000.0,4.0,3.25,3440,35021,2.0,0,0,3,3440,0,1983,,"11704 NE 41st St, Kirkland, WA 98033, USA",20140522T000000,11704 NE 41st St,Kirkland,WA 98033,USA,98033
2014-05-22,275000.0,1.0,0.75,1170,14149,1.0,0,0,5,880,290,1962,,"37316 W Lake Walker Dr SE, Enumclaw, WA 98022, USA",20140522T000000,37316 W Lake Walker Dr SE,Enumclaw,WA 98022,USA,98022
2014-05-22,180000.0,3.0,1.0,870,5330,1.0,0,0,3,870,0,1969,2014.0,"19654 SE 260th St, Covington, WA 98042, USA",20140522T000000,19654 SE 260th St,Covington,WA 98042,USA,98042
2014-05-22,749000.0,4.0,2.5,2930,18199,2.0,0,0,3,2930,0,1998,,"1645 219th Pl SE, Sammamish, WA 98075, USA",20140522T000000,1645 219th Pl SE,Sammamish,WA 98075,USA,98075
2014-05-22,1600000.0,3.0,2.5,3160,12824,1.0,0,2,4,1820,1340,1966,,"9410 Lake Washington Blvd NE, Bellevue, WA 98004, USA",20140522T000000,9410 Lake Washington Blvd NE,Bellevue,WA 98004,USA,98004
2014-05-22,373500.0,2.0,1.0,800,3330,1.0,0,0,3,800,0,1918,,"108 NW 41st St, Seattle, WA 98107, USA",20140522T000000,108 NW 41st St,Seattle,WA 98107,USA,98107
2014-05-22,770000.0,4.0,2.5,2350,8001,2.0,0,0,4,2350,0,1987,,"14019 SE 61st Pl, Bellevue, WA 98006, USA",20140522T000000,14019 SE 61st Pl,Bellevue,WA 98006,USA,98006
2014-05-22,356000.0,2.0,1.75,1060,16470,1.0,0,0,3,1060,0,1977,,"15523 187th Ave NE, Woodinville, WA 98072, USA",20140522T000000,15523 187th Ave NE,Woodinville,WA 98072,USA,98072
2014-05-22,625000.0,3.0,1.75,2060,12558,1.0,0,0,4,1350,710,1984,,"6619 147th Ct NE, Redmond, WA 98052, USA",20140522T000000,6619 147th Ct NE,Redmond,WA 98052,USA,98052
2014-05-22,494400.0,2.0,1.75,1560,1750,1.0,0,0,4,780,780,1904,,"115 Blaine St, Seattle, WA 98109, USA",20140522T000000,115 Blaine St,Seattle,WA 98109,USA,98109
2014-05-22,585000.0,4.0,1.75,3000,42200,1.0,0,3,3,1500,1500,1950,,"3901 Park Ave N, Renton, WA 98056, USA",20140522T000000,3901 Park Ave N,Renton,WA 98056,USA,98056
2014-05-22,926300.0,3.0,1.5,1660,4800,2.0,0,0,3,1660,0,1907,,"1814 1st Ave W, Seattle, WA 98119, USA",20140522T000000,1814 1st Ave W,Seattle,WA 98119,USA,98119
2014-05-22,600000.0,3.0,1.75,1650,5100,1.0,0,0,5,1040,610,1908,,"547 NE 81st St, Seattle, WA 98115, USA",20140522T000000,547 NE 81st St,Seattle,WA 98115,USA,98115
2014-05-22,430000.0,4.0,3.0,3220,8936,2.0,0,0,3,2450,770,1990,,"20301 96th Ave S, Kent, WA 98031, USA",20140522T000000,20301 96th Ave S,Kent,WA 98031,USA,98031
2014-05-22,307000.0,3.0,1.5,2320,7500,1.0,0,0,3,2320,0,1976,,"26905 NE Cherry St, Duvall, WA 98019, USA",20140522T000000,26905 NE Cherry St,Duvall,WA 98019,USA,98019
2014-05-22,604700.0,4.0,2.75,2750,14982,1.0,0,3,3,1720,1030,1981,,"27318 10th Pl S, Des Moines, WA 98198, USA",20140522T000000,27318 10th Pl S,Des Moines,WA 98198,USA,98198
2014-05-22,219900.0,3.0,1.0,910,6000,1.0,0,0,2,910,0,1956,,"303 SW 108th St, Seattle, WA 98146, USA",20140522T000000,303 SW 108th St,Seattle,WA 98146,USA,98146
2014-05-22,270000.0,2.0,1.5,840,867,2.0,0,0,3,840,0,2005,,"9122 23rd Ave NE, Seattle, WA 98115, USA",20140522T000000,9122 23rd Ave NE,Seattle,WA 98115,USA,98115
2014-05-22,432000.0,3.0,2.25,1470,1578,2.0,0,0,3,1090,380,2007,,"7202 California Ave SW, Seattle, WA 98136, USA",20140522T000000,7202 California Ave SW,Seattle,WA 98136,USA,98136
2014-05-22,300000.0,6.0,2.0,2040,10812,1.0,0,0,4,2040,0,1943,,"555 Index Ave NE, Renton, WA 98056, USA",20140522T000000,555 Index Ave NE,Renton,WA 98056,USA,98056
2014-05-22,361000.0,3.0,1.0,1100,4046,1.5,0,4,4,1100,0,1922,,"28764 Redondo Beach Dr S, Des Moines, WA 98198, USA",20140522T000000,28764 Redondo Beach Dr S,Des Moines,WA 98198,USA,98198
2014-05-22,249950.0,2.0,1.0,940,8532,1.0,0,0,4,940,0,1959,,"628 SW 136th St, Burien, WA 98166, USA",20140522T000000,628 SW 136th St,Burien,WA 98166,USA,98166
2014-05-22,320000.0,3.0,2.0,1110,10500,1.0,0,0,5,1110,0,1978,,"17040 426th Ave SE, North Bend, WA 98045, USA",20140522T000000,17040 426th Ave SE,North Bend,WA 98045,USA,98045
2014-05-22,305000.0,4.0,1.75,2200,8100,1.5,0,0,5,1400,800,1942,,"12036 23rd Ave S, Seattle, WA 98168, USA",20140522T000000,12036 23rd Ave S,Seattle,WA 98168,USA,98168
2014-05-22,503000.0,2.0,1.75,2860,59612,1.0,1,4,3,1510,1350,1948,2003.0,"4338 SW 307th St, Federal Way, WA 98023, USA",20140522T000000,4338 SW 307th St,Federal Way,WA 98023,USA,98023
2014-05-22,235750.0,2.0,1.0,740,11250,1.0,0,0,2,740,0,1938,,"11050 24th Pl SW, Seattle, WA 98146, USA",20140522T000000,11050 24th Pl SW,Seattle,WA 98146,USA,98146
2014-05-22,657000.0,4.0,1.75,2740,8520,1.0,0,2,3,1370,1370,1954,,"5524 S Morgan St, Seattle, WA 98118, USA",20140522T000000,5524 S Morgan St,Seattle,WA 98118,USA,98118
2014-05-22,385000.0,3.0,1.0,1250,7300,1.0,0,0,4,1250,0,1956,,"16204 SE 8th St, Bellevue, WA 98008, USA",20140522T000000,16204 SE 8th St,Bellevue,WA 98008,USA,98008
2014-05-22,389950.0,4.0,2.5,3140,8060,2.0,0,0,3,3140,0,1991,,"32800 7th Ave SW, Federal Way, WA 98023, USA",20140522T000000,32800 7th Ave SW,Federal Way,WA 98023,USA,98023
2014-05-22,150000.0,2.0,1.0,820,10270,1.0,0,0,3,820,0,1954,,"10218 Aqua Way S, Seattle, WA 98168, USA",20140522T000000,10218 Aqua Way S,Seattle,WA 98168,USA,98168
2014-05-22,254500.0,4.0,2.75,2570,7264,2.0,0,0,3,1720,850,1998,,"1621 56th Ct SE, Auburn, WA 98092, USA",20140522T000000,1621 56th Ct SE,Auburn,WA 98092,USA,98092
2014-05-22,555000.0,4.0,2.25,2350,8140,1.0,0,0,4,1430,920,1977,,"15800 SE 50th St, Bellevue, WA 98006, USA",20140522T000000,15800 SE 50th St,Bellevue,WA 98006,USA,98006
2014-05-22,1075000.0,4.0,3.0,3600,9200,1.0,0,4,4,2100,1500,1976,,"2646 168th Ave SE, Bellevue, WA 98008, USA",20140522T000000,2646 168th Ave SE,Bellevue,WA 98008,USA,98008
2014-05-22,245000.0,4.0,2.0,1580,8000,1.0,0,0,3,1040,540,1967,,"2306 S 284th Pl, Federal Way, WA 98003, USA",20140522T000000,2306 S 284th Pl,Federal Way,WA 98003,USA,98003
2014-05-22,319950.0,2.0,1.0,1070,5824,1.0,0,2,5,1070,0,1949,,"7057 S Lakeridge Dr, Seattle, WA 98178, USA",20140522T000000,7057 S Lakeridge Dr,Seattle,WA 98178,USA,98178
2014-05-22,337000.0,3.0,1.0,1070,6109,1.0,0,0,5,1070,0,1951,,"12551 Roosevelt Way NE, Seattle, WA 98125, USA",20140522T000000,12551 Roosevelt Way NE,Seattle,WA 98125,USA,98125
2014-05-22,492000.0,4.0,2.0,1640,5000,2.0,0,0,3,1640,0,1907,1983.0,"639 NW 52nd St, Seattle, WA 98107, USA",20140522T000000,639 NW 52nd St,Seattle,WA 98107,USA,98107
2014-05-22,1170000.0,3.0,2.75,2890,12130,2.0,0,3,4,2830,60,1987,,"4506 Lake Washington Blvd NE, Kirkland, WA 98033, USA",20140522T000000,4506 Lake Washington Blvd NE,Kirkland,WA 98033,USA,98033
2014-05-22,348580.0,3.0,1.0,1220,7876,1.0,0,0,3,1220,0,1966,,"14405 105th Ave NE, Kirkland, WA 98034, USA",20140522T000000,14405 105th Ave NE,Kirkland,WA 98034,USA,98034
2014-05-22,180000.0,2.0,1.0,1400,4500,1.0,0,0,3,900,500,1922,,"309 Hardie Ave NW, Renton, WA 98057, USA",20140522T000000,309 Hardie Ave NW,Renton,WA 98057,USA,98057
2014-05-22,400000.0,3.0,1.0,1040,6250,1.0,0,0,3,1040,0,1942,,"5440 42nd Ave SW, Seattle, WA 98136, USA",20140522T000000,5440 42nd Ave SW,Seattle,WA 98136,USA,98136
2014-05-22,295000.0,4.0,2.0,980,10640,1.0,0,0,5,980,0,1978,,"17026 426th Ave SE, North Bend, WA 98045, USA",20140522T000000,17026 426th Ave SE,North Bend,WA 98045,USA,98045
2014-05-22,910000.0,4.0,3.25,3340,10890,1.5,0,0,3,2240,1100,1963,2000.0,"15243 NE 71st Ct, Redmond, WA 98052, USA",20140522T000000,15243 NE 71st Ct,Redmond,WA 98052,USA,98052
2014-05-22,1150000.0,6.0,4.5,6040,219542,2.0,0,0,3,4100,1940,1996,,"4616 252nd Ave SE, Issaquah, WA 98029, USA",20140522T000000,4616 252nd Ave SE,Issaquah,WA 98029,USA,98029
2014-05-22,431500.0,3.0,3.5,1900,1612,2.0,0,0,3,1430,470,2008,,"6527 41st Ave SW, Seattle, WA 98136, USA",20140522T000000,6527 41st Ave SW,Seattle,WA 98136,USA,98136
2014-05-22,180000.0,4.0,1.5,1740,7292,1.0,0,0,3,1020,720,1962,,"13904 24th Ave S, SeaTac, WA 98168, USA",20140522T000000,13904 24th Ave S,SeaTac,WA 98168,USA,98168
2014-05-22,677000.0,3.0,2.0,2000,3207,1.0,0,0,4,1100,900,1916,,"1330 N Lucas Pl, Seattle, WA 98103, USA",20140522T000000,1330 N Lucas Pl,Seattle,WA 98103,USA,98103
2014-05-22,1180500.0,3.0,1.75,1610,7200,1.0,0,0,3,1090,520,1973,,"1015 36th Ave E, Seattle, WA 98112, USA",20140522T000000,1015 36th Ave E,Seattle,WA 98112,USA,98112
2014-05-22,635700.0,4.0,2.5,3240,13978,1.0,0,0,3,1860,1380,1977,,"2069 211th Ave NE, Sammamish, WA 98074, USA",20140522T000000,2069 211th Ave NE,Sammamish,WA 98074,USA,98074
2014-05-22,482000.0,5.0,2.25,2230,9600,1.0,0,0,3,1320,910,1978,,"16218 195th Pl NE, Woodinville, WA 98077, USA",20140522T000000,16218 195th Pl NE,Woodinville,WA 98077,USA,98077
2014-05-22,168000.0,2.0,2.5,1160,2174,2.0,0,0,3,1160,0,1998,,"8601-8633 26th Ave SW, Seattle, WA 98106, USA",20140522T000000,8601-8633 26th Ave SW,Seattle,WA 98106,USA,98106
2014-05-22,805000.0,4.0,2.75,2410,6000,1.0,0,0,5,1410,1000,1950,,"3210 NW 58th St, Seattle, WA 98107, USA",20140522T000000,3210 NW 58th St,Seattle,WA 98107,USA,98107
2014-05-22,398000.0,2.0,1.0,590,10945,1.5,0,0,3,590,0,1983,,"29613-29615 232nd Ave SE, Black Diamond, WA 98010, USA",20140522T000000,29613-29615 232nd Ave SE,Black Diamond,WA 98010,USA,98010
2014-05-22,665000.0,4.0,2.5,2600,17388,2.0,0,0,3,2600,0,1996,,"14623 SE 82nd Ct, Newcastle, WA 98059, USA",20140522T000000,14623 SE 82nd Ct,Newcastle,WA 98059,USA,98059
2014-05-22,592500.0,4.0,3.0,2170,8240,1.0,0,0,4,1370,800,1968,,"18504 NE 21st St, Redmond, WA 98052, USA",20140522T000000,18504 NE 21st St,Redmond,WA 98052,USA,98052
2014-05-22,940000.0,4.0,2.75,2080,4000,1.5,0,0,3,2080,0,1912,2000.0,"6042 Sycamore Ave NW, Seattle, WA 98107, USA",20140522T000000,6042 Sycamore Ave NW,Seattle,WA 98107,USA,98107
2014-05-22,655000.0,4.0,2.5,2860,12394,2.0,0,0,3,2860,0,1999,,"2853 234th Ave SE, Sammamish, WA 98075, USA",20140522T000000,2853 234th Ave SE,Sammamish,WA 98075,USA,98075
2014-05-22,622500.0,4.0,2.5,2980,8107,2.0,0,0,3,2980,0,2000,,"34823 Rhododendron Dr SE, Snoqualmie, WA 98065, USA",20140522T000000,34823 Rhododendron Dr SE,Snoqualmie,WA 98065,USA,98065
2014-05-22,380000.0,2.0,2.5,1230,987,2.0,0,0,3,1060,170,2011,,"2031 S Washington St, Seattle, WA 98144, USA",20140522T000000,2031 S Washington St,Seattle,WA 98144,USA,98144
2014-05-22,648360.0,4.0,1.75,2260,7005,1.0,0,1,4,1130,1130,1947,,"137 18th Ave, Kirkland, WA 98033, USA",20140522T000000,137 18th Ave,Kirkland,WA 98033,USA,98033
2014-05-22,432000.0,3.0,2.75,2200,14925,1.0,0,0,3,1100,1100,1982,,"21013 NE 60th Pl, Redmond, WA 98053, USA",20140522T000000,21013 NE 60th Pl,Redmond,WA 98053,USA,98053
2014-05-22,1050000.0,4.0,2.5,3030,12590,1.5,0,0,4,3030,0,1988,,"3255 111th Ave SE, Bellevue, WA 98004, USA",20140522T000000,3255 111th Ave SE,Bellevue,WA 98004,USA,98004
2014-05-22,353250.0,2.0,1.0,1060,1600,2.0,0,0,3,1060,0,1979,,"1523 30th Ave S, Seattle, WA 98144, USA",20140522T000000,1523 30th Ave S,Seattle,WA 98144,USA,98144
2014-05-22,1000000.0,4.0,3.0,4260,18687,2.0,0,0,3,4260,0,1996,,"2432 267th Ct SE, Sammamish, WA 98075, USA",20140522T000000,2432 267th Ct SE,Sammamish,WA 98075,USA,98075
2014-05-22,320000.0,3.0,2.25,998,844,2.0,0,0,3,798,200,2007,,"820 NW 95th St, Seattle, WA 98117, USA",20140522T000000,820 NW 95th St,Seattle,WA 98117,USA,98117
2014-05-22,349900.0,4.0,2.5,2052,3723,2.0,0,0,3,2052,0,2014,,"35650 30th Ave S, Federal Way, WA 98003, USA",20140522T000000,35650 30th Ave S,Federal Way,WA 98003,USA,98003
2014-05-22,330000.0,4.0,3.5,3150,6202,2.0,0,0,3,3150,0,2005,,"22547 134th Pl SE, Kent, WA 98042, USA",20140522T000000,22547 134th Pl SE,Kent,WA 98042,USA,98042
2014-05-22,408000.0,3.0,2.25,1950,7221,1.0,0,0,4,1950,0,2006,,"3742 S 192nd St, SeaTac, WA 98188, USA",20140522T000000,3742 S 192nd St,SeaTac,WA 98188,USA,98188
2014-05-22,321000.0,3.0,2.25,1347,1292,3.0,0,0,3,1347,0,2010,,"14007-14017 35th Ave NE, Seattle, WA 98125, USA",20140522T000000,14007-14017 35th Ave NE,Seattle,WA 98125,USA,98125
2014-05-22,1051000.0,4.0,3.75,3860,5474,2.5,0,0,3,3860,0,2007,,"2603 NE Davis Loop, Issaquah, WA 98029, USA",20140522T000000,2603 NE Davis Loop,Issaquah,WA 98029,USA,98029
2014-05-22,2150000.0,4.0,5.5,5060,10320,2.0,0,0,3,5060,0,2008,,"1500-1598 98th Ave NE, Bellevue, WA 98004, USA",20140522T000000,1500-1598 98th Ave NE,Bellevue,WA 98004,USA,98004
2014-05-22,359000.0,3.0,1.5,1360,885,3.0,0,0,3,1360,0,2008,,"709 N 94th St, Seattle, WA 98103, USA",20140522T000000,709 N 94th St,Seattle,WA 98103,USA,98103
2014-05-22,300000.0,5.0,2.5,2760,6000,2.0,0,0,3,2760,0,2006,,"843 S Rose St, Seattle, WA 98108, USA",20140522T000000,843 S Rose St,Seattle,WA 98108,USA,98108
2014-05-22,380000.0,5.0,3.5,2420,4670,2.0,0,0,3,2420,0,2013,,"8803 38th Ave S, Seattle, WA 98118, USA",20140522T000000,8803 38th Ave S,Seattle,WA 98118,USA,98118
2014-05-22,660000.0,3.0,2.5,2450,4332,2.0,0,0,3,2450,0,2010,,"10741 242nd Pl NE, Redmond, WA 98053, USA",20140522T000000,10741 242nd Pl NE,Redmond,WA 98053,USA,98053
2014-05-22,355000.0,3.0,2.25,1280,959,3.0,0,0,3,1280,0,2005,,"8526 Nesbit Ave N, Seattle, WA 98103, USA",20140522T000000,8526 Nesbit Ave N,Seattle,WA 98103,USA,98103
2014-05-22,259000.0,3.0,2.5,1550,3569,2.0,0,0,3,1550,0,2011,,"1506 51st St NE, Auburn, WA 98002, USA",20140522T000000,1506 51st St NE,Auburn,WA 98002,USA,98002
2014-05-22,353000.0,1.0,1.0,550,1279,2.0,0,0,3,550,0,2008,,"1620 14th Ave, Seattle, WA 98122, USA",20140522T000000,1620 14th Ave,Seattle,WA 98122,USA,98122
2014-05-22,430000.0,2.0,2.5,1520,1588,2.0,0,0,3,1240,280,2007,,"2310 15th Ave S, Seattle, WA 98144, USA",20140522T000000,2310 15th Ave S,Seattle,WA 98144,USA,98144
2014-05-23,460000.0,3.0,1.0,1670,4005,1.5,0,0,4,1170,500,1939,,"8030 18th Ave NW, Seattle, WA 98117, USA",20140523T000000,8030 18th Ave NW,Seattle,WA 98117,USA,98117
2014-05-23,80000.0,1.0,0.75,430,5050,1.0,0,0,2,430,0,1912,,"32215 E Rutherford St, Carnation, WA 98014, USA",20140523T000000,32215 E Rutherford St,Carnation,WA 98014,USA,98014
2014-05-23,782000.0,4.0,2.5,2380,9614,2.0,0,0,4,2380,0,1991,,"16810 SE 47th Way, Bellevue, WA 98006, USA",20140523T000000,16810 SE 47th Way,Bellevue,WA 98006,USA,98006
2014-05-23,218000.0,3.0,1.0,960,9633,1.0,0,0,5,960,0,1982,,"506 Harmony Ln, Enumclaw, WA 98022, USA",20140523T000000,506 Harmony Ln,Enumclaw,WA 98022,USA,98022
2014-05-23,325000.0,3.0,1.0,1920,6862,1.0,0,2,3,1120,800,1952,,"4602 S Fletcher St, Seattle, WA 98118, USA",20140523T000000,4602 S Fletcher St,Seattle,WA 98118,USA,98118
2014-05-23,980000.0,4.0,3.0,3680,5854,1.0,0,3,3,2060,1620,1967,,"1414 Magnolia Blvd W, Seattle, WA 98199, USA",20140523T000000,1414 Magnolia Blvd W,Seattle,WA 98199,USA,98199
2014-05-23,902000.0,4.0,2.25,2530,9200,1.0,0,0,5,1570,960,1976,,"4632 141st Ct SE, Bellevue, WA 98006, USA",20140523T000000,4632 141st Ct SE,Bellevue,WA 98006,USA,98006
2014-05-23,556000.0,5.0,2.5,3840,16905,2.0,0,0,3,3840,0,1991,,"739 SW 337th St, Federal Way, WA 98023, USA",20140523T000000,739 SW 337th St,Federal Way,WA 98023,USA,98023
2014-05-23,662990.0,3.0,1.75,1240,3600,1.5,0,0,5,1240,0,1926,,"2552 57th Ave SW, Seattle, WA 98116, USA",20140523T000000,2552 57th Ave SW,Seattle,WA 98116,USA,98116
2014-05-23,225000.0,2.0,1.0,1300,11867,1.5,0,0,4,1300,0,1975,,"33023 SE 310th St, Ravensdale, WA 98051, USA",20140523T000000,33023 SE 310th St,Ravensdale,WA 98051,USA,98051
2014-05-23,439950.0,4.0,2.5,2380,12067,2.0,0,0,3,2380,0,2002,,"313 Mt Baker Pl NE, Renton, WA 98059, USA",20140523T000000,313 Mt Baker Pl NE,Renton,WA 98059,USA,98059
2014-05-23,175000.0,2.0,1.0,1300,44431,1.0,0,0,5,1300,0,1958,,"30557 55th Ave S, Auburn, WA 98001, USA",20140523T000000,30557 55th Ave S,Auburn,WA 98001,USA,98001
2014-05-23,306000.0,2.0,1.0,780,13500,1.0,0,0,4,780,0,1946,1989.0,"15210 Mink Rd NE, Woodinville, WA 98077, USA",20140523T000000,15210 Mink Rd NE,Woodinville,WA 98077,USA,98077
2014-05-23,235000.0,4.0,2.5,1810,39639,1.0,0,0,3,1230,580,1970,,"17421 SE Covington Sawyer Rd, Kent, WA 98042, USA",20140523T000000,17421 SE Covington Sawyer Rd,Kent,WA 98042,USA,98042
2014-05-23,399500.0,3.0,1.75,2420,12676,2.0,0,0,3,2420,0,1911,1986.0,"227 W Park St, North Bend, WA 98045, USA",20140523T000000,227 W Park St,North Bend,WA 98045,USA,98045
2014-05-23,478000.0,3.0,1.0,1280,2580,1.5,0,0,3,1280,0,1910,2014.0,"6008 8th Ave NE, Seattle, WA 98115, USA",20140523T000000,6008 8th Ave NE,Seattle,WA 98115,USA,98115
2014-05-23,515000.0,2.0,1.0,1680,6500,1.0,0,0,4,1140,540,1941,,"5906 44th Ave SW, Seattle, WA 98136, USA",20140523T000000,5906 44th Ave SW,Seattle,WA 98136,USA,98136
2014-05-23,550000.0,3.0,2.5,2510,5400,2.0,0,0,3,2510,0,1992,,"919 N 33rd St, Renton, WA 98056, USA",20140523T000000,919 N 33rd St,Renton,WA 98056,USA,98056
2014-05-23,149000.0,3.0,1.0,1700,8645,1.0,0,0,3,1700,0,1955,,"12701 2nd Ave SW, Seattle, WA 98146, USA",20140523T000000,12701 2nd Ave SW,Seattle,WA 98146,USA,98146
2014-05-23,526000.0,3.0,1.75,1680,3420,1.0,0,0,3,960,720,1992,,"7717 35th Ave NE, Seattle, WA 98115, USA",20140523T000000,7717 35th Ave NE,Seattle,WA 98115,USA,98115
2014-05-23,527550.0,1.0,0.75,820,59677,1.0,0,0,3,820,0,1999,,"7608 N Fork Rd SE, Snoqualmie, WA 98065, USA",20140523T000000,7608 N Fork Rd SE,Snoqualmie,WA 98065,USA,98065
2014-05-23,1050000.0,3.0,4.0,4380,42769,2.0,0,0,5,4380,0,1983,,"17301 NE 131st St, Redmond, WA 98052, USA",20140523T000000,17301 NE 131st St,Redmond,WA 98052,USA,98052
2014-05-23,625000.0,3.0,2.5,2600,10092,1.0,0,0,3,2600,0,1984,,"22922 NE 14th St, Sammamish, WA 98074, USA",20140523T000000,22922 NE 14th St,Sammamish,WA 98074,USA,98074
2014-05-23,950000.0,5.0,3.25,3400,7452,2.0,0,0,3,3400,0,1999,,"15251 NE 6th St, Bellevue, WA 98007, USA",20140523T000000,15251 NE 6th St,Bellevue,WA 98007,USA,98007
2014-05-23,377691.0,5.0,1.75,2120,8399,1.0,0,0,4,1320,800,1942,,"18318 Meridian Ave N, Shoreline, WA 98133, USA",20140523T000000,18318 Meridian Ave N,Shoreline,WA 98133,USA,98133
2014-05-23,648475.0,4.0,2.75,2250,5700,1.0,0,0,3,1200,1050,1951,,"2436 Dexter Ave N, Seattle, WA 98109, USA",20140523T000000,2436 Dexter Ave N,Seattle,WA 98109,USA,98109
2014-05-23,383000.0,3.0,1.0,1800,5612,1.0,0,0,4,1200,600,1942,,"8639 36th Ave SW, Seattle, WA 98126, USA",20140523T000000,8639 36th Ave SW,Seattle,WA 98126,USA,98126
2014-05-23,535000.0,3.0,2.5,2210,7620,2.0,0,0,3,2210,0,1994,,"10526 157th Ave NE, Redmond, WA 98052, USA",20140523T000000,10526 157th Ave NE,Redmond,WA 98052,USA,98052
2014-05-23,449950.0,3.0,2.0,1560,4080,2.0,0,0,3,1560,0,1923,1982.0,"828 NE 83rd St, Seattle, WA 98115, USA",20140523T000000,828 NE 83rd St,Seattle,WA 98115,USA,98115
2014-05-23,465425.0,4.0,2.75,2430,20720,1.0,0,0,3,2430,0,1967,,"14951 NE 204th St, Woodinville, WA 98072, USA",20140523T000000,14951 NE 204th St,Woodinville,WA 98072,USA,98072
2014-05-23,675000.0,4.0,2.5,2560,36601,2.0,0,0,4,2560,0,1987,,"26007 SE 27th St, Sammamish, WA 98075, USA",20140523T000000,26007 SE 27th St,Sammamish,WA 98075,USA,98075
2014-05-23,599000.0,3.0,2.75,1960,2500,1.5,0,0,5,1410,550,1926,,"427 N 63rd St, Seattle, WA 98103, USA",20140523T000000,427 N 63rd St,Seattle,WA 98103,USA,98103
2014-05-23,416000.0,3.0,1.5,1110,9762,1.0,0,0,4,1110,0,1963,,"14222 NE 80th Pl, Redmond, WA 98052, USA",20140523T000000,14222 NE 80th Pl,Redmond,WA 98052,USA,98052
2014-05-23,595000.0,2.0,1.5,1030,4500,1.0,0,0,3,830,200,1924,,"2726 Mayfair Ave N, Seattle, WA 98109, USA",20140523T000000,2726 Mayfair Ave N,Seattle,WA 98109,USA,98109
2014-05-23,200000.0,4.0,1.0,1350,11507,1.0,0,0,3,1350,0,1966,,"19516-19598 108th Ave SE, Renton, WA 98055, USA",20140523T000000,19516-19598 108th Ave SE,Renton,WA 98055,USA,98055
2014-05-23,402000.0,3.0,2.0,1540,1827,2.0,0,0,3,1540,0,2005,,"2460 NE Park Dr, Issaquah, WA 98029, USA",20140523T000000,2460 NE Park Dr,Issaquah,WA 98029,USA,98029
2014-05-23,433000.0,4.0,1.75,1830,9600,1.0,0,0,4,1010,820,1966,,"16130 SE Newport Way, Bellevue, WA 98006, USA",20140523T000000,16130 SE Newport Way,Bellevue,WA 98006,USA,98006
2014-05-23,275000.0,4.0,1.5,1930,15531,2.0,0,0,3,1930,0,1979,,"28616 28th Pl S, Federal Way, WA 98003, USA",20140523T000000,28616 28th Pl S,Federal Way,WA 98003,USA,98003
2014-05-23,410000.0,3.0,2.0,1650,9641,1.5,0,0,3,1650,0,1983,,"12721 83rd Ct NE, Kirkland, WA 98034, USA",20140523T000000,12721 83rd Ct NE,Kirkland,WA 98034,USA,98034
2014-05-23,554820.0,4.0,2.0,3510,12905,1.0,0,2,3,2210,1300,1965,1982.0,"1962 SW 172nd St, Burien, WA 98166, USA",20140523T000000,1962 SW 172nd St,Burien,WA 98166,USA,98166
2014-05-23,1325000.0,4.0,3.0,3370,7920,1.0,0,3,3,1860,1510,1988,,"3524 NW 67th St, Seattle, WA 98117, USA",20140523T000000,3524 NW 67th St,Seattle,WA 98117,USA,98117
2014-05-23,735000.0,3.0,2.5,2390,9157,2.0,0,0,3,2390,0,1984,,"14500-14526 NE 61st St, Redmond, WA 98052, USA",20140523T000000,14500-14526 NE 61st St,Redmond,WA 98052,USA,98052
2014-05-23,607000.0,3.0,1.0,1230,8114,1.0,0,0,4,1230,0,1951,,"3126 108th Ave SE, Bellevue, WA 98004, USA",20140523T000000,3126 108th Ave SE,Bellevue,WA 98004,USA,98004
2014-05-23,549900.0,4.0,3.0,2830,213879,2.0,0,0,4,2830,0,1987,,"34422 176th Ave SE, Auburn, WA 98092, USA",20140523T000000,34422 176th Ave SE,Auburn,WA 98092,USA,98092
2014-05-23,258000.0,3.0,1.75,1620,7540,1.0,0,0,3,1310,310,1988,,"21659 SE 266th St, Maple Valley, WA 98038, USA",20140523T000000,21659 SE 266th St,Maple Valley,WA 98038,USA,98038
2014-05-23,661254.0,4.0,4.0,2290,6250,1.5,0,0,5,1690,600,1940,,"2319 41st Ave SW, Seattle, WA 98116, USA",20140523T000000,2319 41st Ave SW,Seattle,WA 98116,USA,98116
2014-05-23,945000.0,4.0,2.0,2840,13367,1.0,0,0,3,1420,1420,1952,,"9723 NE 15th St, Clyde Hill, WA 98004, USA",20140523T000000,9723 NE 15th St,Clyde Hill,WA 98004,USA,98004
2014-05-23,799950.0,4.0,3.5,4220,196817,2.0,0,0,3,4220,0,1993,,"5002 Jasmine Ave SE, Auburn, WA 98092, USA",20140523T000000,5002 Jasmine Ave SE,Auburn,WA 98092,USA,98092
2014-05-23,132500.0,3.0,1.0,1080,10500,1.0,0,0,3,1080,0,1967,,"4411 S 314th St, Auburn, WA 98001, USA",20140523T000000,4411 S 314th St,Auburn,WA 98001,USA,98001
2014-05-23,467100.0,3.0,1.75,1620,8645,1.0,0,0,3,1190,430,1973,,"6605-6609 141st Pl NE, Redmond, WA 98052, USA",20140523T000000,6605-6609 141st Pl NE,Redmond,WA 98052,USA,98052
2014-05-23,1610000.0,4.0,3.5,4390,11600,2.0,0,3,3,3060,1330,1990,,"2758 68th Ave SE, Mercer Island, WA 98040, USA",20140523T000000,2758 68th Ave SE,Mercer Island,WA 98040,USA,98040
2014-05-23,641000.0,3.0,1.75,1620,3975,1.0,0,0,5,940,680,1926,,"6729 Dibble Ave NW, Seattle, WA 98117, USA",20140523T000000,6729 Dibble Ave NW,Seattle,WA 98117,USA,98117
2014-05-23,350000.0,3.0,1.0,1010,11244,1.0,0,0,4,1010,0,1947,,"16220 8th Ave NE, Shoreline, WA 98155, USA",20140523T000000,16220 8th Ave NE,Shoreline,WA 98155,USA,98155
2014-05-23,335000.0,4.0,2.5,1750,8476,1.0,0,0,4,1240,510,1983,,"15216 SE 176th Pl, Renton, WA 98058, USA",20140523T000000,15216 SE 176th Pl,Renton,WA 98058,USA,98058
2014-05-23,900000.0,3.0,3.5,4080,217697,1.5,0,3,3,4080,0,2000,,"37739 Auburn Enumclaw Rd SE, Auburn, WA 98092, USA",20140523T000000,37739 Auburn Enumclaw Rd SE,Auburn,WA 98092,USA,98092
2014-05-23,440000.0,4.0,2.5,2560,10400,1.0,0,0,4,1280,1280,1965,,"749 Mountain View Pl SW, Issaquah, WA 98027, USA",20140523T000000,749 Mountain View Pl SW,Issaquah,WA 98027,USA,98027
2014-05-23,464600.0,3.0,1.75,1120,5500,1.5,0,0,4,1120,0,1925,,"6617 Beveridge Pl SW, Seattle, WA 98136, USA",20140523T000000,6617 Beveridge Pl SW,Seattle,WA 98136,USA,98136
2014-05-23,1200000.0,4.0,3.5,4740,172497,2.0,0,0,3,4740,0,2003,,"19933 NE 85th St, Redmond, WA 98053, USA",20140523T000000,19933 NE 85th St,Redmond,WA 98053,USA,98053
2014-05-23,300000.0,2.0,1.0,1340,7788,1.0,0,2,3,1340,0,1947,,"7111 S Ryan St, Seattle, WA 98178, USA",20140523T000000,7111 S Ryan St,Seattle,WA 98178,USA,98178
2014-05-23,670500.0,4.0,2.0,1590,6750,1.0,0,0,3,1590,0,1951,,"2333 12th Ave E, Seattle, WA 98102, USA",20140523T000000,2333 12th Ave E,Seattle,WA 98102,USA,98102
2014-05-23,552000.0,3.0,1.0,1430,5000,1.0,0,0,4,1080,350,1919,,"6008 29th Ave NE, Seattle, WA 98115, USA",20140523T000000,6008 29th Ave NE,Seattle,WA 98115,USA,98115
2014-05-23,244000.0,4.0,1.0,1450,8960,1.0,0,0,3,1450,0,1943,,"1011 SW 118th St, Seattle, WA 98146, USA",20140523T000000,1011 SW 118th St,Seattle,WA 98146,USA,98146
2014-05-23,788600.0,4.0,2.75,3500,7200,2.0,0,0,3,3500,0,2005,,"8930-9034 236th Ave NE, Redmond, WA 98053, USA",20140523T000000,8930-9034 236th Ave NE,Redmond,WA 98053,USA,98053
2014-05-23,445000.0,3.0,2.0,1630,8702,1.0,0,0,3,1630,0,1987,,"1905 NE 29th Ct, Renton, WA 98056, USA",20140523T000000,1905 NE 29th Ct,Renton,WA 98056,USA,98056
2014-05-23,530000.0,4.0,1.75,1814,5000,1.0,0,0,4,944,870,1951,,"7532 44th Ave NE, Seattle, WA 98115, USA",20140523T000000,7532 44th Ave NE,Seattle,WA 98115,USA,98115
2014-05-23,90000.0,2.0,1.0,580,7500,1.0,0,0,3,580,0,1943,,"6621 S 131st Pl, Seattle, WA 98178, USA",20140523T000000,6621 S 131st Pl,Seattle,WA 98178,USA,98178
2014-05-23,585000.0,3.0,2.0,1670,4572,1.5,0,0,3,1670,0,1931,,"7705 13th Ave NW, Seattle, WA 98117, USA",20140523T000000,7705 13th Ave NW,Seattle,WA 98117,USA,98117
2014-05-23,498000.0,2.0,2.0,1140,8282,1.0,0,0,3,1140,0,1924,2009.0,"2086 Market St, Kirkland, WA 98033, USA",20140523T000000,2086 Market St,Kirkland,WA 98033,USA,98033
2014-05-23,379000.0,2.0,1.0,800,6380,1.0,0,2,3,800,0,1940,,"1709 NE 86th St, Seattle, WA 98115, USA",20140523T000000,1709 NE 86th St,Seattle,WA 98115,USA,98115
2014-05-23,462000.0,3.0,1.75,1300,2580,1.0,0,0,5,820,480,1919,,"825 NE 63rd St, Seattle, WA 98115, USA",20140523T000000,825 NE 63rd St,Seattle,WA 98115,USA,98115
2014-05-23,388000.0,4.0,2.5,2440,7155,2.0,0,0,3,2440,0,1993,,"16032 SE 170th Pl, Renton, WA 98058, USA",20140523T000000,16032 SE 170th Pl,Renton,WA 98058,USA,98058
2014-05-23,255000.0,3.0,2.0,1490,8371,1.5,0,0,3,1490,0,1984,,"11405 SE 229th St, Kent, WA 98031, USA",20140523T000000,11405 SE 229th St,Kent,WA 98031,USA,98031
2014-05-23,665000.0,3.0,2.75,1800,9550,1.0,0,0,4,1320,480,1966,,"12115 SE 44th Pl, Bellevue, WA 98006, USA",20140523T000000,12115 SE 44th Pl,Bellevue,WA 98006,USA,98006
2014-05-23,550000.0,3.0,2.0,1830,9152,1.0,0,0,5,1830,0,1959,,"11815 SE 56th St, Bellevue, WA 98006, USA",20140523T000000,11815 SE 56th St,Bellevue,WA 98006,USA,98006
2014-05-23,606000.0,3.0,1.0,1500,3920,1.0,0,0,3,1000,500,1947,,"128 NW 59th St, Seattle, WA 98107, USA",20140523T000000,128 NW 59th St,Seattle,WA 98107,USA,98107
2014-05-23,334000.0,4.0,2.5,2210,6080,1.0,0,2,4,1410,800,1965,,"12413 84th Ave S, Seattle, WA 98178, USA",20140523T000000,12413 84th Ave S,Seattle,WA 98178,USA,98178
2014-05-23,360000.0,3.0,2.0,1270,1323,3.0,0,0,3,1270,0,2006,,"8830 Midvale Ave N, Seattle, WA 98103, USA",20140523T000000,8830 Midvale Ave N,Seattle,WA 98103,USA,98103
2014-05-23,235000.0,2.0,1.0,1140,1730,1.5,0,0,3,1010,130,2007,,"3002 SW Cycle Ct, Seattle, WA 98126, USA",20140523T000000,3002 SW Cycle Ct,Seattle,WA 98126,USA,98126
2014-05-23,580000.0,3.0,2.5,1620,1173,3.0,0,4,3,1470,150,2008,,"5410 Greenwood Ave N, Seattle, WA 98103, USA",20140523T000000,5410 Greenwood Ave N,Seattle,WA 98103,USA,98103
2014-05-23,355000.0,3.0,2.0,1220,1186,3.0,0,0,3,1220,0,2007,,"9245a Interlake Ave N, Seattle, WA 98103, USA",20140523T000000,9245a Interlake Ave N,Seattle,WA 98103,USA,98103
2014-05-23,375000.0,2.0,2.5,750,1430,2.0,0,0,3,750,0,2006,,"1700 E Columbia St, Seattle, WA 98122, USA",20140523T000000,1700 E Columbia St,Seattle,WA 98122,USA,98122
2014-05-24,372000.0,4.0,1.75,1960,9300,1.0,0,0,5,1340,620,1979,,"16803 426th Pl SE, North Bend, WA 98045, USA",20140524T000000,16803 426th Pl SE,North Bend,WA 98045,USA,98045
2014-05-24,479000.0,3.0,1.0,1370,3000,1.5,0,0,3,1370,0,1924,,"611 N 46th St, Seattle, WA 98103, USA",20140524T000000,611 N 46th St,Seattle,WA 98103,USA,98103
2014-05-24,2000000.0,5.0,4.0,4580,4443,3.0,1,4,3,4580,0,2004,,"4277 E Lake Sammamish Shore Ln SE, Sammamish, WA 98075, USA",20140524T000000,4277 E Lake Sammamish Shore Ln SE,Sammamish,WA 98075,USA,98075
2014-05-24,1680000.0,4.0,4.25,5584,68257,2.0,0,0,3,5584,0,1998,,"29002 NE 3rd Way, Carnation, WA 98014, USA",20140524T000000,29002 NE 3rd Way,Carnation,WA 98014,USA,98014
2014-05-24,501000.0,2.0,1.0,1010,4320,1.0,0,0,5,1010,0,1924,,"7550 Roosevelt Way NE, Seattle, WA 98115, USA",20140524T000000,7550 Roosevelt Way NE,Seattle,WA 98115,USA,98115
2014-05-24,245000.0,3.0,1.75,1260,6908,1.0,0,0,3,1260,0,1994,,"23221 SE 242nd St, Maple Valley, WA 98038, USA",20140524T000000,23221 SE 242nd St,Maple Valley,WA 98038,USA,98038
2014-05-24,496700.0,3.0,2.5,1740,5782,2.0,0,0,4,1740,0,1989,,"3512 253rd Ct SE, Issaquah, WA 98029, USA",20140524T000000,3512 253rd Ct SE,Issaquah,WA 98029,USA,98029
2014-05-24,347000.0,4.0,1.5,2670,10026,2.0,0,0,3,2670,0,1996,,"1121 48th Ct SE, Auburn, WA 98092, USA",20140524T000000,1121 48th Ct SE,Auburn,WA 98092,USA,98092
2014-05-24,199000.0,2.0,1.0,720,7200,1.0,0,0,5,720,0,1943,,"3113 SE 6th St, Renton, WA 98058, USA",20140524T000000,3113 SE 6th St,Renton,WA 98058,USA,98058
2014-05-24,440500.0,3.0,2.5,2460,4399,2.0,0,0,3,2460,0,2007,,"34214 SE Carmichael St, Snoqualmie, WA 98065, USA",20140524T000000,34214 SE Carmichael St,Snoqualmie,WA 98065,USA,98065
2014-05-24,820000.0,4.0,2.5,3670,7000,2.0,0,0,3,3670,0,2005,,"19454 SE 27th Pl, Sammamish, WA 98075, USA",20140524T000000,19454 SE 27th Pl,Sammamish,WA 98075,USA,98075
2014-05-25,325000.0,4.0,3.5,2630,3435,1.5,0,3,3,1640,990,1984,,"18641 48th Pl S, SeaTac, WA 98188, USA",20140525T000000,18641 48th Pl S,SeaTac,WA 98188,USA,98188
2014-05-25,195000.0,3.0,1.75,1570,8459,1.0,0,0,3,1570,0,1991,,"1168 Semanski St, Enumclaw, WA 98022, USA",20140525T000000,1168 Semanski St,Enumclaw,WA 98022,USA,98022
2014-05-25,675000.0,3.0,3.0,2980,28000,1.0,0,0,3,1820,1160,1981,,"15017-15023 NE 144th St, Redmond, WA 98052, USA",20140525T000000,15017-15023 NE 144th St,Redmond,WA 98052,USA,98052
2014-05-25,295000.0,3.0,2.5,1560,4200,2.0,0,0,3,1560,0,2003,,"23620 SE 243rd Pl, Maple Valley, WA 98038, USA",20140525T000000,23620 SE 243rd Pl,Maple Valley,WA 98038,USA,98038
2014-05-25,355300.0,3.0,2.5,1620,7410,1.0,0,0,5,1620,0,1955,,"19584-19766 Meridian Ave N, Shoreline, WA 98133, USA",20140525T000000,19584-19766 Meridian Ave N,Shoreline,WA 98133,USA,98133
2014-05-26,276000.0,3.0,1.0,1140,5000,1.0,0,0,3,1140,0,1960,,"5403 23rd Ave SW, Seattle, WA 98106, USA",20140526T000000,5403 23rd Ave SW,Seattle,WA 98106,USA,98106
2014-05-26,460000.0,2.0,1.5,2730,19877,1.0,0,0,4,1570,1160,1976,,"19807 330th Ave NE, Duvall, WA 98019, USA",20140526T000000,19807 330th Ave NE,Duvall,WA 98019,USA,98019
2014-05-26,880000.0,3.0,2.0,2130,35169,1.0,0,0,4,2130,0,1989,,"16704 162nd Ave NE, Woodinville, WA 98072, USA",20140526T000000,16704 162nd Ave NE,Woodinville,WA 98072,USA,98072
2014-05-26,370000.0,3.0,2.5,1780,4050,2.0,0,0,3,1780,0,2001,,"1743 NE 146th St, Shoreline, WA 98155, USA",20140526T000000,1743 NE 146th St,Shoreline,WA 98155,USA,98155
2014-05-26,346000.0,4.0,2.5,2100,3916,2.0,0,0,3,2100,0,2009,,"11674 SE 189th Pl, Renton, WA 98058, USA",20140526T000000,11674 SE 189th Pl,Renton,WA 98058,USA,98058
2014-05-26,172500.0,3.0,1.0,1140,8800,1.0,0,0,3,1140,0,1972,,"4804 S 378th St, Auburn, WA 98001, USA",20140526T000000,4804 S 378th St,Auburn,WA 98001,USA,98001
2014-05-26,379950.0,3.0,1.5,1690,9144,1.0,0,0,4,1140,550,1956,,"6601 NE 153rd Pl, Kenmore, WA 98028, USA",20140526T000000,6601 NE 153rd Pl,Kenmore,WA 98028,USA,98028
2014-05-27,468000.0,2.0,1.0,1160,6000,1.0,0,0,4,860,300,1942,,"3169 NE 85th St, Seattle, WA 98115, USA",20140527T000000,3169 NE 85th St,Seattle,WA 98115,USA,98115
2014-05-27,477000.0,4.0,2.75,1720,6270,2.0,0,0,3,1720,0,1978,,"5149 S Graham St, Seattle, WA 98118, USA",20140527T000000,5149 S Graham St,Seattle,WA 98118,USA,98118
2014-05-27,529000.0,3.0,1.0,1210,3328,1.5,0,0,4,1210,0,1924,,"6015 5th Ave NW, Seattle, WA 98107, USA",20140527T000000,6015 5th Ave NW,Seattle,WA 98107,USA,98107
2014-05-27,312000.0,3.0,1.5,1255,1374,3.0,0,0,3,1255,0,2004,,"11716 16th Ave NE, Seattle, WA 98125, USA",20140527T000000,11716 16th Ave NE,Seattle,WA 98125,USA,98125
2014-05-27,326100.0,2.0,1.0,880,7683,1.0,0,0,3,880,0,1942,,"11709 3rd Ave NW, Seattle, WA 98177, USA",20140527T000000,11709 3rd Ave NW,Seattle,WA 98177,USA,98177
2014-05-27,360000.0,3.0,1.0,1050,9206,1.5,0,0,3,1050,0,1954,,"10710 Lake City Way NE, Seattle, WA 98125, USA",20140527T000000,10710 Lake City Way NE,Seattle,WA 98125,USA,98125
2014-05-27,438000.0,3.0,1.75,1650,12940,1.0,0,0,4,1650,0,1961,,"18504 57th Ave NE, Kenmore, WA 98028, USA",20140527T000000,18504 57th Ave NE,Kenmore,WA 98028,USA,98028
2014-05-27,360000.0,3.0,1.0,1570,9467,1.0,0,0,3,1570,0,1954,,"19141 1st Ave NW, Shoreline, WA 98177, USA",20140527T000000,19141 1st Ave NW,Shoreline,WA 98177,USA,98177
2014-05-27,1050000.0,4.0,2.5,2920,7200,1.0,0,3,3,1470,1450,1921,2006.0,"3438-3474 S Charles St, Seattle, WA 98144, USA",20140527T000000,3438-3474 S Charles St,Seattle,WA 98144,USA,98144
2014-05-27,688000.0,4.0,3.0,3000,4000,1.5,0,3,3,1970,1030,1913,2014.0,"3220 19th Ave S, Seattle, WA 98144, USA",20140527T000000,3220 19th Ave S,Seattle,WA 98144,USA,98144
2014-05-27,585000.0,3.0,1.75,1850,7735,1.0,0,0,4,1850,0,1983,,"4640 193rd Ave SE, Issaquah, WA 98027, USA",20140527T000000,4640 193rd Ave SE,Issaquah,WA 98027,USA,98027
2014-05-27,265000.0,3.0,2.5,1440,7741,1.0,0,0,4,1000,440,1983,,"11009 SE 220th Pl, Kent, WA 98031, USA",20140527T000000,11009 SE 220th Pl,Kent,WA 98031,USA,98031
2014-05-27,375000.0,3.0,1.75,1440,8775,1.0,0,0,3,1440,0,1973,,"13607 128th Ave NE, Kirkland, WA 98034, USA",20140527T000000,13607 128th Ave NE,Kirkland,WA 98034,USA,98034
2014-05-27,326500.0,3.0,1.0,1810,12375,2.0,0,0,3,1810,0,1970,,"15717 126th Pl NE, Woodinville, WA 98072, USA",20140527T000000,15717 126th Pl NE,Woodinville,WA 98072,USA,98072
2014-05-27,160000.0,2.0,1.0,1180,9350,1.0,0,0,3,1180,0,1918,,"12662 60th Ave S, Seattle, WA 98178, USA",20140527T000000,12662 60th Ave S,Seattle,WA 98178,USA,98178
2014-05-27,1570000.0,4.0,3.75,3070,5850,2.0,0,0,5,2400,670,1927,,"1527 39th Ave E, Seattle, WA 98112, USA",20140527T000000,1527 39th Ave E,Seattle,WA 98112,USA,98112
2014-05-27,735000.0,5.0,2.75,3390,5211,2.0,0,0,3,3390,0,2004,,"Trossachs Blvd SE, Sammamish, WA 98075, USA",20140527T000000,Trossachs Blvd SE,Sammamish,WA 98075,USA,98075
2014-05-27,400000.0,2.0,1.0,1470,6120,1.0,0,0,2,1470,0,1940,,"3825 NE 87th St, Seattle, WA 98115, USA",20140527T000000,3825 NE 87th St,Seattle,WA 98115,USA,98115
2014-05-27,800000.0,4.0,2.5,2680,7200,1.0,0,0,3,1380,1300,1952,2013.0,"11540 NE 91st St, Kirkland, WA 98033, USA",20140527T000000,11540 NE 91st St,Kirkland,WA 98033,USA,98033
2014-05-27,949880.0,4.0,2.25,2290,10687,2.0,0,0,3,2290,0,1978,,"10413 SE 25th St, Bellevue, WA 98004, USA",20140527T000000,10413 SE 25th St,Bellevue,WA 98004,USA,98004
2014-05-27,405000.0,3.0,1.75,1980,8100,1.0,0,0,4,1310,670,1949,,"2317 N 147th St, Shoreline, WA 98133, USA",20140527T000000,2317 N 147th St,Shoreline,WA 98133,USA,98133
2014-05-27,399000.0,4.0,2.5,2870,9292,2.0,0,0,3,2540,330,1979,,"16727 163rd Pl SE, Renton, WA 98058, USA",20140527T000000,16727 163rd Pl SE,Renton,WA 98058,USA,98058
2014-05-27,730001.0,3.0,2.0,1840,4750,1.0,0,0,5,1010,830,1951,,"7741 29th Ave NW, Seattle, WA 98117, USA",20140527T000000,7741 29th Ave NW,Seattle,WA 98117,USA,98117
2014-05-27,1795000.0,4.0,3.25,4060,13000,2.0,0,3,3,4060,0,2000,,"6875 SE 33rd St, Mercer Island, WA 98040, USA",20140527T000000,6875 SE 33rd St,Mercer Island,WA 98040,USA,98040
2014-05-27,260000.0,3.0,2.0,1630,8018,1.0,0,0,3,1630,0,2003,,"311 Dereks Pl, Pacific, WA 98047, USA",20140527T000000,311 Dereks Pl,Pacific,WA 98047,USA,98047
2014-05-27,751750.0,2.0,2.0,1880,5400,1.5,0,0,3,1880,0,1902,,"516 16th Ave E, Seattle, WA 98112, USA",20140527T000000,516 16th Ave E,Seattle,WA 98112,USA,98112
2014-05-27,325000.0,3.0,1.75,1780,13095,1.0,0,0,4,1780,0,1983,,"26222 142nd Ave SE, Kent, WA 98042, USA",20140527T000000,26222 142nd Ave SE,Kent,WA 98042,USA,98042
2014-05-27,344950.0,4.0,2.0,2330,6250,1.0,0,0,4,1400,930,1941,,"440 Scenic Way, Kent, WA 98030, USA",20140527T000000,440 Scenic Way,Kent,WA 98030,USA,98030
2014-05-27,457500.0,3.0,1.75,1840,4030,1.0,0,0,5,1050,790,1925,,"1626 S Bennett St, Seattle, WA 98108, USA",20140527T000000,1626 S Bennett St,Seattle,WA 98108,USA,98108
2014-05-27,389000.0,5.0,2.0,2330,10750,1.0,0,0,4,1190,1140,1962,,"14323 73rd Ave NE, Kenmore, WA 98028, USA",20140527T000000,14323 73rd Ave NE,Kenmore,WA 98028,USA,98028
2014-05-27,515000.0,4.0,2.5,3200,6473,2.0,0,0,3,3200,0,2005,,"5201 NE 11th Ct, Renton, WA 98059, USA",20140527T000000,5201 NE 11th Ct,Renton,WA 98059,USA,98059
2014-05-27,732000.0,3.0,2.5,2330,1987,2.0,0,4,3,1410,920,2004,,"6123 37th Ave NW, Seattle, WA 98107, USA",20140527T000000,6123 37th Ave NW,Seattle,WA 98107,USA,98107
2014-05-27,415000.0,3.0,2.25,1950,8868,1.0,0,0,3,1350,600,1964,,"1531 NE 172nd St, Shoreline, WA 98155, USA",20140527T000000,1531 NE 172nd St,Shoreline,WA 98155,USA,98155
2014-05-27,1655000.0,4.0,3.5,3080,4815,2.0,0,3,3,2300,780,1937,2009.0,"2441-2499 Crane Dr W, Seattle, WA 98199, USA",20140527T000000,2441-2499 Crane Dr W,Seattle,WA 98199,USA,98199
2014-05-27,535000.0,2.0,1.0,1040,5527,1.0,0,0,3,1040,0,1951,,"6559 42nd Ave NE, Seattle, WA 98115, USA",20140527T000000,6559 42nd Ave NE,Seattle,WA 98115,USA,98115
2014-05-27,540000.0,4.0,4.25,1960,3565,2.0,0,0,3,1960,0,1940,2003.0,"2113 41st Ave SW, Seattle, WA 98116, USA",20140527T000000,2113 41st Ave SW,Seattle,WA 98116,USA,98116
2014-05-27,525000.0,5.0,3.0,2750,3800,1.5,0,0,5,1750,1000,1926,,"7550 14th Avenue Northeast, Seattle, WA 98115, USA",20140527T000000,7550 14th Avenue Northeast,Seattle,WA 98115,USA,98115
2014-05-27,570000.0,3.0,1.75,1930,36210,1.0,0,0,3,1930,0,1977,,"15816 NE 195th St, Woodinville, WA 98072, USA",20140527T000000,15816 NE 195th St,Woodinville,WA 98072,USA,98072
2014-05-27,569950.0,5.0,4.5,4850,40902,2.0,0,0,3,4850,0,2001,,"31617 6th Ave SW, Federal Way, WA 98023, USA",20140527T000000,31617 6th Ave SW,Federal Way,WA 98023,USA,98023
2014-05-27,283200.0,4.0,2.5,1982,6406,2.0,0,0,3,1982,0,2004,,"26526 111th Pl SE, Kent, WA 98030, USA",20140527T000000,26526 111th Pl SE,Kent,WA 98030,USA,98030
2014-05-27,1100000.0,3.0,2.75,2640,4050,1.5,0,0,5,1750,890,1926,,"1532 McGilvra Blvd E, Seattle, WA 98112, USA",20140527T000000,1532 McGilvra Blvd E,Seattle,WA 98112,USA,98112
2014-05-27,830000.0,4.0,2.5,1850,50662,1.0,0,0,3,1430,420,1978,,"5022 Private Rd, Redmond, WA 98052, USA",20140527T000000,5022 Private Rd,Redmond,WA 98052,USA,98052
2014-05-27,495000.0,4.0,2.25,1940,9144,1.0,0,0,4,1430,510,1956,,"1805 154th Ave SE, Bellevue, WA 98007, USA",20140527T000000,1805 154th Ave SE,Bellevue,WA 98007,USA,98007
2014-05-27,292050.0,5.0,3.0,2840,7199,1.0,0,0,3,1710,1130,2003,,"10719 47th Ave S, Tukwila, WA 98178, USA",20140527T000000,10719 47th Ave S,Tukwila,WA 98178,USA,98178
2014-05-27,415000.0,5.0,1.5,1900,10226,1.0,0,0,3,1130,770,1961,,"8605 NE 137th St, Kirkland, WA 98034, USA",20140527T000000,8605 NE 137th St,Kirkland,WA 98034,USA,98034
2014-05-27,295832.0,5.0,1.0,1410,6400,1.0,0,0,5,960,450,1955,,"20208 1st Pl S, Des Moines, WA 98198, USA",20140527T000000,20208 1st Pl S,Des Moines,WA 98198,USA,98198
2014-05-27,450000.0,4.0,2.5,2520,8515,2.0,0,0,3,2520,0,1999,,"28312 NE 138th Pl, Duvall, WA 98019, USA",20140527T000000,28312 NE 138th Pl,Duvall,WA 98019,USA,98019
2014-05-27,1381000.0,4.0,3.75,3160,9525,2.5,0,0,3,3160,0,1997,,"4646 88th Ave SE, Mercer Island, WA 98040, USA",20140527T000000,4646 88th Ave SE,Mercer Island,WA 98040,USA,98040
2014-05-27,857000.0,4.0,3.0,3720,29043,2.0,0,0,3,3720,0,1991,,"10161 134th Pl NE, Kirkland, WA 98033, USA",20140527T000000,10161 134th Pl NE,Kirkland,WA 98033,USA,98033
2014-05-27,499950.0,3.0,3.5,1820,1501,2.0,0,0,3,1430,390,2014,,"729 Martin Luther King Jr Way S, Seattle, WA 98144, USA",20140527T000000,729 Martin Luther King Jr Way S,Seattle,WA 98144,USA,98144
2014-05-27,465000.0,3.0,2.0,1560,8640,1.0,0,0,5,1560,0,1967,,"14216-14228 117th Ave NE, Kirkland, WA 98034, USA",20140527T000000,14216-14228 117th Ave NE,Kirkland,WA 98034,USA,98034
2014-05-27,329000.0,3.0,1.0,1600,5952,1.0,0,0,4,1150,450,1964,,"8127 22nd Ave SW, Seattle, WA 98106, USA",20140527T000000,8127 22nd Ave SW,Seattle,WA 98106,USA,98106
2014-05-27,475000.0,3.0,2.0,1230,11502,1.0,0,0,4,1230,0,1984,,"15918 NE 113th Ct, Redmond, WA 98052, USA",20140527T000000,15918 NE 113th Ct,Redmond,WA 98052,USA,98052
2014-05-27,255000.0,3.0,1.0,960,8100,1.0,0,0,3,960,0,1955,,"20234 20th Ave NE, Shoreline, WA 98155, USA",20140527T000000,20234 20th Ave NE,Shoreline,WA 98155,USA,98155
2014-05-27,435000.0,3.0,1.0,1270,4000,1.5,0,2,3,1270,0,1928,,"3824 35th Ave SW, Seattle, WA 98126, USA",20140527T000000,3824 35th Ave SW,Seattle,WA 98126,USA,98126
2014-05-27,685000.0,3.0,2.5,2810,7700,2.0,0,0,3,2810,0,2001,,"6231 Lake Washington Blvd SE, Bellevue, WA 98006, USA",20140527T000000,6231 Lake Washington Blvd SE,Bellevue,WA 98006,USA,98006
2014-05-27,715000.0,2.0,2.5,2160,5581,1.0,0,0,3,2160,0,2002,,"23744 NE 116th Pl, Redmond, WA 98053, USA",20140527T000000,23744 NE 116th Pl,Redmond,WA 98053,USA,98053
2014-05-27,780000.0,3.0,3.0,2520,2152,1.5,0,0,3,1560,960,1925,2006.0,"1906 11th Ave W, Seattle, WA 98119, USA",20140527T000000,1906 11th Ave W,Seattle,WA 98119,USA,98119
2014-05-27,345000.0,2.0,1.5,1180,844,2.0,0,0,3,990,190,2005,,"323 25th Ave S, Seattle, WA 98144, USA",20140527T000000,323 25th Ave S,Seattle,WA 98144,USA,98144
2014-05-27,355000.0,4.0,2.25,1810,4970,2.0,0,0,3,1810,0,2003,,"1035 Duvall Pl NE, Renton, WA 98059, USA",20140527T000000,1035 Duvall Pl NE,Renton,WA 98059,USA,98059
2014-05-27,282000.0,3.0,2.5,1680,15711,1.0,0,0,3,1240,440,1994,,"20020 127th Pl SE, Kent, WA 98031, USA",20140527T000000,20020 127th Pl SE,Kent,WA 98031,USA,98031
2014-05-27,244000.0,3.0,1.0,910,5250,1.0,0,0,4,910,0,1971,,"1256 SW 146th St, Burien, WA 98166, USA",20140527T000000,1256 SW 146th St,Burien,WA 98166,USA,98166
2014-05-27,967500.0,3.0,3.75,3250,5797,2.0,0,2,4,2370,880,1951,,"3041 37th Ave W, Seattle, WA 98199, USA",20140527T000000,3041 37th Ave W,Seattle,WA 98199,USA,98199
2014-05-27,375000.0,3.0,1.5,2000,7294,1.0,0,0,3,1520,480,1965,,"5230 S Rose St, Seattle, WA 98118, USA",20140527T000000,5230 S Rose St,Seattle,WA 98118,USA,98118
2014-05-27,1600000.0,3.0,3.25,3790,19000,2.0,0,4,3,3790,0,1985,,"17780 13th Ave NW, Seattle, WA 98177, USA",20140527T000000,17780 13th Ave NW,Seattle,WA 98177,USA,98177
2014-05-27,527500.0,3.0,1.75,2310,78844,1.0,0,0,3,1760,550,1977,,"1950 NW Goode Pl, Issaquah, WA 98027, USA",20140527T000000,1950 NW Goode Pl,Issaquah,WA 98027,USA,98027
2014-05-27,994000.0,3.0,2.25,2510,6339,1.5,0,2,5,1810,700,1932,,"3227 Whalley Pl W, Seattle, WA 98199, USA",20140527T000000,3227 Whalley Pl W,Seattle,WA 98199,USA,98199
2014-05-27,313000.0,3.0,1.75,1320,6205,1.0,0,0,5,1320,0,1948,,"15345 Stone Ave N, Shoreline, WA 98133, USA",20140527T000000,15345 Stone Ave N,Shoreline,WA 98133,USA,98133
2014-05-27,587000.0,3.0,2.25,2370,217800,2.0,0,0,3,2370,0,1979,,"3118 264th Ave NE, Redmond, WA 98053, USA",20140527T000000,3118 264th Ave NE,Redmond,WA 98053,USA,98053
2014-05-27,304000.0,3.0,1.0,900,7500,1.0,0,0,4,900,0,1972,,"7725 NE 143rd St, Kirkland, WA 98034, USA",20140527T000000,7725 NE 143rd St,Kirkland,WA 98034,USA,98034
2014-05-27,675000.0,3.0,2.5,2540,7680,2.0,0,1,4,2540,0,1940,2001.0,"12037 6th Ave NW, Seattle, WA 98177, USA",20140527T000000,12037 6th Ave NW,Seattle,WA 98177,USA,98177
2014-05-27,305000.0,4.0,1.0,2100,9288,1.0,0,0,4,1050,1050,1968,,"16423 126th Pl SE, Renton, WA 98058, USA",20140527T000000,16423 126th Pl SE,Renton,WA 98058,USA,98058
2014-05-27,280000.0,3.0,1.0,1200,6250,1.0,0,0,3,920,280,1943,,"10424 2nd Ave S, Seattle, WA 98168, USA",20140527T000000,10424 2nd Ave S,Seattle,WA 98168,USA,98168
2014-05-27,960000.0,5.0,4.0,3720,15200,2.0,0,0,3,3720,0,2005,,"1414 235th Pl SE, Sammamish, WA 98075, USA",20140527T000000,1414 235th Pl SE,Sammamish,WA 98075,USA,98075
2014-05-27,500000.0,3.0,2.25,1760,4539,2.0,0,0,3,1760,0,1988,,"3728 246th Ave SE, Issaquah, WA 98029, USA",20140527T000000,3728 246th Ave SE,Issaquah,WA 98029,USA,98029
2014-05-27,274950.0,3.0,1.75,1670,7415,1.0,0,0,3,1320,350,1987,,"16828 SE 251 St, Covington, WA 98042, USA",20140527T000000,16828 SE 251 St,Covington,WA 98042,USA,98042
2014-05-27,455600.0,3.0,2.5,2420,8252,2.0,0,0,3,2420,0,1998,,"7000 Autumn Ave SE, Snoqualmie, WA 98065, USA",20140527T000000,7000 Autumn Ave SE,Snoqualmie,WA 98065,USA,98065
2014-05-27,970000.0,5.0,3.0,3480,15185,2.0,0,0,4,3480,0,1964,,"3601-3733 Greenbrier Ln, Mercer Island, WA 98040, USA",20140527T000000,3601-3733 Greenbrier Ln,Mercer Island,WA 98040,USA,98040
2014-05-27,312900.0,4.0,2.5,1630,4473,2.0,0,0,3,1630,0,2003,,"24506 SE 276th Ct, Maple Valley, WA 98038, USA",20140527T000000,24506 SE 276th Ct,Maple Valley,WA 98038,USA,98038
2014-05-27,535000.0,4.0,2.5,2340,5600,2.0,0,0,3,2340,0,1921,2013.0,"10207 37th Ave SW, Seattle, WA 98146, USA",20140527T000000,10207 37th Ave SW,Seattle,WA 98146,USA,98146
2014-05-27,427000.0,2.0,1.0,920,3780,1.0,0,0,3,920,0,1910,,"807 N 42nd St, Seattle, WA 98103, USA",20140527T000000,807 N 42nd St,Seattle,WA 98103,USA,98103
2014-05-27,405000.0,2.0,1.0,910,6490,1.0,0,0,3,910,0,1942,,"8221 21st Ave NE, Seattle, WA 98115, USA",20140527T000000,8221 21st Ave NE,Seattle,WA 98115,USA,98115
2014-05-27,480000.0,3.0,1.0,1150,4945,1.0,0,2,3,1150,0,1943,,"4103 37th Ave SW, Seattle, WA 98126, USA",20140527T000000,4103 37th Ave SW,Seattle,WA 98126,USA,98126
2014-05-27,725000.0,3.0,1.5,2500,4774,1.5,0,2,3,1450,1050,1940,,"4111 1st Ave NW, Seattle, WA 98107, USA",20140527T000000,4111 1st Ave NW,Seattle,WA 98107,USA,98107
2014-05-27,293000.0,4.0,2.5,3250,235063,1.0,0,2,3,3250,0,1973,,"17101-17103 SE 383rd St, Auburn, WA 98092, USA",20140527T000000,17101-17103 SE 383rd St,Auburn,WA 98092,USA,98092
2014-05-27,268000.0,4.0,2.0,1930,6600,1.0,0,0,4,1030,900,1967,,"13436 Occidental Ave S, Burien, WA 98168, USA",20140527T000000,13436 Occidental Ave S,Burien,WA 98168,USA,98168
2014-05-27,475000.0,4.0,3.5,3400,234352,2.0,0,0,3,2500,900,1991,,"19132 Beall Rd SW, Vashon, WA 98070, USA",20140527T000000,19132 Beall Rd SW,Vashon,WA 98070,USA,98070
2014-05-27,488000.0,3.0,2.5,1590,2550,3.0,0,0,3,1590,0,1985,,"6601-6699 28th Ave NW, Seattle, WA 98117, USA",20140527T000000,6601-6699 28th Ave NW,Seattle,WA 98117,USA,98117
2014-05-27,760000.0,4.0,2.5,3330,7399,2.0,0,0,3,3330,0,2009,,"14009 NE 85th Ct, Redmond, WA 98052, USA",20140527T000000,14009 NE 85th Ct,Redmond,WA 98052,USA,98052
2014-05-27,1710000.0,5.0,4.5,4590,14685,2.0,0,0,3,4590,0,2009,,"6402-6412 105th Ave NE, Kirkland, WA 98033, USA",20140527T000000,6402-6412 105th Ave NE,Kirkland,WA 98033,USA,98033
2014-05-27,754950.0,3.0,2.5,2610,7256,2.0,0,0,3,2610,0,2014,,"12108 NE 106th Pl, Kirkland, WA 98033, USA",20140527T000000,12108 NE 106th Pl,Kirkland,WA 98033,USA,98033
2014-05-27,263900.0,3.0,2.5,1658,2700,2.0,0,0,3,1658,0,2014,,"2150 S 262nd Ct, Des Moines, WA 98198, USA",20140527T000000,2150 S 262nd Ct,Des Moines,WA 98198,USA,98198
2014-05-27,460000.0,3.0,3.5,1600,1431,2.0,0,0,3,1240,360,2006,,"7906 6th Ave NW, Seattle, WA 98117, USA",20140527T000000,7906 6th Ave NW,Seattle,WA 98117,USA,98117
2014-05-27,399950.0,3.0,3.0,1296,1051,3.0,0,0,3,1296,0,2009,,"12303 Sand Point Way NE, Seattle, WA 98125, USA",20140527T000000,12303 Sand Point Way NE,Seattle,WA 98125,USA,98125
2014-05-27,370000.0,2.0,2.25,1280,835,2.0,0,0,3,1080,200,2009,,"3825 S Angeline St, Seattle, WA 98118, USA",20140527T000000,3825 S Angeline St,Seattle,WA 98118,USA,98118
2014-05-27,1149000.0,4.0,3.0,5940,11533,2.0,0,4,3,4950,990,2004,,"6310 Fairway Pl SE, Snoqualmie, WA 98065, USA",20140527T000000,6310 Fairway Pl SE,Snoqualmie,WA 98065,USA,98065
2014-05-27,450800.0,4.0,3.25,2510,5311,2.0,0,0,3,2510,0,2009,,"3617 NE 12th St, Renton, WA 98056, USA",20140527T000000,3617 NE 12th St,Renton,WA 98056,USA,98056
2014-05-27,627000.0,3.0,3.5,2710,3475,2.0,0,0,3,1650,1060,2005,,"Shangri-La Way NW, Issaquah, WA 98027, USA",20140527T000000,Shangri-La Way NW,Issaquah,WA 98027,USA,98027
2014-05-27,495000.0,3.0,2.5,1750,1548,3.0,0,0,3,1750,0,2013,,"3933 S Brandon St, Seattle, WA 98118, USA",20140527T000000,3933 S Brandon St,Seattle,WA 98118,USA,98118
2014-05-28,310000.0,3.0,1.0,1430,19901,1.5,0,0,4,1430,0,1927,,"8308 NE 176th Pl, Kenmore, WA 98028, USA",20140528T000000,8308 NE 176th Pl,Kenmore,WA 98028,USA,98028
2014-05-28,550000.0,4.0,1.0,1660,34848,1.0,0,0,1,930,730,1933,,"6056 156th Ave NE, Redmond, WA 98052, USA",20140528T000000,6056 156th Ave NE,Redmond,WA 98052,USA,98052
2014-05-28,215000.0,2.0,1.0,1320,8865,1.0,0,0,4,1320,0,1943,,"2496-2598 S 121st St, Burien, WA 98168, USA",20140528T000000,2496-2598 S 121st St,Burien,WA 98168,USA,98168
2014-05-28,799000.0,4.0,3.0,2580,209523,2.0,0,0,3,2580,0,1984,,"24927 NE 108th St, Redmond, WA 98053, USA",20140528T000000,24927 NE 108th St,Redmond,WA 98053,USA,98053
2014-05-28,630000.0,4.0,2.5,2740,43101,2.0,0,0,3,2740,0,1993,,"18808 215th Way NE, Woodinville, WA 98077, USA",20140528T000000,18808 215th Way NE,Woodinville,WA 98077,USA,98077
2014-05-28,267000.0,3.0,2.5,2495,4400,2.0,0,0,3,2495,0,2007,,"35039 41st Pl S, Federal Way, WA 98001, USA",20140528T000000,35039 41st Pl S,Federal Way,WA 98001,USA,98001
2014-05-28,900000.0,6.0,2.75,2300,24773,1.5,0,0,4,2300,0,1950,1985.0,"2940 72nd Ave SE, Mercer Island, WA 98040, USA",20140528T000000,2940 72nd Ave SE,Mercer Island,WA 98040,USA,98040
2014-05-28,365000.0,3.0,1.5,1300,12240,1.0,0,0,3,1300,0,1963,,"7343 NE 150th St, Kenmore, WA 98028, USA",20140528T000000,7343 NE 150th St,Kenmore,WA 98028,USA,98028
2014-05-28,544500.0,4.0,2.5,2230,10414,1.0,0,0,5,1450,780,1974,,"3022 254th Ave SE, Issaquah, WA 98075, USA",20140528T000000,3022 254th Ave SE,Issaquah,WA 98075,USA,98075
2014-05-28,599000.0,4.0,2.75,2020,2750,1.0,0,0,3,1010,1010,1917,2014.0,"3212 E Terrace St, Seattle, WA 98122, USA",20140528T000000,3212 E Terrace St,Seattle,WA 98122,USA,98122
2014-05-28,815000.0,4.0,2.25,2000,3800,2.0,0,0,3,2000,0,2001,,"7708 16th Ave NE, Seattle, WA 98115, USA",20140528T000000,7708 16th Ave NE,Seattle,WA 98115,USA,98115
2014-05-28,254000.0,2.0,1.0,1060,8187,1.0,0,0,4,1060,0,1952,,"16708 N Park Ave N, Shoreline, WA 98133, USA",20140528T000000,16708 N Park Ave N,Shoreline,WA 98133,USA,98133
2014-05-28,740000.0,2.0,1.75,2080,4800,1.0,0,0,5,1080,1000,1923,,"333 NW 84th St, Seattle, WA 98117, USA",20140528T000000,333 NW 84th St,Seattle,WA 98117,USA,98117
2014-05-28,225000.0,3.0,2.0,2030,24829,1.0,0,0,4,1220,810,1979,,"36721 34th Ave S, Auburn, WA 98001, USA",20140528T000000,36721 34th Ave S,Auburn,WA 98001,USA,98001
2014-05-28,925000.0,3.0,2.5,2690,7000,2.0,0,0,5,1840,850,1943,,"6825 48th Ave NE, Seattle, WA 98115, USA",20140528T000000,6825 48th Ave NE,Seattle,WA 98115,USA,98115
2014-05-28,1285000.0,4.0,2.5,3240,10800,1.0,0,0,3,2260,980,1946,,"5726 61st Ave NE, Seattle, WA 98105, USA",20140528T000000,5726 61st Ave NE,Seattle,WA 98105,USA,98105
2014-05-28,537000.0,3.0,2.5,1550,12920,2.0,0,0,5,1550,0,1999,,"11004 NE 108th St, Kirkland, WA 98033, USA",20140528T000000,11004 NE 108th St,Kirkland,WA 98033,USA,98033
2014-05-28,335000.0,4.0,2.0,1480,3132,1.0,0,0,5,740,740,1910,,"5840 16th Ave S, Seattle, WA 98108, USA",20140528T000000,5840 16th Ave S,Seattle,WA 98108,USA,98108
2014-05-28,840000.0,4.0,2.75,3040,2800,2.0,0,0,3,2100,940,1906,2014.0,"318 E Mercer St, Seattle, WA 98102, USA",20140528T000000,318 E Mercer St,Seattle,WA 98102,USA,98102
2014-05-28,224000.0,3.0,1.5,1560,7300,1.0,0,0,4,1040,520,1964,,"4205 S 288th Pl, Auburn, WA 98001, USA",20140528T000000,4205 S 288th Pl,Auburn,WA 98001,USA,98001
2014-05-28,395000.0,3.0,2.5,2250,3757,2.0,0,0,3,2250,0,2006,,"6730 SE 5th St, Renton, WA 98059, USA",20140528T000000,6730 SE 5th St,Renton,WA 98059,USA,98059
2014-05-28,450000.0,3.0,1.0,1100,4600,1.0,0,0,3,1100,0,1917,,"3920 42nd Ave SW, Seattle, WA 98116, USA",20140528T000000,3920 42nd Ave SW,Seattle,WA 98116,USA,98116
2014-05-28,681000.0,3.0,1.0,1700,6356,1.5,0,0,3,1700,0,1907,,"4001 42nd Ave S, Seattle, WA 98118, USA",20140528T000000,4001 42nd Ave S,Seattle,WA 98118,USA,98118
2014-05-28,898000.0,5.0,1.5,2680,28014,1.0,0,0,4,1450,1230,1963,,"2615 109th Pl NE, Bellevue, WA 98004, USA",20140528T000000,2615 109th Pl NE,Bellevue,WA 98004,USA,98004
2014-05-28,370000.0,3.0,1.0,800,2296,1.0,0,0,4,800,0,1908,,"125 N Bowdoin Pl, Seattle, WA 98103, USA",20140528T000000,125 N Bowdoin Pl,Seattle,WA 98103,USA,98103
2014-05-28,429000.0,2.0,1.75,1350,6315,1.0,0,0,3,1350,0,2005,,"23039 NE 130th St, Redmond, WA 98053, USA",20140528T000000,23039 NE 130th St,Redmond,WA 98053,USA,98053
2014-05-28,150000.0,3.0,1.0,820,7680,1.5,0,0,3,820,0,1910,,"8408 20th Ave SW, Seattle, WA 98106, USA",20140528T000000,8408 20th Ave SW,Seattle,WA 98106,USA,98106
2014-05-28,555000.0,3.0,2.5,3160,4270,2.0,0,0,3,2650,510,2006,,"11131 NE 162nd St, Bothell, WA 98011, USA",20140528T000000,11131 NE 162nd St,Bothell,WA 98011,USA,98011
2014-05-28,326000.0,3.0,2.75,1720,28000,1.0,0,0,4,1720,0,1958,,"18401 124th Ave SE, Renton, WA 98058, USA",20140528T000000,18401 124th Ave SE,Renton,WA 98058,USA,98058
2014-05-28,225000.0,3.0,2.5,1680,6755,2.0,0,0,3,1680,0,1994,,"30410 128th Pl SE, Auburn, WA 98092, USA",20140528T000000,30410 128th Pl SE,Auburn,WA 98092,USA,98092
2014-05-28,245100.0,3.0,1.75,1300,7958,1.0,0,0,3,1300,0,1996,,"11022 SE 319th Ct, Auburn, WA 98092, USA",20140528T000000,11022 SE 319th Ct,Auburn,WA 98092,USA,98092
2014-05-28,665000.0,3.0,2.5,2190,10370,2.0,0,0,3,2190,0,1987,,"1345 232nd Pl NE, Sammamish, WA 98074, USA",20140528T000000,1345 232nd Pl NE,Sammamish,WA 98074,USA,98074
2014-05-28,535000.0,3.0,2.5,1720,4006,2.0,0,0,3,1720,0,1994,,"4228 249th Ct SE, Issaquah, WA 98029, USA",20140528T000000,4228 249th Ct SE,Issaquah,WA 98029,USA,98029
2014-05-28,305000.0,3.0,1.0,1160,11776,1.0,0,0,3,1160,0,1968,,"15803 197th Pl NE, Woodinville, WA 98077, USA",20140528T000000,15803 197th Pl NE,Woodinville,WA 98077,USA,98077
2014-05-28,999000.0,7.0,4.0,3150,34830,1.0,0,0,3,3150,0,1957,2005.0,"714 145th Ave SE, Bellevue, WA 98007, USA",20140528T000000,714 145th Ave SE,Bellevue,WA 98007,USA,98007
2014-05-28,215000.0,3.0,1.75,1210,8075,1.0,0,0,4,1210,0,1983,,"127 Chicago Blvd S, Pacific, WA 98047, USA",20140528T000000,127 Chicago Blvd S,Pacific,WA 98047,USA,98047
2014-05-28,432500.0,3.0,1.75,1980,5100,1.0,0,0,3,1270,710,1965,,"8516 Linden Ave N, Seattle, WA 98103, USA",20140528T000000,8516 Linden Ave N,Seattle,WA 98103,USA,98103
2014-05-28,655000.0,4.0,2.5,2990,5669,2.0,0,0,3,2990,0,2003,,"225 246th Ct NE, Sammamish, WA 98074, USA",20140528T000000,225 246th Ct NE,Sammamish,WA 98074,USA,98074
2014-05-28,266200.0,3.0,1.5,1430,9600,1.0,0,0,4,1430,0,1966,,"14217 SE 144th St, Renton, WA 98059, USA",20140528T000000,14217 SE 144th St,Renton,WA 98059,USA,98059
2014-05-28,244615.0,3.0,2.5,2060,4030,2.0,0,0,3,2060,0,1999,,"921 4th Ave N, Kent, WA 98032, USA",20140528T000000,921 4th Ave N,Kent,WA 98032,USA,98032
2014-05-28,460000.0,4.0,3.0,2230,52983,2.0,0,0,3,2230,0,1991,,"27209 110th Ave SE, Kent, WA 98030, USA",20140528T000000,27209 110th Ave SE,Kent,WA 98030,USA,98030
2014-05-28,370000.0,4.0,2.5,3090,18645,2.0,0,0,3,3090,0,1995,,"34711 5th Ave SW, Federal Way, WA 98023, USA",20140528T000000,34711 5th Ave SW,Federal Way,WA 98023,USA,98023
2014-05-28,465000.0,6.0,3.25,4250,23326,1.0,0,3,3,2150,2100,1967,,"29211 7th Pl S, Federal Way, WA 98003, USA",20140528T000000,29211 7th Pl S,Federal Way,WA 98003,USA,98003
2014-05-28,1175000.0,3.0,2.5,1970,23180,1.0,1,4,3,1100,870,1937,1998.0,"5923 Beach Dr SW, Seattle, WA 98136, USA",20140528T000000,5923 Beach Dr SW,Seattle,WA 98136,USA,98136
2014-05-28,189000.0,2.0,2.0,1700,3171,1.0,0,0,5,850,850,1927,,"508 D St SE, Auburn, WA 98002, USA",20140528T000000,508 D St SE,Auburn,WA 98002,USA,98002
2014-05-28,820000.0,3.0,2.5,2510,5503,2.0,0,2,3,2510,0,1995,,"6736 40th Ave SW, Seattle, WA 98136, USA",20140528T000000,6736 40th Ave SW,Seattle,WA 98136,USA,98136
2014-05-28,968000.0,6.0,2.75,3610,17580,1.0,0,4,5,2070,1540,1959,,"20303 SE 40th St, Sammamish, WA 98075, USA",20140528T000000,20303 SE 40th St,Sammamish,WA 98075,USA,98075
2014-05-28,1400000.0,4.0,3.25,2980,7000,2.0,0,3,3,2140,840,1900,2014.0,"3115 S Norman St, Seattle, WA 98144, USA",20140528T000000,3115 S Norman St,Seattle,WA 98144,USA,98144
2014-05-28,438750.0,3.0,1.75,1610,6480,1.0,0,0,4,1610,0,1947,,"2003 NE 117th St, Seattle, WA 98125, USA",20140528T000000,2003 NE 117th St,Seattle,WA 98125,USA,98125
2014-05-28,1210000.0,4.0,2.75,3650,6982,2.0,0,2,4,2530,1120,1951,2003.0,"4911 NE 65th St, Seattle, WA 98115, USA",20140528T000000,4911 NE 65th St,Seattle,WA 98115,USA,98115
2014-05-28,600000.0,4.0,2.0,2510,38141,1.0,0,0,3,2510,0,1960,,"13507 62nd Ave NE, Kirkland, WA 98034, USA",20140528T000000,13507 62nd Ave NE,Kirkland,WA 98034,USA,98034
2014-05-28,589000.0,3.0,1.0,1110,6000,1.5,0,0,5,1110,0,1932,,"3228 36th Ave W, Seattle, WA 98199, USA",20140528T000000,3228 36th Ave W,Seattle,WA 98199,USA,98199
2014-05-28,590000.0,3.0,2.0,1650,6150,2.0,0,0,4,1650,0,1926,1993.0,"3627 48th Ave SW, Seattle, WA 98116, USA",20140528T000000,3627 48th Ave SW,Seattle,WA 98116,USA,98116
2014-05-28,479900.0,3.0,2.0,1980,12150,1.0,0,0,3,1980,0,1994,,"26272 142nd Ave SE, Kent, WA 98042, USA",20140528T000000,26272 142nd Ave SE,Kent,WA 98042,USA,98042
2014-05-28,210000.0,2.0,1.5,880,1157,2.0,0,0,3,880,0,2007,,"9413 34th Ave SW, Seattle, WA 98126, USA",20140528T000000,9413 34th Ave SW,Seattle,WA 98126,USA,98126
2014-05-28,745000.0,3.0,1.75,1490,9800,1.0,0,0,4,1140,350,1947,,"10637 SE 29th St, Beaux Arts Village, WA 98004, USA",20140528T000000,10637 SE 29th St,Beaux Arts Village,WA 98004,USA,98004
2014-05-28,840500.0,3.0,2.0,2520,5400,1.5,0,0,4,1410,1110,1906,,"1917 3rd Ave W, Seattle, WA 98119, USA",20140528T000000,1917 3rd Ave W,Seattle,WA 98119,USA,98119
2014-05-28,420000.0,3.0,1.75,1820,22320,1.0,0,0,3,1250,570,1977,,"4031 W Ames Lake Dr NE, Redmond, WA 98053, USA",20140528T000000,4031 W Ames Lake Dr NE,Redmond,WA 98053,USA,98053
2014-05-28,565000.0,7.0,4.5,4140,9066,1.0,0,0,3,2070,2070,1978,,"14007 35th Ave NE, Seattle, WA 98125, USA",20140528T000000,14007 35th Ave NE,Seattle,WA 98125,USA,98125
2014-05-28,840000.0,4.0,2.5,3420,8405,2.0,0,0,3,3420,0,2000,,"20525 NE 26th St, Sammamish, WA 98074, USA",20140528T000000,20525 NE 26th St,Sammamish,WA 98074,USA,98074
2014-05-28,681716.0,4.0,2.5,3150,7277,2.0,0,0,3,3150,0,2006,,"1224 N 27th Pl, Renton, WA 98056, USA",20140528T000000,1224 N 27th Pl,Renton,WA 98056,USA,98056
2014-05-28,600000.0,3.0,1.75,1580,7416,1.0,0,0,3,1150,430,1967,,"12501 SE 4th Pl, Bellevue, WA 98005, USA",20140528T000000,12501 SE 4th Pl,Bellevue,WA 98005,USA,98005
2014-05-28,380000.0,3.0,2.0,1660,8281,1.0,0,0,3,1660,0,1949,,"5021 Fauntleroy Way SW, Seattle, WA 98136, USA",20140528T000000,5021 Fauntleroy Way SW,Seattle,WA 98136,USA,98136
2014-05-28,168500.0,3.0,1.0,1100,10125,1.0,0,0,3,1100,0,1969,,"17458 SE 262nd St, Covington, WA 98042, USA",20140528T000000,17458 SE 262nd St,Covington,WA 98042,USA,98042
2014-05-28,355000.0,2.0,1.0,1270,3200,1.0,0,0,4,960,310,1920,,"4038 Linden Ave N, Seattle, WA 98103, USA",20140528T000000,4038 Linden Ave N,Seattle,WA 98103,USA,98103
2014-05-28,277000.0,4.0,1.0,1450,6250,1.0,0,0,3,990,460,1964,,"10020 18th Ave SW, Seattle, WA 98146, USA",20140528T000000,10020 18th Ave SW,Seattle,WA 98146,USA,98146
2014-05-28,236000.0,4.0,2.25,1830,9485,1.0,0,0,4,1200,630,1989,,"4235 SW 337th Pl, Federal Way, WA 98023, USA",20140528T000000,4235 SW 337th Pl,Federal Way,WA 98023,USA,98023
2014-05-28,270000.0,3.0,1.75,1300,4127,1.0,0,0,4,650,650,1918,1953.0,"1309 SW Webster St, Seattle, WA 98106, USA",20140528T000000,1309 SW Webster St,Seattle,WA 98106,USA,98106
2014-05-28,700000.0,2.0,1.75,2320,5500,1.5,0,2,3,1720,600,1925,2000.0,"1903 32nd Ave S, Seattle, WA 98144, USA",20140528T000000,1903 32nd Ave S,Seattle,WA 98144,USA,98144
2014-05-28,425000.0,4.0,2.75,1680,9545,1.0,0,0,4,1080,600,1979,,"7220 NE 152nd Pl, Kenmore, WA 98028, USA",20140528T000000,7220 NE 152nd Pl,Kenmore,WA 98028,USA,98028
2014-05-28,635000.0,3.0,2.5,2300,5500,1.5,0,0,4,2000,300,1921,,"2739 31st Ave S, Seattle, WA 98144, USA",20140528T000000,2739 31st Ave S,Seattle,WA 98144,USA,98144
2014-05-28,510250.0,3.0,1.75,1400,4000,1.0,0,0,3,870,530,1951,,"8520 19th Ave NW, Seattle, WA 98117, USA",20140528T000000,8520 19th Ave NW,Seattle,WA 98117,USA,98117
2014-05-28,960000.0,4.0,2.25,2410,4560,2.0,0,2,5,1800,610,1929,,"7006 35th Ave NW, Seattle, WA 98117, USA",20140528T000000,7006 35th Ave NW,Seattle,WA 98117,USA,98117
2014-05-28,254000.0,3.0,2.0,1480,7480,1.0,0,0,4,1480,0,1992,,"21438 SE 277th St, Maple Valley, WA 98038, USA",20140528T000000,21438 SE 277th St,Maple Valley,WA 98038,USA,98038
2014-05-28,299000.0,3.0,1.0,1390,9624,1.5,0,0,4,1390,0,1954,,"2544 NE 203rd St, Shoreline, WA 98155, USA",20140528T000000,2544 NE 203rd St,Shoreline,WA 98155,USA,98155
2014-05-28,175000.0,2.0,1.0,830,2699,1.0,0,0,3,830,0,1996,,"22775 SE 242nd Pl, Maple Valley, WA 98038, USA",20140528T000000,22775 SE 242nd Pl,Maple Valley,WA 98038,USA,98038
2014-05-28,157500.0,2.0,1.0,740,9003,1.0,0,0,3,740,0,1949,,"20206-20212 108th Ave SE, Kent, WA 98031, USA",20140528T000000,20206-20212 108th Ave SE,Kent,WA 98031,USA,98031
2014-05-28,580000.0,5.0,2.0,1940,6000,1.0,0,0,5,970,970,1945,,"8026 38th Ave NE, Seattle, WA 98115, USA",20140528T000000,8026 38th Ave NE,Seattle,WA 98115,USA,98115
2014-05-28,124740.0,3.0,1.0,1340,15600,1.0,0,0,4,1340,0,1978,,"31118 149th Ave SE, Kent, WA 98042, USA",20140528T000000,31118 149th Ave SE,Kent,WA 98042,USA,98042
2014-05-28,1970000.0,8.0,3.5,4440,6480,2.0,0,3,5,3140,1300,1959,,"1210 22nd Ave E, Seattle, WA 98112, USA",20140528T000000,1210 22nd Ave E,Seattle,WA 98112,USA,98112
2014-05-28,285000.0,2.0,1.0,800,6240,1.0,0,0,3,800,0,1954,,"13332 30th Ave NE, Seattle, WA 98125, USA",20140528T000000,13332 30th Ave NE,Seattle,WA 98125,USA,98125
2014-05-28,242000.0,3.0,1.75,1310,9645,1.0,0,0,3,1310,0,1979,,"21860 Military Rd S, SeaTac, WA 98198, USA",20140528T000000,21860 Military Rd S,SeaTac,WA 98198,USA,98198
2014-05-28,840000.0,4.0,1.75,2330,4000,2.0,0,0,5,1300,1030,1924,,"5036 36th Ave NE, Seattle, WA 98105, USA",20140528T000000,5036 36th Ave NE,Seattle,WA 98105,USA,98105
2014-05-28,474800.0,2.0,3.25,1400,1243,3.0,0,0,3,1400,0,2000,,"3648 Francis Ave N, Seattle, WA 98103, USA",20140528T000000,3648 Francis Ave N,Seattle,WA 98103,USA,98103
2014-05-28,490000.0,4.0,2.5,2360,4367,2.0,0,0,3,2360,0,2003,,"12977 NE 201st St, Woodinville, WA 98072, USA",20140528T000000,12977 NE 201st St,Woodinville,WA 98072,USA,98072
2014-05-28,465000.0,3.0,2.25,1840,5752,2.0,0,0,3,1840,0,2003,,"11526 NE 116th St, Kirkland, WA 98034, USA",20140528T000000,11526 NE 116th St,Kirkland,WA 98034,USA,98034
2014-05-28,515000.0,4.0,2.5,2680,7178,2.0,0,0,3,2680,0,2004,,"36231 SE Isley St, Snoqualmie, WA 98065, USA",20140528T000000,36231 SE Isley St,Snoqualmie,WA 98065,USA,98065
2014-05-28,430000.0,3.0,3.75,3890,7140,1.0,0,2,3,2390,1500,1943,2007.0,"10631 Forest Ave S, Seattle, WA 98178, USA",20140528T000000,10631 Forest Ave S,Seattle,WA 98178,USA,98178
2014-05-28,253400.0,3.0,2.0,1400,8640,1.0,0,0,5,1400,0,1968,,"1033 S 316th St, Federal Way, WA 98003, USA",20140528T000000,1033 S 316th St,Federal Way,WA 98003,USA,98003
2014-05-28,355000.0,3.0,2.5,2400,9701,1.0,0,0,3,2400,0,1990,,"4621 SW 327th Pl, Federal Way, WA 98023, USA",20140528T000000,4621 SW 327th Pl,Federal Way,WA 98023,USA,98023
2014-05-28,740000.0,4.0,2.25,2920,46355,2.0,0,0,4,2920,0,1998,,"28412 SE 43rd St, Fall City, WA 98024, USA",20140528T000000,28412 SE 43rd St,Fall City,WA 98024,USA,98024
2014-05-28,186950.0,2.0,2.0,1390,1302,2.0,0,0,3,1390,0,1986,,"312 S 328th Ln, Federal Way, WA 98003, USA",20140528T000000,312 S 328th Ln,Federal Way,WA 98003,USA,98003
2014-05-28,306000.0,3.0,2.5,1680,11193,2.0,0,0,3,1680,0,1984,,"16084 SE 172nd Pl, Renton, WA 98058, USA",20140528T000000,16084 SE 172nd Pl,Renton,WA 98058,USA,98058
2014-05-28,510000.0,4.0,1.5,2040,8800,1.0,0,0,4,1020,1020,1961,,"1518 150th Ave SE, Bellevue, WA 98007, USA",20140528T000000,1518 150th Ave SE,Bellevue,WA 98007,USA,98007
2014-05-28,345000.0,2.0,1.0,1080,4000,1.0,0,0,3,1080,0,1940,,"8351 Jones Ave NW, Seattle, WA 98117, USA",20140528T000000,8351 Jones Ave NW,Seattle,WA 98117,USA,98117
2014-05-28,875000.0,3.0,2.75,2280,4280,1.0,0,0,5,1280,1000,1917,,"1829 N 55th St, Seattle, WA 98103, USA",20140528T000000,1829 N 55th St,Seattle,WA 98103,USA,98103
2014-05-28,700000.0,4.0,3.5,4490,5099,2.0,0,0,3,3390,1100,2006,,"6818 Pinehurst Ave SE, Snoqualmie, WA 98065, USA",20140528T000000,6818 Pinehurst Ave SE,Snoqualmie,WA 98065,USA,98065
2014-05-28,1400000.0,4.0,3.25,4700,9160,1.0,0,4,3,2520,2180,2005,,"5700-5798 SW Hinds St, Seattle, WA 98116, USA",20140528T000000,5700-5798 SW Hinds St,Seattle,WA 98116,USA,98116
2014-05-28,499950.0,4.0,2.5,2798,4473,2.0,0,0,3,2798,0,2012,,"19296-19336 102nd Ave SE, Renton, WA 98055, USA",20140528T000000,19296-19336 102nd Ave SE,Renton,WA 98055,USA,98055
2014-05-28,739000.0,3.0,2.5,2810,5400,2.0,0,0,3,2810,0,2005,,"11814 167th Pl NE, Redmond, WA 98052, USA",20140528T000000,11814 167th Pl NE,Redmond,WA 98052,USA,98052
2014-05-28,363000.0,4.0,2.5,3753,7204,2.0,0,0,3,3336,417,2008,,"33415 41st Ave SW, Federal Way, WA 98023, USA",20140528T000000,33415 41st Ave SW,Federal Way,WA 98023,USA,98023
2014-05-28,782000.0,4.0,3.5,3910,8095,2.0,0,0,3,3130,780,2007,,"4801-4999 229th Ave SE, Issaquah, WA 98029, USA",20140528T000000,4801-4999 229th Ave SE,Issaquah,WA 98029,USA,98029
2014-05-28,325000.0,2.0,2.5,1050,1609,2.0,0,0,3,1050,0,2005,,"1505 S Plum St, Seattle, WA 98144, USA",20140528T000000,1505 S Plum St,Seattle,WA 98144,USA,98144
2014-05-29,485000.0,4.0,1.0,1600,4300,1.5,0,0,4,1600,0,1916,,"1215 N 50th St, Seattle, WA 98103, USA",20140529T000000,1215 N 50th St,Seattle,WA 98103,USA,98103
2014-05-29,452000.0,4.0,2.25,2590,10002,1.0,0,0,4,1340,1250,1968,,"19311 59th Pl NE, Kenmore, WA 98028, USA",20140529T000000,19311 59th Pl NE,Kenmore,WA 98028,USA,98028
2014-05-29,264950.0,4.0,2.25,1720,9753,1.0,0,0,4,1120,600,1978,,"34434 30th Ave SW, Federal Way, WA 98023, USA",20140529T000000,34434 30th Ave SW,Federal Way,WA 98023,USA,98023
2014-05-29,472000.0,6.0,2.5,4410,14034,1.0,0,2,4,2350,2060,1965,,"806 S 295th Pl, Federal Way, WA 98003, USA",20140529T000000,806 S 295th Pl,Federal Way,WA 98003,USA,98003
2014-05-29,267500.0,3.0,1.75,1590,11914,1.0,0,2,3,1090,500,1957,,"17904 Military Rd S, SeaTac, WA 98188, USA",20140529T000000,17904 Military Rd S,SeaTac,WA 98188,USA,98188
2014-05-29,565000.0,4.0,2.5,2440,22594,2.0,0,0,3,2440,0,1996,,"2525 276th Ct NE, Redmond, WA 98053, USA",20140529T000000,2525 276th Ct NE,Redmond,WA 98053,USA,98053
2014-05-29,535000.0,3.0,2.5,1360,1016,3.0,0,0,3,1310,50,2003,,"501 NE Ravenna Blvd, Seattle, WA 98115, USA",20140529T000000,501 NE Ravenna Blvd,Seattle,WA 98115,USA,98115
2014-05-29,389000.0,2.0,1.0,910,7000,1.0,0,0,3,910,0,1952,,"2043 NE 98th St, Seattle, WA 98115, USA",20140529T000000,2043 NE 98th St,Seattle,WA 98115,USA,98115
2014-05-29,400000.0,4.0,1.5,1390,7200,1.0,0,0,3,1140,250,1965,,"2150 N 128th St, Seattle, WA 98133, USA",20140529T000000,2150 N 128th St,Seattle,WA 98133,USA,98133
2014-05-29,264000.0,3.0,1.5,1470,14821,1.0,0,0,4,1470,0,1958,,"14435 SE 263rd St, Kent, WA 98042, USA",20140529T000000,14435 SE 263rd St,Kent,WA 98042,USA,98042
2014-05-29,690000.0,4.0,2.5,2920,9904,2.0,0,0,4,2920,0,1990,,"25919 SE 37th Way, Issaquah, WA 98029, USA",20140529T000000,25919 SE 37th Way,Issaquah,WA 98029,USA,98029
2014-05-29,412000.0,3.0,1.75,1950,52256,1.0,0,0,4,1950,0,1985,,"32119 199th Ave SE, Kent, WA 98042, USA",20140529T000000,32119 199th Ave SE,Kent,WA 98042,USA,98042
2014-05-29,695000.0,3.0,2.5,2390,4555,2.0,0,0,3,2390,0,2006,,"1118 235th Pl NE, Sammamish, WA 98074, USA",20140529T000000,1118 235th Pl NE,Sammamish,WA 98074,USA,98074
2014-05-29,246500.0,3.0,1.5,1270,11600,1.0,0,0,4,1270,0,1964,,"10804 SE 218th St, Kent, WA 98031, USA",20140529T000000,10804 SE 218th St,Kent,WA 98031,USA,98031
2014-05-29,230000.0,2.0,1.0,950,7560,1.0,0,0,3,950,0,1958,,"17018 124th Ave SE, Renton, WA 98058, USA",20140529T000000,17018 124th Ave SE,Renton,WA 98058,USA,98058
2014-05-29,302000.0,2.0,1.0,900,423838,1.0,0,2,5,900,0,1925,,"18923 SE 416th St, Enumclaw, WA 98022, USA",20140529T000000,18923 SE 416th St,Enumclaw,WA 98022,USA,98022
2014-05-29,820000.0,4.0,2.25,2280,6660,1.5,0,2,3,1960,320,1940,1984.0,"811 W Bertona St, Seattle, WA 98119, USA",20140529T000000,811 W Bertona St,Seattle,WA 98119,USA,98119
2014-05-29,145000.0,3.0,1.0,1010,5490,1.0,0,0,3,1010,0,1954,,"14056 31st Ave S, SeaTac, WA 98168, USA",20140529T000000,14056 31st Ave S,SeaTac,WA 98168,USA,98168
2014-05-29,436500.0,2.0,1.0,1260,5000,1.0,0,0,3,1040,220,1951,,"3028 NW 68th St, Seattle, WA 98117, USA",20140529T000000,3028 NW 68th St,Seattle,WA 98117,USA,98117
2014-05-29,2453500.0,4.0,3.5,4730,13586,1.5,0,0,5,4270,460,1935,,"1404 Broadmoor Dr E, Seattle, WA 98112, USA",20140529T000000,1404 Broadmoor Dr E,Seattle,WA 98112,USA,98112
2014-05-29,672000.0,3.0,2.5,2620,21587,2.0,0,0,3,2620,0,1992,,"3249 E Ames Lake Dr NE, Redmond, WA 98053, USA",20140529T000000,3249 E Ames Lake Dr NE,Redmond,WA 98053,USA,98053
2014-05-29,680000.0,3.0,2.25,2330,4000,1.5,0,2,5,1520,810,1927,,"6032 35th Ave NE, Seattle, WA 98115, USA",20140529T000000,6032 35th Ave NE,Seattle,WA 98115,USA,98115
2014-05-29,750500.0,5.0,3.0,2170,2440,1.5,0,0,4,1450,720,1911,,"1006 NE Ravenna Blvd, Seattle, WA 98105, USA",20140529T000000,1006 NE Ravenna Blvd,Seattle,WA 98105,USA,98105
2014-05-29,550000.0,5.0,2.0,2450,9488,1.0,0,0,4,1240,1210,1900,1955.0,"10515 Ashworth Ave N, Seattle, WA 98133, USA",20140529T000000,10515 Ashworth Ave N,Seattle,WA 98133,USA,98133
2014-05-29,266500.0,4.0,1.75,1880,7632,1.0,0,0,4,1180,700,1978,,"32740-32998 30th Ave SW, Federal Way, WA 98023, USA",20140529T000000,32740-32998 30th Ave SW,Federal Way,WA 98023,USA,98023
2014-05-29,619000.0,4.0,2.0,2300,3400,1.5,0,0,5,1550,750,1915,,"308 NW 67th St, Seattle, WA 98117, USA",20140529T000000,308 NW 67th St,Seattle,WA 98117,USA,98117
2014-05-29,405000.0,3.0,2.0,1240,14404,1.0,0,0,3,1240,0,1988,,"6019 210th Ave NE, Redmond, WA 98053, USA",20140529T000000,6019 210th Ave NE,Redmond,WA 98053,USA,98053
2014-05-29,300000.0,2.0,1.0,820,3844,1.0,0,0,4,820,0,1916,,"723 N 105th St, Seattle, WA 98133, USA",20140529T000000,723 N 105th St,Seattle,WA 98133,USA,98133
2014-05-29,231000.0,4.0,2.0,1530,6375,2.0,0,0,3,1530,0,1942,1983.0,"14904 133rd Ave SE, Renton, WA 98058, USA",20140529T000000,14904 133rd Ave SE,Renton,WA 98058,USA,98058
2014-05-29,790000.0,5.0,3.25,2900,12160,1.0,0,0,4,1890,1010,1967,,"465 129th Pl NE, Bellevue, WA 98005, USA",20140529T000000,465 129th Pl NE,Bellevue,WA 98005,USA,98005
2014-05-29,400000.0,4.0,2.75,1240,3867,1.0,0,0,3,800,440,1987,,"12001 Bartlett Ave NE, Seattle, WA 98125, USA",20140529T000000,12001 Bartlett Ave NE,Seattle,WA 98125,USA,98125
2014-05-29,950000.0,4.0,3.5,4140,13392,2.0,0,0,3,4140,0,2000,,"8507 146th Pl SE, Newcastle, WA 98059, USA",20140529T000000,8507 146th Pl SE,Newcastle,WA 98059,USA,98059
2014-05-29,450000.0,4.0,2.0,2240,7725,1.0,0,0,5,1120,1120,1956,,"2503 SW Portland Ct, Seattle, WA 98106, USA",20140529T000000,2503 SW Portland Ct,Seattle,WA 98106,USA,98106
2014-05-29,595000.0,3.0,2.0,1480,5000,1.0,0,0,4,750,730,1928,,"7728 11th Ave NW, Seattle, WA 98117, USA",20140529T000000,7728 11th Ave NW,Seattle,WA 98117,USA,98117
2014-05-29,332000.0,3.0,2.25,2270,8876,1.0,0,0,3,1380,890,1977,,"3109 SE 17th Ct, Renton, WA 98058, USA",20140529T000000,3109 SE 17th Ct,Renton,WA 98058,USA,98058
2014-05-29,155000.0,3.0,1.0,1250,6250,1.0,0,0,2,1030,220,1949,,"8215 8th Ave S, Seattle, WA 98108, USA",20140529T000000,8215 8th Ave S,Seattle,WA 98108,USA,98108
2014-05-29,400000.0,5.0,2.0,1930,9747,1.0,0,0,4,1020,910,1962,,"20210 78th Pl NE, Kenmore, WA 98028, USA",20140529T000000,20210 78th Pl NE,Kenmore,WA 98028,USA,98028
2014-05-29,349000.0,4.0,1.75,1700,7800,1.0,0,0,5,1120,580,1981,,"4518 SE 4th St, Renton, WA 98059, USA",20140529T000000,4518 SE 4th St,Renton,WA 98059,USA,98059
2014-05-29,529000.0,3.0,1.0,1590,6420,1.0,0,0,3,1590,0,1944,,"4531 SW Webster St, Seattle, WA 98136, USA",20140529T000000,4531 SW Webster St,Seattle,WA 98136,USA,98136
2014-05-29,405000.0,5.0,1.75,1880,10000,1.0,0,0,3,960,920,1963,,"10414 NE 131st St, Kirkland, WA 98034, USA",20140529T000000,10414 NE 131st St,Kirkland,WA 98034,USA,98034
2014-05-29,635200.0,4.0,1.75,1640,4240,1.0,0,0,5,920,720,1921,,"6517 Dibble Ave NW, Seattle, WA 98117, USA",20140529T000000,6517 Dibble Ave NW,Seattle,WA 98117,USA,98117
2014-05-29,540000.0,3.0,1.5,2600,5085,1.0,0,0,4,1400,1200,1940,,"4118 35th Ave SW, Seattle, WA 98126, USA",20140529T000000,4118 35th Ave SW,Seattle,WA 98126,USA,98126
2014-05-29,402000.0,2.0,1.0,710,1173,2.0,0,0,4,710,0,1943,,"2348 Fairview Ave E, Seattle, WA 98102, USA",20140529T000000,2348 Fairview Ave E,Seattle,WA 98102,USA,98102
2014-05-29,3100000.0,6.0,4.25,6980,15682,3.0,0,4,4,5330,1650,1999,,"5243 Forest Ave SE, Mercer Island, WA 98040, USA",20140529T000000,5243 Forest Ave SE,Mercer Island,WA 98040,USA,98040
2014-05-29,329932.0,3.0,1.5,1460,5040,1.0,0,0,3,1100,360,1971,,"11221 Palatine Ave N, Seattle, WA 98133, USA",20140529T000000,11221 Palatine Ave N,Seattle,WA 98133,USA,98133
2014-05-29,300000.0,3.0,2.5,2080,9827,2.0,0,0,3,2080,0,1989,,"4815 SW 330th Ct, Federal Way, WA 98023, USA",20140529T000000,4815 SW 330th Ct,Federal Way,WA 98023,USA,98023
2014-05-29,525000.0,5.0,2.5,2630,9216,2.0,0,0,3,2630,0,2003,,"27831 NE 153rd Pl, Duvall, WA 98019, USA",20140529T000000,27831 NE 153rd Pl,Duvall,WA 98019,USA,98019
2014-05-29,2750000.0,4.0,3.25,4430,21000,2.0,0,0,3,4430,0,1952,2007.0,"3239 78th Pl NE, Medina, WA 98039, USA",20140529T000000,3239 78th Pl NE,Medina,WA 98039,USA,98039
2014-05-29,602500.0,4.0,2.5,2760,6850,2.0,0,0,3,2760,0,1999,,"7606 116th Ave SE, Newcastle, WA 98056, USA",20140529T000000,7606 116th Ave SE,Newcastle,WA 98056,USA,98056
2014-05-29,400000.0,4.0,2.0,1670,12056,1.0,0,0,3,1670,0,1955,,"7221 NE 156th St, Kenmore, WA 98028, USA",20140529T000000,7221 NE 156th St,Kenmore,WA 98028,USA,98028
2014-05-29,445000.0,4.0,1.75,1990,4725,1.5,0,0,4,1190,800,1944,,"3713 SW Sullivan St, Seattle, WA 98126, USA",20140529T000000,3713 SW Sullivan St,Seattle,WA 98126,USA,98126
2014-05-29,525000.0,3.0,3.0,2600,5238,1.5,0,3,3,1890,710,1989,,"28624 6th Pl S, Des Moines, WA 98198, USA",20140529T000000,28624 6th Pl S,Des Moines,WA 98198,USA,98198
2014-05-29,395000.0,2.0,1.0,1320,1824,1.5,0,0,4,1320,0,1909,,"2000 30th Ave S, Seattle, WA 98144, USA",20140529T000000,2000 30th Ave S,Seattle,WA 98144,USA,98144
2014-05-29,510000.0,3.0,1.5,2240,3800,2.0,0,0,3,1370,870,1929,,"8205 20th Ave NE, Seattle, WA 98115, USA",20140529T000000,8205 20th Ave NE,Seattle,WA 98115,USA,98115
2014-05-29,723000.0,4.0,2.25,1960,8680,1.0,0,0,4,1290,670,1959,,"233 111th Ave SE, Bellevue, WA 98004, USA",20140529T000000,233 111th Ave SE,Bellevue,WA 98004,USA,98004
2014-05-29,503000.0,3.0,2.0,2590,108900,2.0,0,0,3,1980,610,1988,,"21409 SE 215th St, Maple Valley, WA 98038, USA",20140529T000000,21409 SE 215th St,Maple Valley,WA 98038,USA,98038
2014-05-29,672500.0,4.0,2.75,2620,6707,2.0,0,0,3,2620,0,2000,,"22615 SE 14th Pl, Sammamish, WA 98075, USA",20140529T000000,22615 SE 14th Pl,Sammamish,WA 98075,USA,98075
2014-05-29,860000.0,3.0,2.5,2770,9136,2.0,0,0,3,2770,0,1991,,"17012 SE 47th Way, Bellevue, WA 98006, USA",20140529T000000,17012 SE 47th Way,Bellevue,WA 98006,USA,98006
2014-05-29,475300.0,3.0,1.0,2110,10005,1.0,0,0,5,1110,1000,1924,,"9719 130th Ave NE, Kirkland, WA 98033, USA",20140529T000000,9719 130th Ave NE,Kirkland,WA 98033,USA,98033
2014-05-29,295000.0,4.0,2.5,2290,4539,2.0,0,0,3,2290,0,2001,,"530 Olympia Ave SE, Renton, WA 98058, USA",20140529T000000,530 Olympia Ave SE,Renton,WA 98058,USA,98058
2014-05-29,1425000.0,4.0,4.25,4960,6000,2.5,0,0,3,3680,1280,1909,2003.0,"2611 1st Ave N, Seattle, WA 98109, USA",20140529T000000,2611 1st Ave N,Seattle,WA 98109,USA,98109
2014-05-29,250000.0,2.0,1.0,1110,26051,1.0,0,0,3,1110,0,1951,,"3218 S 148th St, SeaTac, WA 98168, USA",20140529T000000,3218 S 148th St,SeaTac,WA 98168,USA,98168
2014-05-29,658000.0,4.0,2.75,3310,6166,2.0,0,0,3,3310,0,2008,,"8830 McIntosh Ct SE, Snoqualmie, WA 98065, USA",20140529T000000,8830 McIntosh Ct SE,Snoqualmie,WA 98065,USA,98065
2014-05-29,83000.0,2.0,1.0,900,8580,1.0,0,0,3,900,0,1918,,"14440 51st Ave S, Tukwila, WA 98168, USA",20140529T000000,14440 51st Ave S,Tukwila,WA 98168,USA,98168
2014-05-29,685000.0,3.0,1.75,1940,7313,1.0,0,1,4,1440,500,1960,,"8750 Fauntlee Crest SW, Seattle, WA 98136, USA",20140529T000000,8750 Fauntlee Crest SW,Seattle,WA 98136,USA,98136
2014-05-29,210000.0,3.0,1.75,1590,7617,2.0,0,0,3,1590,0,1986,,"1626 S 245th Pl, Des Moines, WA 98198, USA",20140529T000000,1626 S 245th Pl,Des Moines,WA 98198,USA,98198
2014-05-29,650880.0,3.0,2.5,2930,6050,2.0,0,0,3,2930,0,2008,,"34303 Elm Ave SE, Snoqualmie, WA 98065, USA",20140529T000000,34303 Elm Ave SE,Snoqualmie,WA 98065,USA,98065
2014-05-29,350000.0,4.0,2.5,2040,22653,2.0,0,0,3,2040,0,2011,,"2471 S 116th Way, Seattle, WA 98168, USA",20140529T000000,2471 S 116th Way,Seattle,WA 98168,USA,98168
2014-05-29,305000.0,2.0,2.25,1000,905,3.0,0,0,3,1000,0,2006,,"7534 24th Ave NW, Seattle, WA 98117, USA",20140529T000000,7534 24th Ave NW,Seattle,WA 98117,USA,98117
2014-05-29,645000.0,3.0,3.25,1730,1229,2.0,0,2,3,1320,410,2008,,"1949-1953 9th Ave W, Seattle, WA 98119, USA",20140529T000000,1949-1953 9th Ave W,Seattle,WA 98119,USA,98119
2014-05-30,385000.0,3.0,1.0,1220,4800,1.0,0,0,3,1220,0,1901,,"1915 E Marion St, Seattle, WA 98122, USA",20140530T000000,1915 E Marion St,Seattle,WA 98122,USA,98122
2014-05-30,860000.0,3.0,2.25,3060,12095,2.0,0,0,3,3060,0,1983,,"4651 175th Ave SE, Bellevue, WA 98006, USA",20140530T000000,4651 175th Ave SE,Bellevue,WA 98006,USA,98006
2014-05-30,395000.0,4.0,2.5,2910,5000,2.0,0,0,3,2910,0,2002,,"24923 161st Pl SE, Covington, WA 98042, USA",20140530T000000,24923 161st Pl SE,Covington,WA 98042,USA,98042
2014-05-30,260000.0,3.0,1.75,1050,5850,1.0,0,0,3,1050,0,1980,,"16241 19th Ave SW, Burien, WA 98166, USA",20140530T000000,16241 19th Ave SW,Burien,WA 98166,USA,98166
2014-05-30,196440.0,3.0,2.0,1560,7352,1.0,0,0,3,1560,0,1992,,"130 Main St, Algona, WA 98001, USA",20140530T000000,130 Main St,Algona,WA 98001,USA,98001
2014-05-30,425000.0,3.0,1.75,1680,3000,1.0,0,2,4,840,840,1900,,"927 N 79th St, Seattle, WA 98103, USA",20140530T000000,927 N 79th St,Seattle,WA 98103,USA,98103
2014-05-30,2400000.0,4.0,3.25,4140,20734,1.0,0,1,3,3300,840,1977,2005.0,"9415 NE 27th St, Clyde Hill, WA 98004, USA",20140530T000000,9415 NE 27th St,Clyde Hill,WA 98004,USA,98004
2014-05-30,369000.0,3.0,2.0,1550,8509,1.0,0,0,3,1150,400,1959,,"8102 7th Ave SW, Seattle, WA 98106, USA",20140530T000000,8102 7th Ave SW,Seattle,WA 98106,USA,98106
2014-05-30,1385000.0,6.0,2.75,5700,20000,1.0,0,4,4,2850,2850,1977,,"4600-4748 136th Ave SE, Bellevue, WA 98006, USA",20140530T000000,4600-4748 136th Ave SE,Bellevue,WA 98006,USA,98006
2014-05-30,349900.0,3.0,2.5,2200,7278,2.0,0,0,3,2200,0,1990,,"15637 156th Pl SE, Renton, WA 98058, USA",20140530T000000,15637 156th Pl SE,Renton,WA 98058,USA,98058
2014-05-30,650000.0,2.0,2.5,1740,2500,2.0,0,2,3,1210,530,1994,,"319 25th Ave E, Seattle, WA 98112, USA",20140530T000000,319 25th Ave E,Seattle,WA 98112,USA,98112
2014-05-30,299950.0,3.0,1.0,1210,9525,1.0,0,0,3,1210,0,1955,,"8430 8th Ave SW, Seattle, WA 98106, USA",20140530T000000,8430 8th Ave SW,Seattle,WA 98106,USA,98106
2014-05-30,625000.0,4.0,3.25,4240,25639,2.0,0,3,3,3550,690,1989,,"30924 36th Ave SW, Federal Way, WA 98023, USA",20140530T000000,30924 36th Ave SW,Federal Way,WA 98023,USA,98023
2014-05-30,190000.0,3.0,2.25,1590,11745,1.0,0,0,3,1090,500,1978,,"27523-27527 43rd Ave S, Auburn, WA 98001, USA",20140530T000000,27523-27527 43rd Ave S,Auburn,WA 98001,USA,98001
2014-05-30,715000.0,4.0,1.75,3420,7200,1.0,0,3,5,1770,1650,1947,,"10718 Exeter Ave NE, Seattle, WA 98125, USA",20140530T000000,10718 Exeter Ave NE,Seattle,WA 98125,USA,98125
2014-05-30,659000.0,4.0,2.5,3190,11375,1.0,0,0,5,2210,980,1946,,"10326 Fischer Pl NE, Seattle, WA 98125, USA",20140530T000000,10326 Fischer Pl NE,Seattle,WA 98125,USA,98125
2014-05-30,490000.0,3.0,1.75,1920,5405,1.0,0,2,4,960,960,1947,,"4832 38th Ave SW, Seattle, WA 98126, USA",20140530T000000,4832 38th Ave SW,Seattle,WA 98126,USA,98126
2014-05-30,415000.0,2.0,1.75,1340,4664,1.0,0,0,3,1340,0,2004,,"13283 228th Pl NE, Redmond, WA 98053, USA",20140530T000000,13283 228th Pl NE,Redmond,WA 98053,USA,98053
2014-05-30,750000.0,3.0,1.75,1700,8400,1.0,0,0,3,1460,240,1947,,"3621 45th Ave W, Seattle, WA 98199, USA",20140530T000000,3621 45th Ave W,Seattle,WA 98199,USA,98199
2014-05-30,700000.0,4.0,2.5,2310,3570,1.5,0,0,3,1490,820,1927,2014.0,"8216 Linden Ave N, Seattle, WA 98103, USA",20140530T000000,8216 Linden Ave N,Seattle,WA 98103,USA,98103
2014-05-30,425000.0,3.0,1.75,1510,44000,1.0,0,0,3,1240,270,1989,,"12629 468th Ave SE, North Bend, WA 98045, USA",20140530T000000,12629 468th Ave SE,North Bend,WA 98045,USA,98045
2014-05-30,642000.0,3.0,2.5,2670,10082,1.0,0,0,3,2670,0,1987,,"2834 220th Pl NE, Sammamish, WA 98074, USA",20140530T000000,2834 220th Pl NE,Sammamish,WA 98074,USA,98074
2014-05-30,655000.0,4.0,2.25,2060,8470,1.0,0,0,3,1440,620,1983,,"4730 162nd Ct SE, Bellevue, WA 98006, USA",20140530T000000,4730 162nd Ct SE,Bellevue,WA 98006,USA,98006
2014-05-30,1365000.0,3.0,2.5,2090,6000,1.5,0,0,4,2090,0,1928,,"3832 43rd Ave NE, Seattle, WA 98105, USA",20140530T000000,3832 43rd Ave NE,Seattle,WA 98105,USA,98105
2014-05-30,458000.0,5.0,2.5,3090,23265,1.0,0,0,3,2990,100,1957,,"9631 NE 198th St, Bothell, WA 98011, USA",20140530T000000,9631 NE 198th St,Bothell,WA 98011,USA,98011
2014-05-30,330000.0,2.0,2.5,1240,1546,2.0,0,0,3,1240,0,2007,,"4346 28th Ave S, Seattle, WA 98108, USA",20140530T000000,4346 28th Ave S,Seattle,WA 98108,USA,98108
2014-05-30,384950.0,3.0,2.5,1860,3690,2.0,0,0,3,1860,0,2000,,"7556 NE 203rd St, Kenmore, WA 98028, USA",20140530T000000,7556 NE 203rd St,Kenmore,WA 98028,USA,98028
2014-05-30,560000.0,3.0,1.5,2000,7350,1.0,0,0,3,2000,0,1953,,"10605 9th Ave NW, Seattle, WA 98177, USA",20140530T000000,10605 9th Ave NW,Seattle,WA 98177,USA,98177
2014-05-30,950000.0,4.0,1.75,2500,92347,1.0,0,0,4,1500,1000,1970,,"7615 E Mercer Way, Mercer Island, WA 98040, USA",20140530T000000,7615 E Mercer Way,Mercer Island,WA 98040,USA,98040
2014-05-30,465000.0,4.0,2.25,1820,20349,1.0,0,0,5,1340,480,1977,,"15812 182nd Ave NE, Woodinville, WA 98072, USA",20140530T000000,15812 182nd Ave NE,Woodinville,WA 98072,USA,98072
2014-05-30,425000.0,3.0,2.25,1820,8058,1.0,0,0,3,1260,560,1974,,"13807 129th Pl NE, Kirkland, WA 98034, USA",20140530T000000,13807 129th Pl NE,Kirkland,WA 98034,USA,98034
2014-05-30,315000.0,3.0,2.0,1060,5750,1.0,0,0,3,1060,0,1981,,"5452 31st Ave SW, Seattle, WA 98126, USA",20140530T000000,5452 31st Ave SW,Seattle,WA 98126,USA,98126
2014-05-30,530000.0,3.0,2.5,1950,9906,2.0,0,0,3,1950,0,1988,,"23438 NE 29th Pl, Sammamish, WA 98074, USA",20140530T000000,23438 NE 29th Pl,Sammamish,WA 98074,USA,98074
2014-05-30,399000.0,2.0,1.0,940,4800,1.0,0,0,4,940,0,1911,1955.0,"3209 63rd Ave SW, Seattle, WA 98116, USA",20140530T000000,3209 63rd Ave SW,Seattle,WA 98116,USA,98116
2014-05-30,168000.0,2.0,1.5,1220,3568,1.5,0,0,4,1220,0,1976,,"24709 13th Ave S, Des Moines, WA 98198, USA",20140530T000000,24709 13th Ave S,Des Moines,WA 98198,USA,98198
2014-05-30,1886700.0,5.0,3.5,4180,17935,2.0,0,0,3,4180,0,2004,,"2526 104th Ave SE, Bellevue, WA 98004, USA",20140530T000000,2526 104th Ave SE,Bellevue,WA 98004,USA,98004
2014-05-30,374000.0,3.0,1.0,1200,9800,1.0,0,0,4,1200,0,1971,,"15616 173rd Ave NE, Woodinville, WA 98072, USA",20140530T000000,15616 173rd Ave NE,Woodinville,WA 98072,USA,98072
2014-05-30,740000.0,5.0,3.75,3990,18897,2.0,0,0,3,3090,900,1937,2010.0,"1714 NE Brockman Pl, Seattle, WA 98125, USA",20140530T000000,1714 NE Brockman Pl,Seattle,WA 98125,USA,98125
2014-05-30,280000.0,2.0,1.0,1880,7560,1.0,0,0,3,940,940,1919,,"8611 32nd Ave SW, Seattle, WA 98126, USA",20140530T000000,8611 32nd Ave SW,Seattle,WA 98126,USA,98126
2014-05-30,322000.0,4.0,2.5,2280,7200,2.0,0,0,3,2280,0,1994,,"10012 SE 244th Ct, Kent, WA 98030, USA",20140530T000000,10012 SE 244th Ct,Kent,WA 98030,USA,98030
2014-05-30,459900.0,3.0,1.75,2580,11000,1.0,0,0,4,1290,1290,1951,,"4525 119th Ave SE, Bellevue, WA 98006, USA",20140530T000000,4525 119th Ave SE,Bellevue,WA 98006,USA,98006
2014-05-30,750000.0,4.0,2.75,2600,4674,1.0,0,0,3,1560,1040,1976,,"6820 39th Ave NE, Seattle, WA 98115, USA",20140530T000000,6820 39th Ave NE,Seattle,WA 98115,USA,98115
2014-05-30,1256500.0,4.0,2.5,3150,13700,2.0,0,0,4,3150,0,1966,,"8551 SE 80th St, Mercer Island, WA 98040, USA",20140530T000000,8551 SE 80th St,Mercer Island,WA 98040,USA,98040
2014-05-30,3710000.0,4.0,3.5,5550,28078,2.0,0,2,4,3350,2200,2000,,"3222 78th Pl NE, Medina, WA 98039, USA",20140530T000000,3222 78th Pl NE,Medina,WA 98039,USA,98039
2014-05-30,427000.0,5.0,2.75,2220,4000,1.0,0,0,3,1230,990,1973,,"3112 21st Ave S, Seattle, WA 98144, USA",20140530T000000,3112 21st Ave S,Seattle,WA 98144,USA,98144
2014-05-30,800000.0,2.0,2.25,1730,31491,2.0,1,2,4,1730,0,1947,1988.0,"10060 SW Dock St, Vashon, WA 98070, USA",20140530T000000,10060 SW Dock St,Vashon,WA 98070,USA,98070
2014-05-30,735000.0,4.0,3.0,2840,4120,1.5,0,0,4,2060,780,1931,,"3849 Cascadia Ave S, Seattle, WA 98118, USA",20140530T000000,3849 Cascadia Ave S,Seattle,WA 98118,USA,98118
2014-05-30,642000.0,4.0,2.5,2560,8780,2.0,0,0,3,2560,0,1992,,"3964 262nd Ave SE, Issaquah, WA 98029, USA",20140530T000000,3964 262nd Ave SE,Issaquah,WA 98029,USA,98029
2014-05-30,240000.0,3.0,2.0,1330,6000,1.0,0,0,4,630,700,1900,,"527 S Donovan St, Seattle, WA 98108, USA",20140530T000000,527 S Donovan St,Seattle,WA 98108,USA,98108
2014-05-30,645500.0,2.0,1.0,1890,5202,1.5,0,0,4,1890,0,1909,,"6723 17th Ave NW, Seattle, WA 98117, USA",20140530T000000,6723 17th Ave NW,Seattle,WA 98117,USA,98117
2014-05-30,840000.0,7.0,4.5,4290,37607,1.5,0,0,5,4290,0,1982,,"13527 231st Pl SE, Issaquah, WA 98027, USA",20140530T000000,13527 231st Pl SE,Issaquah,WA 98027,USA,98027
2014-05-30,475000.0,2.0,2.0,1540,54450,2.0,0,0,3,1540,0,1983,,"3304 288th Ave NE, Redmond, WA 98053, USA",20140530T000000,3304 288th Ave NE,Redmond,WA 98053,USA,98053
2014-05-30,568000.0,4.0,2.0,2340,50233,1.0,0,0,4,1170,1170,1966,,"2202 238th Ave SE, Sammamish, WA 98075, USA",20140530T000000,2202 238th Ave SE,Sammamish,WA 98075,USA,98075
2014-05-30,325000.0,3.0,1.75,2180,10230,1.0,0,0,4,1090,1090,1961,,"9670 41st Ave S, Seattle, WA 98118, USA",20140530T000000,9670 41st Ave S,Seattle,WA 98118,USA,98118
2014-05-30,825500.0,3.0,2.5,2780,11964,2.0,0,0,3,2780,0,2009,,"12449 94th Ave NE, Kirkland, WA 98034, USA",20140530T000000,12449 94th Ave NE,Kirkland,WA 98034,USA,98034
2014-05-30,499431.0,4.0,2.75,2620,6019,2.0,0,0,3,2620,0,2013,,"1107 SE 10th St, North Bend, WA 98045, USA",20140530T000000,1107 SE 10th St,North Bend,WA 98045,USA,98045
2014-05-30,919204.0,4.0,3.5,3760,5000,2.0,0,0,3,2860,900,2014,,"2822 NW 74th St, Seattle, WA 98117, USA",20140530T000000,2822 NW 74th St,Seattle,WA 98117,USA,98117
2014-05-30,545000.0,4.0,2.5,2720,4738,2.0,0,0,3,2720,0,2012,,"35229 SE Terrace St, Snoqualmie, WA 98065, USA",20140530T000000,35229 SE Terrace St,Snoqualmie,WA 98065,USA,98065
2014-05-31,660000.0,3.0,2.25,2675,40910,2.0,0,0,3,2675,0,1984,,"21311 SE 20th St, Sammamish, WA 98075, USA",20140531T000000,21311 SE 20th St,Sammamish,WA 98075,USA,98075
2014-05-31,538888.0,5.0,2.75,2080,13189,2.0,0,0,3,2080,0,1987,,"23022 NE 21st St, Sammamish, WA 98074, USA",20140531T000000,23022 NE 21st St,Sammamish,WA 98074,USA,98074
2014-05-31,693000.0,3.0,2.5,2460,12028,2.0,0,0,3,2460,0,1996,,"Valley View Trail, Redmond, WA 98052, USA",20140531T000000,Valley View Trail,Redmond,WA 98052,USA,98052
2014-05-31,289950.0,3.0,2.5,1960,3480,2.0,0,0,3,1960,0,2004,,"2826 Access Rd, Renton, WA 98056, USA",20140531T000000,2826 Access Rd,Renton,WA 98056,USA,98056
2014-05-31,587000.0,4.0,2.5,2550,6256,2.0,0,0,3,2550,0,1992,,"13013 NE 202nd Pl, Woodinville, WA 98072, USA",20140531T000000,13013 NE 202nd Pl,Woodinville,WA 98072,USA,98072
2014-05-31,615000.0,3.0,2.25,1760,1146,3.0,0,0,3,1760,0,2014,,"601 22nd Ave, Seattle, WA 98122, USA",20140531T000000,601 22nd Ave,Seattle,WA 98122,USA,98122
2014-06-01,459000.0,3.0,1.75,1620,7330,1.0,0,0,4,1090,530,1974,,"9607 NE 128th St, Kirkland, WA 98034, USA",20140601T000000,9607 NE 128th St,Kirkland,WA 98034,USA,98034
2014-06-01,243000.0,3.0,1.75,1790,12000,1.0,0,0,3,1040,750,1960,,"23042 16th Ave S, Des Moines, WA 98198, USA",20140601T000000,23042 16th Ave S,Des Moines,WA 98198,USA,98198
2014-06-01,1505000.0,4.0,3.5,3480,7232,2.0,0,0,3,2580,900,1926,2010.0,"1905 33rd Ave S, Seattle, WA 98144, USA",20140601T000000,1905 33rd Ave S,Seattle,WA 98144,USA,98144
2014-06-01,660000.0,4.0,1.75,2780,9900,2.0,0,0,4,2780,0,1978,,"20850 NE 26th Pl, Sammamish, WA 98074, USA",20140601T000000,20850 NE 26th Pl,Sammamish,WA 98074,USA,98074
2014-06-01,1595000.0,5.0,3.0,3640,8239,2.0,0,3,3,2540,1100,1982,,"17200 SE 29th Ct, Bellevue, WA 98008, USA",20140601T000000,17200 SE 29th Ct,Bellevue,WA 98008,USA,98008
2014-06-01,250000.0,1.0,1.0,750,4000,1.0,0,0,3,750,0,1918,,"4356 SW Concord St, Seattle, WA 98136, USA",20140601T000000,4356 SW Concord St,Seattle,WA 98136,USA,98136
2014-06-02,315000.0,3.0,1.0,960,6634,1.0,0,0,3,960,0,1952,,"1715 NE 135th St, Seattle, WA 98125, USA",20140602T000000,1715 NE 135th St,Seattle,WA 98125,USA,98125
2014-06-02,404000.0,3.0,1.5,2030,8880,1.0,0,0,3,1330,700,1963,,"4915 17th Ave S, Seattle, WA 98108, USA",20140602T000000,4915 17th Ave S,Seattle,WA 98108,USA,98108
2014-06-02,559900.0,3.0,2.75,2930,5569,1.0,0,0,3,1860,1070,2004,,"18960 131st Pl NE, Woodinville, WA 98072, USA",20140602T000000,18960 131st Pl NE,Woodinville,WA 98072,USA,98072
2014-06-02,285000.0,2.0,2.5,1380,1073,2.0,0,0,3,1140,240,2011,,"2802 SW Bataan St, Seattle, WA 98126, USA",20140602T000000,2802 SW Bataan St,Seattle,WA 98126,USA,98126
2014-06-02,500000.0,3.0,2.0,1720,5525,1.0,0,2,5,960,760,1941,,"4825 27th Ave S, Seattle, WA 98108, USA",20140602T000000,4825 27th Ave S,Seattle,WA 98108,USA,98108
2014-06-02,380000.0,2.0,1.0,1210,4800,1.0,0,0,3,1060,150,1950,,"4532 13th Ave S, Seattle, WA 98108, USA",20140602T000000,4532 13th Ave S,Seattle,WA 98108,USA,98108
2014-06-02,469000.0,3.0,1.0,950,4250,1.5,0,0,5,950,0,1948,,"1911 E Columbia St, Seattle, WA 98122, USA",20140602T000000,1911 E Columbia St,Seattle,WA 98122,USA,98122
2014-06-02,405000.0,2.0,1.75,1710,4234,2.0,0,0,3,1330,380,1920,1979.0,"4131 SW Kenyon St, Seattle, WA 98136, USA",20140602T000000,4131 SW Kenyon St,Seattle,WA 98136,USA,98136
2014-06-02,439900.0,2.0,2.0,1410,12282,1.5,0,0,5,1410,0,1909,1988.0,"31103 SE 85th Pl, Preston, WA 98050, USA",20140602T000000,31103 SE 85th Pl,Preston,WA 98050,USA,98050
2014-06-02,525000.0,4.0,2.5,2910,7631,2.0,0,2,3,2910,0,2006,,"25480 SE 275th Pl, Maple Valley, WA 98038, USA",20140602T000000,25480 SE 275th Pl,Maple Valley,WA 98038,USA,98038
2014-06-02,580000.0,4.0,2.5,2220,7064,2.0,0,0,3,2220,0,1988,,"4055 238th Pl SE, Issaquah, WA 98029, USA",20140602T000000,4055 238th Pl SE,Issaquah,WA 98029,USA,98029
2014-06-02,1250000.0,5.0,3.25,3160,13238,2.0,0,0,5,3160,0,1972,,"7325 86th Ave SE, Mercer Island, WA 98040, USA",20140602T000000,7325 86th Ave SE,Mercer Island,WA 98040,USA,98040
2014-06-02,275000.0,3.0,2.0,1380,4500,1.0,0,0,3,1380,0,2008,,"24031 SE 262nd Pl, Maple Valley, WA 98038, USA",20140602T000000,24031 SE 262nd Pl,Maple Valley,WA 98038,USA,98038
2014-06-02,629000.0,3.0,2.0,1760,5000,1.0,0,0,5,960,800,1920,,"2439 Piedmont Pl W, Seattle, WA 98199, USA",20140602T000000,2439 Piedmont Pl W,Seattle,WA 98199,USA,98199
2014-06-02,395000.0,1.0,1.0,730,3000,1.0,0,0,3,730,0,1911,,"6215 30th Ave NW, Seattle, WA 98107, USA",20140602T000000,6215 30th Ave NW,Seattle,WA 98107,USA,98107
2014-06-02,965000.0,4.0,2.5,2460,5000,2.0,0,0,5,1620,840,1938,,"1024 Washington Pl E, Seattle, WA 98112, USA",20140602T000000,1024 Washington Pl E,Seattle,WA 98112,USA,98112
2014-06-02,820000.0,3.0,1.75,2160,6272,1.0,0,0,4,1390,770,1960,,"2000-2098 NE 68th St, Seattle, WA 98115, USA",20140602T000000,2000-2098 NE 68th St,Seattle,WA 98115,USA,98115
2014-06-02,661000.0,4.0,2.25,1990,4600,1.5,0,2,4,1420,570,1932,,"4426 38th Ave SW, Seattle, WA 98126, USA",20140602T000000,4426 38th Ave SW,Seattle,WA 98126,USA,98126
2014-06-02,789000.0,3.0,3.0,3740,39640,2.0,0,2,3,3740,0,1991,,"9900 SW Quartermaster Dr, Vashon, WA 98070, USA",20140602T000000,9900 SW Quartermaster Dr,Vashon,WA 98070,USA,98070
2014-06-02,668500.0,4.0,2.5,2710,5500,2.0,0,0,3,2710,0,1999,,"667 237th Pl SE, Sammamish, WA 98074, USA",20140602T000000,667 237th Pl SE,Sammamish,WA 98074,USA,98074
2014-06-02,350000.0,3.0,2.5,2680,7836,2.0,0,0,3,2680,0,1990,2009.0,"31456 117th Pl SE, Auburn, WA 98092, USA",20140602T000000,31456 117th Pl SE,Auburn,WA 98092,USA,98092
2014-06-02,250000.0,4.0,2.0,1850,7560,1.0,0,0,4,1540,310,1978,,"4511 S 262nd St, Kent, WA 98032, USA",20140602T000000,4511 S 262nd St,Kent,WA 98032,USA,98032
2014-06-02,725995.0,4.0,2.5,3190,7869,2.0,0,2,3,3190,0,2001,,"7704 Heather Ave SE, Snoqualmie, WA 98065, USA",20140602T000000,7704 Heather Ave SE,Snoqualmie,WA 98065,USA,98065
2014-06-02,1000000.0,3.0,2.5,2730,5832,2.0,0,0,3,2730,0,1998,,"13428 NE 12th Pl, Bellevue, WA 98005, USA",20140602T000000,13428 NE 12th Pl,Bellevue,WA 98005,USA,98005
2014-06-02,686000.0,3.0,1.5,1840,9990,2.0,0,0,5,1840,0,1961,,"11727 9th Ave NW, Seattle, WA 98177, USA",20140602T000000,11727 9th Ave NW,Seattle,WA 98177,USA,98177
2014-06-02,665000.0,4.0,2.5,2720,10000,2.0,0,0,3,2720,0,1987,,"2110 216th Pl NE, Sammamish, WA 98074, USA",20140602T000000,2110 216th Pl NE,Sammamish,WA 98074,USA,98074
2014-06-02,1965221.0,4.0,3.5,4370,8510,2.0,0,1,3,3610,760,2003,,"2523-2533 103rd Ave SE, Bellevue, WA 98004, USA",20140602T000000,2523-2533 103rd Ave SE,Bellevue,WA 98004,USA,98004
2014-06-02,653000.0,3.0,2.5,2290,3475,2.0,0,0,3,2290,0,2006,,"2172 NE Noble St, Issaquah, WA 98029, USA",20140602T000000,2172 NE Noble St,Issaquah,WA 98029,USA,98029
2014-06-02,430000.0,2.0,1.0,990,4802,1.0,0,0,3,990,0,1947,,"8059 Loyal Way NW, Seattle, WA 98117, USA",20140602T000000,8059 Loyal Way NW,Seattle,WA 98117,USA,98117
2014-06-02,305000.0,2.0,1.5,1140,2980,2.0,0,0,3,1140,0,1988,,"4150 244th Pl SE, Issaquah, WA 98029, USA",20140602T000000,4150 244th Pl SE,Issaquah,WA 98029,USA,98029
2014-06-02,809000.0,4.0,1.5,1840,4337,2.0,0,0,4,1840,0,1917,,"1218 19th Ave E, Seattle, WA 98112, USA",20140602T000000,1218 19th Ave E,Seattle,WA 98112,USA,98112
2014-06-02,440150.0,2.0,1.0,1110,6800,1.0,0,0,5,1000,110,1947,,"12216 Greenwood Ave N, Seattle, WA 98133, USA",20140602T000000,12216 Greenwood Ave N,Seattle,WA 98133,USA,98133
2014-06-02,615000.0,4.0,2.5,2150,9070,2.0,0,0,4,2150,0,1985,,"14151 174th Pl NE, Redmond, WA 98052, USA",20140602T000000,14151 174th Pl NE,Redmond,WA 98052,USA,98052
2014-06-02,1035000.0,3.0,2.5,2230,5750,2.0,0,0,3,2230,0,2003,,"1840-1846 9th St W, Kirkland, WA 98033, USA",20140602T000000,1840-1846 9th St W,Kirkland,WA 98033,USA,98033
2014-06-02,455000.0,2.0,1.0,1170,6000,1.0,0,0,4,970,200,1941,,"9552 Phinney Ave N, Seattle, WA 98103, USA",20140602T000000,9552 Phinney Ave N,Seattle,WA 98103,USA,98103
2014-06-02,635000.0,3.0,2.5,1960,7200,1.0,0,0,4,980,980,1940,,"4131 51st Ave S, Seattle, WA 98118, USA",20140602T000000,4131 51st Ave S,Seattle,WA 98118,USA,98118
2014-06-02,675000.0,3.0,2.25,2610,9002,2.0,0,0,3,2610,0,1988,,"10090 177th Ave NE, Redmond, WA 98052, USA",20140602T000000,10090 177th Ave NE,Redmond,WA 98052,USA,98052
2014-06-02,316000.0,3.0,2.25,2130,8721,1.0,0,0,3,1570,560,1987,,"20312 102nd Pl SE, Kent, WA 98031, USA",20140602T000000,20312 102nd Pl SE,Kent,WA 98031,USA,98031
2014-06-02,955000.0,3.0,2.25,3020,43560,2.0,0,0,3,2720,300,1969,,"12599 NE 39th St, Bellevue, WA 98005, USA",20140602T000000,12599 NE 39th St,Bellevue,WA 98005,USA,98005
2014-06-02,985000.0,3.0,1.75,1670,5400,2.0,0,0,5,1670,0,1912,,"1808 38th Ave E, Seattle, WA 98112, USA",20140602T000000,1808 38th Ave E,Seattle,WA 98112,USA,98112
2014-06-02,465500.0,3.0,1.75,1890,7004,1.0,0,0,3,1290,600,1965,,"5047 43rd Ave S, Seattle, WA 98118, USA",20140602T000000,5047 43rd Ave S,Seattle,WA 98118,USA,98118
2014-06-02,305000.0,3.0,1.0,950,13475,1.0,0,0,3,950,0,1950,,"2023 NE 175th St, Shoreline, WA 98155, USA",20140602T000000,2023 NE 175th St,Shoreline,WA 98155,USA,98155
2014-06-02,645000.0,4.0,2.5,2430,14400,1.0,0,0,5,1670,760,1963,,"15048 NE 11th Pl, Bellevue, WA 98007, USA",20140602T000000,15048 NE 11th Pl,Bellevue,WA 98007,USA,98007
2014-06-02,730000.0,4.0,2.0,2360,6000,1.0,0,0,5,1260,1100,1939,,"3635 41st Ave W, Seattle, WA 98199, USA",20140602T000000,3635 41st Ave W,Seattle,WA 98199,USA,98199
2014-06-02,366000.0,3.0,1.75,1510,8301,1.0,0,0,3,1510,0,1967,,"8835 NE 138th St, Kirkland, WA 98034, USA",20140602T000000,8835 NE 138th St,Kirkland,WA 98034,USA,98034
2014-06-02,290000.0,3.0,2.5,2080,4828,2.0,0,0,3,2080,0,2002,,"25420 157th Ave SE, Covington, WA 98042, USA",20140602T000000,25420 157th Ave SE,Covington,WA 98042,USA,98042
2014-06-02,472500.0,3.0,2.0,1750,15500,1.0,0,0,3,1490,260,1982,,"20604 SE 24th St, Sammamish, WA 98075, USA",20140602T000000,20604 SE 24th St,Sammamish,WA 98075,USA,98075
2014-06-02,550000.0,3.0,2.0,1810,4064,1.5,0,0,3,1810,0,1925,,"7820 Ashworth Ave N, Seattle, WA 98103, USA",20140602T000000,7820 Ashworth Ave N,Seattle,WA 98103,USA,98103
2014-06-02,410000.0,4.0,1.75,1790,11875,1.0,0,0,4,1490,300,1969,,"560 SW Fernwood St, Issaquah, WA 98027, USA",20140602T000000,560 SW Fernwood St,Issaquah,WA 98027,USA,98027
2014-06-02,440000.0,4.0,2.75,2340,11034,1.0,0,0,3,1720,620,1967,,"19311 47th Ave NE, Lake Forest Park, WA 98155, USA",20140602T000000,19311 47th Ave NE,Lake Forest Park,WA 98155,USA,98155
2014-06-02,535000.0,3.0,2.5,1690,9626,2.0,0,0,3,1690,0,1984,,"4501-4507 186th Ave SE, Issaquah, WA 98027, USA",20140602T000000,4501-4507 186th Ave SE,Issaquah,WA 98027,USA,98027
2014-06-02,300000.0,4.0,2.5,2070,7476,2.0,0,0,3,2070,0,2003,,"11366 SE 298th Pl, Auburn, WA 98092, USA",20140602T000000,11366 SE 298th Pl,Auburn,WA 98092,USA,98092
2014-06-02,432500.0,3.0,2.5,2240,6396,2.0,0,0,3,2240,0,2002,,"7311 Silent Creek Ave SE, Snoqualmie, WA 98065, USA",20140602T000000,7311 Silent Creek Ave SE,Snoqualmie,WA 98065,USA,98065
2014-06-02,870000.0,4.0,3.0,4500,21780,2.0,0,2,3,3040,1460,1980,,"5003 E Mercer Way, Mercer Island, WA 98040, USA",20140602T000000,5003 E Mercer Way,Mercer Island,WA 98040,USA,98040
2014-06-02,492000.0,3.0,1.75,2770,39927,1.0,0,0,4,1580,1190,1978,,"15017 253rd Ave SE, Issaquah, WA 98027, USA",20140602T000000,15017 253rd Ave SE,Issaquah,WA 98027,USA,98027
2014-06-02,199950.0,3.0,1.0,1010,7245,1.0,0,0,3,1010,0,1969,,"29910-29918 21st Ave S, Federal Way, WA 98003, USA",20140602T000000,29910-29918 21st Ave S,Federal Way,WA 98003,USA,98003
2014-06-02,439800.0,3.0,1.5,1120,6900,1.0,0,0,5,1120,0,1956,,"15524 SE 9th St, Bellevue, WA 98007, USA",20140602T000000,15524 SE 9th St,Bellevue,WA 98007,USA,98007
2014-06-02,320000.0,5.0,2.5,3020,21441,1.0,0,0,4,1510,1510,1978,,"29234 158th Ave SE, Kent, WA 98042, USA",20140602T000000,29234 158th Ave SE,Kent,WA 98042,USA,98042
2014-06-02,687000.0,4.0,3.25,4400,186846,2.0,0,0,4,4400,0,1993,,"28808 SE Mud Mountain Rd, Enumclaw, WA 98022, USA",20140602T000000,28808 SE Mud Mountain Rd,Enumclaw,WA 98022,USA,98022
2014-06-02,345000.0,3.0,1.75,1990,5650,1.0,0,1,3,1320,670,1963,,"10238 65th Ave S, Seattle, WA 98178, USA",20140602T000000,10238 65th Ave S,Seattle,WA 98178,USA,98178
2014-06-02,274950.0,3.0,1.0,1450,8820,1.0,0,0,3,1050,400,1958,,"5619 S 149th St, Tukwila, WA 98168, USA",20140602T000000,5619 S 149th St,Tukwila,WA 98168,USA,98168
2014-06-02,270000.0,4.0,2.5,1920,8497,2.0,0,0,3,1920,0,1998,,"5307-5311 Quincy Ave SE, Auburn, WA 98092, USA",20140602T000000,5307-5311 Quincy Ave SE,Auburn,WA 98092,USA,98092
2014-06-02,342000.0,2.0,2.5,1175,1366,2.0,0,0,3,740,435,2005,,"9219 Stone Ave N, Seattle, WA 98103, USA",20140602T000000,9219 Stone Ave N,Seattle,WA 98103,USA,98103
2014-06-02,327000.0,3.0,1.5,1320,13200,1.0,0,0,3,1320,0,1970,,"11406 Nile Ave NE, Renton, WA 98059, USA",20140602T000000,11406 Nile Ave NE,Renton,WA 98059,USA,98059
2014-06-02,610000.0,5.0,2.5,3990,3839,1.0,0,0,4,1990,2000,1962,,"431 26th Ave E, Seattle, WA 98112, USA",20140602T000000,431 26th Ave E,Seattle,WA 98112,USA,98112
2014-06-02,455000.0,2.0,1.0,1140,5720,1.0,0,0,3,850,290,1947,,"2711 NE 75th St, Seattle, WA 98115, USA",20140602T000000,2711 NE 75th St,Seattle,WA 98115,USA,98115
2014-06-02,540000.0,4.0,1.75,1720,4240,1.5,0,0,4,1460,260,1925,,"2722 30th Ave S, Seattle, WA 98144, USA",20140602T000000,2722 30th Ave S,Seattle,WA 98144,USA,98144
2014-06-02,411000.0,4.0,2.75,2150,9915,1.0,0,0,5,1240,910,1976,,"7302 127th Pl SE, Newcastle, WA 98056, USA",20140602T000000,7302 127th Pl SE,Newcastle,WA 98056,USA,98056
2014-06-02,544000.0,3.0,1.5,1790,8203,1.5,0,1,3,1790,0,1910,,"Schmitz Park to Alki Trail, Seattle, WA 98116, USA",20140602T000000,Schmitz Park to Alki Trail,Seattle,WA 98116,USA,98116
2014-06-02,802000.0,2.0,2.5,2210,6327,1.0,0,0,3,2210,0,2003,,"23216 NE 126th St, Redmond, WA 98053, USA",20140602T000000,23216 NE 126th St,Redmond,WA 98053,USA,98053
2014-06-02,568500.0,3.0,2.75,2180,7519,1.0,0,0,4,1310,870,1981,,"10629 161st Avenue Northeast, Redmond, WA 98052, USA",20140602T000000,10629 161st Avenue Northeast,Redmond,WA 98052,USA,98052
2014-06-02,391000.0,3.0,2.25,1410,1290,2.0,0,0,3,1290,120,2004,,"2134 NW Boulder Way Dr, Issaquah, WA 98027, USA",20140602T000000,2134 NW Boulder Way Dr,Issaquah,WA 98027,USA,98027
2014-06-02,298000.0,3.0,2.5,1950,3600,2.0,0,0,3,1950,0,2010,,"24032 SE 263rd Pl, Maple Valley, WA 98038, USA",20140602T000000,24032 SE 263rd Pl,Maple Valley,WA 98038,USA,98038
2014-06-02,400000.0,3.0,2.5,1495,936,3.0,0,0,3,1405,90,2006,,"1108 29th Ave S, Seattle, WA 98144, USA",20140602T000000,1108 29th Ave S,Seattle,WA 98144,USA,98144
2014-06-03,425000.0,3.0,2.25,1660,6000,1.0,0,0,3,1110,550,1979,,"942 27th Ave, Seattle, WA 98122, USA",20140603T000000,942 27th Ave,Seattle,WA 98122,USA,98122
2014-06-03,328500.0,3.0,2.5,1950,8130,2.0,0,0,4,1950,0,1990,,"23915 135th Pl SE, Kent, WA 98042, USA",20140603T000000,23915 135th Pl SE,Kent,WA 98042,USA,98042
2014-06-03,650000.0,5.0,2.75,2550,5040,1.5,0,0,5,2550,0,1902,,"1417 26th Ave, Seattle, WA 98122, USA",20140603T000000,1417 26th Ave,Seattle,WA 98122,USA,98122
2014-06-03,850000.0,3.0,1.75,1370,3850,1.0,0,0,5,770,600,1911,1988.0,"2015 42nd Ave E, Seattle, WA 98112, USA",20140603T000000,2015 42nd Ave E,Seattle,WA 98112,USA,98112
2014-06-03,930000.0,4.0,2.5,2200,4000,2.0,0,0,5,1430,770,1908,,"2418 10th Ave W, Seattle, WA 98119, USA",20140603T000000,2418 10th Ave W,Seattle,WA 98119,USA,98119
2014-06-03,530000.0,3.0,1.75,1250,6041,1.5,0,0,5,1250,0,1942,,"2202 NE 83rd St, Seattle, WA 98115, USA",20140603T000000,2202 NE 83rd St,Seattle,WA 98115,USA,98115
2014-06-03,495000.0,4.0,2.25,2220,8872,1.0,0,0,4,1110,1110,1961,,"5918 128th Ave SE, Bellevue, WA 98006, USA",20140603T000000,5918 128th Ave SE,Bellevue,WA 98006,USA,98006
2014-06-03,500000.0,3.0,1.75,1620,4200,1.0,0,0,5,830,790,1945,,"6209 40th Ave NE, Seattle, WA 98115, USA",20140603T000000,6209 40th Ave NE,Seattle,WA 98115,USA,98115
2014-06-03,325000.0,3.0,1.75,2250,26337,1.0,0,0,3,2250,0,1980,,"33316 E Lake Holm Dr SE, Auburn, WA 98092, USA",20140603T000000,33316 E Lake Holm Dr SE,Auburn,WA 98092,USA,98092
2014-06-03,365000.0,3.0,2.5,1720,99916,2.0,0,0,4,1720,0,1990,,"29245 188 Ave SE, Kent, WA 98042, USA",20140603T000000,29245 188 Ave SE,Kent,WA 98042,USA,98042
2014-06-03,471000.0,4.0,2.5,3030,9687,2.0,0,0,3,2020,1010,1998,,"1165 SW 12th St, North Bend, WA 98045, USA",20140603T000000,1165 SW 12th St,North Bend,WA 98045,USA,98045
2014-06-03,223000.0,3.0,1.0,1030,9120,1.0,0,0,3,1030,0,1961,,"26825 33rd Ave S, Kent, WA 98032, USA",20140603T000000,26825 33rd Ave S,Kent,WA 98032,USA,98032
2014-06-03,503000.0,3.0,2.5,2190,4882,2.0,0,0,3,2190,0,1999,,"18649 22nd Pl NE, Lake Forest Park, WA 98155, USA",20140603T000000,18649 22nd Pl NE,Lake Forest Park,WA 98155,USA,98155
2014-06-03,230000.0,3.0,2.0,1440,5600,1.0,0,0,4,720,720,1942,2007.0,"2508 NE 7th St, Renton, WA 98056, USA",20140603T000000,2508 NE 7th St,Renton,WA 98056,USA,98056
2014-06-03,550000.0,4.0,2.5,2170,9600,1.0,0,0,3,1460,710,1980,,"8520 169th Ct NE, Redmond, WA 98052, USA",20140603T000000,8520 169th Ct NE,Redmond,WA 98052,USA,98052
2014-06-03,1100000.0,4.0,3.75,2930,3200,1.5,0,0,5,2130,800,1925,,"115 W Raye St, Seattle, WA 98119, USA",20140603T000000,115 W Raye St,Seattle,WA 98119,USA,98119
2014-06-03,193000.0,3.0,1.5,1180,9048,1.0,0,0,3,1180,0,1960,,"454 S 190th St, Burien, WA 98148, USA",20140603T000000,454 S 190th St,Burien,WA 98148,USA,98148
2014-06-03,590000.0,4.0,4.25,2360,57514,2.0,0,0,4,2360,0,1939,1987.0,"2862 S 354th Ln, Federal Way, WA 98003, USA",20140603T000000,2862 S 354th Ln,Federal Way,WA 98003,USA,98003
2014-06-03,712500.0,3.0,1.5,1660,8797,1.0,0,0,4,1660,0,1956,,"10414 SE 24th Pl, Bellevue, WA 98004, USA",20140603T000000,10414 SE 24th Pl,Bellevue,WA 98004,USA,98004
2014-06-03,689800.0,3.0,2.75,2390,9313,1.0,0,0,5,1390,1000,1942,,"12575 Corliss Ave N, Seattle, WA 98133, USA",20140603T000000,12575 Corliss Ave N,Seattle,WA 98133,USA,98133
2014-06-03,430000.0,3.0,2.0,1360,5120,1.5,0,0,4,910,450,1924,,"4822 48th Ave SW, Seattle, WA 98116, USA",20140603T000000,4822 48th Ave SW,Seattle,WA 98116,USA,98116
2014-06-03,785200.0,3.0,2.25,1840,3500,1.5,0,0,5,1540,300,1910,,"3110 E Jefferson St, Seattle, WA 98122, USA",20140603T000000,3110 E Jefferson St,Seattle,WA 98122,USA,98122
2014-06-03,474900.0,3.0,2.25,1800,43647,1.0,0,0,4,1800,0,1976,,"20337 156th Ave NE, Woodinville, WA 98072, USA",20140603T000000,20337 156th Ave NE,Woodinville,WA 98072,USA,98072
2014-06-03,1070000.0,4.0,3.75,4130,12320,2.0,0,0,3,4130,0,2001,,"14212 SE 92nd St, Newcastle, WA 98059, USA",20140603T000000,14212 SE 92nd St,Newcastle,WA 98059,USA,98059
2014-06-03,435000.0,3.0,1.75,2220,132858,1.0,0,0,3,1110,1110,1988,,"13009 230th Ave SE, Issaquah, WA 98027, USA",20140603T000000,13009 230th Ave SE,Issaquah,WA 98027,USA,98027
2014-06-03,941500.0,5.0,3.5,3490,9680,2.0,0,4,3,2460,1030,1980,,"20122 Richmond Beach Dr NW, Shoreline, WA 98177, USA",20140603T000000,20122 Richmond Beach Dr NW,Shoreline,WA 98177,USA,98177
2014-06-03,312000.0,4.0,2.5,1830,5175,2.0,0,0,3,1830,0,2003,,"27369 245th Ave SE, Maple Valley, WA 98038, USA",20140603T000000,27369 245th Ave SE,Maple Valley,WA 98038,USA,98038
2014-06-03,835000.0,4.0,2.75,1550,4000,1.5,0,0,3,1550,0,1930,,"4325 NE 43rd St, Seattle, WA 98105, USA",20140603T000000,4325 NE 43rd St,Seattle,WA 98105,USA,98105
2014-06-03,713250.0,3.0,2.0,2050,9000,1.0,0,0,4,2050,0,1951,,"2416 70th Ave SE, Mercer Island, WA 98040, USA",20140603T000000,2416 70th Ave SE,Mercer Island,WA 98040,USA,98040
2014-06-03,440000.0,2.0,1.0,1230,6600,1.0,0,0,3,1130,100,1906,,"3934 S Hudson St, Seattle, WA 98118, USA",20140603T000000,3934 S Hudson St,Seattle,WA 98118,USA,98118
2014-06-03,580135.0,4.0,2.5,3150,5886,2.0,0,0,3,3150,0,2014,,"13516 164th Ave SE, Renton, WA 98059, USA",20140603T000000,13516 164th Ave SE,Renton,WA 98059,USA,98059
2014-06-03,575000.0,3.0,2.25,3800,33825,1.0,0,0,4,3330,470,1976,,"24716 142nd Ave SE, Kent, WA 98042, USA",20140603T000000,24716 142nd Ave SE,Kent,WA 98042,USA,98042
2014-06-03,613000.0,3.0,2.5,1350,3068,2.0,0,0,3,1350,0,1991,,"819 31st Ave, Seattle, WA 98122, USA",20140603T000000,819 31st Ave,Seattle,WA 98122,USA,98122
2014-06-03,235000.0,3.0,2.0,1530,8700,1.0,0,0,4,1530,0,1970,,"2925 Morris Ave S, Renton, WA 98055, USA",20140603T000000,2925 Morris Ave S,Renton,WA 98055,USA,98055
2014-06-03,660000.0,3.0,2.5,2290,2798,3.0,0,0,4,2290,0,1953,1983.0,"2402 Delmar Dr E, Seattle, WA 98102, USA",20140603T000000,2402 Delmar Dr E,Seattle,WA 98102,USA,98102
2014-06-03,280000.0,2.0,1.5,1480,15641,1.0,0,0,4,1480,0,1940,,"11405 26th Ave SW, Seattle, WA 98146, USA",20140603T000000,11405 26th Ave SW,Seattle,WA 98146,USA,98146
2014-06-03,268000.0,3.0,1.75,1970,10270,1.0,0,0,4,1970,0,1966,,"3644 Manchester Way, Kent, WA 98032, USA",20140603T000000,3644 Manchester Way,Kent,WA 98032,USA,98032
2014-06-03,235000.0,2.0,1.0,720,4840,1.0,0,0,4,720,0,1947,,"5403 34th Ave SW, Seattle, WA 98126, USA",20140603T000000,5403 34th Ave SW,Seattle,WA 98126,USA,98126
2014-06-03,390000.0,3.0,2.0,1080,7236,1.0,0,0,5,1080,0,1947,,"808 NE 117th St, Seattle, WA 98125, USA",20140603T000000,808 NE 117th St,Seattle,WA 98125,USA,98125
2014-06-03,654950.0,4.0,2.5,2790,45902,2.0,0,0,3,2790,0,1987,,"19218 189th Pl NE, Woodinville, WA 98077, USA",20140603T000000,19218 189th Pl NE,Woodinville,WA 98077,USA,98077
2014-06-03,449500.0,5.0,2.75,2040,7488,1.0,0,0,4,1200,840,1969,,"12610 NE 142nd St, Kirkland, WA 98034, USA",20140603T000000,12610 NE 142nd St,Kirkland,WA 98034,USA,98034
2014-06-03,150000.0,3.0,1.0,1320,8220,1.0,0,0,3,1320,0,1959,,"1904 S 259th St, Des Moines, WA 98198, USA",20140603T000000,1904 S 259th St,Des Moines,WA 98198,USA,98198
2014-06-03,440000.0,3.0,2.25,1680,57063,2.0,0,0,4,1680,0,1989,,"43105 SE 149th St, North Bend, WA 98045, USA",20140603T000000,43105 SE 149th St,North Bend,WA 98045,USA,98045
2014-06-03,710000.0,3.0,2.0,2140,4923,1.0,0,0,4,1070,1070,1928,,"8250 Ashworth Ave N, Seattle, WA 98103, USA",20140603T000000,8250 Ashworth Ave N,Seattle,WA 98103,USA,98103
2014-06-03,420000.0,3.0,1.75,1660,9600,1.0,0,0,3,1380,280,1981,,"18223 129th Pl NE, Bothell, WA 98011, USA",20140603T000000,18223 129th Pl NE,Bothell,WA 98011,USA,98011
2014-06-03,312000.0,3.0,2.25,1540,5338,1.0,0,0,5,770,770,1954,,"9014 Ravenna Ave NE, Seattle, WA 98115, USA",20140603T000000,9014 Ravenna Ave NE,Seattle,WA 98115,USA,98115
2014-06-03,320000.0,3.0,2.0,1880,10758,1.0,0,0,5,940,940,1952,,"14712 SE 105th Pl, Renton, WA 98059, USA",20140603T000000,14712 SE 105th Pl,Renton,WA 98059,USA,98059
2014-06-03,235000.0,3.0,1.0,1250,15603,1.0,0,0,4,1250,0,1959,,"12522 SE 105th St, Renton, WA 98056, USA",20140603T000000,12522 SE 105th St,Renton,WA 98056,USA,98056
2014-06-03,437000.0,5.0,2.0,2120,137565,1.5,0,0,3,2120,0,1913,,"16633 Westside Hwy SW, Vashon, WA 98070, USA",20140603T000000,16633 Westside Hwy SW,Vashon,WA 98070,USA,98070
2014-06-03,545000.0,3.0,1.75,1810,3000,1.5,0,0,4,1810,0,1903,,"4331 5th Ave NW, Seattle, WA 98107, USA",20140603T000000,4331 5th Ave NW,Seattle,WA 98107,USA,98107
2014-06-03,640000.0,3.0,2.5,2370,11172,2.0,0,0,3,2370,0,1993,,"12020 SE 76th St, Newcastle, WA 98056, USA",20140603T000000,12020 SE 76th St,Newcastle,WA 98056,USA,98056
2014-06-03,432000.0,3.0,2.5,1970,4036,2.0,0,0,4,1970,0,2003,,"35317 SE Ridge St, Snoqualmie, WA 98065, USA",20140603T000000,35317 SE Ridge St,Snoqualmie,WA 98065,USA,98065
2014-06-03,548000.0,3.0,2.5,2110,4099,2.0,0,0,3,2110,0,2001,,"17041 128th Pl NE, Woodinville, WA 98072, USA",20140603T000000,17041 128th Pl NE,Woodinville,WA 98072,USA,98072
2014-06-03,830000.0,3.0,3.0,2080,10521,1.5,0,0,3,2080,0,2004,,"8359 NE Juanita Dr, Kirkland, WA 98034, USA",20140603T000000,8359 NE Juanita Dr,Kirkland,WA 98034,USA,98034
2014-06-03,875000.0,4.0,2.25,3720,12384,1.0,0,2,5,1860,1860,1970,,"2929 200th Ave SE, Sammamish, WA 98075, USA",20140603T000000,2929 200th Ave SE,Sammamish,WA 98075,USA,98075
2014-06-03,409950.0,2.0,1.75,1370,5125,1.0,0,0,5,1370,0,1944,,"929 N 88th St, Seattle, WA 98103, USA",20140603T000000,929 N 88th St,Seattle,WA 98103,USA,98103
2014-06-03,695000.0,4.0,2.5,2961,12146,2.0,0,0,3,2961,0,1998,,"21548 SE 28th Ln, Sammamish, WA 98075, USA",20140603T000000,21548 SE 28th Ln,Sammamish,WA 98075,USA,98075
2014-06-03,562100.0,3.0,2.25,2090,12112,2.0,0,0,3,2090,0,1983,,"15703 NE 113th Ct, Redmond, WA 98052, USA",20140603T000000,15703 NE 113th Ct,Redmond,WA 98052,USA,98052
2014-06-03,475000.0,3.0,2.5,2600,7210,2.0,0,0,3,2600,0,1989,,"5054 NE 23rd St, Renton, WA 98059, USA",20140603T000000,5054 NE 23rd St,Renton,WA 98059,USA,98059
2014-06-03,425000.0,3.0,2.25,1870,9000,1.0,0,0,3,1440,430,1978,,"10559 NE 150th Ct, Bothell, WA 98011, USA",20140603T000000,10559 NE 150th Ct,Bothell,WA 98011,USA,98011
2014-06-03,600000.0,4.0,2.5,2620,9873,2.0,0,0,3,2620,0,1987,,"2830 216th Ave SE, Issaquah, WA 98075, USA",20140603T000000,2830 216th Ave SE,Issaquah,WA 98075,USA,98075
2014-06-03,770000.0,3.0,2.5,2430,54059,2.0,0,0,3,2430,0,1987,,"15105 262nd Ave SE, Issaquah, WA 98027, USA",20140603T000000,15105 262nd Ave SE,Issaquah,WA 98027,USA,98027
2014-06-03,239000.0,3.0,1.75,1340,16480,1.0,0,0,4,1340,0,1968,,"26510 134th Ave SE, Kent, WA 98042, USA",20140603T000000,26510 134th Ave SE,Kent,WA 98042,USA,98042
2014-06-03,295000.0,2.0,1.0,1170,10621,1.0,0,0,3,1170,0,1963,,"507 Janet Ave NE, North Bend, WA 98045, USA",20140603T000000,507 Janet Ave NE,North Bend,WA 98045,USA,98045
2014-06-03,560000.0,3.0,1.75,2000,10182,1.0,0,0,5,1400,600,1963,,"6110 123rd Ave NE, Kirkland, WA 98033, USA",20140603T000000,6110 123rd Ave NE,Kirkland,WA 98033,USA,98033
2014-06-03,613000.0,5.0,2.5,2070,12000,1.0,0,0,4,1340,730,1967,,"1813 177th Ave NE, Bellevue, WA 98008, USA",20140603T000000,1813 177th Ave NE,Bellevue,WA 98008,USA,98008
2014-06-03,960000.0,4.0,3.0,4590,9150,2.0,0,0,3,3490,1100,1981,,"13003 13th Ave NW, Seattle, WA 98177, USA",20140603T000000,13003 13th Ave NW,Seattle,WA 98177,USA,98177
2014-06-03,847000.0,5.0,1.0,2550,4623,2.5,0,0,4,2550,0,1905,,"805 30th Ave, Seattle, WA 98122, USA",20140603T000000,805 30th Ave,Seattle,WA 98122,USA,98122
2014-06-03,206000.0,3.0,1.0,1060,9600,1.0,0,0,4,1060,0,1962,,"35014 19th Ave SW, Federal Way, WA 98023, USA",20140603T000000,35014 19th Ave SW,Federal Way,WA 98023,USA,98023
2014-06-03,253000.0,2.0,1.75,1220,5000,1.0,0,0,5,860,360,1921,,"506 Wells Ave N, Renton, WA 98057, USA",20140603T000000,506 Wells Ave N,Renton,WA 98057,USA,98057
2014-06-03,430000.0,4.0,2.25,1790,7203,1.0,0,0,4,1110,680,1973,,"19534 34th Ave NE, Lake Forest Park, WA 98155, USA",20140603T000000,19534 34th Ave NE,Lake Forest Park,WA 98155,USA,98155
2014-06-03,605000.0,3.0,2.0,2060,4040,1.0,0,0,4,1120,940,1947,,"510 N 70th St, Seattle, WA 98103, USA",20140603T000000,510 N 70th St,Seattle,WA 98103,USA,98103
2014-06-03,425000.0,2.0,2.5,1140,1182,3.0,0,0,3,1140,0,2007,,"2017 NW 59th St, Seattle, WA 98107, USA",20140603T000000,2017 NW 59th St,Seattle,WA 98107,USA,98107
2014-06-03,720000.0,4.0,2.5,2870,12648,2.0,0,0,4,2870,0,1986,,"24146 SE 45th Pl, Issaquah, WA 98029, USA",20140603T000000,24146 SE 45th Pl,Issaquah,WA 98029,USA,98029
2014-06-03,375900.0,6.0,1.5,2550,33740,1.0,0,0,4,1750,800,1958,,"31207 22nd Ave SW, Federal Way, WA 98023, USA",20140603T000000,31207 22nd Ave SW,Federal Way,WA 98023,USA,98023
2014-06-03,1298000.0,4.0,3.5,2790,10125,1.5,0,0,5,2790,0,1985,,"4510 89th Ave SE, Mercer Island, WA 98040, USA",20140603T000000,4510 89th Ave SE,Mercer Island,WA 98040,USA,98040
2014-06-03,210000.0,3.0,1.0,1110,7962,1.0,0,0,3,1110,0,1962,,"11048 21st Ave SW, Seattle, WA 98146, USA",20140603T000000,11048 21st Ave SW,Seattle,WA 98146,USA,98146
2014-06-03,234000.0,2.0,1.0,940,5375,1.0,0,0,4,940,0,1952,,"20214 8th Ave S, Des Moines, WA 98198, USA",20140603T000000,20214 8th Ave S,Des Moines,WA 98198,USA,98198
2014-06-03,285000.0,3.0,1.75,2880,18296,1.0,0,0,3,1580,1300,1958,,"4071 S 128th St, Tukwila, WA 98168, USA",20140603T000000,4071 S 128th St,Tukwila,WA 98168,USA,98168
2014-06-03,400000.0,3.0,1.5,1200,4800,1.0,0,0,4,1200,0,1962,,"15226 SE 1st Pl, Bellevue, WA 98007, USA",20140603T000000,15226 SE 1st Pl,Bellevue,WA 98007,USA,98007
2014-06-03,718000.0,3.0,1.0,1030,4958,1.0,0,0,5,1030,0,1952,,"4760 47th Ave NE, Seattle, WA 98105, USA",20140603T000000,4760 47th Ave NE,Seattle,WA 98105,USA,98105
2014-06-03,174500.0,2.0,2.5,1240,2689,2.0,0,0,3,1240,0,1986,,"829 S 310th Pl, Federal Way, WA 98003, USA",20140603T000000,829 S 310th Pl,Federal Way,WA 98003,USA,98003
2014-06-03,222400.0,3.0,2.0,1200,9566,1.0,0,0,3,1200,0,1995,,"124 Mt Vista Pl SW, Pacific, WA 98047, USA",20140603T000000,124 Mt Vista Pl SW,Pacific,WA 98047,USA,98047
2014-06-03,402500.0,3.0,3.25,2780,4002,2.0,0,0,3,2780,0,2009,,"14806 279th Ln NE, Duvall, WA 98019, USA",20140603T000000,14806 279th Ln NE,Duvall,WA 98019,USA,98019
2014-06-03,250000.0,3.0,2.25,1765,7652,2.0,0,0,3,1765,0,1996,,"33015 4th Pl S, Federal Way, WA 98003, USA",20140603T000000,33015 4th Pl S,Federal Way,WA 98003,USA,98003
2014-06-03,600000.0,4.0,2.5,1960,14242,1.0,0,1,4,1290,670,1958,,"12048 Standring Ct SW, Burien, WA 98146, USA",20140603T000000,12048 Standring Ct SW,Burien,WA 98146,USA,98146
2014-06-03,930000.0,2.0,2.5,2680,11214,1.0,0,0,3,2680,0,2006,,"24035 NE Adair Rd, Redmond, WA 98053, USA",20140603T000000,24035 NE Adair Rd,Redmond,WA 98053,USA,98053
2014-06-03,272500.0,3.0,2.0,1410,7622,1.0,0,0,4,1410,0,1983,,"14608 SE 195th Pl, Renton, WA 98058, USA",20140603T000000,14608 SE 195th Pl,Renton,WA 98058,USA,98058
2014-06-03,363990.0,4.0,2.5,2240,3712,2.0,0,0,3,2240,0,2014,,"27433-27475 211th Ct SE, Maple Valley, WA 98038, USA",20140603T000000,27433-27475 211th Ct SE,Maple Valley,WA 98038,USA,98038
2014-06-03,575000.0,4.0,2.75,3120,7644,2.0,0,0,3,3120,0,2010,,"9423 Ash Ave SE, Snoqualmie, WA 98065, USA",20140603T000000,9423 Ash Ave SE,Snoqualmie,WA 98065,USA,98065
2014-06-03,400000.0,3.0,2.25,1450,4706,2.0,0,0,3,1450,0,2009,,"8018 NE 183rd St, Kenmore, WA 98028, USA",20140603T000000,8018 NE 183rd St,Kenmore,WA 98028,USA,98028
2014-06-03,427874.0,3.0,3.0,2340,5002,2.0,0,0,3,2340,0,2013,,"897 SE 11th St, North Bend, WA 98045, USA",20140603T000000,897 SE 11th St,North Bend,WA 98045,USA,98045
2014-06-03,309000.0,5.0,2.75,2481,4045,2.0,0,0,3,2481,0,2014,,"38071 39th Ave S, Auburn, WA 98001, USA",20140603T000000,38071 39th Ave S,Auburn,WA 98001,USA,98001
2014-06-03,320000.0,3.0,3.25,1530,1602,2.0,0,0,3,1140,390,2013,,"5201 23rd Ave SW, Seattle, WA 98106, USA",20140603T000000,5201 23rd Ave SW,Seattle,WA 98106,USA,98106
2014-06-04,390000.0,3.0,2.25,1250,7500,1.0,0,0,5,1250,0,1942,,"10111 32nd Pl SW, Seattle, WA 98146, USA",20140604T000000,10111 32nd Pl SW,Seattle,WA 98146,USA,98146
2014-06-04,299000.0,1.0,0.75,560,12120,1.0,0,0,3,560,0,1967,,"8314 361st Ave NE, Carnation, WA 98014, USA",20140604T000000,8314 361st Ave NE,Carnation,WA 98014,USA,98014
2014-06-04,375000.0,4.0,1.75,2200,7475,1.0,0,0,5,1100,1100,1955,,"6609 43rd Ave S, Seattle, WA 98118, USA",20140604T000000,6609 43rd Ave S,Seattle,WA 98118,USA,98118
2014-06-04,240500.0,3.0,1.75,1460,10584,1.0,0,0,3,990,470,1997,,"1219 S 124th St, Seattle, WA 98168, USA",20140604T000000,1219 S 124th St,Seattle,WA 98168,USA,98168
2014-06-04,320000.0,3.0,1.5,1650,9380,1.0,0,0,5,1130,520,1978,,"16710 133rd Pl SE, Renton, WA 98058, USA",20140604T000000,16710 133rd Pl SE,Renton,WA 98058,USA,98058
2014-06-04,1270000.0,5.0,2.5,3200,17204,1.0,0,0,3,2160,1040,1952,,"8726 NE 11th St, Bellevue, WA 98004, USA",20140604T000000,8726 NE 11th St,Bellevue,WA 98004,USA,98004
2014-06-04,658588.0,3.0,2.25,2560,41346,2.0,0,0,3,2560,0,1986,,"12923 206th Ct SE, Issaquah, WA 98027, USA",20140604T000000,12923 206th Ct SE,Issaquah,WA 98027,USA,98027
2014-06-04,270000.0,3.0,2.25,2080,4252,1.5,0,0,3,1550,530,2003,,"20442 137th Ave SE, Kent, WA 98042, USA",20140604T000000,20442 137th Ave SE,Kent,WA 98042,USA,98042
2014-06-04,327500.0,3.0,1.0,1070,7140,1.0,0,0,3,1070,0,1989,,"3510 S Holly St, Seattle, WA 98118, USA",20140604T000000,3510 S Holly St,Seattle,WA 98118,USA,98118
2014-06-04,340000.0,3.0,1.75,2190,12626,2.0,0,0,4,2190,0,1978,,"14000 SE 241st St, Kent, WA 98042, USA",20140604T000000,14000 SE 241st St,Kent,WA 98042,USA,98042
2014-06-04,200000.0,3.0,1.5,2060,15837,1.5,0,0,3,2060,0,1903,,"13315 88th Ave S, Renton, WA 98057, USA",20140604T000000,13315 88th Ave S,Renton,WA 98057,USA,98057
2014-06-04,1025000.0,3.0,1.75,2640,8000,1.0,0,3,4,1320,1320,1960,,"3057 70th Ave SE, Mercer Island, WA 98040, USA",20140604T000000,3057 70th Ave SE,Mercer Island,WA 98040,USA,98040
2014-06-04,275000.0,3.0,2.5,1720,8755,1.0,0,0,3,1000,720,1983,,"31607 45th Pl SW, Federal Way, WA 98023, USA",20140604T000000,31607 45th Pl SW,Federal Way,WA 98023,USA,98023
2014-06-04,1126000.0,5.0,3.5,3880,13885,2.0,0,3,4,2540,1340,1979,,"13800 SE 43rd St, Bellevue, WA 98006, USA",20140604T000000,13800 SE 43rd St,Bellevue,WA 98006,USA,98006
2014-06-04,280000.0,2.0,1.0,960,4920,1.0,0,0,3,960,0,1942,,"9007 4th Ave NW, Seattle, WA 98117, USA",20140604T000000,9007 4th Ave NW,Seattle,WA 98117,USA,98117
2014-06-04,485000.0,3.0,2.5,2340,59058,1.0,0,0,3,2340,0,1985,,"21924 234th Ave SE, Maple Valley, WA 98038, USA",20140604T000000,21924 234th Ave SE,Maple Valley,WA 98038,USA,98038
2014-06-04,1901000.0,3.0,2.5,2660,13367,2.0,0,2,3,2660,0,1992,,"4612 92nd Ave NE, Yarrow Point, WA 98004, USA",20140604T000000,4612 92nd Ave NE,Yarrow Point,WA 98004,USA,98004
2014-06-04,865000.0,3.0,1.75,2090,4725,2.0,0,0,3,1610,480,1947,2013.0,"2825 W Elmore Pl, Seattle, WA 98199, USA",20140604T000000,2825 W Elmore Pl,Seattle,WA 98199,USA,98199
2014-06-04,532000.0,3.0,2.5,1820,4910,2.0,0,0,3,1820,0,1993,,"25756 SE 41st St, Issaquah, WA 98029, USA",20140604T000000,25756 SE 41st St,Issaquah,WA 98029,USA,98029
2014-06-04,364950.0,4.0,2.5,2310,8030,2.0,0,0,3,2310,0,1978,,"15929 Broadway Ave NE, Duvall, WA 98019, USA",20140604T000000,15929 Broadway Ave NE,Duvall,WA 98019,USA,98019
2014-06-04,212500.0,3.0,1.0,920,14400,1.0,0,0,4,920,0,1977,,"35632 52nd Ave S, Auburn, WA 98001, USA",20140604T000000,35632 52nd Ave S,Auburn,WA 98001,USA,98001
2014-06-04,135000.0,1.0,1.0,790,13062,1.0,0,0,3,790,0,1942,,"1641 S 124th St, Seattle, WA 98168, USA",20140604T000000,1641 S 124th St,Seattle,WA 98168,USA,98168
2014-06-04,437000.0,2.0,1.75,1500,6800,1.0,0,0,4,910,590,1942,,"9702 12th Ave NW, Seattle, WA 98117, USA",20140604T000000,9702 12th Ave NW,Seattle,WA 98117,USA,98117
2014-06-04,390000.0,3.0,1.0,1240,11108,1.0,0,0,4,1240,0,1952,,"1348 SW 175th St, Normandy Park, WA 98166, USA",20140604T000000,1348 SW 175th St,Normandy Park,WA 98166,USA,98166
2014-06-04,760000.0,4.0,2.5,2730,36183,2.0,0,0,3,2730,0,1986,,"11511 159th Ave NE, Redmond, WA 98052, USA",20140604T000000,11511 159th Ave NE,Redmond,WA 98052,USA,98052
2014-06-04,119500.0,3.0,1.0,1170,11000,1.0,0,0,2,1170,0,1980,,"14800 Kennedy Pl NE, Duvall, WA 98019, USA",20140604T000000,14800 Kennedy Pl NE,Duvall,WA 98019,USA,98019
2014-06-04,2400000.0,5.0,3.25,3410,9088,2.0,0,3,3,2760,650,1912,,"309 W Prospect St, Seattle, WA 98119, USA",20140604T000000,309 W Prospect St,Seattle,WA 98119,USA,98119
2014-06-04,837500.0,4.0,2.5,2700,9320,2.0,0,0,4,2700,0,1994,,"1317 5th Ln, Kirkland, WA 98033, USA",20140604T000000,1317 5th Ln,Kirkland,WA 98033,USA,98033
2014-06-04,327500.0,4.0,1.75,1650,7800,1.0,0,0,3,1650,0,1968,,"15035-15041 SE Fairwood Blvd, Renton, WA 98058, USA",20140604T000000,15035-15041 SE Fairwood Blvd,Renton,WA 98058,USA,98058
2014-06-04,175000.0,2.0,1.0,670,2378,1.0,0,0,3,670,0,1919,,"3021-1/2 SW Harbor Ln, Seattle, WA 98126, USA",20140604T000000,3021-1/2 SW Harbor Ln,Seattle,WA 98126,USA,98126
2014-06-04,289950.0,3.0,2.0,1670,7757,1.0,0,0,3,1670,0,1992,,"10009 SE 247th Pl, Kent, WA 98030, USA",20140604T000000,10009 SE 247th Pl,Kent,WA 98030,USA,98030
2014-06-04,400000.0,3.0,1.75,1530,10731,1.0,0,0,3,1530,0,1986,,"18917 72nd Ct NE, Kenmore, WA 98028, USA",20140604T000000,18917 72nd Ct NE,Kenmore,WA 98028,USA,98028
2014-06-04,219950.0,3.0,2.25,1500,7615,1.0,0,0,3,1150,350,1984,,"32110 12th Pl SW, Federal Way, WA 98023, USA",20140604T000000,32110 12th Pl SW,Federal Way,WA 98023,USA,98023
2014-06-04,161700.0,4.0,1.75,1720,7200,1.0,0,0,3,1220,500,1974,,"32955-32977 33rd Ave SW, Federal Way, WA 98023, USA",20140604T000000,32955-32977 33rd Ave SW,Federal Way,WA 98023,USA,98023
2014-06-04,500000.0,5.0,3.0,2920,11440,2.0,0,0,3,2920,0,2003,,"18202 Dayton Ave N, Shoreline, WA 98133, USA",20140604T000000,18202 Dayton Ave N,Shoreline,WA 98133,USA,98133
2014-06-04,465000.0,3.0,1.0,910,4500,1.0,0,0,3,910,0,1948,,"2915 NW 75th St, Seattle, WA 98117, USA",20140604T000000,2915 NW 75th St,Seattle,WA 98117,USA,98117
2014-06-04,540000.0,3.0,1.0,1050,4160,1.0,0,0,4,1050,0,1925,,"2511 NE 65th St, Seattle, WA 98115, USA",20140604T000000,2511 NE 65th St,Seattle,WA 98115,USA,98115
2014-06-04,525000.0,3.0,2.0,1540,7800,1.0,0,0,3,1540,0,2004,,"10340 38th Ave NE, Seattle, WA 98125, USA",20140604T000000,10340 38th Ave NE,Seattle,WA 98125,USA,98125
2014-06-04,324950.0,3.0,1.0,1210,7440,1.0,0,0,3,1210,0,1949,,"15243 6th Ave NE, Shoreline, WA 98155, USA",20140604T000000,15243 6th Ave NE,Shoreline,WA 98155,USA,98155
2014-06-04,565000.0,5.0,2.5,2650,11455,1.0,0,0,3,1400,1250,1961,,"527 171st Pl NE, Bellevue, WA 98008, USA",20140604T000000,527 171st Pl NE,Bellevue,WA 98008,USA,98008
2014-06-04,760500.0,3.0,2.0,1990,3990,1.0,0,0,5,1130,860,1912,,"4117 Bagley Ave N, Seattle, WA 98103, USA",20140604T000000,4117 Bagley Ave N,Seattle,WA 98103,USA,98103
2014-06-04,1100000.0,5.0,2.75,2660,8737,1.0,0,4,5,1470,1190,1969,,"4435 140th Ave SE, Bellevue, WA 98006, USA",20140604T000000,4435 140th Ave SE,Bellevue,WA 98006,USA,98006
2014-06-04,603500.0,4.0,2.5,4060,9734,1.0,0,4,3,2150,1910,1977,,"19304 65th Ave NE, Kenmore, WA 98028, USA",20140604T000000,19304 65th Ave NE,Kenmore,WA 98028,USA,98028
2014-06-04,453500.0,5.0,2.5,2300,23345,1.0,0,0,5,1170,1130,1967,,"16930 SE 144th St, Renton, WA 98059, USA",20140604T000000,16930 SE 144th St,Renton,WA 98059,USA,98059
2014-06-04,583000.0,6.0,2.75,2630,16411,1.0,0,0,4,1650,980,1974,,"2317-2399 185th Pl NE, Redmond, WA 98052, USA",20140604T000000,2317-2399 185th Pl NE,Redmond,WA 98052,USA,98052
2014-06-04,275000.0,2.0,1.0,770,8149,1.0,0,0,5,770,0,1948,,"15346-15348 25th Ave NE, Shoreline, WA 98155, USA",20140604T000000,15346-15348 25th Ave NE,Shoreline,WA 98155,USA,98155
2014-06-04,875000.0,4.0,2.75,3790,10669,2.0,0,0,3,3790,0,1999,,"1223 269th Ave SE, Sammamish, WA 98075, USA",20140604T000000,1223 269th Ave SE,Sammamish,WA 98075,USA,98075
2014-06-04,335000.0,4.0,2.75,2540,7210,1.0,0,0,4,1600,940,1979,,"15901-15999 131st Pl SE, Renton, WA 98058, USA",20140604T000000,15901-15999 131st Pl SE,Renton,WA 98058,USA,98058
2014-06-04,646000.0,4.0,2.25,2500,8500,1.0,0,0,4,1600,900,1978,,"4615 158th Ave SE, Bellevue, WA 98006, USA",20140604T000000,4615 158th Ave SE,Bellevue,WA 98006,USA,98006
2014-06-04,392500.0,4.0,2.5,2150,7303,2.0,0,0,3,2150,0,2005,,"2709 NE 22nd St, Renton, WA 98056, USA",20140604T000000,2709 NE 22nd St,Renton,WA 98056,USA,98056
2014-06-04,785000.0,3.0,1.75,1670,9600,1.0,0,0,5,1670,0,1961,,"3764 79th Ave SE, Mercer Island, WA 98040, USA",20140604T000000,3764 79th Ave SE,Mercer Island,WA 98040,USA,98040
2014-06-04,470000.0,3.0,2.0,1800,12669,1.0,0,0,3,1800,0,1956,1990.0,"10406 126th Ave NE, Kirkland, WA 98033, USA",20140604T000000,10406 126th Ave NE,Kirkland,WA 98033,USA,98033
2014-06-04,560000.0,3.0,2.5,2070,12708,2.0,0,0,3,2070,0,1996,,"8203 120th Pl SE, Newcastle, WA 98056, USA",20140604T000000,8203 120th Pl SE,Newcastle,WA 98056,USA,98056
2014-06-04,519000.0,2.0,1.0,830,2820,1.0,0,0,4,830,0,1920,,"8216 Linden Ave N, Seattle, WA 98103, USA",20140604T000000,8216 Linden Ave N,Seattle,WA 98103,USA,98103
2014-06-04,746000.0,3.0,2.25,2370,9619,1.0,0,0,4,1650,720,1973,,"18119 NE 30th St, Redmond, WA 98052, USA",20140604T000000,18119 NE 30th St,Redmond,WA 98052,USA,98052
2014-06-04,317000.0,3.0,1.0,1010,5400,1.0,0,0,3,1010,0,1959,,"3100-3198 S Byron St, Seattle, WA 98144, USA",20140604T000000,3100-3198 S Byron St,Seattle,WA 98144,USA,98144
2014-06-04,371000.0,3.0,1.5,1420,4500,1.0,0,0,3,1420,0,1959,,"2142 N 90th St, Seattle, WA 98103, USA",20140604T000000,2142 N 90th St,Seattle,WA 98103,USA,98103
2014-06-04,250000.0,4.0,2.0,2120,8701,1.5,0,0,4,2120,0,1960,,"2006 S 257th St, Des Moines, WA 98198, USA",20140604T000000,2006 S 257th St,Des Moines,WA 98198,USA,98198
2014-06-04,532000.0,4.0,1.75,2020,7029,1.0,0,0,4,1430,590,1979,,"10916 159th Ave NE, Redmond, WA 98052, USA",20140604T000000,10916 159th Ave NE,Redmond,WA 98052,USA,98052
2014-06-04,499950.0,3.0,2.5,1520,2208,2.0,0,0,3,1040,480,2007,,"2537 13th Ave W, Seattle, WA 98119, USA",20140604T000000,2537 13th Ave W,Seattle,WA 98119,USA,98119
2014-06-04,375000.0,2.0,1.0,820,6250,1.0,0,0,4,820,0,1922,,"6018 41st Ave SW, Seattle, WA 98136, USA",20140604T000000,6018 41st Ave SW,Seattle,WA 98136,USA,98136
2014-06-04,640000.0,3.0,2.5,1690,1553,2.5,0,0,3,1690,0,2007,,"2647 22nd Ave W, Seattle, WA 98199, USA",20140604T000000,2647 22nd Ave W,Seattle,WA 98199,USA,98199
2014-06-04,400000.0,3.0,2.0,2260,11305,1.0,0,0,3,1130,1130,1986,,"2811 Mill Ave S, Renton, WA 98055, USA",20140604T000000,2811 Mill Ave S,Renton,WA 98055,USA,98055
2014-06-04,572000.0,3.0,2.25,1830,7897,1.0,0,0,4,1290,540,1986,,"17801 NE 102nd Ct, Redmond, WA 98052, USA",20140604T000000,17801 NE 102nd Ct,Redmond,WA 98052,USA,98052
2014-06-04,310000.0,3.0,2.0,1350,11150,1.0,0,0,3,1110,240,1995,,"42321 SE 171st St, North Bend, WA 98045, USA",20140604T000000,42321 SE 171st St,North Bend,WA 98045,USA,98045
2014-06-04,989000.0,5.0,3.5,3280,4000,2.0,0,0,3,2440,840,2003,,"8309 30th Ave NW, Seattle, WA 98117, USA",20140604T000000,8309 30th Ave NW,Seattle,WA 98117,USA,98117
2014-06-04,685000.0,4.0,2.5,2770,45514,2.0,0,0,4,2770,0,1989,,"18630 NE 202nd St, Woodinville, WA 98077, USA",20140604T000000,18630 NE 202nd St,Woodinville,WA 98077,USA,98077
2014-06-04,907500.0,4.0,2.5,2770,8642,2.0,0,0,4,2770,0,1987,,"14583 NE 58th St, Bellevue, WA 98007, USA",20140604T000000,14583 NE 58th St,Bellevue,WA 98007,USA,98007
2014-06-04,427500.0,4.0,2.5,2460,5091,2.0,0,0,3,2460,0,2003,,"SE 170th Pl, Renton, WA 98058, USA",20140604T000000,SE 170th Pl,Renton,WA 98058,USA,98058
2014-06-04,860000.0,3.0,3.25,4720,32467,2.0,0,2,3,3190,1530,1998,,"10510 172nd Ct SE, Renton, WA 98059, USA",20140604T000000,10510 172nd Ct SE,Renton,WA 98059,USA,98059
2014-06-04,365000.0,2.0,1.0,1250,8100,1.0,0,0,4,1250,0,1947,,"13727 1st Ave NE, Seattle, WA 98125, USA",20140604T000000,13727 1st Ave NE,Seattle,WA 98125,USA,98125
2014-06-04,250500.0,3.0,2.0,1710,7225,2.0,0,0,4,1710,0,1988,,"3030 SW 346th Pl, Federal Way, WA 98023, USA",20140604T000000,3030 SW 346th Pl,Federal Way,WA 98023,USA,98023
2014-06-04,411715.0,3.0,1.75,1840,5101,1.0,0,0,5,1040,800,1952,,"4902 12th Ave S, Seattle, WA 98108, USA",20140604T000000,4902 12th Ave S,Seattle,WA 98108,USA,98108
2014-06-04,415000.0,4.0,2.5,2000,5962,2.0,0,0,3,2000,0,1999,,"720 N 193rd Pl, Shoreline, WA 98133, USA",20140604T000000,720 N 193rd Pl,Shoreline,WA 98133,USA,98133
2014-06-04,129000.0,1.0,1.0,650,15364,1.0,0,0,4,650,0,1967,,"13712 SE 256th Pl, Kent, WA 98042, USA",20140604T000000,13712 SE 256th Pl,Kent,WA 98042,USA,98042
2014-06-04,489000.0,3.0,1.5,1020,9072,1.0,0,0,3,920,100,1930,,"9110 25th Ave NE, Seattle, WA 98115, USA",20140604T000000,9110 25th Ave NE,Seattle,WA 98115,USA,98115
2014-06-04,170000.0,2.0,1.0,1500,18540,1.0,0,0,3,1500,0,1950,,"14426-14598 42nd Ave S, Tukwila, WA 98168, USA",20140604T000000,14426-14598 42nd Ave S,Tukwila,WA 98168,USA,98168
2014-06-04,418500.0,3.0,2.5,2060,4399,2.0,0,0,3,2060,0,2007,,"34214 SE Carmichael St, Snoqualmie, WA 98065, USA",20140604T000000,34214 SE Carmichael St,Snoqualmie,WA 98065,USA,98065
2014-06-04,261000.0,3.0,1.5,1810,29308,1.0,0,0,3,950,860,1983,,"20609 SE 271st St, Covington, WA 98042, USA",20140604T000000,20609 SE 271st St,Covington,WA 98042,USA,98042
2014-06-04,2005000.0,6.0,4.5,3810,28176,1.0,0,4,5,3810,0,1969,,"18309 17th Pl NW, Shoreline, WA 98177, USA",20140604T000000,18309 17th Pl NW,Shoreline,WA 98177,USA,98177
2014-06-04,355000.0,2.0,1.75,1650,4000,1.0,0,0,4,950,700,1947,,"4541 11th Ave S, Seattle, WA 98108, USA",20140604T000000,4541 11th Ave S,Seattle,WA 98108,USA,98108
2014-06-04,742000.0,3.0,3.25,1540,704,3.0,0,0,3,1540,0,2011,,"1820 E Howell St, Seattle, WA 98122, USA",20140604T000000,1820 E Howell St,Seattle,WA 98122,USA,98122
2014-06-04,399950.0,3.0,1.5,2080,5244,1.0,0,0,3,1190,890,1959,,"11812 33rd Ave NE, Seattle, WA 98125, USA",20140604T000000,11812 33rd Ave NE,Seattle,WA 98125,USA,98125
2014-06-04,791000.0,3.0,2.25,2430,5500,2.0,0,0,3,1810,620,1989,,"625 8th Ave, Kirkland, WA 98033, USA",20140604T000000,625 8th Ave,Kirkland,WA 98033,USA,98033
2014-06-04,190000.0,5.0,2.0,1750,10284,1.0,0,0,4,1750,0,1943,,"1916 Harrington Cir NE, Renton, WA 98056, USA",20140604T000000,1916 Harrington Cir NE,Renton,WA 98056,USA,98056
2014-06-04,229500.0,3.0,1.75,1770,33224,1.0,0,0,4,1770,0,1968,,"11055 SE 295th St, Auburn, WA 98092, USA",20140604T000000,11055 SE 295th St,Auburn,WA 98092,USA,98092
2014-06-04,539000.0,3.0,2.5,1710,2300,2.0,0,0,3,1570,140,2005,,"7874 148th Ct NE, Redmond, WA 98052, USA",20140604T000000,7874 148th Ct NE,Redmond,WA 98052,USA,98052
2014-06-04,549000.0,4.0,2.25,2740,88426,2.0,0,0,3,2740,0,1991,,"14324 250th Pl SE, Issaquah, WA 98027, USA",20140604T000000,14324 250th Pl SE,Issaquah,WA 98027,USA,98027
2014-06-04,545000.0,5.0,2.5,2730,17240,1.0,0,0,5,1660,1070,1958,,"18718 56th Ave NE, Kenmore, WA 98028, USA",20140604T000000,18718 56th Ave NE,Kenmore,WA 98028,USA,98028
2014-06-04,285000.0,3.0,2.5,2437,5136,2.0,0,0,3,2437,0,2011,,"157 Pike St NE, Auburn, WA 98002, USA",20140604T000000,157 Pike St NE,Auburn,WA 98002,USA,98002
2014-06-04,648000.0,4.0,2.5,3290,6203,2.0,0,0,3,3290,0,2008,,"36011 SE Kendall Peak St, Snoqualmie, WA 98065, USA",20140604T000000,36011 SE Kendall Peak St,Snoqualmie,WA 98065,USA,98065
2014-06-04,610000.0,4.0,3.5,2910,5260,2.0,0,0,3,2910,0,2012,,"9311 Nye Ave SE, Snoqualmie, WA 98065, USA",20140604T000000,9311 Nye Ave SE,Snoqualmie,WA 98065,USA,98065
2014-06-04,767450.0,3.0,2.0,1630,7599,1.0,0,0,3,1630,0,2006,,"1464 NW 95th St, Seattle, WA 98117, USA",20140604T000000,1464 NW 95th St,Seattle,WA 98117,USA,98117
2014-06-04,765000.0,4.0,3.0,4410,5104,2.0,0,0,3,3400,1010,2006,,"6820 Pinehurst Ave SE, Snoqualmie, WA 98065, USA",20140604T000000,6820 Pinehurst Ave SE,Snoqualmie,WA 98065,USA,98065
2014-06-04,586500.0,3.0,2.5,1780,1487,3.0,0,0,3,1600,180,2006,,"3840 Evanston Ave N, Seattle, WA 98103, USA",20140604T000000,3840 Evanston Ave N,Seattle,WA 98103,USA,98103
2014-06-04,520000.0,3.0,3.25,1540,1487,2.0,0,0,3,1540,0,2011,,"886 3rd Ave NE, Issaquah, WA 98029, USA",20140604T000000,886 3rd Ave NE,Issaquah,WA 98029,USA,98029
2014-06-04,455000.0,3.0,1.75,1420,1189,3.0,0,0,3,1420,0,2006,,"514 N 46th St, Seattle, WA 98103, USA",20140604T000000,514 N 46th St,Seattle,WA 98103,USA,98103
2014-06-05,653000.0,3.0,2.5,2680,9750,1.0,0,0,4,1610,1070,1979,,"8236 NE 115th Way, Kirkland, WA 98034, USA",20140605T000000,8236 NE 115th Way,Kirkland,WA 98034,USA,98034
2014-06-05,279950.0,3.0,2.0,1750,9750,1.0,0,0,3,1350,400,1961,,"2640 S 227th Pl, Des Moines, WA 98198, USA",20140605T000000,2640 S 227th Pl,Des Moines,WA 98198,USA,98198
2014-06-05,449950.0,3.0,2.5,2170,4912,2.0,0,0,3,2170,0,2003,,"7546 NE 204th Pl, Kenmore, WA 98028, USA",20140605T000000,7546 NE 204th Pl,Kenmore,WA 98028,USA,98028
2014-06-05,565000.0,3.0,2.75,2390,9966,1.0,0,0,5,1360,1030,1977,,"6609 117th Ave SE, Bellevue, WA 98006, USA",20140605T000000,6609 117th Ave SE,Bellevue,WA 98006,USA,98006
2014-06-05,620000.0,4.0,2.25,2400,5350,1.5,0,0,4,1460,940,1929,,"6509 10th Ave NW, Seattle, WA 98117, USA",20140605T000000,6509 10th Ave NW,Seattle,WA 98117,USA,98117
2014-06-05,269000.0,3.0,1.0,1690,4250,1.0,0,0,3,1020,670,1967,,"12035-12225 61st Ave S, Seattle, WA 98178, USA",20140605T000000,12035-12225 61st Ave S,Seattle,WA 98178,USA,98178
2014-06-05,875000.0,3.0,3.5,3250,6000,2.0,0,0,3,2500,750,2001,,"5422 46th Ave SW, Seattle, WA 98136, USA",20140605T000000,5422 46th Ave SW,Seattle,WA 98136,USA,98136
2014-06-05,630000.0,4.0,3.75,4610,40202,1.0,0,0,4,2500,2110,1980,,"25510 SE 159th St, Issaquah, WA 98027, USA",20140605T000000,25510 SE 159th St,Issaquah,WA 98027,USA,98027
2014-06-05,425000.0,4.0,2.75,2440,15349,2.0,0,1,4,2440,0,1957,,"21212 Occidental Ave S, Des Moines, WA 98198, USA",20140605T000000,21212 Occidental Ave S,Des Moines,WA 98198,USA,98198
2014-06-05,647500.0,3.0,1.75,1290,3870,1.0,0,0,5,1290,0,1916,,"1727 Lake Washington Blvd S, Seattle, WA 98144, USA",20140605T000000,1727 Lake Washington Blvd S,Seattle,WA 98144,USA,98144
2014-06-05,450000.0,4.0,1.0,2000,4676,1.5,0,0,3,1250,750,1916,1986.0,"5421-5499 52nd Terrace S, Seattle, WA 98118, USA",20140605T000000,5421-5499 52nd Terrace S,Seattle,WA 98118,USA,98118
2014-06-05,440000.0,3.0,1.0,1050,7500,1.0,0,0,3,1050,0,1900,,"6057-6061 50th Ave SW, Seattle, WA 98136, USA",20140605T000000,6057-6061 50th Ave SW,Seattle,WA 98136,USA,98136
2014-06-05,445000.0,4.0,2.5,2340,3784,2.0,0,0,3,2340,0,2008,,"908 SW Austin St, Seattle, WA 98106, USA",20140605T000000,908 SW Austin St,Seattle,WA 98106,USA,98106
2014-06-05,530000.0,4.0,2.25,2210,7665,2.0,0,0,4,2210,0,1968,,"12807 SE 67th St, Bellevue, WA 98006, USA",20140605T000000,12807 SE 67th St,Bellevue,WA 98006,USA,98006
2014-06-05,875000.0,5.0,2.5,2920,5568,2.0,0,0,3,2320,600,1906,,"747 16th Ave E, Seattle, WA 98112, USA",20140605T000000,747 16th Ave E,Seattle,WA 98112,USA,98112
2014-06-05,685000.0,3.0,2.75,3150,219978,2.0,0,0,4,3000,150,1990,,"5424 298th Ave SE, Preston, WA 98050, USA",20140605T000000,5424 298th Ave SE,Preston,WA 98050,USA,98050
2014-06-05,798000.0,3.0,3.5,3590,6402,2.0,0,0,3,3590,0,1999,,"20555 NE 27th Pl, Sammamish, WA 98074, USA",20140605T000000,20555 NE 27th Pl,Sammamish,WA 98074,USA,98074
2014-06-05,297500.0,4.0,2.5,1910,5000,2.0,0,0,3,1910,0,2005,,"22840 SE 269th St, Maple Valley, WA 98038, USA",20140605T000000,22840 SE 269th St,Maple Valley,WA 98038,USA,98038
2014-06-05,749950.0,4.0,2.75,3110,35235,2.0,0,0,4,3110,0,1983,,"18230 NE 146th Way, Woodinville, WA 98072, USA",20140605T000000,18230 NE 146th Way,Woodinville,WA 98072,USA,98072
2014-06-05,495000.0,5.0,3.0,2440,4750,1.0,0,0,3,1450,990,2006,,"5954 24th Ave S, Seattle, WA 98108, USA",20140605T000000,5954 24th Ave S,Seattle,WA 98108,USA,98108
2014-06-05,540000.0,4.0,2.25,1330,8400,1.5,0,0,3,1330,0,1962,,"136 128th Ave SE, Bellevue, WA 98005, USA",20140605T000000,136 128th Ave SE,Bellevue,WA 98005,USA,98005
2014-06-05,395000.0,3.0,1.75,1460,22651,1.0,0,0,4,1460,0,1961,,"12921 231st Ave SE, Issaquah, WA 98027, USA",20140605T000000,12921 231st Ave SE,Issaquah,WA 98027,USA,98027
2014-06-05,1300000.0,6.0,4.5,3902,3880,3.0,0,4,4,2782,1120,1977,,"2306 Halleck Ave SW, Seattle, WA 98116, USA",20140605T000000,2306 Halleck Ave SW,Seattle,WA 98116,USA,98116
2014-06-05,1075000.0,5.0,4.75,5180,17811,2.0,0,2,3,4070,1110,2001,,"6766 Cascade Ave SE, Snoqualmie, WA 98065, USA",20140605T000000,6766 Cascade Ave SE,Snoqualmie,WA 98065,USA,98065
2014-06-05,214100.0,2.0,2.5,1150,2064,2.0,0,0,3,1150,0,2004,,"27852 31st Pl S, Auburn, WA 98001, USA",20140605T000000,27852 31st Pl S,Auburn,WA 98001,USA,98001
2014-06-05,210000.0,4.0,1.5,1920,10403,1.0,0,0,3,1370,550,1959,,"2352 SW 338th St, Federal Way, WA 98023, USA",20140605T000000,2352 SW 338th St,Federal Way,WA 98023,USA,98023
2014-06-05,499500.0,3.0,2.5,2520,53143,1.5,0,0,3,2520,0,1988,,"30929 NE Cherry Valley Rd, Duvall, WA 98019, USA",20140605T000000,30929 NE Cherry Valley Rd,Duvall,WA 98019,USA,98019
2014-06-05,546000.0,2.0,1.0,970,3400,1.0,0,0,3,970,0,1924,,"2707 Queen Anne Ave N, Seattle, WA 98109, USA",20140605T000000,2707 Queen Anne Ave N,Seattle,WA 98109,USA,98109
2014-06-05,292000.0,5.0,2.5,2490,7666,1.0,0,0,4,1490,1000,1989,,"12621 SE 222nd Pl, Kent, WA 98031, USA",20140605T000000,12621 SE 222nd Pl,Kent,WA 98031,USA,98031
2014-06-05,289000.0,3.0,2.0,1680,8424,1.0,0,0,3,1680,0,1993,,"710 Victor St, Enumclaw, WA 98022, USA",20140605T000000,710 Victor St,Enumclaw,WA 98022,USA,98022
2014-06-05,240000.0,3.0,1.0,1150,4825,1.0,0,0,4,1150,0,1957,,"450 NE Birch St, Issaquah, WA 98027, USA",20140605T000000,450 NE Birch St,Issaquah,WA 98027,USA,98027
2014-06-05,395000.0,4.0,3.0,1980,7931,1.0,0,0,4,1160,820,1983,,"16723 Corliss Pl N, Shoreline, WA 98133, USA",20140605T000000,16723 Corliss Pl N,Shoreline,WA 98133,USA,98133
2014-06-05,795000.0,4.0,2.25,2070,13084,1.0,0,0,4,1700,370,1967,,"4707 88th Ave SE, Mercer Island, WA 98040, USA",20140605T000000,4707 88th Ave SE,Mercer Island,WA 98040,USA,98040
2014-06-05,955000.0,4.0,4.25,5660,193593,2.0,0,0,3,4100,1560,2001,,"12124 268th Dr NE, Duvall, WA 98019, USA",20140605T000000,12124 268th Dr NE,Duvall,WA 98019,USA,98019
2014-06-05,725000.0,4.0,2.75,2420,10962,1.0,0,0,3,1530,890,1977,,"1301 141st Pl NE, Bellevue, WA 98007, USA",20140605T000000,1301 141st Pl NE,Bellevue,WA 98007,USA,98007
2014-06-05,335000.0,4.0,2.5,2610,4781,2.0,0,0,3,2610,0,2009,,"37540 32nd Pl S, Auburn, WA 98001, USA",20140605T000000,37540 32nd Pl S,Auburn,WA 98001,USA,98001
2014-06-05,492000.0,4.0,3.75,2810,10840,2.0,0,2,4,2070,740,1994,,"1410 SW 10th St, North Bend, WA 98045, USA",20140605T000000,1410 SW 10th St,North Bend,WA 98045,USA,98045
2014-06-05,250000.0,3.0,2.5,1510,10384,1.0,0,0,2,1030,480,1976,,"17732 199th Pl NE, Woodinville, WA 98077, USA",20140605T000000,17732 199th Pl NE,Woodinville,WA 98077,USA,98077
2014-06-05,700000.0,3.0,1.75,1910,4800,1.0,0,0,3,1080,830,1959,,"7529 Bagley Ave N, Seattle, WA 98103, USA",20140605T000000,7529 Bagley Ave N,Seattle,WA 98103,USA,98103
2014-06-05,545000.0,3.0,1.75,1700,51649,1.5,0,0,5,1700,0,1931,,"14633 200th Ave SE, Renton, WA 98059, USA",20140605T000000,14633 200th Ave SE,Renton,WA 98059,USA,98059
2014-06-05,555000.0,4.0,2.75,2020,10720,1.0,0,0,4,1420,600,1976,,"3005 177th Ave NE, Redmond, WA 98052, USA",20140605T000000,3005 177th Ave NE,Redmond,WA 98052,USA,98052
2014-06-05,640000.0,3.0,1.75,2340,4206,1.0,0,0,5,1170,1170,1917,,"2955 36th Ave S, Seattle, WA 98144, USA",20140605T000000,2955 36th Ave S,Seattle,WA 98144,USA,98144
2014-06-05,390000.0,3.0,2.0,1463,868,3.0,0,0,3,1463,0,2003,,"7538 Roosevelt Way NE, Seattle, WA 98115, USA",20140605T000000,7538 Roosevelt Way NE,Seattle,WA 98115,USA,98115
2014-06-05,466500.0,3.0,1.0,1430,3840,1.0,0,0,3,950,480,1945,,"7550 19th Ave NW, Seattle, WA 98117, USA",20140605T000000,7550 19th Ave NW,Seattle,WA 98117,USA,98117
2014-06-05,372500.0,3.0,1.5,1180,12324,1.0,0,0,3,800,380,1981,,"2522 230th Ave NE, Sammamish, WA 98074, USA",20140605T000000,2522 230th Ave NE,Sammamish,WA 98074,USA,98074
2014-06-05,1800000.0,5.0,4.5,4400,15580,2.0,0,0,3,3390,1010,2003,,"1404-1418 100th Ave NE, Bellevue, WA 98004, USA",20140605T000000,1404-1418 100th Ave NE,Bellevue,WA 98004,USA,98004
2014-06-05,255000.0,3.0,2.5,1610,6176,2.0,0,0,3,1610,0,1994,,"26300 127th Ave SE, Kent, WA 98030, USA",20140605T000000,26300 127th Ave SE,Kent,WA 98030,USA,98030
2014-06-05,466800.0,3.0,2.5,1480,14250,2.0,0,0,3,1480,0,1996,,"5811 116th Ave NE, Kirkland, WA 98033, USA",20140605T000000,5811 116th Ave NE,Kirkland,WA 98033,USA,98033
2014-06-05,749000.0,3.0,2.5,2670,10338,2.0,0,0,3,2670,0,1987,,"14583 NE 58th St, Bellevue, WA 98007, USA",20140605T000000,14583 NE 58th St,Bellevue,WA 98007,USA,98007
2014-06-05,610000.0,4.0,1.75,1830,29110,2.0,0,0,3,1230,600,1990,,"6194-6470 E Mercer Way, Mercer Island, WA 98040, USA",20140605T000000,6194-6470 E Mercer Way,Mercer Island,WA 98040,USA,98040
2014-06-05,356000.0,2.0,1.0,920,4095,1.0,0,0,4,920,0,1914,,"5968 44th Ave S, Seattle, WA 98118, USA",20140605T000000,5968 44th Ave S,Seattle,WA 98118,USA,98118
2014-06-05,165000.0,3.0,1.0,1150,19200,1.0,0,0,4,1150,0,1908,,"36255 52nd Ave S, Auburn, WA 98001, USA",20140605T000000,36255 52nd Ave S,Auburn,WA 98001,USA,98001
2014-06-05,229000.0,2.0,1.0,1190,7408,1.0,0,0,3,830,360,1941,,"10427 18th Ave S, Seattle, WA 98168, USA",20140605T000000,10427 18th Ave S,Seattle,WA 98168,USA,98168
2014-06-05,530000.0,4.0,3.25,4160,35654,2.0,0,0,3,2760,1400,1973,,"24844 SE Mirrormont Pl, Issaquah, WA 98027, USA",20140605T000000,24844 SE Mirrormont Pl,Issaquah,WA 98027,USA,98027
2014-06-05,499950.0,3.0,2.5,2370,12753,2.0,0,0,3,2370,0,2001,,"26508 NE Kennedy Dr, Duvall, WA 98019, USA",20140605T000000,26508 NE Kennedy Dr,Duvall,WA 98019,USA,98019
2014-06-05,619000.0,4.0,1.75,1660,3800,1.5,0,0,3,1660,0,1926,,"8054 Brooklyn Ave NE, Seattle, WA 98115, USA",20140605T000000,8054 Brooklyn Ave NE,Seattle,WA 98115,USA,98115
2014-06-05,547000.0,3.0,2.5,1480,8381,1.0,0,0,4,1480,0,1968,,"10746 38th Ave NE, Seattle, WA 98125, USA",20140605T000000,10746 38th Ave NE,Seattle,WA 98125,USA,98125
2014-06-05,359800.0,4.0,2.5,2390,6426,2.0,0,0,3,2390,0,1999,,"5608 Elizabeth Loop SE, Auburn, WA 98092, USA",20140605T000000,5608 Elizabeth Loop SE,Auburn,WA 98092,USA,98092
2014-06-05,499000.0,3.0,3.5,1690,1432,2.0,0,0,3,1360,330,2008,,"3427 33rd Ave W, Seattle, WA 98199, USA",20140605T000000,3427 33rd Ave W,Seattle,WA 98199,USA,98199
2014-06-05,189000.0,3.0,1.0,1010,7560,1.0,0,0,3,1010,0,1958,,"17026 124th Ave SE, Renton, WA 98058, USA",20140605T000000,17026 124th Ave SE,Renton,WA 98058,USA,98058
2014-06-05,799000.0,4.0,3.5,3500,8547,2.0,0,0,3,2500,1000,1994,,"16034 SE 47th Ln, Bellevue, WA 98006, USA",20140605T000000,16034 SE 47th Ln,Bellevue,WA 98006,USA,98006
2014-06-05,257000.0,4.0,2.75,2330,7642,1.0,0,0,3,1800,530,1990,,"2829 SW 342nd Pl, Federal Way, WA 98023, USA",20140605T000000,2829 SW 342nd Pl,Federal Way,WA 98023,USA,98023
2014-06-05,270000.0,3.0,1.5,1890,9450,1.0,0,0,3,1090,800,1957,,"13405 5th Ave SW, Burien, WA 98146, USA",20140605T000000,13405 5th Ave SW,Burien,WA 98146,USA,98146
2014-06-05,453500.0,4.0,1.75,2000,6032,1.0,0,2,3,1300,700,1959,,"4404 SW 101st St, Seattle, WA 98146, USA",20140605T000000,4404 SW 101st St,Seattle,WA 98146,USA,98146
2014-06-05,237000.0,3.0,1.0,1130,10650,1.0,0,0,3,1130,0,1954,,"18504 38th Ave S, SeaTac, WA 98188, USA",20140605T000000,18504 38th Ave S,SeaTac,WA 98188,USA,98188
2014-06-05,456000.0,4.0,1.75,1670,9886,1.0,0,0,5,1670,0,1947,,"13205 39th Ave NE, Seattle, WA 98125, USA",20140605T000000,13205 39th Ave NE,Seattle,WA 98125,USA,98125
2014-06-05,355500.0,3.0,2.5,2600,5540,2.0,0,0,3,2600,0,2004,,"28635 226th Ave SE, Maple Valley, WA 98038, USA",20140605T000000,28635 226th Ave SE,Maple Valley,WA 98038,USA,98038
2014-06-05,299950.0,4.0,1.75,1560,31299,1.0,0,0,4,1560,0,1965,,"13228 SE 294th Pl, Auburn, WA 98092, USA",20140605T000000,13228 SE 294th Pl,Auburn,WA 98092,USA,98092
2014-06-05,335000.0,3.0,2.0,1170,5360,1.0,0,0,3,1170,0,1919,,"9432 25th Ave SW, Seattle, WA 98106, USA",20140605T000000,9432 25th Ave SW,Seattle,WA 98106,USA,98106
2014-06-05,268500.0,4.0,2.5,2100,4237,2.0,0,0,3,2100,0,2006,,"12519 SE 236th Pl, Kent, WA 98031, USA",20140605T000000,12519 SE 236th Pl,Kent,WA 98031,USA,98031
2014-06-05,385000.0,3.0,2.25,1710,11500,1.0,0,0,3,1210,500,1978,,"19215 58th Ave NE, Kenmore, WA 98028, USA",20140605T000000,19215 58th Ave NE,Kenmore,WA 98028,USA,98028
2014-06-05,376000.0,4.0,2.75,2420,5773,2.0,0,0,3,2420,0,2005,,"25025 234th Pl SE, Maple Valley, WA 98038, USA",20140605T000000,25025 234th Pl SE,Maple Valley,WA 98038,USA,98038
2014-06-05,605004.0,4.0,2.0,1370,4000,2.0,0,0,3,1370,0,1951,1994.0,"2825 W Jameson St, Seattle, WA 98199, USA",20140605T000000,2825 W Jameson St,Seattle,WA 98199,USA,98199
2014-06-05,886000.0,4.0,2.0,2660,3900,1.5,0,0,4,1480,1180,1923,,"1926 E Lynn St, Seattle, WA 98112, USA",20140605T000000,1926 E Lynn St,Seattle,WA 98112,USA,98112
2014-06-05,560000.0,4.0,2.5,2260,3713,2.0,0,0,3,2260,0,2003,,"13135 NE 139th St, Kirkland, WA 98034, USA",20140605T000000,13135 NE 139th St,Kirkland,WA 98034,USA,98034
2014-06-05,343000.0,4.0,2.5,2070,4500,2.0,0,0,3,2070,0,2004,,"28129 237th Ave SE, Maple Valley, WA 98038, USA",20140605T000000,28129 237th Ave SE,Maple Valley,WA 98038,USA,98038
2014-06-05,1415000.0,4.0,5.25,4670,43950,2.0,0,0,3,4670,0,1989,,"6324 160th Pl SE, Bellevue, WA 98006, USA",20140605T000000,6324 160th Pl SE,Bellevue,WA 98006,USA,98006
2014-06-05,270000.0,3.0,1.0,1500,13500,1.0,0,0,4,1500,0,1968,,"20147 SE 152nd St, Renton, WA 98059, USA",20140605T000000,20147 SE 152nd St,Renton,WA 98059,USA,98059
2014-06-05,411605.0,4.0,2.5,2658,3960,2.0,0,0,3,2658,0,2014,,"2723 55th St SE, Auburn, WA 98092, USA",20140605T000000,2723 55th St SE,Auburn,WA 98092,USA,98092
2014-06-05,550000.0,4.0,2.5,2700,5150,2.0,0,0,3,2700,0,2007,,"5314 NE 17th Pl, Renton, WA 98059, USA",20140605T000000,5314 NE 17th Pl,Renton,WA 98059,USA,98059
2014-06-05,465000.0,3.0,2.25,1530,1245,2.0,0,0,3,1050,480,2014,,"2716 E Yesler Way, Seattle, WA 98122, USA",20140605T000000,2716 E Yesler Way,Seattle,WA 98122,USA,98122
2014-06-05,584000.0,3.0,2.5,1480,1485,2.0,0,0,3,1280,200,2007,,"2027 Eastlake Ave E, Seattle, WA 98102, USA",20140605T000000,2027 Eastlake Ave E,Seattle,WA 98102,USA,98102
2014-06-05,275000.0,3.0,3.0,1390,1080,2.0,0,0,3,1140,250,2006,,"4022 S Bozeman St, Seattle, WA 98118, USA",20140605T000000,4022 S Bozeman St,Seattle,WA 98118,USA,98118
2014-06-05,324500.0,3.0,2.5,1660,3990,2.0,0,0,3,1660,0,2009,,"8132 Wolcott Ave S, Seattle, WA 98118, USA",20140605T000000,8132 Wolcott Ave S,Seattle,WA 98118,USA,98118
2014-06-05,700000.0,3.0,2.5,2050,4185,2.0,0,0,3,2050,0,2011,,"8708 12th Ave NW, Seattle, WA 98117, USA",20140605T000000,8708 12th Ave NW,Seattle,WA 98117,USA,98117
2014-06-06,385200.0,4.0,1.0,1550,7740,1.5,0,0,3,1550,0,1954,,"9014 34th Ave SW, Seattle, WA 98126, USA",20140606T000000,9014 34th Ave SW,Seattle,WA 98126,USA,98126
2014-06-06,270000.0,4.0,2.25,1900,8600,1.0,0,0,4,1900,0,1975,,"32624 39th Pl SW, Federal Way, WA 98023, USA",20140606T000000,32624 39th Pl SW,Federal Way,WA 98023,USA,98023
2014-06-06,735000.0,4.0,2.5,2820,6180,2.0,0,0,3,2050,770,2013,,"3958 S Lucile St, Seattle, WA 98118, USA",20140606T000000,3958 S Lucile St,Seattle,WA 98118,USA,98118
2014-06-06,389250.0,2.0,1.5,1490,4080,1.0,0,0,3,930,560,1956,,"3738 SW Ida St, Seattle, WA 98126, USA",20140606T000000,3738 SW Ida St,Seattle,WA 98126,USA,98126
2014-06-06,315000.0,3.0,1.5,1750,12500,1.0,0,0,3,1150,600,1954,,"32901 SE 43rd St, Fall City, WA 98024, USA",20140606T000000,32901 SE 43rd St,Fall City,WA 98024,USA,98024
2014-06-06,545000.0,4.0,2.5,2040,6034,2.0,0,0,3,2040,0,1990,,"9106 5th Ave NE, Seattle, WA 98115, USA",20140606T000000,9106 5th Ave NE,Seattle,WA 98115,USA,98115
2014-06-06,550000.0,3.0,1.5,1900,5000,1.5,0,0,3,1640,260,1926,,"6810 31st Ave NE, Seattle, WA 98115, USA",20140606T000000,6810 31st Ave NE,Seattle,WA 98115,USA,98115
2014-06-06,415000.0,3.0,1.75,1910,12596,1.0,0,0,3,1340,570,1977,,"15505 180 Ave NE, Woodinville, WA 98072, USA",20140606T000000,15505 180 Ave NE,Woodinville,WA 98072,USA,98072
2014-06-06,387500.0,3.0,1.0,1560,14333,1.0,0,0,4,1560,0,1953,,"18975 Marine View Dr SW, Normandy Park, WA 98166, USA",20140606T000000,18975 Marine View Dr SW,Normandy Park,WA 98166,USA,98166
2014-06-06,432000.0,3.0,1.75,1470,6250,1.0,0,3,4,1070,400,1939,,"3715 NE 153rd St, Lake Forest Park, WA 98155, USA",20140606T000000,3715 NE 153rd St,Lake Forest Park,WA 98155,USA,98155
2014-06-06,402000.0,3.0,2.5,2700,9994,1.0,0,3,4,1350,1350,1959,,"22728 10th Ave S, Des Moines, WA 98198, USA",20140606T000000,22728 10th Ave S,Des Moines,WA 98198,USA,98198
2014-06-06,1035000.0,4.0,3.25,3450,11240,2.0,0,3,4,2430,1020,1960,2001.0,"Indian Trail, Burien, WA 98166, USA",20140606T000000,Indian Trail,Burien,WA 98166,USA,98166
2014-06-06,294700.0,3.0,2.0,1970,9600,1.0,0,0,4,1300,670,1967,,"2604 S 357th St, Federal Way, WA 98003, USA",20140606T000000,2604 S 357th St,Federal Way,WA 98003,USA,98003
2014-06-06,744000.0,3.0,2.5,2670,12187,2.0,0,0,3,2670,0,1986,,"6935 142nd Ct NE, Redmond, WA 98052, USA",20140606T000000,6935 142nd Ct NE,Redmond,WA 98052,USA,98052
2014-06-06,715000.0,3.0,2.5,2550,13458,2.0,0,0,3,2550,0,1990,,"4967 165th Pl SE, Bellevue, WA 98006, USA",20140606T000000,4967 165th Pl SE,Bellevue,WA 98006,USA,98006
2014-06-06,500000.0,4.0,1.0,1720,4011,1.5,0,0,4,1720,0,1904,,"3004 NW 59th St, Seattle, WA 98107, USA",20140606T000000,3004 NW 59th St,Seattle,WA 98107,USA,98107
2014-06-06,1300000.0,4.0,4.0,4270,6002,2.0,0,3,3,3180,1090,2004,,"1645 30th Ave NE, Issaquah, WA 98029, USA",20140606T000000,1645 30th Ave NE,Issaquah,WA 98029,USA,98029
2014-06-06,1150000.0,3.0,1.5,2170,16600,1.0,1,2,3,1130,1040,1979,,"2244 West Lake Sammamish Pkwy NE, Redmond, WA 98052, USA",20140606T000000,2244 West Lake Sammamish Pkwy NE,Redmond,WA 98052,USA,98052
2014-06-06,650000.0,4.0,2.5,2840,9354,2.0,0,0,3,2840,0,1990,,"1920 224th Pl NE, Sammamish, WA 98074, USA",20140606T000000,1920 224th Pl NE,Sammamish,WA 98074,USA,98074
2014-06-06,435000.0,4.0,2.75,3270,50994,2.0,0,0,4,2720,550,1983,,"19011 SE 283rd St, Kent, WA 98042, USA",20140606T000000,19011 SE 283rd St,Kent,WA 98042,USA,98042
2014-06-06,510000.0,3.0,1.75,1480,7040,1.0,0,0,3,1480,0,1974,,"7517 128th Pl NE, Kirkland, WA 98033, USA",20140606T000000,7517 128th Pl NE,Kirkland,WA 98033,USA,98033
2014-06-06,525000.0,5.0,2.75,2440,8000,1.0,0,0,4,1240,1200,1972,,"12806 NE 141st Ct, Kirkland, WA 98034, USA",20140606T000000,12806 NE 141st Ct,Kirkland,WA 98034,USA,98034
2014-06-06,920000.0,4.0,2.75,2880,5750,1.5,0,0,5,1710,1170,1928,,"1718 44th Ave SW, Seattle, WA 98116, USA",20140606T000000,1718 44th Ave SW,Seattle,WA 98116,USA,98116
2014-06-06,200000.0,2.0,1.0,1730,9610,1.0,0,0,3,1380,350,1962,,"34033 39th Ave S, Auburn, WA 98001, USA",20140606T000000,34033 39th Ave S,Auburn,WA 98001,USA,98001
2014-06-06,435000.0,2.0,1.0,1260,4080,1.5,0,0,5,1260,0,1926,,"802 NE 80th St, Seattle, WA 98115, USA",20140606T000000,802 NE 80th St,Seattle,WA 98115,USA,98115
2014-06-06,809950.0,4.0,2.0,2230,9900,1.5,0,0,5,2230,0,1959,,"12519 SE 15th St, Bellevue, WA 98005, USA",20140606T000000,12519 SE 15th St,Bellevue,WA 98005,USA,98005
2014-06-06,1370000.0,2.0,2.25,2460,16940,1.5,0,4,4,1930,530,1936,,"6827 36th Ave NW, Seattle, WA 98117, USA",20140606T000000,6827 36th Ave NW,Seattle,WA 98117,USA,98117
2014-06-06,455000.0,4.0,1.75,2050,94525,1.0,0,0,4,1250,800,1959,,"17019 193rd Ave SE, Renton, WA 98058, USA",20140606T000000,17019 193rd Ave SE,Renton,WA 98058,USA,98058
2014-06-06,471000.0,3.0,2.5,2030,2805,2.0,0,0,3,1720,310,2001,,"23 Sunset Ct NW, Issaquah, WA 98027, USA",20140606T000000,23 Sunset Ct NW,Issaquah,WA 98027,USA,98027
2014-06-06,253500.0,2.0,1.0,810,4800,1.0,0,0,3,810,0,1948,,"8850 34th Ave SW, Seattle, WA 98126, USA",20140606T000000,8850 34th Ave SW,Seattle,WA 98126,USA,98126
2014-06-06,185000.0,3.0,1.0,1840,8100,1.0,0,0,4,920,920,1953,,"16433 12th Ave SW, Burien, WA 98166, USA",20140606T000000,16433 12th Ave SW,Burien,WA 98166,USA,98166
2014-06-06,535500.0,3.0,1.5,1730,40250,2.0,0,0,4,1730,0,1983,,"16718-16726 171st Pl NE, Woodinville, WA 98072, USA",20140606T000000,16718-16726 171st Pl NE,Woodinville,WA 98072,USA,98072
2014-06-06,835000.0,2.0,2.0,2280,6815,1.0,0,0,3,2280,0,2002,,"12439 235th Pl NE, Redmond, WA 98053, USA",20140606T000000,12439 235th Pl NE,Redmond,WA 98053,USA,98053
2014-06-06,589500.0,4.0,2.5,2630,6326,2.0,0,0,3,2630,0,2008,,"34917 SE Moffat St, Snoqualmie, WA 98065, USA",20140606T000000,34917 SE Moffat St,Snoqualmie,WA 98065,USA,98065
2014-06-06,680000.0,3.0,2.25,2270,23900,1.0,0,0,3,1820,450,1975,,"1023 NW 166th St, Shoreline, WA 98177, USA",20140606T000000,1023 NW 166th St,Shoreline,WA 98177,USA,98177
2014-06-06,360000.0,3.0,1.75,1020,7020,1.5,0,0,4,1020,0,1953,,"1231 NE 148th St, Shoreline, WA 98155, USA",20140606T000000,1231 NE 148th St,Shoreline,WA 98155,USA,98155
2014-06-06,595000.0,4.0,2.5,1990,2175,2.0,0,0,3,1680,310,2005,,"1102 NW 56th St, Seattle, WA 98107, USA",20140606T000000,1102 NW 56th St,Seattle,WA 98107,USA,98107
2014-06-06,300000.0,4.0,2.5,2680,15508,2.0,0,0,3,2680,0,1999,,"4620 SW 333rd Ct, Federal Way, WA 98023, USA",20140606T000000,4620 SW 333rd Ct,Federal Way,WA 98023,USA,98023
2014-06-06,660000.0,3.0,1.75,1980,3300,1.5,0,0,4,1140,840,1926,,"6040 27th Ave NE, Seattle, WA 98115, USA",20140606T000000,6040 27th Ave NE,Seattle,WA 98115,USA,98115
2014-06-06,570000.0,3.0,2.5,2400,6975,2.0,0,0,3,2400,0,1993,,"12032-12038 SE 76th St, Newcastle, WA 98056, USA",20140606T000000,12032-12038 SE 76th St,Newcastle,WA 98056,USA,98056
2014-06-06,285000.0,2.0,1.0,780,5000,1.0,0,0,4,780,0,1943,,"10222 18th Ave SW, Seattle, WA 98146, USA",20140606T000000,10222 18th Ave SW,Seattle,WA 98146,USA,98146
2014-06-06,435000.0,3.0,2.0,980,5000,1.0,0,0,3,980,0,1940,,"830 Davis Pl S, Seattle, WA 98144, USA",20140606T000000,830 Davis Pl S,Seattle,WA 98144,USA,98144
2014-06-06,160000.0,3.0,1.0,1210,103237,1.0,0,0,2,1210,0,1918,1960.0,"20505 Vashon Ave, Vashon, WA 98070, USA",20140606T000000,20505 Vashon Ave,Vashon,WA 98070,USA,98070
2014-06-06,805000.0,5.0,2.5,4600,19831,1.0,0,3,3,2300,2300,1956,2013.0,"18015 15th Ave NW, Shoreline, WA 98177, USA",20140606T000000,18015 15th Ave NW,Shoreline,WA 98177,USA,98177
2014-06-06,450000.0,3.0,2.5,1480,1961,2.0,0,0,3,1480,0,2005,,"2336 NE Park Dr, Issaquah, WA 98029, USA",20140606T000000,2336 NE Park Dr,Issaquah,WA 98029,USA,98029
2014-06-06,510000.0,4.0,1.5,1320,14250,1.0,0,0,4,1320,0,1954,,"11240 106th Ave NE, Kirkland, WA 98033, USA",20140606T000000,11240 106th Ave NE,Kirkland,WA 98033,USA,98033
2014-06-06,1120000.0,5.0,2.75,4400,18500,1.0,0,3,5,2250,2150,1963,,"15530-15998 61st Ave NE, Kenmore, WA 98028, USA",20140606T000000,15530-15998 61st Ave NE,Kenmore,WA 98028,USA,98028
2014-06-06,1280000.0,4.0,3.5,3010,3600,2.0,0,0,3,2370,640,1999,,"1622 38th Ave E, Seattle, WA 98112, USA",20140606T000000,1622 38th Ave E,Seattle,WA 98112,USA,98112
2014-06-06,539000.0,3.0,2.0,2260,9568,1.0,0,0,3,1780,480,1985,,"21132 NE 42nd St, Sammamish, WA 98074, USA",20140606T000000,21132 NE 42nd St,Sammamish,WA 98074,USA,98074
2014-06-06,407193.0,4.0,2.0,1880,14653,2.0,0,0,3,1880,0,1978,,"31229 NE 111th St, Carnation, WA 98014, USA",20140606T000000,31229 NE 111th St,Carnation,WA 98014,USA,98014
2014-06-06,320000.0,3.0,1.75,1370,9900,1.0,0,0,4,1370,0,1983,,"99 17th Ave, Milton, WA 98354, USA",20140606T000000,99 17th Ave,Milton,WA 98354,USA,98354
2014-06-06,739000.0,4.0,3.0,2720,3800,2.0,0,0,5,1800,920,1919,,"6326 20th Ave NE, Seattle, WA 98115, USA",20140606T000000,6326 20th Ave NE,Seattle,WA 98115,USA,98115
2014-06-06,452000.0,2.0,1.75,1740,5400,1.0,0,0,4,990,750,1946,,"9411 44th Pl NE, Seattle, WA 98115, USA",20140606T000000,9411 44th Pl NE,Seattle,WA 98115,USA,98115
2014-06-06,600000.0,4.0,2.5,2560,5593,2.0,0,0,3,2560,0,2001,,"22801-22899 NE 100th Pl, Redmond, WA 98053, USA",20140606T000000,22801-22899 NE 100th Pl,Redmond,WA 98053,USA,98053
2014-06-06,279000.0,5.0,2.5,2690,5557,2.0,0,0,3,2690,0,2012,,"6421 S 124th St, Seattle, WA 98178, USA",20140606T000000,6421 S 124th St,Seattle,WA 98178,USA,98178
2014-06-06,895000.0,4.0,3.0,3240,5562,2.0,0,0,3,3240,0,2013,,"1852 271st Ave SE, Sammamish, WA 98075, USA",20140606T000000,1852 271st Ave SE,Sammamish,WA 98075,USA,98075
2014-06-06,585000.0,4.0,2.5,2430,4747,2.0,0,0,3,2430,0,2008,,"360 SE Bush St, Issaquah, WA 98027, USA",20140606T000000,360 SE Bush St,Issaquah,WA 98027,USA,98027
2014-06-06,405000.0,2.0,2.0,1405,1073,2.0,0,0,3,1140,265,2007,,"1111 29th Ave, Seattle, WA 98122, USA",20140606T000000,1111 29th Ave,Seattle,WA 98122,USA,98122
2014-06-06,837219.0,5.0,2.75,3030,7679,2.0,0,0,3,3030,0,2014,,"1855-1899 212th Ave SE, Sammamish, WA 98075, USA",20140606T000000,1855-1899 212th Ave SE,Sammamish,WA 98075,USA,98075
2014-06-06,969990.0,4.0,2.5,4150,8436,2.0,0,0,3,4150,0,2014,,"3324 225th Ave SE, Sammamish, WA 98075, USA",20140606T000000,3324 225th Ave SE,Sammamish,WA 98075,USA,98075
2014-06-07,490000.0,3.0,3.0,1730,2940,3.0,0,0,3,1730,0,1985,,"2639 NW 86th St, Seattle, WA 98117, USA",20140607T000000,2639 NW 86th St,Seattle,WA 98117,USA,98117
2014-06-07,611000.0,6.0,2.5,3820,53173,1.0,0,0,4,2040,1780,1974,,"820 Idylwood Dr SW, Issaquah, WA 98027, USA",20140607T000000,820 Idylwood Dr SW,Issaquah,WA 98027,USA,98027
2014-06-07,462000.0,4.0,2.5,3070,6432,2.0,0,0,3,3070,0,2006,,"3474 Wells Ave S, Renton, WA 98055, USA",20140607T000000,3474 Wells Ave S,Renton,WA 98055,USA,98055
2014-06-08,540000.0,4.0,2.5,1780,4169,2.0,0,0,3,1780,0,1994,,"25025 SE 42nd St, Issaquah, WA 98029, USA",20140608T000000,25025 SE 42nd St,Issaquah,WA 98029,USA,98029
2014-06-08,260000.0,4.0,2.5,1811,4381,2.0,0,0,3,1811,0,2007,,"16603 113th Ave SE, Renton, WA 98055, USA",20140608T000000,16603 113th Ave SE,Renton,WA 98055,USA,98055
2014-06-08,510000.0,4.0,2.25,2450,62290,2.0,0,0,3,2450,0,1976,,"18121 197th Pl NE, Woodinville, WA 98077, USA",20140608T000000,18121 197th Pl NE,Woodinville,WA 98077,USA,98077
2014-06-08,567500.0,3.0,2.5,2300,7398,2.0,0,0,3,2300,0,2001,,"7075-7131 Thompson Ave SE, Snoqualmie, WA 98065, USA",20140608T000000,7075-7131 Thompson Ave SE,Snoqualmie,WA 98065,USA,98065
2014-06-08,445000.0,2.0,1.0,1440,3225,1.0,0,0,3,960,480,1915,,"1608 N 50th St, Seattle, WA 98103, USA",20140608T000000,1608 N 50th St,Seattle,WA 98103,USA,98103
2014-06-08,684680.0,4.0,2.25,2370,9360,2.0,0,0,4,2370,0,1979,,"16314 NE 46th St, Redmond, WA 98052, USA",20140608T000000,16314 NE 46th St,Redmond,WA 98052,USA,98052
2014-06-08,2700000.0,4.0,3.25,4420,7850,2.0,1,4,3,3150,1270,2001,,"17834 SE 40th Pl, Bellevue, WA 98008, USA",20140608T000000,17834 SE 40th Pl,Bellevue,WA 98008,USA,98008
2014-06-08,455000.0,3.0,1.0,1300,3550,1.5,0,0,3,1300,0,1927,,"5606 8th Ave NE, Seattle, WA 98105, USA",20140608T000000,5606 8th Ave NE,Seattle,WA 98105,USA,98105
2014-06-08,540000.0,5.0,3.0,2870,4369,2.0,0,0,3,2090,780,2007,,"11175 NE 162nd St, Bothell, WA 98011, USA",20140608T000000,11175 NE 162nd St,Bothell,WA 98011,USA,98011
2014-06-08,530000.0,3.0,2.75,3400,7200,2.0,0,2,3,2470,930,2009,,"353 Bronson Way NE, Renton, WA 98056, USA",20140608T000000,353 Bronson Way NE,Renton,WA 98056,USA,98056
2014-06-09,410000.0,3.0,1.0,1410,5060,1.0,0,0,4,910,500,1956,,"10711 Ashworth Ave N, Seattle, WA 98133, USA",20140609T000000,10711 Ashworth Ave N,Seattle,WA 98133,USA,98133
2014-06-09,450000.0,3.0,1.75,1640,13500,1.0,0,0,3,1110,530,1940,,"12016 23rd Ave NE, Seattle, WA 98125, USA",20140609T000000,12016 23rd Ave NE,Seattle,WA 98125,USA,98125
2014-06-09,609900.0,4.0,2.5,3190,7399,2.0,0,0,3,3190,0,2006,,"27465 254th Way SE, Maple Valley, WA 98038, USA",20140609T000000,27465 254th Way SE,Maple Valley,WA 98038,USA,98038
2014-06-09,648000.0,4.0,2.5,2380,13435,2.0,0,0,3,2380,0,1992,,"3008 233rd Ave SE, Issaquah, WA 98075, USA",20140609T000000,3008 233rd Ave SE,Issaquah,WA 98075,USA,98075
2014-06-09,550000.0,3.0,2.5,2260,4165,2.0,0,0,3,2260,0,2005,,"24811 SE 19th St, Sammamish, WA 98075, USA",20140609T000000,24811 SE 19th St,Sammamish,WA 98075,USA,98075
2014-06-09,347000.0,3.0,1.75,1240,8050,1.0,0,0,4,1240,0,1978,,"22207 Daeila Dr, Sammamish, WA 98074, USA",20140609T000000,22207 Daeila Dr,Sammamish,WA 98074,USA,98074
2014-06-09,1635000.0,5.0,3.5,4220,26784,1.0,0,0,3,2110,2110,1958,2006.0,"400 Detwiller Ln, Bellevue, WA 98004, USA",20140609T000000,400 Detwiller Ln,Bellevue,WA 98004,USA,98004
2014-06-09,1339000.0,4.0,2.5,4250,19387,2.0,0,2,4,3260,990,1972,,"9426 SE 52nd St, Mercer Island, WA 98040, USA",20140609T000000,9426 SE 52nd St,Mercer Island,WA 98040,USA,98040
2014-06-09,288350.0,3.0,1.5,1860,7963,1.0,0,0,3,1200,660,1963,,"5162 S 170th St, Tukwila, WA 98188, USA",20140609T000000,5162 S 170th St,Tukwila,WA 98188,USA,98188
2014-06-09,1150000.0,3.0,2.5,2850,10474,1.0,0,0,4,1730,1120,1954,,"9824 NE 13th St, Bellevue, WA 98004, USA",20140609T000000,9824 NE 13th St,Bellevue,WA 98004,USA,98004
2014-06-09,525000.0,3.0,3.0,2470,36445,2.0,0,0,4,2470,0,1980,,"25616 SE 152nd St, Issaquah, WA 98027, USA",20140609T000000,25616 SE 152nd St,Issaquah,WA 98027,USA,98027
2014-06-09,250250.0,3.0,2.25,2210,8000,2.0,0,0,4,2210,0,1969,,"3652 SW 328th St, Federal Way, WA 98023, USA",20140609T000000,3652 SW 328th St,Federal Way,WA 98023,USA,98023
2014-06-09,341000.0,4.0,1.75,1920,7665,1.0,0,0,4,1500,420,1975,,"16016 SE 173rd St, Renton, WA 98058, USA",20140609T000000,16016 SE 173rd St,Renton,WA 98058,USA,98058
2014-06-09,700000.0,4.0,3.0,3150,7778,2.0,0,0,3,3150,0,2000,,"24012 SE 13th Pl, Sammamish, WA 98075, USA",20140609T000000,24012 SE 13th Pl,Sammamish,WA 98075,USA,98075
2014-06-09,390000.0,4.0,1.75,2700,7875,1.5,0,0,4,2700,0,1968,,"16518-16526 147th Ave SE, Renton, WA 98058, USA",20140609T000000,16518-16526 147th Ave SE,Renton,WA 98058,USA,98058
2014-06-09,539950.0,3.0,2.25,2190,7149,1.0,0,1,4,1240,950,1963,,"3600-3698 Wells Ave N, Renton, WA 98056, USA",20140609T000000,3600-3698 Wells Ave N,Renton,WA 98056,USA,98056
2014-06-09,552000.0,2.0,2.5,1380,951,3.0,0,0,3,1380,0,2006,,"5010 Greenwood Ave N, Seattle, WA 98103, USA",20140609T000000,5010 Greenwood Ave N,Seattle,WA 98103,USA,98103
2014-06-09,250000.0,5.0,1.5,2520,5753,1.5,0,0,4,1510,1010,1928,,"2134 Montgomery Ave, Enumclaw, WA 98022, USA",20140609T000000,2134 Montgomery Ave,Enumclaw,WA 98022,USA,98022
2014-06-09,502000.0,3.0,1.75,1300,8800,1.0,0,0,4,1300,0,1963,,"16805 NE 12th St, Bellevue, WA 98008, USA",20140609T000000,16805 NE 12th St,Bellevue,WA 98008,USA,98008
2014-06-09,480000.0,4.0,1.75,2220,6500,2.0,0,3,4,2220,0,1964,,"16905 33rd Ave SW, Burien, WA 98166, USA",20140609T000000,16905 33rd Ave SW,Burien,WA 98166,USA,98166
2014-06-09,378500.0,2.0,1.0,730,7528,1.0,0,0,3,730,0,1946,,"2048 NE 97th St, Seattle, WA 98115, USA",20140609T000000,2048 NE 97th St,Seattle,WA 98115,USA,98115
2014-06-09,1350000.0,4.0,3.25,3300,15907,2.0,0,0,5,3300,0,1985,,"9213 SE 68th St, Mercer Island, WA 98040, USA",20140609T000000,9213 SE 68th St,Mercer Island,WA 98040,USA,98040
2014-06-09,1900000.0,4.0,3.25,4130,112521,2.0,0,0,3,4130,0,1978,,"13117 NE 33rd St, Bellevue, WA 98005, USA",20140609T000000,13117 NE 33rd St,Bellevue,WA 98005,USA,98005
2014-06-09,605000.0,3.0,2.5,2670,47480,2.0,0,3,3,2670,0,1981,,"16901-17007 NE 160th Pl, Woodinville, WA 98072, USA",20140609T000000,16901-17007 NE 160th Pl,Woodinville,WA 98072,USA,98072
2014-06-09,307550.0,4.0,2.5,1980,5909,2.0,0,0,3,1980,0,2003,,"11717 SE 234th Pl, Kent, WA 98031, USA",20140609T000000,11717 SE 234th Pl,Kent,WA 98031,USA,98031
2014-06-09,304700.0,2.0,1.0,740,5995,1.0,0,0,4,740,0,1949,,"13715 Wallingford Ave N, Seattle, WA 98133, USA",20140609T000000,13715 Wallingford Ave N,Seattle,WA 98133,USA,98133
2014-06-09,568000.0,3.0,1.75,2050,3520,1.0,0,0,4,1070,980,1977,,"5404-5410 Beach Dr SW, Seattle, WA 98136, USA",20140609T000000,5404-5410 Beach Dr SW,Seattle,WA 98136,USA,98136
2014-06-09,385000.0,3.0,1.75,1230,7500,1.0,0,0,3,1230,0,1987,,"14407 88th Ave NE, Kirkland, WA 98034, USA",20140609T000000,14407 88th Ave NE,Kirkland,WA 98034,USA,98034
2014-06-09,345000.0,3.0,2.5,1210,1420,3.0,0,0,3,1210,0,2008,,"717 N 95th St, Seattle, WA 98103, USA",20140609T000000,717 N 95th St,Seattle,WA 98103,USA,98103
2014-06-09,435000.0,3.0,2.25,1890,7200,1.0,0,0,4,1230,660,1973,,"1021 NE 120th St, Seattle, WA 98125, USA",20140609T000000,1021 NE 120th St,Seattle,WA 98125,USA,98125
2014-06-09,579000.0,2.0,2.0,1870,6275,1.0,0,0,3,1870,0,2003,,"12524 231st Ave NE, Redmond, WA 98053, USA",20140609T000000,12524 231st Ave NE,Redmond,WA 98053,USA,98053
2014-06-09,236000.0,3.0,1.75,1330,6301,1.0,0,0,3,1330,0,1998,,"3802 I Pl NE, Auburn, WA 98002, USA",20140609T000000,3802 I Pl NE,Auburn,WA 98002,USA,98002
2014-06-09,305100.0,3.0,2.0,1590,35988,1.0,0,0,4,1590,0,1974,,"18429 W Lake Desire Dr SE, Renton, WA 98058, USA",20140609T000000,18429 W Lake Desire Dr SE,Renton,WA 98058,USA,98058
2014-06-09,368000.0,3.0,1.75,1710,10800,1.0,0,0,4,1710,0,1958,,"15303 75th Ave NE, Kenmore, WA 98028, USA",20140609T000000,15303 75th Ave NE,Kenmore,WA 98028,USA,98028
2014-06-09,255000.0,2.0,1.0,1200,9000,1.0,0,2,5,1200,0,1917,,"22018 8th Pl S, Des Moines, WA 98198, USA",20140609T000000,22018 8th Pl S,Des Moines,WA 98198,USA,98198
2014-06-09,400000.0,2.0,1.0,1140,5100,1.0,0,0,3,1140,0,1942,,"3922 SW Kenyon St, Seattle, WA 98136, USA",20140609T000000,3922 SW Kenyon St,Seattle,WA 98136,USA,98136
2014-06-09,440000.0,3.0,1.75,2240,8153,1.0,0,0,3,1120,1120,1948,,"13749 1st Ave NE, Seattle, WA 98125, USA",20140609T000000,13749 1st Ave NE,Seattle,WA 98125,USA,98125
2014-06-09,417000.0,2.0,1.0,920,6600,1.0,0,0,3,920,0,1919,2003.0,"6321 51st Ave S, Seattle, WA 98118, USA",20140609T000000,6321 51st Ave S,Seattle,WA 98118,USA,98118
2014-06-09,435000.0,2.0,1.0,800,5000,1.0,0,0,3,800,0,1906,,"1111 NW 64th St, Seattle, WA 98107, USA",20140609T000000,1111 NW 64th St,Seattle,WA 98107,USA,98107
2014-06-09,475000.0,4.0,2.75,1980,11443,1.0,0,0,5,1980,0,1952,,"19523 53rd Ave NE, Lake Forest Park, WA 98155, USA",20140609T000000,19523 53rd Ave NE,Lake Forest Park,WA 98155,USA,98155
2014-06-09,563500.0,4.0,2.5,2800,12831,2.0,0,0,3,2800,0,2001,,"15415 279th Pl NE, Duvall, WA 98019, USA",20140609T000000,15415 279th Pl NE,Duvall,WA 98019,USA,98019
2014-06-09,285000.0,3.0,2.25,1680,35127,2.0,0,0,3,1680,0,1987,,"20615 SE 334th St, Auburn, WA 98092, USA",20140609T000000,20615 SE 334th St,Auburn,WA 98092,USA,98092
2014-06-09,471000.0,4.0,2.5,2330,9928,2.0,0,0,3,2330,0,1998,,"275 SE 10th Cir, North Bend, WA 98045, USA",20140609T000000,275 SE 10th Cir,North Bend,WA 98045,USA,98045
2014-06-09,500000.0,4.0,1.75,2240,9886,1.5,0,0,4,2240,0,1965,,"16725 NE 22nd St, Bellevue, WA 98008, USA",20140609T000000,16725 NE 22nd St,Bellevue,WA 98008,USA,98008
2014-06-09,640000.0,3.0,2.5,2140,8925,2.0,0,0,3,2140,0,1991,,"23359 NE 24th Pl, Sammamish, WA 98074, USA",20140609T000000,23359 NE 24th Pl,Sammamish,WA 98074,USA,98074
2014-06-09,442500.0,4.0,2.5,2170,14024,2.0,0,0,3,2170,0,1992,,"27518 NE 147th Ln, Duvall, WA 98019, USA",20140609T000000,27518 NE 147th Ln,Duvall,WA 98019,USA,98019
2014-06-09,213400.0,3.0,1.5,1150,8686,1.0,0,0,4,1150,0,1963,,"11002 SE 180th St, Renton, WA 98055, USA",20140609T000000,11002 SE 180th St,Renton,WA 98055,USA,98055
2014-06-09,831000.0,4.0,2.5,2030,3905,1.5,0,0,4,1630,400,1926,,"3912 Ashworth Ave N, Seattle, WA 98103, USA",20140609T000000,3912 Ashworth Ave N,Seattle,WA 98103,USA,98103
2014-06-09,325000.0,3.0,2.0,1350,11805,1.0,0,0,3,1350,0,1986,,"14329 275th Ave NE, Duvall, WA 98019, USA",20140609T000000,14329 275th Ave NE,Duvall,WA 98019,USA,98019
2014-06-09,425000.0,2.0,1.0,910,4635,1.0,0,0,4,910,0,1905,,"6311-6399 28th Ave NW, Seattle, WA 98107, USA",20140609T000000,6311-6399 28th Ave NW,Seattle,WA 98107,USA,98107
2014-06-09,550000.0,4.0,2.5,2700,5100,1.0,0,0,4,1440,1260,1968,,"3946 SW Portland St, Seattle, WA 98136, USA",20140609T000000,3946 SW Portland St,Seattle,WA 98136,USA,98136
2014-06-09,599950.0,4.0,3.5,3730,15029,2.0,0,2,3,2440,1290,1991,,"24702 132nd Ct SE, Kent, WA 98042, USA",20140609T000000,24702 132nd Ct SE,Kent,WA 98042,USA,98042
2014-06-09,1225000.0,4.0,2.5,2740,16007,2.0,0,0,3,2740,0,1984,,"2557 Medina Cir, Medina, WA 98039, USA",20140609T000000,2557 Medina Cir,Medina,WA 98039,USA,98039
2014-06-09,750000.0,4.0,3.25,2050,5000,2.0,0,0,4,1370,680,1987,,"427 27th Ave E, Seattle, WA 98112, USA",20140609T000000,427 27th Ave E,Seattle,WA 98112,USA,98112
2014-06-09,290000.0,4.0,3.0,2390,4500,2.0,0,0,3,2390,0,1974,,"312 Wells Ave N, Renton, WA 98057, USA",20140609T000000,312 Wells Ave N,Renton,WA 98057,USA,98057
2014-06-09,270000.0,4.0,2.75,1990,7252,1.0,0,0,3,1270,720,1999,,"2820 V Ct SE, Auburn, WA 98002, USA",20140609T000000,2820 V Ct SE,Auburn,WA 98002,USA,98002
2014-06-09,229950.0,4.0,1.75,1300,21000,1.0,0,0,4,1300,0,1969,,"32838 38th Ave S, Federal Way, WA 98001, USA",20140609T000000,32838 38th Ave S,Federal Way,WA 98001,USA,98001
2014-06-09,234999.0,3.0,1.0,1330,8912,1.0,0,0,3,1330,0,1948,,"4725 S 172nd St, SeaTac, WA 98188, USA",20140609T000000,4725 S 172nd St,SeaTac,WA 98188,USA,98188
2014-06-09,265000.0,2.0,1.0,1000,31505,1.0,0,0,3,1000,0,1960,,"32823 NE 195th St, Duvall, WA 98019, USA",20140609T000000,32823 NE 195th St,Duvall,WA 98019,USA,98019
2014-06-09,367300.0,4.0,2.75,2190,14937,2.0,0,0,3,2190,0,1993,,"4816 S 277th Pl, Auburn, WA 98001, USA",20140609T000000,4816 S 277th Pl,Auburn,WA 98001,USA,98001
2014-06-09,550000.0,3.0,1.75,1380,3402,1.5,0,0,3,1380,0,1900,2000.0,"929 24th Ave, Seattle, WA 98122, USA",20140609T000000,929 24th Ave,Seattle,WA 98122,USA,98122
2014-06-09,743700.0,4.0,2.5,2610,33206,2.0,0,0,3,2610,0,1988,,"21306 NE 69th Ct, Redmond, WA 98053, USA",20140609T000000,21306 NE 69th Ct,Redmond,WA 98053,USA,98053
2014-06-09,352750.0,2.0,1.75,1060,1241,2.0,0,0,3,960,100,2008,,"323 25th Ave S, Seattle, WA 98144, USA",20140609T000000,323 25th Ave S,Seattle,WA 98144,USA,98144
2014-06-09,403950.0,2.0,1.0,710,1136,2.0,0,0,4,710,0,1943,,"2360 Fairview Ave E, Seattle, WA 98102, USA",20140609T000000,2360 Fairview Ave E,Seattle,WA 98102,USA,98102
2014-06-09,980000.0,4.0,2.5,2730,4800,1.5,0,0,5,2230,500,1909,,"2518 1st Ave W, Seattle, WA 98119, USA",20140609T000000,2518 1st Ave W,Seattle,WA 98119,USA,98119
2014-06-09,585000.0,4.0,1.75,2470,131790,2.0,0,2,3,2470,0,1937,,"18206 McLean Rd SW, Vashon, WA 98070, USA",20140609T000000,18206 McLean Rd SW,Vashon,WA 98070,USA,98070
2014-06-09,554000.0,3.0,1.75,1760,10780,1.0,0,0,3,1760,0,1977,,"1829 140th Ave SE, Bellevue, WA 98005, USA",20140609T000000,1829 140th Ave SE,Bellevue,WA 98005,USA,98005
2014-06-09,546000.0,3.0,2.5,1530,3464,2.0,0,0,3,1530,0,1998,,"15004 NE 8th Pl, Bellevue, WA 98007, USA",20140609T000000,15004 NE 8th Pl,Bellevue,WA 98007,USA,98007
2014-06-09,280000.0,2.0,1.75,1610,158558,1.5,0,0,2,1610,0,1948,,"7704 376th Ave SE, Snoqualmie, WA 98065, USA",20140609T000000,7704 376th Ave SE,Snoqualmie,WA 98065,USA,98065
2014-06-09,212500.0,2.0,2.0,1030,21712,1.0,0,0,4,1030,0,1938,,"12450 2nd Ave S, Seattle, WA 98168, USA",20140609T000000,12450 2nd Ave S,Seattle,WA 98168,USA,98168
2014-06-09,739000.0,4.0,2.5,2800,246114,2.0,0,0,3,2800,0,1999,,"6209 284th Way NE, Carnation, WA 98014, USA",20140609T000000,6209 284th Way NE,Carnation,WA 98014,USA,98014
2014-06-09,428000.0,3.0,2.0,1310,2550,1.0,0,0,3,780,530,1986,,"8519 Fremont Ave N, Seattle, WA 98103, USA",20140609T000000,8519 Fremont Ave N,Seattle,WA 98103,USA,98103
2014-06-09,965000.0,4.0,2.25,3160,34560,1.0,0,0,4,3160,0,1981,,"14461 156th Ave NE, Woodinville, WA 98072, USA",20140609T000000,14461 156th Ave NE,Woodinville,WA 98072,USA,98072
2014-06-09,364900.0,3.0,3.0,2500,8304,2.0,0,0,3,2500,0,1997,,"13124 SE 223rd Ct, Kent, WA 98031, USA",20140609T000000,13124 SE 223rd Ct,Kent,WA 98031,USA,98031
2014-06-09,559000.0,3.0,1.5,2070,5386,1.0,0,0,4,1140,930,1948,,"8328 14th Ave NW, Seattle, WA 98117, USA",20140609T000000,8328 14th Ave NW,Seattle,WA 98117,USA,98117
2014-06-09,213000.0,4.0,1.75,1980,9000,1.0,0,0,2,1480,500,1978,,"32835 38th Ct SW, Federal Way, WA 98023, USA",20140609T000000,32835 38th Ct SW,Federal Way,WA 98023,USA,98023
2014-06-09,620000.0,3.0,2.5,2590,7237,2.0,0,0,3,2590,0,2004,,"11331 19th Ave NE, Seattle, WA 98125, USA",20140609T000000,11331 19th Ave NE,Seattle,WA 98125,USA,98125
2014-06-09,240000.0,4.0,1.0,1910,16320,1.5,0,0,3,1910,0,1934,,"9817 26th Ave SW, Seattle, WA 98106, USA",20140609T000000,9817 26th Ave SW,Seattle,WA 98106,USA,98106
2014-06-09,852500.0,3.0,2.5,2630,10100,1.0,0,0,4,1580,1050,1967,,"14008 SE 45th Ct, Bellevue, WA 98006, USA",20140609T000000,14008 SE 45th Ct,Bellevue,WA 98006,USA,98006
2014-06-09,600000.0,3.0,2.5,2630,77972,2.0,0,0,3,2630,0,2004,,"31611 NE Cherry Valley Rd, Duvall, WA 98019, USA",20140609T000000,31611 NE Cherry Valley Rd,Duvall,WA 98019,USA,98019
2014-06-09,410000.0,3.0,2.5,1960,4400,2.0,0,0,3,1960,0,2006,,"33823 SE Odell St, Snoqualmie, WA 98065, USA",20140609T000000,33823 SE Odell St,Snoqualmie,WA 98065,USA,98065
2014-06-09,328000.0,3.0,1.75,1440,45302,2.0,0,0,3,1440,0,1977,,"31720 NE 123rd St, Duvall, WA 98019, USA",20140609T000000,31720 NE 123rd St,Duvall,WA 98019,USA,98019
2014-06-09,625000.0,3.0,1.75,2210,16200,1.0,0,0,3,1390,820,1958,,"2022 123rd Ave SE, Bellevue, WA 98005, USA",20140609T000000,2022 123rd Ave SE,Bellevue,WA 98005,USA,98005
2014-06-09,649950.0,4.0,2.5,2350,63162,2.0,0,0,4,2350,0,1994,,"21601-21799 NE 175th St, Woodinville, WA 98077, USA",20140609T000000,21601-21799 NE 175th St,Woodinville,WA 98077,USA,98077
2014-06-09,235000.0,3.0,1.0,1590,13000,1.5,0,0,3,1590,0,1944,,"13726-13736 8th Ave SW, Burien, WA 98166, USA",20140609T000000,13726-13736 8th Ave SW,Burien,WA 98166,USA,98166
2014-06-09,489000.0,3.0,3.5,1500,1249,2.0,0,0,3,1240,260,2004,,"6008 14th Ave NW, Seattle, WA 98107, USA",20140609T000000,6008 14th Ave NW,Seattle,WA 98107,USA,98107
2014-06-09,536000.0,3.0,2.5,1900,6224,2.0,0,0,3,1900,0,2005,,"1706 251st Pl SE, Sammamish, WA 98075, USA",20140609T000000,1706 251st Pl SE,Sammamish,WA 98075,USA,98075
2014-06-09,400000.0,4.0,3.5,2370,3692,2.5,0,0,3,2370,0,2013,,"3704 NE 14th St, Renton, WA 98056, USA",20140609T000000,3704 NE 14th St,Renton,WA 98056,USA,98056
2014-06-09,398000.0,3.0,2.5,1720,1715,2.0,0,0,3,1240,480,2004,,"6006 41st Ave SW, Seattle, WA 98136, USA",20140609T000000,6006 41st Ave SW,Seattle,WA 98136,USA,98136
2014-06-09,379000.0,4.0,1.5,2020,7560,1.0,0,0,4,2020,0,1960,,"11303 146th Ave SE, Renton, WA 98059, USA",20140609T000000,11303 146th Ave SE,Renton,WA 98059,USA,98059
2014-06-09,345000.0,2.0,1.5,1340,1210,2.0,0,0,3,1120,220,2008,,"1718-1748 21st Ave S, Seattle, WA 98144, USA",20140609T000000,1718-1748 21st Ave S,Seattle,WA 98144,USA,98144
2014-06-09,365000.0,3.0,2.5,1800,2700,2.0,0,0,3,1800,0,2011,,"2803 SW Bataan St, Seattle, WA 98126, USA",20140609T000000,2803 SW Bataan St,Seattle,WA 98126,USA,98126
2014-06-09,315000.0,3.0,2.5,1480,1590,2.0,0,0,3,1150,330,2010,,"2202 SW Elmgrove St, Seattle, WA 98106, USA",20140609T000000,2202 SW Elmgrove St,Seattle,WA 98106,USA,98106
2014-06-10,571000.0,4.0,2.0,2750,7807,1.5,0,0,5,2250,500,1916,,"12042 38th Ave NE, Seattle, WA 98125, USA",20140610T000000,12042 38th Ave NE,Seattle,WA 98125,USA,98125
2014-06-10,1025000.0,5.0,4.0,3760,28040,2.0,0,0,3,3760,0,1983,,"4143 118th Ave NE, Kirkland, WA 98033, USA",20140610T000000,4143 118th Ave NE,Kirkland,WA 98033,USA,98033
2014-06-10,695000.0,3.0,2.75,2540,4694,2.0,0,0,3,2540,0,2005,,"1306 236th Pl NE, Sammamish, WA 98074, USA",20140610T000000,1306 236th Pl NE,Sammamish,WA 98074,USA,98074
2014-06-10,225000.0,3.0,1.75,1760,26055,1.0,0,0,3,920,840,1979,,"18035 SE 262nd Pl, Covington, WA 98042, USA",20140610T000000,18035 SE 262nd Pl,Covington,WA 98042,USA,98042
2014-06-10,740000.0,3.0,2.5,3000,25341,2.0,0,0,3,3000,0,1995,,"7617 245th Way NE, Redmond, WA 98053, USA",20140610T000000,7617 245th Way NE,Redmond,WA 98053,USA,98053
2014-06-10,315000.0,4.0,2.5,1930,9643,2.0,0,0,4,1930,0,1992,,"12108 SE 218th Pl, Kent, WA 98031, USA",20140610T000000,12108 SE 218th Pl,Kent,WA 98031,USA,98031
2014-06-10,1230000.0,4.0,2.5,3040,7000,2.0,0,0,3,3040,0,2001,,"7024 SE 20th St, Mercer Island, WA 98040, USA",20140610T000000,7024 SE 20th St,Mercer Island,WA 98040,USA,98040
2014-06-10,420000.0,2.0,1.0,860,3880,1.0,0,0,4,860,0,1916,,"7743 27th Ave NW, Seattle, WA 98117, USA",20140610T000000,7743 27th Ave NW,Seattle,WA 98117,USA,98117
2014-06-10,310000.0,3.0,1.75,1420,7650,1.0,0,0,4,1100,320,1984,,"2714 NE 4th Ct, Renton, WA 98056, USA",20140610T000000,2714 NE 4th Ct,Renton,WA 98056,USA,98056
2014-06-10,700000.0,3.0,2.0,2080,3880,1.0,0,0,5,1160,920,1954,,"7735 27th Ave NW, Seattle, WA 98117, USA",20140610T000000,7735 27th Ave NW,Seattle,WA 98117,USA,98117
2014-06-10,269000.0,3.0,2.5,1560,4200,2.0,0,0,3,1560,0,2003,,"23620 SE 243rd Pl, Maple Valley, WA 98038, USA",20140610T000000,23620 SE 243rd Pl,Maple Valley,WA 98038,USA,98038
2014-06-10,369990.0,4.0,2.5,1960,7133,2.0,0,0,3,1960,0,2002,,"2125 NE 6th Cir, Renton, WA 98056, USA",20140610T000000,2125 NE 6th Cir,Renton,WA 98056,USA,98056
2014-06-10,800000.0,3.0,2.25,1620,4500,2.0,0,0,4,1620,0,1926,,"2565-2599 3rd Ave W, Seattle, WA 98119, USA",20140610T000000,2565-2599 3rd Ave W,Seattle,WA 98119,USA,98119
2014-06-10,569000.0,5.0,3.0,3670,10583,1.0,0,0,5,2060,1610,1952,,"5011 NE 180th St, Lake Forest Park, WA 98155, USA",20140610T000000,5011 NE 180th St,Lake Forest Park,WA 98155,USA,98155
2014-06-10,175000.0,6.0,1.5,1930,8400,1.0,0,0,3,1030,900,1971,,"416 SW 130th St, Burien, WA 98146, USA",20140610T000000,416 SW 130th St,Burien,WA 98146,USA,98146
2014-06-10,440000.0,3.0,1.5,1290,1286,3.0,0,0,3,1290,0,2000,,"4507 Linden Ave N, Seattle, WA 98103, USA",20140610T000000,4507 Linden Ave N,Seattle,WA 98103,USA,98103
2014-06-10,435000.0,5.0,2.25,1970,15247,1.0,0,0,3,1450,520,1986,,"4309 327th Pl SE, Fall City, WA 98024, USA",20140610T000000,4309 327th Pl SE,Fall City,WA 98024,USA,98024
2014-06-10,345000.0,3.0,1.75,1540,6909,1.0,0,0,4,920,620,1955,,"16000-16098 15th Ave NE, Shoreline, WA 98155, USA",20140610T000000,16000-16098 15th Ave NE,Shoreline,WA 98155,USA,98155
2014-06-10,558000.0,4.0,2.0,2180,3870,1.0,0,0,3,1020,1160,1900,,"729 23rd Ave, Seattle, WA 98122, USA",20140610T000000,729 23rd Ave,Seattle,WA 98122,USA,98122
2014-06-10,475000.0,2.0,1.75,1490,224334,1.0,0,2,3,1490,0,1983,,"5050-5132 Foster Ave SE, Auburn, WA 98092, USA",20140610T000000,5050-5132 Foster Ave SE,Auburn,WA 98092,USA,98092
2014-06-10,490000.0,3.0,2.0,2220,10275,2.0,0,0,3,1640,580,1980,,"15 Mt Pilchuck Ave NW, Issaquah, WA 98027, USA",20140610T000000,15 Mt Pilchuck Ave NW,Issaquah,WA 98027,USA,98027
2014-06-10,335000.0,3.0,1.75,2430,9133,1.0,0,0,4,1410,1020,1978,,"4618 NE 22nd Pl, Renton, WA 98059, USA",20140610T000000,4618 NE 22nd Pl,Renton,WA 98059,USA,98059
2014-06-10,350000.0,2.0,0.75,1392,43710,1.5,0,0,4,1392,0,1978,,"17404 94th Ave SW, Vashon, WA 98070, USA",20140610T000000,17404 94th Ave SW,Vashon,WA 98070,USA,98070
2014-06-10,100000.0,4.0,1.0,1120,2685,1.0,0,0,3,860,260,1939,,"1006 N 5th St, Renton, WA 98057, USA",20140610T000000,1006 N 5th St,Renton,WA 98057,USA,98057
2014-06-10,417500.0,4.0,1.0,1390,10800,1.5,0,0,4,1390,0,1941,,"115 NW 132nd St, Seattle, WA 98177, USA",20140610T000000,115 NW 132nd St,Seattle,WA 98177,USA,98177
2014-06-10,253000.0,3.0,1.75,2040,7281,1.0,0,0,3,1020,1020,1962,,"4056 S 151st St, Tukwila, WA 98188, USA",20140610T000000,4056 S 151st St,Tukwila,WA 98188,USA,98188
2014-06-10,1240000.0,5.0,3.0,2830,7500,2.0,0,0,3,2460,370,1923,,"4007 48th Ave NE, Seattle, WA 98105, USA",20140610T000000,4007 48th Ave NE,Seattle,WA 98105,USA,98105
2014-06-10,490000.0,4.0,2.5,3020,8302,2.0,0,0,4,3020,0,1994,,"26529 161st Ave SE, Covington, WA 98042, USA",20140610T000000,26529 161st Ave SE,Covington,WA 98042,USA,98042
2014-06-10,470000.0,3.0,1.75,2290,14800,1.0,0,0,3,1620,670,1965,,"5319 NE 201st Pl, Lake Forest Park, WA 98155, USA",20140610T000000,5319 NE 201st Pl,Lake Forest Park,WA 98155,USA,98155
2014-06-10,483300.0,4.0,2.0,1210,11100,1.0,0,0,4,1210,0,1955,,"3911 147th Ave SE, Bellevue, WA 98006, USA",20140610T000000,3911 147th Ave SE,Bellevue,WA 98006,USA,98006
2014-06-10,659000.0,3.0,2.5,2510,6320,2.0,0,0,3,2510,0,1996,,"2651 230th Ave SE, Sammamish, WA 98075, USA",20140610T000000,2651 230th Ave SE,Sammamish,WA 98075,USA,98075
2014-06-10,480000.0,4.0,1.75,2320,4322,1.0,0,0,3,1140,1180,1910,,"3149 35th Ave S, Seattle, WA 98144, USA",20140610T000000,3149 35th Ave S,Seattle,WA 98144,USA,98144
2014-06-10,165000.0,3.0,1.0,970,6600,1.0,0,0,3,970,0,1965,,"13240 Occidental Ave S, Burien, WA 98168, USA",20140610T000000,13240 Occidental Ave S,Burien,WA 98168,USA,98168
2014-06-10,659500.0,3.0,1.75,1820,5500,1.0,0,0,4,1620,200,1957,,"4115 NE 62nd St, Seattle, WA 98115, USA",20140610T000000,4115 NE 62nd St,Seattle,WA 98115,USA,98115
2014-06-10,219900.0,3.0,1.0,970,7742,1.0,0,0,4,970,0,1967,,"31716 6th Ave S, Federal Way, WA 98003, USA",20140610T000000,31716 6th Ave S,Federal Way,WA 98003,USA,98003
2014-06-10,315000.0,2.0,1.0,1740,3622,1.0,0,0,4,950,790,1924,,"5237 Martin Luther King Jr Way S, Seattle, WA 98118, USA",20140610T000000,5237 Martin Luther King Jr Way S,Seattle,WA 98118,USA,98118
2014-06-10,250000.0,3.0,1.75,1590,7560,1.0,0,0,3,1130,460,1984,,"12033 SE 223rd Dr, Kent, WA 98031, USA",20140610T000000,12033 SE 223rd Dr,Kent,WA 98031,USA,98031
2014-06-10,268000.0,2.0,1.0,1380,5000,1.0,0,0,3,870,510,1943,,"3010 S Holden St, Seattle, WA 98108, USA",20140610T000000,3010 S Holden St,Seattle,WA 98108,USA,98108
2014-06-10,380000.0,4.0,1.5,1680,11123,1.0,0,0,3,1130,550,1959,,"236 NW 176th Pl, Shoreline, WA 98177, USA",20140610T000000,236 NW 176th Pl,Shoreline,WA 98177,USA,98177
2014-06-10,499000.0,2.0,1.0,1220,3000,1.0,0,0,3,920,300,1926,,"637 NW 74th St, Seattle, WA 98117, USA",20140610T000000,637 NW 74th St,Seattle,WA 98117,USA,98117
2014-06-10,285000.0,2.0,2.0,1651,18200,1.0,0,0,3,1651,0,1946,,"15923 Vashon Hwy SW, Vashon, WA 98070, USA",20140610T000000,15923 Vashon Hwy SW,Vashon,WA 98070,USA,98070
2014-06-10,183000.0,3.0,1.75,1330,9200,1.0,0,0,4,1330,0,1973,,"3301 20th St SE, Auburn, WA 98092, USA",20140610T000000,3301 20th St SE,Auburn,WA 98092,USA,98092
2014-06-10,1070000.0,3.0,3.0,2940,4622,2.0,0,0,4,2230,710,1988,,"4814 University View Pl NE, Seattle, WA 98105, USA",20140610T000000,4814 University View Pl NE,Seattle,WA 98105,USA,98105
2014-06-10,429000.0,3.0,3.25,1410,1246,3.0,0,0,3,1410,0,2005,,"9507 Ashworth Ave N, Seattle, WA 98103, USA",20140610T000000,9507 Ashworth Ave N,Seattle,WA 98103,USA,98103
2014-06-10,403000.0,2.0,1.0,1100,3598,1.0,0,0,4,1100,0,1926,,"3242 15th Ave S, Seattle, WA 98144, USA",20140610T000000,3242 15th Ave S,Seattle,WA 98144,USA,98144
2014-06-10,375500.0,3.0,1.5,1530,7200,1.0,0,0,3,1530,0,1975,,"3005 NE 194th St, Lake Forest Park, WA 98155, USA",20140610T000000,3005 NE 194th St,Lake Forest Park,WA 98155,USA,98155
2014-06-10,1795000.0,5.0,3.25,5270,17232,2.0,0,1,3,4010,1260,1977,2003.0,"5355 84th Pl SE, Mercer Island, WA 98040, USA",20140610T000000,5355 84th Pl SE,Mercer Island,WA 98040,USA,98040
2014-06-10,516200.0,3.0,2.0,2110,5150,1.0,0,0,5,1080,1030,1919,,"4836 S Findlay St, Seattle, WA 98118, USA",20140610T000000,4836 S Findlay St,Seattle,WA 98118,USA,98118
2014-06-10,385000.0,4.0,1.75,1720,8750,1.0,0,0,3,860,860,1971,,"9813 NE 140th St, Kirkland, WA 98034, USA",20140610T000000,9813 NE 140th St,Kirkland,WA 98034,USA,98034
2014-06-10,515000.0,3.0,2.5,1800,5001,2.0,0,0,3,1800,0,1996,,"8230 NE 125th Ct, Kirkland, WA 98034, USA",20140610T000000,8230 NE 125th Ct,Kirkland,WA 98034,USA,98034
2014-06-10,375000.0,4.0,2.5,2210,9427,2.0,0,0,3,2210,0,1999,,"475 S 190th St, Burien, WA 98148, USA",20140610T000000,475 S 190th St,Burien,WA 98148,USA,98148
2014-06-10,650000.0,4.0,2.25,2560,9731,2.0,0,0,4,2560,0,1973,,"7014 NE 139th St, Kirkland, WA 98034, USA",20140610T000000,7014 NE 139th St,Kirkland,WA 98034,USA,98034
2014-06-10,306888.0,2.0,1.5,1010,7719,2.0,0,0,3,1010,0,1981,,"2314 Blaine Ave NE, Renton, WA 98056, USA",20140610T000000,2314 Blaine Ave NE,Renton,WA 98056,USA,98056
2014-06-10,870000.0,4.0,2.5,3340,12248,2.0,0,1,3,2470,870,1998,,"1919 Fairmount Ave SW, Seattle, WA 98126, USA",20140610T000000,1919 Fairmount Ave SW,Seattle,WA 98126,USA,98126
2014-06-10,310000.0,4.0,1.0,1740,11075,1.5,0,0,3,1740,0,1965,,"2109 N 161st Pl, Shoreline, WA 98133, USA",20140610T000000,2109 N 161st Pl,Shoreline,WA 98133,USA,98133
2014-06-10,251750.0,3.0,2.0,1320,7200,1.0,0,0,5,1320,0,1975,,"12526 SE 232nd St, Kent, WA 98031, USA",20140610T000000,12526 SE 232nd St,Kent,WA 98031,USA,98031
2014-06-10,366000.0,3.0,1.75,1520,8625,1.0,0,0,3,1520,0,1976,,"19223 89th Ave NE, Bothell, WA 98011, USA",20140610T000000,19223 89th Ave NE,Bothell,WA 98011,USA,98011
2014-06-10,429950.0,3.0,1.5,2010,9480,1.0,0,0,3,1570,440,1951,,"11049 Sand Point Way NE, Seattle, WA 98125, USA",20140610T000000,11049 Sand Point Way NE,Seattle,WA 98125,USA,98125
2014-06-10,710000.0,3.0,3.5,2440,3427,2.0,0,0,3,1990,450,2000,,"2469 132nd Ave SE, Bellevue, WA 98005, USA",20140610T000000,2469 132nd Ave SE,Bellevue,WA 98005,USA,98005
2014-06-10,895000.0,5.0,2.5,2550,20875,1.0,0,0,4,1610,940,1953,,"11034 NE 26th Pl, Bellevue, WA 98004, USA",20140610T000000,11034 NE 26th Pl,Bellevue,WA 98004,USA,98004
2014-06-10,149500.0,3.0,1.0,1010,9450,1.0,0,0,4,1010,0,1959,,"27019 15th Ave S, Des Moines, WA 98198, USA",20140610T000000,27019 15th Ave S,Des Moines,WA 98198,USA,98198
2014-06-10,310000.0,3.0,2.5,1780,6771,1.0,0,0,3,1230,550,1990,,"8833 14th Ave SW, Seattle, WA 98106, USA",20140610T000000,8833 14th Ave SW,Seattle,WA 98106,USA,98106
2014-06-10,555000.0,3.0,2.0,2180,4976,1.5,0,2,4,1680,500,1930,,"3763 SW Hinds St, Seattle, WA 98126, USA",20140610T000000,3763 SW Hinds St,Seattle,WA 98126,USA,98126
2014-06-10,750000.0,5.0,3.25,2750,7500,2.0,0,1,3,2150,600,1937,1997.0,"10237 NE 64th St, Kirkland, WA 98033, USA",20140610T000000,10237 NE 64th St,Kirkland,WA 98033,USA,98033
2014-06-10,745000.0,4.0,3.25,3490,7024,2.0,0,0,3,3490,0,2006,,"27520 SE 28th Ct, Sammamish, WA 98075, USA",20140610T000000,27520 SE 28th Ct,Sammamish,WA 98075,USA,98075
2014-06-10,695000.0,3.0,2.5,2550,45254,2.0,0,0,3,2550,0,2001,,"4792-4798 281st Ave NE, Redmond, WA 98053, USA",20140610T000000,4792-4798 281st Ave NE,Redmond,WA 98053,USA,98053
2014-06-10,433000.0,3.0,1.75,1870,7189,1.0,0,0,3,1270,600,1959,,"6811 51st Ave S, Seattle, WA 98118, USA",20140610T000000,6811 51st Ave S,Seattle,WA 98118,USA,98118
2014-06-10,307000.0,4.0,1.0,1150,8184,1.5,0,0,3,1150,0,1947,,"15562 9th Ave NE, Shoreline, WA 98155, USA",20140610T000000,15562 9th Ave NE,Shoreline,WA 98155,USA,98155
2014-06-10,655275.0,3.0,1.75,2050,11856,1.0,0,0,3,1460,590,1962,,"4040 134th Ave SE, Bellevue, WA 98006, USA",20140610T000000,4040 134th Ave SE,Bellevue,WA 98006,USA,98006
2014-06-10,392000.0,4.0,2.75,1940,6555,2.0,0,0,3,1940,0,1990,,"25804-25810 Lake Wilderness Country Club Dr SE, Maple Valley, WA 98038, USA",20140610T000000,25804-25810 Lake Wilderness Country Club Dr SE,Maple Valley,WA 98038,USA,98038
2014-06-10,1180000.0,5.0,3.75,3630,6000,1.5,0,0,3,2470,1160,2004,,"810 5th St, Kirkland, WA 98033, USA",20140610T000000,810 5th St,Kirkland,WA 98033,USA,98033
2014-06-10,359950.0,3.0,1.75,1890,9100,2.0,0,0,4,1890,0,1952,,"1633 N 192nd St, Shoreline, WA 98133, USA",20140610T000000,1633 N 192nd St,Shoreline,WA 98133,USA,98133
2014-06-10,360000.0,4.0,2.0,1630,10375,1.0,0,0,5,1630,0,1968,,"17602 197th Pl NE, Woodinville, WA 98077, USA",20140610T000000,17602 197th Pl NE,Woodinville,WA 98077,USA,98077
2014-06-10,566000.0,4.0,1.75,2440,5000,1.0,0,0,3,1340,1100,1954,,"7328 12th Ave NW, Seattle, WA 98117, USA",20140610T000000,7328 12th Ave NW,Seattle,WA 98117,USA,98117
2014-06-10,700000.0,5.0,2.75,3100,9825,2.0,0,2,4,3100,0,1950,1982.0,"4251 NE 125th St, Seattle, WA 98125, USA",20140610T000000,4251 NE 125th St,Seattle,WA 98125,USA,98125
2014-06-10,415000.0,3.0,2.5,2090,6045,2.0,0,0,3,2090,0,2000,,"3307 NE 7th St, Renton, WA 98056, USA",20140610T000000,3307 NE 7th St,Renton,WA 98056,USA,98056
2014-06-10,199500.0,3.0,1.0,920,9812,1.0,0,0,4,920,0,1962,,"34021 40th Ave S, Auburn, WA 98001, USA",20140610T000000,34021 40th Ave S,Auburn,WA 98001,USA,98001
2014-06-10,749000.0,3.0,1.0,1580,5000,1.5,0,0,3,1580,0,1926,,"7526 Jones Ave NW, Seattle, WA 98117, USA",20140610T000000,7526 Jones Ave NW,Seattle,WA 98117,USA,98117
2014-06-10,680000.0,3.0,1.75,1760,8400,1.0,0,0,4,1460,300,1960,,"7510 45th Ave SW, Seattle, WA 98136, USA",20140610T000000,7510 45th Ave SW,Seattle,WA 98136,USA,98136
2014-06-10,400000.0,4.0,2.5,2530,7563,1.0,0,0,3,1440,1090,1978,,"9808 NE 204th Pl, Bothell, WA 98011, USA",20140610T000000,9808 NE 204th Pl,Bothell,WA 98011,USA,98011
2014-06-10,608000.0,4.0,2.75,2490,9714,1.0,0,0,4,1400,1090,1983,,"10500-10598 NE 168th St, Bothell, WA 98011, USA",20140610T000000,10500-10598 NE 168th St,Bothell,WA 98011,USA,98011
2014-06-10,589900.0,4.0,4.5,3870,35889,2.0,0,0,3,2530,1340,2001,,"24718 SE Mirrormont Dr, Issaquah, WA 98027, USA",20140610T000000,24718 SE Mirrormont Dr,Issaquah,WA 98027,USA,98027
2014-06-10,480000.0,5.0,2.5,2732,9500,1.0,0,2,4,1870,862,1975,,"1006 S 286th Pl, Federal Way, WA 98003, USA",20140610T000000,1006 S 286th Pl,Federal Way,WA 98003,USA,98003
2014-06-10,1059500.0,5.0,3.25,3230,3825,2.0,0,0,3,2480,750,2014,,"6729 Earl Ave NW, Seattle, WA 98117, USA",20140610T000000,6729 Earl Ave NW,Seattle,WA 98117,USA,98117
2014-06-10,915000.0,6.0,3.75,2930,14980,2.0,0,3,3,2930,0,2013,,"6478 167th Ln SE, Bellevue, WA 98006, USA",20140610T000000,6478 167th Ln SE,Bellevue,WA 98006,USA,98006
2014-06-10,695000.0,4.0,3.5,3510,9364,2.0,0,0,3,3510,0,2001,,"34809 SE Garden Ct, Snoqualmie, WA 98065, USA",20140610T000000,34809 SE Garden Ct,Snoqualmie,WA 98065,USA,98065
2014-06-10,899900.0,4.0,2.5,2580,3909,2.0,0,0,3,2580,0,2013,,"1235 Market St, Kirkland, WA 98033, USA",20140610T000000,1235 Market St,Kirkland,WA 98033,USA,98033
2014-06-10,499950.0,2.0,2.25,1060,1208,2.0,0,0,3,940,120,2005,,"2008 Yale Ave E, Seattle, WA 98102, USA",20140610T000000,2008 Yale Ave E,Seattle,WA 98102,USA,98102
2014-06-10,533112.0,4.0,2.75,2790,8853,2.0,0,0,3,2790,0,2013,,"1030 SE 10th St, North Bend, WA 98045, USA",20140610T000000,1030 SE 10th St,North Bend,WA 98045,USA,98045
2014-06-10,303210.0,4.0,2.5,2009,5000,2.0,0,0,3,2009,0,2014,,"2411 57th St SE, Auburn, WA 98092, USA",20140610T000000,2411 57th St SE,Auburn,WA 98092,USA,98092
2014-06-10,525000.0,5.0,2.75,2880,8364,2.0,0,0,3,2880,0,2006,,"407 Kitsap Ave NE, Renton, WA 98059, USA",20140610T000000,407 Kitsap Ave NE,Renton,WA 98059,USA,98059
2014-06-10,399950.0,2.0,1.0,710,1157,2.0,0,0,4,710,0,1943,,"2358 Fairview Ave E, Seattle, WA 98102, USA",20140610T000000,2358 Fairview Ave E,Seattle,WA 98102,USA,98102
2014-06-11,850830.0,3.0,2.5,2070,13241,1.5,0,0,5,1270,800,1910,,"2505 Boyer Ave E, Seattle, WA 98102, USA",20140611T000000,2505 Boyer Ave E,Seattle,WA 98102,USA,98102
2014-06-11,371500.0,3.0,2.0,1370,8336,1.0,0,0,5,1370,0,1964,,"2320 N 161st St, Shoreline, WA 98133, USA",20140611T000000,2320 N 161st St,Shoreline,WA 98133,USA,98133
2014-06-11,522000.0,3.0,1.75,1730,8400,1.0,0,0,4,1400,330,1980,,"8605 169th Ct NE, Redmond, WA 98052, USA",20140611T000000,8605 169th Ct NE,Redmond,WA 98052,USA,98052
2014-06-11,588000.0,4.0,2.0,1680,5000,1.0,0,0,3,980,700,1950,,"7734 39th Ave NE, Seattle, WA 98115, USA",20140611T000000,7734 39th Ave NE,Seattle,WA 98115,USA,98115
2014-06-11,276900.0,2.0,1.0,1350,10096,1.0,0,2,4,1350,0,1952,,"428 Orchard Ave NE, North Bend, WA 98045, USA",20140611T000000,428 Orchard Ave NE,North Bend,WA 98045,USA,98045
2014-06-11,248000.0,5.0,1.5,1510,9078,1.0,0,0,4,1510,0,1959,,"2052 S 132nd St, SeaTac, WA 98168, USA",20140611T000000,2052 S 132nd St,SeaTac,WA 98168,USA,98168
2014-06-11,280000.0,3.0,2.5,1860,6607,2.0,0,0,3,1860,0,1989,,"1206 SW 349th St, Federal Way, WA 98023, USA",20140611T000000,1206 SW 349th St,Federal Way,WA 98023,USA,98023
2014-06-11,495000.0,6.0,5.0,3440,4500,2.0,0,0,3,3280,160,2007,,"321 Hardie Ave NW, Renton, WA 98057, USA",20140611T000000,321 Hardie Ave NW,Renton,WA 98057,USA,98057
2014-06-11,665000.0,6.0,3.0,4250,4400,2.5,0,0,4,3020,1230,1902,,"3907 S Edmunds St, Seattle, WA 98118, USA",20140611T000000,3907 S Edmunds St,Seattle,WA 98118,USA,98118
2014-06-11,290300.0,2.0,1.0,860,3874,1.0,0,0,4,860,0,1931,,"915 N 1st St, Renton, WA 98057, USA",20140611T000000,915 N 1st St,Renton,WA 98057,USA,98057
2014-06-11,527000.0,2.0,1.75,1640,4080,1.0,0,0,3,840,800,1921,,"4746 Thackeray Pl NE, Seattle, WA 98105, USA",20140611T000000,4746 Thackeray Pl NE,Seattle,WA 98105,USA,98105
2014-06-11,487028.0,2.0,1.5,1295,1093,2.0,0,0,3,1105,190,2007,,"2514 E Denny Way, Seattle, WA 98122, USA",20140611T000000,2514 E Denny Way,Seattle,WA 98122,USA,98122
2014-06-11,325000.0,3.0,1.75,1790,27427,1.0,0,0,3,1130,660,1978,,"43404 SE 76th St, Snoqualmie, WA 98065, USA",20140611T000000,43404 SE 76th St,Snoqualmie,WA 98065,USA,98065
2014-06-11,799000.0,3.0,1.5,2210,6300,1.5,0,0,5,2210,0,1916,,"1422 33rd Ave S, Seattle, WA 98144, USA",20140611T000000,1422 33rd Ave S,Seattle,WA 98144,USA,98144
2014-06-11,7062500.0,5.0,4.5,10040,37325,2.0,1,2,3,7680,2360,1940,2001.0,"4442 95th Ave NE, Bellevue, WA 98004, USA",20140611T000000,4442 95th Ave NE,Bellevue,WA 98004,USA,98004
2014-06-11,354000.0,3.0,1.0,940,10368,1.0,0,0,3,940,0,1965,,"15550 NE 60th St, Redmond, WA 98052, USA",20140611T000000,15550 NE 60th St,Redmond,WA 98052,USA,98052
2014-06-11,262500.0,3.0,1.5,1160,8906,1.0,0,0,3,1160,0,1962,,"7327 33rd Ave S, Seattle, WA 98118, USA",20140611T000000,7327 33rd Ave S,Seattle,WA 98118,USA,98118
2014-06-11,560200.0,3.0,2.5,1990,3984,2.0,0,0,3,1990,0,2004,,"24134 SE 20th St, Sammamish, WA 98075, USA",20140611T000000,24134 SE 20th St,Sammamish,WA 98075,USA,98075
2014-06-11,220000.0,3.0,1.0,1050,6300,1.0,0,0,3,1050,0,1942,,"10102 33rd Ave SW, Seattle, WA 98146, USA",20140611T000000,10102 33rd Ave SW,Seattle,WA 98146,USA,98146
2014-06-11,650000.0,2.0,1.0,1030,5750,1.0,0,0,5,1030,0,1928,,"1923 46th Ave SW, Seattle, WA 98116, USA",20140611T000000,1923 46th Ave SW,Seattle,WA 98116,USA,98116
2014-06-11,435000.0,3.0,2.5,1420,2581,3.0,0,0,3,1420,0,2004,,"136 N 101st St, Seattle, WA 98133, USA",20140611T000000,136 N 101st St,Seattle,WA 98133,USA,98133
2014-06-11,800000.0,4.0,3.75,2690,4000,2.0,0,3,4,2120,570,1909,1989.0,"2537 11th Ave W, Seattle, WA 98119, USA",20140611T000000,2537 11th Ave W,Seattle,WA 98119,USA,98119
2014-06-11,1010000.0,4.0,2.5,3760,29224,2.0,0,0,3,3760,0,1987,,"15736 NE 134th St, Redmond, WA 98052, USA",20140611T000000,15736 NE 134th St,Redmond,WA 98052,USA,98052
2014-06-11,200000.0,2.0,1.0,700,4700,1.0,0,0,5,700,0,1953,,"751 Redmond Ave NE, Renton, WA 98056, USA",20140611T000000,751 Redmond Ave NE,Renton,WA 98056,USA,98056
2014-06-11,295000.0,5.0,3.5,2100,5107,2.0,0,0,3,1410,690,1999,,"10026 61st Ave S, Seattle, WA 98178, USA",20140611T000000,10026 61st Ave S,Seattle,WA 98178,USA,98178
2014-06-11,580379.0,4.0,2.75,2240,27820,1.5,0,0,4,2240,0,1976,,"21404 SE 19th St, Sammamish, WA 98075, USA",20140611T000000,21404 SE 19th St,Sammamish,WA 98075,USA,98075
2014-06-11,875000.0,4.0,2.5,3470,32109,2.0,0,0,3,3470,0,1995,,"22618 NE 143rd Ct, Woodinville, WA 98077, USA",20140611T000000,22618 NE 143rd Ct,Woodinville,WA 98077,USA,98077
2014-06-11,515000.0,3.0,2.5,3370,19585,2.0,0,0,3,3200,170,1951,,"15043 Densmore Ave N, Shoreline, WA 98133, USA",20140611T000000,15043 Densmore Ave N,Shoreline,WA 98133,USA,98133
2014-06-11,599000.0,4.0,2.5,2790,230868,2.0,0,0,3,2790,0,1989,,"18905 240th Ave NE, Woodinville, WA 98077, USA",20140611T000000,18905 240th Ave NE,Woodinville,WA 98077,USA,98077
2014-06-11,285000.0,3.0,2.5,1870,4060,2.0,0,0,3,1870,0,2005,,"13303 SE 227th St, Kent, WA 98042, USA",20140611T000000,13303 SE 227th St,Kent,WA 98042,USA,98042
2014-06-11,290000.0,3.0,1.75,1520,15090,1.0,0,0,4,1520,0,1968,,"28515 SE 228th St, Maple Valley, WA 98038, USA",20140611T000000,28515 SE 228th St,Maple Valley,WA 98038,USA,98038
2014-06-11,355000.0,1.0,1.75,750,20339,1.0,0,0,4,550,200,1946,,"14128 W Lake Kathleen Dr SE, Renton, WA 98059, USA",20140611T000000,14128 W Lake Kathleen Dr SE,Renton,WA 98059,USA,98059
2014-06-11,381000.0,3.0,1.5,1460,11407,1.0,0,0,3,1460,0,1954,,"16044 33rd Ave NE, Lake Forest Park, WA 98155, USA",20140611T000000,16044 33rd Ave NE,Lake Forest Park,WA 98155,USA,98155
2014-06-11,571000.0,3.0,2.5,2600,7465,2.0,0,0,3,2600,0,1988,,"15201 93rd Pl NE, Bothell, WA 98011, USA",20140611T000000,15201 93rd Pl NE,Bothell,WA 98011,USA,98011
2014-06-11,852600.0,4.0,2.5,3320,11901,2.0,0,0,5,2650,670,1977,,"5334-5394 134th Ave SE, Bellevue, WA 98006, USA",20140611T000000,5334-5394 134th Ave SE,Bellevue,WA 98006,USA,98006
2014-06-11,1085000.0,5.0,2.5,2340,6000,2.0,0,0,4,2340,0,1922,,"3107 37th Pl S, Seattle, WA 98144, USA",20140611T000000,3107 37th Pl S,Seattle,WA 98144,USA,98144
2014-06-11,371000.0,3.0,1.0,890,7200,1.0,0,0,3,890,0,1951,,"3843 NE 113th St, Seattle, WA 98125, USA",20140611T000000,3843 NE 113th St,Seattle,WA 98125,USA,98125
2014-06-11,514000.0,3.0,1.75,1720,5899,1.0,0,1,3,1220,500,1986,,"4052 SW Myrtle St, Seattle, WA 98136, USA",20140611T000000,4052 SW Myrtle St,Seattle,WA 98136,USA,98136
2014-06-11,386000.0,3.0,1.5,1270,1318,2.0,0,0,3,1080,190,2004,,"3613 Gilman Ave W, Seattle, WA 98199, USA",20140611T000000,3613 Gilman Ave W,Seattle,WA 98199,USA,98199
2014-06-11,464000.0,4.0,2.5,2180,7203,2.0,0,0,4,2180,0,1989,,"5055 NE 23rd St, Renton, WA 98059, USA",20140611T000000,5055 NE 23rd St,Renton,WA 98059,USA,98059
2014-06-11,335000.0,4.0,2.25,2030,13500,1.0,0,0,3,1230,800,1963,,"20532 SE 159th St, Renton, WA 98059, USA",20140611T000000,20532 SE 159th St,Renton,WA 98059,USA,98059
2014-06-11,740000.0,4.0,2.75,2490,17833,2.0,0,2,3,1490,1000,1979,,"12537 41st Ave NE, Seattle, WA 98125, USA",20140611T000000,12537 41st Ave NE,Seattle,WA 98125,USA,98125
2014-06-11,465000.0,4.0,1.75,1470,5350,1.0,0,0,3,980,490,1955,,"10424 12th Ave NE, Seattle, WA 98125, USA",20140611T000000,10424 12th Ave NE,Seattle,WA 98125,USA,98125
2014-06-11,700000.0,3.0,2.75,2500,7378,1.0,0,0,5,1390,1110,1948,,"10050 11th Ave NW, Seattle, WA 98177, USA",20140611T000000,10050 11th Ave NW,Seattle,WA 98177,USA,98177
2014-06-11,785000.0,3.0,3.5,4500,21870,2.0,0,0,3,4500,0,2004,,"13528 SE 333rd Pl, Auburn, WA 98092, USA",20140611T000000,13528 SE 333rd Pl,Auburn,WA 98092,USA,98092
2014-06-11,350000.0,3.0,3.25,1460,1592,2.0,0,0,3,1130,330,2006,,"6003 Lanham Pl SW, Seattle, WA 98126, USA",20140611T000000,6003 Lanham Pl SW,Seattle,WA 98126,USA,98126
2014-06-11,148000.0,1.0,1.0,620,8261,1.0,0,0,3,620,0,1939,,"9854 25th Ave SW, Seattle, WA 98106, USA",20140611T000000,9854 25th Ave SW,Seattle,WA 98106,USA,98106
2014-06-11,530000.0,3.0,1.75,1550,3680,1.0,0,0,3,1050,500,1927,,"209 NW 73rd St, Seattle, WA 98117, USA",20140611T000000,209 NW 73rd St,Seattle,WA 98117,USA,98117
2014-06-11,349000.0,3.0,2.5,1430,1002,3.0,0,0,3,1430,0,2002,,"720 N 95th St, Seattle, WA 98103, USA",20140611T000000,720 N 95th St,Seattle,WA 98103,USA,98103
2014-06-11,240000.0,3.0,1.5,1360,9760,1.5,0,0,5,1360,0,1984,,"43712 SE 150th St, North Bend, WA 98045, USA",20140611T000000,43712 SE 150th St,North Bend,WA 98045,USA,98045
2014-06-11,330000.0,3.0,2.5,2210,7557,2.0,0,0,3,2210,0,1989,,"32739 47th Ave SW, Federal Way, WA 98023, USA",20140611T000000,32739 47th Ave SW,Federal Way,WA 98023,USA,98023
2014-06-11,735000.0,4.0,1.75,2460,5100,1.5,0,0,5,1450,1010,1909,,"6815 26th Ave NE, Seattle, WA 98115, USA",20140611T000000,6815 26th Ave NE,Seattle,WA 98115,USA,98115
2014-06-11,545000.0,3.0,2.5,2180,15693,1.0,0,0,4,1850,330,1979,,"1801 193rd Ave SE, Sammamish, WA 98075, USA",20140611T000000,1801 193rd Ave SE,Sammamish,WA 98075,USA,98075
2014-06-11,214950.0,3.0,1.75,1570,4875,1.0,0,0,4,1310,260,1977,,"26712 186th Ave SE, Covington, WA 98042, USA",20140611T000000,26712 186th Ave SE,Covington,WA 98042,USA,98042
2014-06-11,657500.0,4.0,2.75,4140,24190,2.0,0,0,3,4140,0,2002,,"32927 143rd Ct SE, Auburn, WA 98092, USA",20140611T000000,32927 143rd Ct SE,Auburn,WA 98092,USA,98092
2014-06-11,476000.0,3.0,1.0,1140,5500,1.5,0,0,4,1140,0,1908,,"4415 29th Ave W, Seattle, WA 98199, USA",20140611T000000,4415 29th Ave W,Seattle,WA 98199,USA,98199
2014-06-11,2888000.0,5.0,6.25,8670,64033,2.0,0,4,3,6120,2550,1965,2003.0,"1291 NW Elford Dr, Seattle, WA 98177, USA",20140611T000000,1291 NW Elford Dr,Seattle,WA 98177,USA,98177
2014-06-11,110000.0,2.0,1.0,800,15000,1.0,0,0,3,800,0,1927,,"12231 14th Ave S, Seattle, WA 98168, USA",20140611T000000,12231 14th Ave S,Seattle,WA 98168,USA,98168
2014-06-11,292000.0,4.0,2.75,2414,7693,2.0,0,0,3,2414,0,2006,,"315 F St SE, Auburn, WA 98002, USA",20140611T000000,315 F St SE,Auburn,WA 98002,USA,98002
2014-06-11,317000.0,3.0,1.0,1160,8813,1.0,0,0,3,1160,0,1952,,"13319 1st Ave NE, Seattle, WA 98125, USA",20140611T000000,13319 1st Ave NE,Seattle,WA 98125,USA,98125
2014-06-11,455000.0,4.0,2.5,3170,10688,2.0,0,2,3,3170,0,2001,,"1118 U St NW, Auburn, WA 98001, USA",20140611T000000,1118 U St NW,Auburn,WA 98001,USA,98001
2014-06-11,1365000.0,5.0,3.5,4210,17258,2.0,0,3,3,4210,0,1995,,"5564 169th Pl SE, Bellevue, WA 98006, USA",20140611T000000,5564 169th Pl SE,Bellevue,WA 98006,USA,98006
2014-06-11,460000.0,3.0,2.0,2060,4437,1.0,0,0,3,1030,1030,1929,,"3720 35th Ave SW, Seattle, WA 98126, USA",20140611T000000,3720 35th Ave SW,Seattle,WA 98126,USA,98126
2014-06-11,405000.0,3.0,2.0,1640,7201,1.0,0,0,3,1640,0,1948,,"12711 37th Ave NE, Seattle, WA 98125, USA",20140611T000000,12711 37th Ave NE,Seattle,WA 98125,USA,98125
2014-06-11,333000.0,2.0,1.0,720,6686,1.0,0,0,3,720,0,1942,,"9716 4th Ave NW, Seattle, WA 98117, USA",20140611T000000,9716 4th Ave NW,Seattle,WA 98117,USA,98117
2014-06-11,427000.0,4.0,1.0,1860,4736,1.5,0,0,1,1860,0,1901,,"2411-2499 E Roy St, Seattle, WA 98112, USA",20140611T000000,2411-2499 E Roy St,Seattle,WA 98112,USA,98112
2014-06-11,742000.0,4.0,2.5,2810,10986,2.0,0,0,3,2810,0,1997,,"1755 268th Pl SE, Sammamish, WA 98075, USA",20140611T000000,1755 268th Pl SE,Sammamish,WA 98075,USA,98075
2014-06-11,465000.0,4.0,2.5,2090,9702,1.0,0,0,5,1320,770,1965,,"16135 Densmore Ave N, Shoreline, WA 98133, USA",20140611T000000,16135 Densmore Ave N,Shoreline,WA 98133,USA,98133
2014-06-11,809950.0,4.0,2.5,3280,6181,2.0,0,0,3,3280,0,2001,,"19199 NE 43rd Ct, Sammamish, WA 98074, USA",20140611T000000,19199 NE 43rd Ct,Sammamish,WA 98074,USA,98074
2014-06-11,619400.0,4.0,2.0,2090,3610,1.5,0,0,5,1790,300,1927,,"8044 14th Avenue Northeast, Seattle, WA 98115, USA",20140611T000000,8044 14th Avenue Northeast,Seattle,WA 98115,USA,98115
2014-06-11,762400.0,3.0,1.75,2430,14607,1.0,0,1,3,1230,1200,1949,1970.0,"4854 E Mercer Way, Mercer Island, WA 98040, USA",20140611T000000,4854 E Mercer Way,Mercer Island,WA 98040,USA,98040
2014-06-11,535000.0,5.0,2.25,2520,49222,2.0,0,0,4,2520,0,1978,,"20645 SE 123rd St, Issaquah, WA 98027, USA",20140611T000000,20645 SE 123rd St,Issaquah,WA 98027,USA,98027
2014-06-11,881000.0,5.0,3.0,2510,4125,1.5,0,3,5,1590,920,1925,,"540 33rd Ave S, Seattle, WA 98144, USA",20140611T000000,540 33rd Ave S,Seattle,WA 98144,USA,98144
2014-06-11,813000.0,4.0,2.75,3370,6675,1.0,0,3,4,1920,1450,1948,,"1501 33rd Ave S, Seattle, WA 98144, USA",20140611T000000,1501 33rd Ave S,Seattle,WA 98144,USA,98144
2014-06-11,234000.0,3.0,2.0,1640,5280,1.5,0,0,5,1640,0,1910,,"28 M St NE, Auburn, WA 98002, USA",20140611T000000,28 M St NE,Auburn,WA 98002,USA,98002
2014-06-11,308900.0,3.0,2.5,2250,7294,2.0,0,0,3,2250,0,1994,,"5006 Highland Dr SE, Auburn, WA 98092, USA",20140611T000000,5006 Highland Dr SE,Auburn,WA 98092,USA,98092
2014-06-11,450000.0,4.0,2.5,2300,19250,1.0,0,0,4,2300,0,1955,,"13406 423rd Ave SE, North Bend, WA 98045, USA",20140611T000000,13406 423rd Ave SE,North Bend,WA 98045,USA,98045
2014-06-11,547500.0,3.0,3.5,1650,2262,3.0,0,0,3,1650,0,2010,,"769 N 74th St, Seattle, WA 98103, USA",20140611T000000,769 N 74th St,Seattle,WA 98103,USA,98103
2014-06-11,399950.0,2.0,1.0,710,1131,2.0,0,0,4,710,0,1943,,"2358 Fairview Ave E, Seattle, WA 98102, USA",20140611T000000,2358 Fairview Ave E,Seattle,WA 98102,USA,98102
2014-06-11,516000.0,4.0,3.5,2550,8698,2.0,0,0,3,2550,0,2007,,"8816 Venn Ave SE, Snoqualmie, WA 98065, USA",20140611T000000,8816 Venn Ave SE,Snoqualmie,WA 98065,USA,98065
2014-06-11,250000.0,2.0,1.5,982,846,2.0,0,0,3,806,176,2006,,"10217 Aurora Ave N, Seattle, WA 98133, USA",20140611T000000,10217 Aurora Ave N,Seattle,WA 98133,USA,98133
2014-06-11,475000.0,3.0,2.25,1630,2520,2.0,0,0,3,1630,0,2005,,"2009 25th Ave NE, Issaquah, WA 98029, USA",20140611T000000,2009 25th Ave NE,Issaquah,WA 98029,USA,98029
2014-06-11,415000.0,4.0,2.5,2550,4500,2.0,0,0,3,2550,0,2009,,"564 Field Pl NE, Renton, WA 98059, USA",20140611T000000,564 Field Pl NE,Renton,WA 98059,USA,98059
2014-06-11,545000.0,2.0,1.25,1240,2150,2.0,0,0,3,1240,0,2014,,"8050 14th Ave NW, Seattle, WA 98117, USA",20140611T000000,8050 14th Ave NW,Seattle,WA 98117,USA,98117
2014-06-11,329950.0,3.0,2.5,2456,7566,2.0,0,0,3,2456,0,2012,,"33800-33998 12th Pl SW, Federal Way, WA 98023, USA",20140611T000000,33800-33998 12th Pl SW,Federal Way,WA 98023,USA,98023
2014-06-12,1325000.0,5.0,2.25,3200,20158,1.0,0,0,3,1600,1600,1965,,"2154-2398 94th Ave NE, Clyde Hill, WA 98004, USA",20140612T000000,2154-2398 94th Ave NE,Clyde Hill,WA 98004,USA,98004
2014-06-12,784000.0,3.0,3.5,3950,111078,1.5,0,0,3,2460,1490,1989,,"19851 NE Redmond Rd, Redmond, WA 98053, USA",20140612T000000,19851 NE Redmond Rd,Redmond,WA 98053,USA,98053
2014-06-12,610750.0,4.0,2.25,2180,7297,2.0,0,0,3,2180,0,1984,,"21132 NE 42nd St, Sammamish, WA 98074, USA",20140612T000000,21132 NE 42nd St,Sammamish,WA 98074,USA,98074
2014-06-12,578000.0,4.0,2.5,3140,9225,1.0,0,2,5,1770,1370,1966,,"540 Raymond Pl NW, Renton, WA 98057, USA",20140612T000000,540 Raymond Pl NW,Renton,WA 98057,USA,98057
2014-06-12,1485000.0,4.0,3.75,4030,10800,2.0,0,0,3,4030,0,2006,,"619 9th Ave, Kirkland, WA 98033, USA",20140612T000000,619 9th Ave,Kirkland,WA 98033,USA,98033
2014-06-12,501000.0,3.0,1.75,1970,7972,1.0,0,3,5,1370,600,1976,,"8600-8604 NW 5th St, Renton, WA 98057, USA",20140612T000000,8600-8604 NW 5th St,Renton,WA 98057,USA,98057
2014-06-12,465250.0,5.0,2.0,1940,7642,1.5,0,0,3,1940,0,1957,,"20028 18th Ave NW, Shoreline, WA 98177, USA",20140612T000000,20028 18th Ave NW,Shoreline,WA 98177,USA,98177
2014-06-12,2250000.0,5.0,4.25,4860,9453,1.5,0,1,5,3100,1760,1905,,"173 37th Ave E, Seattle, WA 98112, USA",20140612T000000,173 37th Ave E,Seattle,WA 98112,USA,98112
2014-06-12,1095000.0,0.0,0.0,3064,4764,3.5,0,2,3,3064,0,1990,,"814 E Howe St, Seattle, WA 98102, USA",20140612T000000,814 E Howe St,Seattle,WA 98102,USA,98102
2014-06-12,315000.0,2.0,1.0,970,5665,1.0,0,0,4,970,0,1908,,"4726 S Orcas St, Seattle, WA 98118, USA",20140612T000000,4726 S Orcas St,Seattle,WA 98118,USA,98118
2014-06-12,900000.0,4.0,2.25,2460,44431,1.0,0,0,4,2460,0,1957,,"539 145th Ave SE, Bellevue, WA 98007, USA",20140612T000000,539 145th Ave SE,Bellevue,WA 98007,USA,98007
2014-06-12,789500.0,4.0,2.5,3010,6100,2.0,0,0,3,3010,0,2005,,"6466 195th Pl NE, Redmond, WA 98052, USA",20140612T000000,6466 195th Pl NE,Redmond,WA 98052,USA,98052
2014-06-12,678500.0,3.0,2.0,2460,6600,1.0,0,2,4,1370,1090,1952,,"9108 40th Ave SW, Seattle, WA 98136, USA",20140612T000000,9108 40th Ave SW,Seattle,WA 98136,USA,98136
2014-06-12,342500.0,3.0,2.0,2080,11375,1.0,0,0,3,2080,0,2002,,"3322 261st Pl SE, Enumclaw, WA 98022, USA",20140612T000000,3322 261st Pl SE,Enumclaw,WA 98022,USA,98022
2014-06-12,860000.0,4.0,3.25,3960,7012,2.0,0,0,3,3960,0,2005,,"19454 SE 27th Pl, Sammamish, WA 98075, USA",20140612T000000,19454 SE 27th Pl,Sammamish,WA 98075,USA,98075
2014-06-12,306000.0,4.0,2.5,2490,8124,2.0,0,0,3,2490,0,2001,,"29742 129th Pl SE, Auburn, WA 98092, USA",20140612T000000,29742 129th Pl SE,Auburn,WA 98092,USA,98092
2014-06-12,580000.0,5.0,2.0,2060,6000,2.0,0,0,3,2060,0,1903,,"2107 NE 55th St, Seattle, WA 98105, USA",20140612T000000,2107 NE 55th St,Seattle,WA 98105,USA,98105
2014-06-12,405000.0,3.0,1.0,1330,15678,1.0,0,0,3,900,430,1984,,"3009 229th Pl NE, Sammamish, WA 98074, USA",20140612T000000,3009 229th Pl NE,Sammamish,WA 98074,USA,98074
2014-06-12,510000.0,3.0,1.75,1600,19200,1.0,0,0,4,1600,0,1967,,"13304 69th Ave NE, Kirkland, WA 98034, USA",20140612T000000,13304 69th Ave NE,Kirkland,WA 98034,USA,98034
2014-06-12,173000.0,2.0,1.0,820,10450,1.0,0,0,4,820,0,1965,,"10635 SE 196th St, Renton, WA 98055, USA",20140612T000000,10635 SE 196th St,Renton,WA 98055,USA,98055
2014-06-12,210000.0,4.0,1.75,1200,7680,1.0,0,0,3,1200,0,1968,,"32113 112th Pl SE, Auburn, WA 98092, USA",20140612T000000,32113 112th Pl SE,Auburn,WA 98092,USA,98092
2014-06-12,445000.0,3.0,1.0,1050,5664,1.0,0,0,4,910,140,1947,,"8244 40th Ave NE, Seattle, WA 98115, USA",20140612T000000,8244 40th Ave NE,Seattle,WA 98115,USA,98115
2014-06-12,585000.0,3.0,2.5,1910,1501,2.5,0,0,3,1530,380,2007,,"2637 22nd Ave W, Seattle, WA 98199, USA",20140612T000000,2637 22nd Ave W,Seattle,WA 98199,USA,98199
2014-06-12,381000.0,3.0,1.75,1800,6000,1.0,0,0,5,900,900,1950,,"1115 NE 168th St, Shoreline, WA 98155, USA",20140612T000000,1115 NE 168th St,Shoreline,WA 98155,USA,98155
2014-06-12,890000.0,3.0,2.25,2060,8640,1.0,0,0,4,2060,0,1966,,"4810 109th Ave NE, Kirkland, WA 98033, USA",20140612T000000,4810 109th Ave NE,Kirkland,WA 98033,USA,98033
2014-06-12,235000.0,3.0,1.75,1840,9697,1.0,0,0,4,1500,340,1985,,"12034 SE 252 Pl, Kent, WA 98030, USA",20140612T000000,12034 SE 252 Pl,Kent,WA 98030,USA,98030
2014-06-12,480000.0,3.0,2.5,1250,1103,3.0,0,2,3,1250,0,2005,,"513 N 46th St, Seattle, WA 98103, USA",20140612T000000,513 N 46th St,Seattle,WA 98103,USA,98103
2014-06-12,575000.0,2.0,1.0,1510,4032,1.5,0,0,3,1310,200,1935,,"2002 28th Ave W, Seattle, WA 98199, USA",20140612T000000,2002 28th Ave W,Seattle,WA 98199,USA,98199
2014-06-12,350000.0,4.0,2.25,2300,4600,1.5,0,0,4,1340,960,1904,,"1517 17th Ave S, Seattle, WA 98144, USA",20140612T000000,1517 17th Ave S,Seattle,WA 98144,USA,98144
2014-06-12,259000.0,4.0,1.5,1490,7560,2.0,0,0,3,1490,0,1966,,"25923 13th Ave S, Des Moines, WA 98198, USA",20140612T000000,25923 13th Ave S,Des Moines,WA 98198,USA,98198
2014-06-12,599000.0,5.0,2.75,2820,4608,1.0,0,0,3,1450,1370,1967,,"306 NW 82nd St, Seattle, WA 98117, USA",20140612T000000,306 NW 82nd St,Seattle,WA 98117,USA,98117
2014-06-12,210000.0,4.0,1.5,1130,7840,1.0,0,0,4,1130,0,1970,,"33818 35th Ave SW, Federal Way, WA 98023, USA",20140612T000000,33818 35th Ave SW,Federal Way,WA 98023,USA,98023
2014-06-12,1184000.0,4.0,2.5,3200,7500,1.5,0,1,5,1860,1340,1948,,"7344 50th Ave NE, Seattle, WA 98115, USA",20140612T000000,7344 50th Ave NE,Seattle,WA 98115,USA,98115
2014-06-12,545000.0,3.0,1.0,1510,5000,1.5,0,0,3,1510,0,1909,,"5726 28th Ave NE, Seattle, WA 98105, USA",20140612T000000,5726 28th Ave NE,Seattle,WA 98105,USA,98105
2014-06-12,299995.0,3.0,2.5,1970,7500,2.0,0,0,3,1970,0,1988,,"4809 Mill Pond Loop, Auburn, WA 98092, USA",20140612T000000,4809 Mill Pond Loop,Auburn,WA 98092,USA,98092
2014-06-12,440000.0,3.0,1.0,1210,5750,1.5,0,0,4,1210,0,1910,,"7006 46th Ave SW, Seattle, WA 98136, USA",20140612T000000,7006 46th Ave SW,Seattle,WA 98136,USA,98136
2014-06-12,699000.0,4.0,2.5,3280,27441,2.0,0,0,3,3280,0,1996,,"7435 245th Way NE, Redmond, WA 98053, USA",20140612T000000,7435 245th Way NE,Redmond,WA 98053,USA,98053
2014-06-12,795000.0,3.0,2.0,2420,17859,1.0,0,1,5,1500,920,1979,,"7215 NE 119th Pl, Kirkland, WA 98034, USA",20140612T000000,7215 NE 119th Pl,Kirkland,WA 98034,USA,98034
2014-06-12,445000.0,5.0,1.75,2460,6846,1.5,0,0,5,1340,1120,1911,,"6444 Carleton Ave S, Seattle, WA 98108, USA",20140612T000000,6444 Carleton Ave S,Seattle,WA 98108,USA,98108
2014-06-12,397990.0,3.0,1.0,1180,11862,1.0,0,0,4,1180,0,1948,,"11739 4th Ave NW, Seattle, WA 98177, USA",20140612T000000,11739 4th Ave NW,Seattle,WA 98177,USA,98177
2014-06-12,706000.0,3.0,2.75,1900,6400,1.0,0,0,5,1410,490,1942,,"4324 NE 56th St, Seattle, WA 98105, USA",20140612T000000,4324 NE 56th St,Seattle,WA 98105,USA,98105
2014-06-12,363000.0,3.0,3.25,1651,1779,2.0,0,0,3,1341,310,2008,,"10734 Whitman Ave N, Seattle, WA 98133, USA",20140612T000000,10734 Whitman Ave N,Seattle,WA 98133,USA,98133
2014-06-12,850000.0,4.0,2.25,2130,11843,2.0,0,0,4,2130,0,1972,,"7490 85th Ave SE, Mercer Island, WA 98040, USA",20140612T000000,7490 85th Ave SE,Mercer Island,WA 98040,USA,98040
2014-06-12,620000.0,2.0,1.0,1430,3000,1.5,0,0,3,1300,130,1929,,"2215 E Miller St, Seattle, WA 98112, USA",20140612T000000,2215 E Miller St,Seattle,WA 98112,USA,98112
2014-06-12,1228000.0,4.0,2.5,5730,44947,2.0,0,4,3,4280,1450,1991,,"20709 SE 4th St, Sammamish, WA 98074, USA",20140612T000000,20709 SE 4th St,Sammamish,WA 98074,USA,98074
2014-06-12,333000.0,4.0,2.5,1910,9244,1.0,0,0,4,1910,0,1963,,"5811 NE 6th St, Renton, WA 98059, USA",20140612T000000,5811 NE 6th St,Renton,WA 98059,USA,98059
2014-06-12,743000.0,3.0,1.75,2110,11250,1.0,0,0,4,2110,0,1961,,"9201-9231 SE 70th Pl, Mercer Island, WA 98040, USA",20140612T000000,9201-9231 SE 70th Pl,Mercer Island,WA 98040,USA,98040
2014-06-12,448000.0,2.0,1.5,1630,3780,1.0,0,0,4,890,740,1940,,"3441 NW 59th St, Seattle, WA 98107, USA",20140612T000000,3441 NW 59th St,Seattle,WA 98107,USA,98107
2014-06-12,485000.0,4.0,2.5,2470,35073,2.0,0,0,3,2470,0,1989,,"17435 SE 329th St, Auburn, WA 98092, USA",20140612T000000,17435 SE 329th St,Auburn,WA 98092,USA,98092
2014-06-12,489950.0,4.0,2.25,2640,31941,1.0,0,0,4,2640,0,1986,,"16915 SE 325th Pl, Auburn, WA 98092, USA",20140612T000000,16915 SE 325th Pl,Auburn,WA 98092,USA,98092
2014-06-12,498500.0,5.0,2.75,2990,7420,2.0,0,0,3,2990,0,1996,,"4304 NE 7th St, Renton, WA 98059, USA",20140612T000000,4304 NE 7th St,Renton,WA 98059,USA,98059
2014-06-12,531000.0,3.0,2.5,2120,9736,2.0,0,0,3,2120,0,1988,,"15102 91st Pl NE, Bothell, WA 98011, USA",20140612T000000,15102 91st Pl NE,Bothell,WA 98011,USA,98011
2014-06-12,670000.0,3.0,2.5,2050,6420,1.0,0,3,3,1730,320,1956,,"5625 SW Orleans St, Seattle, WA 98116, USA",20140612T000000,5625 SW Orleans St,Seattle,WA 98116,USA,98116
2014-06-12,310000.0,5.0,3.0,1880,5000,1.0,0,0,3,1100,780,1997,,"6343 23rd Ave SW, Seattle, WA 98106, USA",20140612T000000,6343 23rd Ave SW,Seattle,WA 98106,USA,98106
2014-06-12,835000.0,3.0,3.0,2790,12523,2.0,1,4,4,1600,1190,1977,,"27231 8th Ave S, Des Moines, WA 98198, USA",20140612T000000,27231 8th Ave S,Des Moines,WA 98198,USA,98198
2014-06-12,1688000.0,4.0,2.5,3000,7500,2.0,0,0,3,3000,0,1937,1994.0,"3907 48th Ave NE, Seattle, WA 98105, USA",20140612T000000,3907 48th Ave NE,Seattle,WA 98105,USA,98105
2014-06-12,495000.0,4.0,2.5,2140,7245,2.0,0,0,3,2140,0,2003,,"633 N 138th St, Seattle, WA 98133, USA",20140612T000000,633 N 138th St,Seattle,WA 98133,USA,98133
2014-06-12,495000.0,3.0,2.0,1769,9300,1.0,0,0,4,1769,0,1955,2009.0,"531 SW 181st St, Normandy Park, WA 98166, USA",20140612T000000,531 SW 181st St,Normandy Park,WA 98166,USA,98166
2014-06-12,440000.0,3.0,1.0,1710,6556,1.5,0,0,4,1200,510,1926,,"12220 Phinney Ave N, Seattle, WA 98133, USA",20140612T000000,12220 Phinney Ave N,Seattle,WA 98133,USA,98133
2014-06-12,280000.0,1.0,0.75,420,6720,1.0,0,0,3,420,0,1922,,"5550 17th Ave S, Seattle, WA 98108, USA",20140612T000000,5550 17th Ave S,Seattle,WA 98108,USA,98108
2014-06-12,1070000.0,4.0,2.5,3270,35445,2.0,0,0,3,3270,0,1989,,"6040 164th Ave SE, Bellevue, WA 98006, USA",20140612T000000,6040 164th Ave SE,Bellevue,WA 98006,USA,98006
2014-06-12,1034500.0,4.0,2.5,2370,10858,2.0,0,0,3,2370,0,2003,,"11034 NE 26th Pl, Bellevue, WA 98004, USA",20140612T000000,11034 NE 26th Pl,Bellevue,WA 98004,USA,98004
2014-06-12,248000.0,4.0,2.5,1770,5855,2.0,0,0,3,1770,0,2003,,"21620 SE 283rd St, Maple Valley, WA 98038, USA",20140612T000000,21620 SE 283rd St,Maple Valley,WA 98038,USA,98038
2014-06-12,294000.0,4.0,2.5,2210,8465,1.0,0,0,3,1490,720,1990,,"512 47th St SE, Auburn, WA 98092, USA",20140612T000000,512 47th St SE,Auburn,WA 98092,USA,98092
2014-06-12,561000.0,3.0,2.25,1710,4140,2.0,0,0,3,1710,0,2004,,"2037 Larchmount Dr NE, Issaquah, WA 98029, USA",20140612T000000,2037 Larchmount Dr NE,Issaquah,WA 98029,USA,98029
2014-06-12,656500.0,4.0,2.0,2710,4750,1.0,0,0,4,1460,1250,1919,,"6326 21st Ave NE, Seattle, WA 98115, USA",20140612T000000,6326 21st Ave NE,Seattle,WA 98115,USA,98115
2014-06-12,660000.0,3.0,3.0,2340,2970,2.0,0,0,5,2160,180,1925,,"743 N 80th St, Seattle, WA 98103, USA",20140612T000000,743 N 80th St,Seattle,WA 98103,USA,98103
2014-06-12,370000.0,2.0,1.0,1220,17172,1.0,0,0,4,1220,0,1947,,"13314 NE 104th St, Kirkland, WA 98033, USA",20140612T000000,13314 NE 104th St,Kirkland,WA 98033,USA,98033
2014-06-12,349950.0,3.0,1.0,1060,9525,1.0,0,0,3,1060,0,1966,,"17129 NE 95th St, Redmond, WA 98052, USA",20140612T000000,17129 NE 95th St,Redmond,WA 98052,USA,98052
2014-06-12,223000.0,2.0,1.0,910,9869,1.0,0,0,3,910,0,1957,,"11644 SE 163rd St, Renton, WA 98058, USA",20140612T000000,11644 SE 163rd St,Renton,WA 98058,USA,98058
2014-06-12,560000.0,4.0,1.75,1880,3880,1.5,0,0,4,1090,790,1944,,"325 NW 48th St, Seattle, WA 98107, USA",20140612T000000,325 NW 48th St,Seattle,WA 98107,USA,98107
2014-06-12,594000.0,4.0,1.75,1870,5200,2.0,0,0,4,1200,670,1937,,"7542 42nd Ave NE, Seattle, WA 98115, USA",20140612T000000,7542 42nd Ave NE,Seattle,WA 98115,USA,98115
2014-06-12,600000.0,3.0,2.25,1480,5400,2.0,0,0,4,1480,0,1914,,"816 Martin Luther King Jr Way, Seattle, WA 98122, USA",20140612T000000,816 Martin Luther King Jr Way,Seattle,WA 98122,USA,98122
2014-06-12,315000.0,3.0,2.5,1880,7000,2.0,0,0,3,1880,0,1993,,"11718 SE 203rd St, Kent, WA 98031, USA",20140612T000000,11718 SE 203rd St,Kent,WA 98031,USA,98031
2014-06-12,430000.0,4.0,1.75,1890,6000,1.0,0,0,4,1110,780,1947,,"13524 22nd Ave NE, Seattle, WA 98125, USA",20140612T000000,13524 22nd Ave NE,Seattle,WA 98125,USA,98125
2014-06-12,440000.0,3.0,2.75,1560,7392,1.0,0,0,5,1030,530,1972,,"15118 119th Ave NE, Kirkland, WA 98034, USA",20140612T000000,15118 119th Ave NE,Kirkland,WA 98034,USA,98034
2014-06-12,312500.0,2.0,1.5,1070,1200,2.0,0,0,3,1070,0,1999,,"9404 Linden Ave N, Seattle, WA 98103, USA",20140612T000000,9404 Linden Ave N,Seattle,WA 98103,USA,98103
2014-06-12,1240000.0,5.0,4.0,4410,14380,2.0,0,0,3,4410,0,2006,,"16416 NE 40th St, Redmond, WA 98052, USA",20140612T000000,16416 NE 40th St,Redmond,WA 98052,USA,98052
2014-06-12,300000.0,3.0,3.25,1470,1235,2.0,0,0,3,1180,290,2008,,"5338 15th Ave S, Seattle, WA 98108, USA",20140612T000000,5338 15th Ave S,Seattle,WA 98108,USA,98108
2014-06-12,680000.0,3.0,2.5,2570,3600,2.5,0,0,3,2570,0,2007,,"1474-1476 29th Pl NE, Issaquah, WA 98029, USA",20140612T000000,1474-1476 29th Pl NE,Issaquah,WA 98029,USA,98029
2014-06-12,336750.0,2.0,2.25,1170,1011,2.0,0,0,3,1170,0,2009,,"2277 NW Hidden Ln, Issaquah, WA 98027, USA",20140612T000000,2277 NW Hidden Ln,Issaquah,WA 98027,USA,98027
2014-06-13,822500.0,5.0,3.5,2320,4960,2.0,0,0,5,1720,600,1926,,"512 N 65th St, Seattle, WA 98103, USA",20140613T000000,512 N 65th St,Seattle,WA 98103,USA,98103
2014-06-13,589000.0,4.0,3.0,2440,9600,2.0,0,0,5,2440,0,1961,,"11611 106th Ave NE, Kirkland, WA 98034, USA",20140613T000000,11611 106th Ave NE,Kirkland,WA 98034,USA,98034
2014-06-13,863000.0,4.0,2.5,4120,22370,2.0,0,0,3,4120,0,1997,,"1571 237th Ct NE, Sammamish, WA 98074, USA",20140613T000000,1571 237th Ct NE,Sammamish,WA 98074,USA,98074
2014-06-13,210000.0,2.0,1.75,1440,5680,1.0,0,0,4,1440,0,1978,,"24429 12th Ave S, Des Moines, WA 98198, USA",20140613T000000,24429 12th Ave S,Des Moines,WA 98198,USA,98198
2014-06-13,206135.0,3.0,1.0,1340,11070,1.0,0,0,4,1340,0,1978,,"12129 SE 277th Pl, Kent, WA 98030, USA",20140613T000000,12129 SE 277th Pl,Kent,WA 98030,USA,98030
2014-06-13,1125000.0,6.0,3.75,3010,4360,2.0,0,0,3,2000,1010,2014,,"8016 Meridian Ave N, Seattle, WA 98103, USA",20140613T000000,8016 Meridian Ave N,Seattle,WA 98103,USA,98103
2014-06-13,285000.0,3.0,1.75,1840,8601,1.0,0,0,3,920,920,1905,2014.0,"7339 46th Ave S, Seattle, WA 98118, USA",20140613T000000,7339 46th Ave S,Seattle,WA 98118,USA,98118
2014-06-13,230000.0,2.0,1.0,930,7550,1.0,0,0,3,930,0,1986,,"13008 23rd Ave S, SeaTac, WA 98168, USA",20140613T000000,13008 23rd Ave S,SeaTac,WA 98168,USA,98168
2014-06-13,845000.0,4.0,2.75,4070,115434,2.0,0,0,3,4070,0,2002,,"12810 440th Pl SE, North Bend, WA 98045, USA",20140613T000000,12810 440th Pl SE,North Bend,WA 98045,USA,98045
2014-06-13,350000.0,3.0,1.75,1820,9545,1.0,0,0,3,1230,590,1976,,"3037 NE 205th St, Lake Forest Park, WA 98155, USA",20140613T000000,3037 NE 205th St,Lake Forest Park,WA 98155,USA,98155
2014-06-13,304000.0,3.0,1.0,1280,8184,1.5,0,0,4,1280,0,1947,,"16225 10th Ave NE, Shoreline, WA 98155, USA",20140613T000000,16225 10th Ave NE,Shoreline,WA 98155,USA,98155
2014-06-13,370000.0,2.0,1.0,900,4600,1.0,0,0,3,900,0,1951,,"307 NW 87th St, Seattle, WA 98117, USA",20140613T000000,307 NW 87th St,Seattle,WA 98117,USA,98117
2014-06-13,810000.0,3.0,1.75,1980,13503,1.0,0,2,4,1320,660,1952,,"2622 W Lake Sammamish Pkwy SE, Bellevue, WA 98008, USA",20140613T000000,2622 W Lake Sammamish Pkwy SE,Bellevue,WA 98008,USA,98008
2014-06-13,440000.0,4.0,2.25,2010,7575,1.0,0,0,3,1220,790,1974,,"14450 105th Ct NE, Kirkland, WA 98034, USA",20140613T000000,14450 105th Ct NE,Kirkland,WA 98034,USA,98034
2014-06-13,1030000.0,4.0,2.5,2750,4800,2.0,0,0,3,1960,790,1905,2005.0,"5700-5798 Wallingford Ave N, Seattle, WA 98103, USA",20140613T000000,5700-5798 Wallingford Ave N,Seattle,WA 98103,USA,98103
2014-06-13,775000.0,4.0,2.0,3140,10875,1.0,0,1,3,1940,1200,1939,1969.0,"3704 W Lawton St, Seattle, WA 98199, USA",20140613T000000,3704 W Lawton St,Seattle,WA 98199,USA,98199
2014-06-13,1335000.0,5.0,2.25,4200,5800,2.5,0,0,4,2910,1290,1906,,"1024 15th Ave E, Seattle, WA 98112, USA",20140613T000000,1024 15th Ave E,Seattle,WA 98112,USA,98112
2014-06-13,235000.0,3.0,1.75,1900,8540,1.0,0,0,3,950,950,1980,,"13002 23rd Ave S, SeaTac, WA 98168, USA",20140613T000000,13002 23rd Ave S,SeaTac,WA 98168,USA,98168
2014-06-13,499950.0,3.0,1.0,1830,3000,1.5,0,0,3,1430,400,1926,,"611 N 46th St, Seattle, WA 98103, USA",20140613T000000,611 N 46th St,Seattle,WA 98103,USA,98103
2014-06-13,622500.0,5.0,2.75,3320,23760,2.0,0,0,4,2190,1130,1975,,"14523 NE 169th St, Woodinville, WA 98072, USA",20140613T000000,14523 NE 169th St,Woodinville,WA 98072,USA,98072
2014-06-13,300000.0,4.0,2.5,2700,10814,1.0,0,0,4,1560,1140,1966,,"12235 SE 259th Pl, Kent, WA 98030, USA",20140613T000000,12235 SE 259th Pl,Kent,WA 98030,USA,98030
2014-06-13,205000.0,3.0,1.0,1290,6566,1.0,0,0,5,1290,0,1976,,"33601-33799 35th Ave SW, Federal Way, WA 98023, USA",20140613T000000,33601-33799 35th Ave SW,Federal Way,WA 98023,USA,98023
2014-06-13,435000.0,3.0,1.75,1500,8173,1.0,0,0,3,1500,0,1997,,"8528 NE 142nd St, Kirkland, WA 98034, USA",20140613T000000,8528 NE 142nd St,Kirkland,WA 98034,USA,98034
2014-06-13,697000.0,4.0,2.75,3650,48351,1.5,0,0,4,3650,0,1978,,"18534 186th Pl NE, Woodinville, WA 98077, USA",20140613T000000,18534 186th Pl NE,Woodinville,WA 98077,USA,98077
2014-06-13,153000.0,3.0,1.0,1270,6405,1.5,0,0,3,1270,0,1944,,"12015 75th Ave S, Seattle, WA 98178, USA",20140613T000000,12015 75th Ave S,Seattle,WA 98178,USA,98178
2014-06-13,454000.0,4.0,2.25,2630,39000,2.0,0,0,3,2630,0,1979,,"14404 SE 216th St, Kent, WA 98042, USA",20140613T000000,14404 SE 216th St,Kent,WA 98042,USA,98042
2014-06-13,345000.0,2.0,1.5,1800,26615,1.0,0,0,5,1240,560,1987,,"33336-33412 E Lake Holm Dr SE, Auburn, WA 98092, USA",20140613T000000,33336-33412 E Lake Holm Dr SE,Auburn,WA 98092,USA,98092
2014-06-13,585000.0,3.0,1.0,1870,2807,1.5,0,0,4,1580,290,1927,,"111 NW 53rd St, Seattle, WA 98107, USA",20140613T000000,111 NW 53rd St,Seattle,WA 98107,USA,98107
2014-06-13,380000.0,4.0,2.5,2540,6365,2.0,0,0,3,1870,670,2000,,"2107 Davis Ave S, Renton, WA 98055, USA",20140613T000000,2107 Davis Ave S,Renton,WA 98055,USA,98055
2014-06-13,250600.0,4.0,2.5,1930,8660,1.0,0,0,3,1120,810,1981,,"2025 W St NW, Auburn, WA 98001, USA",20140613T000000,2025 W St NW,Auburn,WA 98001,USA,98001
2014-06-13,890000.0,4.0,2.25,2770,13500,2.0,0,0,3,2770,0,1974,,"6701 81st Ave SE, Mercer Island, WA 98040, USA",20140613T000000,6701 81st Ave SE,Mercer Island,WA 98040,USA,98040
2014-06-13,370000.0,4.0,2.5,2220,5338,2.0,0,0,3,2220,0,2001,,"5127 NE 4th Pl, Renton, WA 98059, USA",20140613T000000,5127 NE 4th Pl,Renton,WA 98059,USA,98059
2014-06-13,369500.0,3.0,1.5,1650,9957,1.0,0,0,4,1100,550,1961,,"14001 28th Ave NE, Seattle, WA 98125, USA",20140613T000000,14001 28th Ave NE,Seattle,WA 98125,USA,98125
2014-06-13,883000.0,4.0,2.5,3670,54450,2.0,0,0,3,3670,0,1999,,"1227 243rd Ave NE, Sammamish, WA 98074, USA",20140613T000000,1227 243rd Ave NE,Sammamish,WA 98074,USA,98074
2014-06-13,950000.0,4.0,2.5,3770,35081,2.0,0,0,3,3770,0,1989,,"10326 216th Ct NE, Redmond, WA 98053, USA",20140613T000000,10326 216th Ct NE,Redmond,WA 98053,USA,98053
2014-06-13,615000.0,3.0,1.75,2350,20820,1.0,0,0,4,1800,550,1978,,"7-19 210th Pl NE, Sammamish, WA 98074, USA",20140613T000000,7-19 210th Pl NE,Sammamish,WA 98074,USA,98074
2014-06-13,305000.0,3.0,1.5,1210,5240,1.0,0,0,4,610,600,1983,,"5445 17th Ave SW, Seattle, WA 98106, USA",20140613T000000,5445 17th Ave SW,Seattle,WA 98106,USA,98106
2014-06-13,590000.0,4.0,2.5,2010,7972,2.0,0,0,4,2010,0,1989,,"3419 241st Pl SE, Issaquah, WA 98029, USA",20140613T000000,3419 241st Pl SE,Issaquah,WA 98029,USA,98029
2014-06-13,485000.0,3.0,2.5,1580,6065,2.0,0,0,3,1580,0,1985,,"24025 SE 42nd St, Issaquah, WA 98029, USA",20140613T000000,24025 SE 42nd St,Issaquah,WA 98029,USA,98029
2014-06-13,215000.0,2.0,1.0,710,7200,1.0,0,0,3,710,0,1943,,"7027 S 125th St, Seattle, WA 98178, USA",20140613T000000,7027 S 125th St,Seattle,WA 98178,USA,98178
2014-06-13,430000.0,3.0,2.0,1910,5040,1.5,0,0,3,1910,0,1971,,"2415 209th Ave NE, Sammamish, WA 98074, USA",20140613T000000,2415 209th Ave NE,Sammamish,WA 98074,USA,98074
2014-06-13,324900.0,4.0,2.5,1880,7965,2.0,0,0,3,1880,0,2000,,"21661 SE 265th Way, Maple Valley, WA 98038, USA",20140613T000000,21661 SE 265th Way,Maple Valley,WA 98038,USA,98038
2014-06-13,849900.0,2.0,2.0,2280,641203,2.0,0,0,3,2280,0,1990,,"9326 SW 216th St, Vashon, WA 98070, USA",20140613T000000,9326 SW 216th St,Vashon,WA 98070,USA,98070
2014-06-13,975000.0,5.0,2.75,3100,10014,1.0,0,2,4,1660,1440,1973,,"9340 Mercerwood Dr, Mercer Island, WA 98040, USA",20140613T000000,9340 Mercerwood Dr,Mercer Island,WA 98040,USA,98040
2014-06-13,910000.0,5.0,2.5,2350,4000,2.0,0,0,3,2350,0,1993,,"2807 E Aloha St, Seattle, WA 98112, USA",20140613T000000,2807 E Aloha St,Seattle,WA 98112,USA,98112
2014-06-13,459950.0,3.0,1.75,1850,6869,1.0,0,2,5,1100,750,1919,1934.0,"2221 SW 154th St, Burien, WA 98166, USA",20140613T000000,2221 SW 154th St,Burien,WA 98166,USA,98166
2014-06-13,325000.0,3.0,2.5,2070,8337,2.0,0,0,3,2070,0,1997,,"26300-26398 124th Ave SE, Kent, WA 98030, USA",20140613T000000,26300-26398 124th Ave SE,Kent,WA 98030,USA,98030
2014-06-13,513000.0,4.0,2.75,2020,7070,1.0,0,0,5,1010,1010,1958,,"9226 36th Ave SW, Seattle, WA 98126, USA",20140613T000000,9226 36th Ave SW,Seattle,WA 98126,USA,98126
2014-06-13,475000.0,3.0,2.25,1580,12177,1.0,0,0,3,1200,380,1981,,"22013 NE 18th St, Sammamish, WA 98074, USA",20140613T000000,22013 NE 18th St,Sammamish,WA 98074,USA,98074
2014-06-13,419000.0,4.0,2.5,2690,7947,2.0,0,0,3,2690,0,1993,,"14114 SE 198th St, Renton, WA 98058, USA",20140613T000000,14114 SE 198th St,Renton,WA 98058,USA,98058
2014-06-13,760000.0,4.0,2.5,2420,10285,1.0,0,4,3,1700,720,1958,,"12849 Shorecrest Dr SW, Burien, WA 98146, USA",20140613T000000,12849 Shorecrest Dr SW,Burien,WA 98146,USA,98146
2014-06-13,1120000.0,5.0,1.5,2540,6660,2.0,0,3,4,2340,200,1954,,"9827 47th Ave SW, Seattle, WA 98136, USA",20140613T000000,9827 47th Ave SW,Seattle,WA 98136,USA,98136
2014-06-13,129000.0,2.0,1.0,1150,30184,1.0,0,0,3,1150,0,1950,,"17029 106th Ave SE, Renton, WA 98055, USA",20140613T000000,17029 106th Ave SE,Renton,WA 98055,USA,98055
2014-06-13,725000.0,5.0,2.5,3210,12000,1.0,0,0,4,1830,1380,1968,,"14404 NE 11th Pl, Bellevue, WA 98007, USA",20140613T000000,14404 NE 11th Pl,Bellevue,WA 98007,USA,98007
2014-06-13,580000.0,3.0,2.5,2040,4627,2.0,0,0,3,2040,0,1992,,"17422 NE 28th St, Redmond, WA 98052, USA",20140613T000000,17422 NE 28th St,Redmond,WA 98052,USA,98052
2014-06-13,385000.0,3.0,2.25,1920,4833,1.0,0,0,4,1060,860,1921,,"10559 Evanston Ave N, Seattle, WA 98133, USA",20140613T000000,10559 Evanston Ave N,Seattle,WA 98133,USA,98133
2014-06-13,265000.0,4.0,1.75,1900,10588,1.0,0,0,5,1900,0,1958,,"1310 22nd St SE, Auburn, WA 98002, USA",20140613T000000,1310 22nd St SE,Auburn,WA 98002,USA,98002
2014-06-13,1735000.0,3.0,2.5,4310,32093,1.5,0,4,5,2510,1800,1982,,"18401 17th Ave NW, Shoreline, WA 98177, USA",20140613T000000,18401 17th Ave NW,Shoreline,WA 98177,USA,98177
2014-06-13,330000.0,3.0,2.5,1070,1155,2.0,0,0,3,720,350,2005,,"4536 42nd Ave SW, Seattle, WA 98116, USA",20140613T000000,4536 42nd Ave SW,Seattle,WA 98116,USA,98116
2014-06-13,665000.0,4.0,2.5,2790,43091,2.0,0,0,4,2790,0,1989,,"20324 194th Pl NE, Woodinville, WA 98077, USA",20140613T000000,20324 194th Pl NE,Woodinville,WA 98077,USA,98077
2014-06-13,799000.0,3.0,2.5,2860,4442,2.0,0,0,3,2860,0,2000,,"4432 30th Ave W, Seattle, WA 98199, USA",20140613T000000,4432 30th Ave W,Seattle,WA 98199,USA,98199
2014-06-13,589000.0,3.0,2.0,2250,8800,1.0,0,0,4,1250,1000,1925,,"3406 60th Ave SW, Seattle, WA 98116, USA",20140613T000000,3406 60th Ave SW,Seattle,WA 98116,USA,98116
2014-06-13,1695000.0,2.0,2.25,3170,3000,2.0,0,2,5,1990,1180,1900,,"308 Prospect St, Seattle, WA 98109, USA",20140613T000000,308 Prospect St,Seattle,WA 98109,USA,98109
2014-06-13,538000.0,3.0,1.0,1460,7200,1.0,0,0,3,1260,200,1906,,"8018 Wallingford Ave N, Seattle, WA 98103, USA",20140613T000000,8018 Wallingford Ave N,Seattle,WA 98103,USA,98103
2014-06-13,530100.0,3.0,1.0,1540,3399,1.5,0,0,3,1200,340,1926,,"123 NW 78th St, Seattle, WA 98117, USA",20140613T000000,123 NW 78th St,Seattle,WA 98117,USA,98117
2014-06-13,718500.0,3.0,2.0,2910,6600,2.0,0,0,4,1920,990,1900,1988.0,"3959 S Ferdinand St, Seattle, WA 98118, USA",20140613T000000,3959 S Ferdinand St,Seattle,WA 98118,USA,98118
2014-06-13,299000.0,3.0,1.75,1180,13927,1.0,0,0,5,1180,0,1962,,"18438 SE 135th St, Renton, WA 98059, USA",20140613T000000,18438 SE 135th St,Renton,WA 98059,USA,98059
2014-06-13,556000.0,3.0,1.75,1640,7437,1.0,0,0,3,1090,550,1948,,"7736 38th Ave SW, Seattle, WA 98126, USA",20140613T000000,7736 38th Ave SW,Seattle,WA 98126,USA,98126
2014-06-13,171000.0,4.0,2.0,1520,19672,1.0,0,0,3,1020,500,1920,,"15014 42nd Ave S, Tukwila, WA 98188, USA",20140613T000000,15014 42nd Ave S,Tukwila,WA 98188,USA,98188
2014-06-13,540000.0,5.0,3.0,3610,9775,2.0,0,0,3,3610,0,2003,,"24760 SE 276th Pl, Maple Valley, WA 98038, USA",20140613T000000,24760 SE 276th Pl,Maple Valley,WA 98038,USA,98038
2014-06-13,250000.0,3.0,2.25,1400,3814,2.0,0,0,3,1400,0,2012,,"19521 SE 271st Pl, Covington, WA 98042, USA",20140613T000000,19521 SE 271st Pl,Covington,WA 98042,USA,98042
2014-06-13,795000.0,4.0,3.5,3200,3250,2.0,0,0,3,2670,530,2007,,"2500 22nd Ct NE, Issaquah, WA 98029, USA",20140613T000000,2500 22nd Ct NE,Issaquah,WA 98029,USA,98029
2014-06-13,575000.0,3.0,3.0,1384,1287,2.0,0,0,3,1144,240,2006,,"1128 10th Ave E, Seattle, WA 98102, USA",20140613T000000,1128 10th Ave E,Seattle,WA 98102,USA,98102
2014-06-13,379500.0,3.0,2.25,1410,1287,2.0,0,0,3,1290,120,2005,,"2082 NW Boulder Way Dr, Issaquah, WA 98027, USA",20140613T000000,2082 NW Boulder Way Dr,Issaquah,WA 98027,USA,98027
2014-06-13,385000.0,4.0,2.5,2050,5276,2.0,0,0,3,2050,0,2006,,"5115 NE 5th Pl, Renton, WA 98059, USA",20140613T000000,5115 NE 5th Pl,Renton,WA 98059,USA,98059
2014-06-13,415500.0,4.0,2.5,1750,4779,2.0,0,0,3,1750,0,2009,,"8019 NE 183rd St, Kenmore, WA 98028, USA",20140613T000000,8019 NE 183rd St,Kenmore,WA 98028,USA,98028
2014-06-14,397500.0,3.0,2.0,1510,6710,1.0,0,0,3,1070,440,1972,,"9325 NE 133rd St, Kirkland, WA 98034, USA",20140614T000000,9325 NE 133rd St,Kirkland,WA 98034,USA,98034
2014-06-14,530000.0,3.0,2.5,1930,7214,2.0,0,0,3,1930,0,2005,,"1901 NE 125th St, Seattle, WA 98125, USA",20140614T000000,1901 NE 125th St,Seattle,WA 98125,USA,98125
2014-06-14,883000.0,4.0,2.5,2960,41656,2.0,0,0,3,2960,0,1985,,"14369 155th Ave NE, Woodinville, WA 98072, USA",20140614T000000,14369 155th Ave NE,Woodinville,WA 98072,USA,98072
2014-06-14,850000.0,5.0,2.75,2920,11880,1.0,0,0,5,1660,1260,1968,,"1498 Hillside Dr SE, Issaquah, WA 98027, USA",20140614T000000,1498 Hillside Dr SE,Issaquah,WA 98027,USA,98027
2014-06-14,496752.0,2.0,1.0,1980,5000,1.0,0,0,4,1090,890,1923,,"1908 29th Ave S, Seattle, WA 98144, USA",20140614T000000,1908 29th Ave S,Seattle,WA 98144,USA,98144
2014-06-14,330000.0,3.0,1.75,1430,8865,1.0,0,0,3,1430,0,1950,,"2704 NE 144th St, Seattle, WA 98125, USA",20140614T000000,2704 NE 144th St,Seattle,WA 98125,USA,98125
2014-06-14,735000.0,4.0,2.75,2450,4187,2.0,0,2,3,2450,0,2010,,"1750 10th Ave NE, Issaquah, WA 98029, USA",20140614T000000,1750 10th Ave NE,Issaquah,WA 98029,USA,98029
2014-06-14,525000.0,4.0,2.75,2360,4924,2.0,0,0,3,2360,0,2008,,"20012 79th Ave NE, Kenmore, WA 98028, USA",20140614T000000,20012 79th Ave NE,Kenmore,WA 98028,USA,98028
2014-06-15,269950.0,3.0,2.5,1890,4838,2.0,0,0,3,1730,160,2002,,"4295 S 137th St, Tukwila, WA 98168, USA",20140615T000000,4295 S 137th St,Tukwila,WA 98168,USA,98168
2014-06-15,650000.0,3.0,1.75,2140,9484,1.0,0,0,3,1290,850,1953,,"1411 112th Ave NE, Bellevue, WA 98004, USA",20140615T000000,1411 112th Ave NE,Bellevue,WA 98004,USA,98004
2014-06-15,520500.0,3.0,2.0,1900,8100,1.0,0,0,4,950,950,1940,,"834 NE 97th St, Seattle, WA 98115, USA",20140615T000000,834 NE 97th St,Seattle,WA 98115,USA,98115
2014-06-15,652500.0,4.0,2.5,2700,9122,2.0,0,0,3,2700,0,1990,,"25956 SE 37th Way, Issaquah, WA 98029, USA",20140615T000000,25956 SE 37th Way,Issaquah,WA 98029,USA,98029
2014-06-15,506000.0,5.0,3.0,2430,8000,1.0,0,0,4,1370,1060,1957,,"16437 SE 8th St, Bellevue, WA 98008, USA",20140615T000000,16437 SE 8th St,Bellevue,WA 98008,USA,98008
2014-06-15,416000.0,3.0,1.0,1110,12150,1.0,0,0,4,1110,0,1957,,"717 164th Ave SE, Bellevue, WA 98008, USA",20140615T000000,717 164th Ave SE,Bellevue,WA 98008,USA,98008
2014-06-16,500000.0,4.0,2.75,2280,15347,1.0,0,0,5,2280,0,1960,,"9007 132nd Pl SE, Newcastle, WA 98059, USA",20140616T000000,9007 132nd Pl SE,Newcastle,WA 98059,USA,98059
2014-06-16,460000.0,3.0,1.75,1550,4708,1.0,0,0,4,860,690,1949,,"6503 39th Ave NE, Seattle, WA 98115, USA",20140616T000000,6503 39th Ave NE,Seattle,WA 98115,USA,98115
2014-06-16,371025.0,3.0,2.0,1530,8925,1.0,0,0,3,1530,0,1977,,"10536 NE 148th Ct, Bothell, WA 98011, USA",20140616T000000,10536 NE 148th Ct,Bothell,WA 98011,USA,98011
2014-06-16,576000.0,4.0,2.5,2440,28405,2.0,0,0,3,2440,0,2002,,"15125 78th Ave NE, Kenmore, WA 98028, USA",20140616T000000,15125 78th Ave NE,Kenmore,WA 98028,USA,98028
2014-06-16,353500.0,4.0,2.25,1760,9602,2.0,0,0,3,1760,0,1987,,"13738 SE 199th Pl, Renton, WA 98058, USA",20140616T000000,13738 SE 199th Pl,Renton,WA 98058,USA,98058
2014-06-16,1735000.0,4.0,2.25,3040,5000,2.0,0,3,4,2080,960,1926,,"3907 47th Ave NE, Seattle, WA 98105, USA",20140616T000000,3907 47th Ave NE,Seattle,WA 98105,USA,98105
2014-06-16,183000.0,3.0,1.75,1070,8100,1.0,0,0,4,1070,0,1957,,"704 26th St SE, Auburn, WA 98002, USA",20140616T000000,704 26th St SE,Auburn,WA 98002,USA,98002
2014-06-16,763101.0,3.0,1.75,1990,5560,1.0,0,0,4,1100,890,1939,,"4811-4815 38th Ave NE, Seattle, WA 98105, USA",20140616T000000,4811-4815 38th Ave NE,Seattle,WA 98105,USA,98105
2014-06-16,460000.0,2.0,1.5,1090,4000,1.0,0,0,3,970,120,1951,,"2646 48th Ave SW, Seattle, WA 98116, USA",20140616T000000,2646 48th Ave SW,Seattle,WA 98116,USA,98116
2014-06-16,825000.0,4.0,1.5,1890,6938,1.5,0,0,3,1890,0,1919,,"1529 45th Ave SW, Seattle, WA 98116, USA",20140616T000000,1529 45th Ave SW,Seattle,WA 98116,USA,98116
2014-06-16,265000.0,3.0,1.0,1000,9150,1.0,0,0,3,1000,0,1969,,"16206 SE 134th St, Renton, WA 98059, USA",20140616T000000,16206 SE 134th St,Renton,WA 98059,USA,98059
2014-06-16,295000.0,3.0,1.75,1770,8235,1.0,0,0,3,1030,740,1960,,"455 S 190th St, Burien, WA 98148, USA",20140616T000000,455 S 190th St,Burien,WA 98148,USA,98148
2014-06-16,418000.0,4.0,3.0,2360,6250,1.0,0,2,3,1460,900,1960,,"9957 Rainier Ave S, Seattle, WA 98118, USA",20140616T000000,9957 Rainier Ave S,Seattle,WA 98118,USA,98118
2014-06-16,554000.0,3.0,3.5,3380,108900,2.0,0,0,3,2700,680,1999,,"19000 196th Ave SE, Renton, WA 98058, USA",20140616T000000,19000 196th Ave SE,Renton,WA 98058,USA,98058
2014-06-16,534500.0,3.0,2.5,1700,3150,2.0,0,0,3,1700,0,2005,,"2493 NE Laurel Crest Ln, Issaquah, WA 98029, USA",20140616T000000,2493 NE Laurel Crest Ln,Issaquah,WA 98029,USA,98029
2014-06-16,690000.0,2.0,1.75,1600,4000,1.0,0,0,5,850,750,1918,,"2505 E Calhoun St, Seattle, WA 98112, USA",20140616T000000,2505 E Calhoun St,Seattle,WA 98112,USA,98112
2014-06-16,530000.0,4.0,2.5,2050,6360,2.0,0,0,3,2050,0,1988,,"24610 SE 45th Way, Issaquah, WA 98029, USA",20140616T000000,24610 SE 45th Way,Issaquah,WA 98029,USA,98029
2014-06-16,357186.0,2.0,1.75,1210,1040,2.0,0,0,3,1210,0,2014,,"2520 Mulberry Walk NE, Issaquah, WA 98029, USA",20140616T000000,2520 Mulberry Walk NE,Issaquah,WA 98029,USA,98029
2014-06-16,300000.0,5.0,3.0,1940,6355,1.0,0,0,3,1200,740,2007,,"11720 8th Ave S, Seattle, WA 98168, USA",20140616T000000,11720 8th Ave S,Seattle,WA 98168,USA,98168
2014-06-16,304000.0,4.0,2.0,1810,8750,1.0,0,0,2,1110,700,1967,,"12727 SE 191st Pl, Renton, WA 98058, USA",20140616T000000,12727 SE 191st Pl,Renton,WA 98058,USA,98058
2014-06-16,385000.0,4.0,1.75,1690,4080,1.0,0,0,4,870,820,1984,,"3405 35th Ave S, Seattle, WA 98144, USA",20140616T000000,3405 35th Ave S,Seattle,WA 98144,USA,98144
2014-06-16,415000.0,4.0,2.0,1800,2970,1.0,0,0,4,1000,800,1923,,"7502 15th Ave NE, Seattle, WA 98115, USA",20140616T000000,7502 15th Ave NE,Seattle,WA 98115,USA,98115
2014-06-16,963000.0,4.0,3.5,3280,6603,2.0,0,0,3,3280,0,2007,,"16030 SE 45th Pl, Bellevue, WA 98006, USA",20140616T000000,16030 SE 45th Pl,Bellevue,WA 98006,USA,98006
2014-06-16,792500.0,4.0,2.5,4290,175421,2.0,0,0,3,4290,0,2004,,"26735 SE 271st St, Ravensdale, WA 98051, USA",20140616T000000,26735 SE 271st St,Ravensdale,WA 98051,USA,98051
2014-06-16,309212.0,3.0,1.75,1150,9600,1.0,0,0,3,1150,0,1979,,"42511 SE 175th Pl, North Bend, WA 98045, USA",20140616T000000,42511 SE 175th Pl,North Bend,WA 98045,USA,98045
2014-06-16,235000.0,2.0,1.5,880,1805,2.0,0,0,3,880,0,1999,,"10546 Stone Ave N, Seattle, WA 98133, USA",20140616T000000,10546 Stone Ave N,Seattle,WA 98133,USA,98133
2014-06-16,667000.0,3.0,1.5,1720,8100,2.0,0,0,3,1720,0,1907,,"3239 NW 64th St, Seattle, WA 98107, USA",20140616T000000,3239 NW 64th St,Seattle,WA 98107,USA,98107
2014-06-16,470000.0,3.0,1.5,1510,8000,1.0,0,0,4,1510,0,1956,,"2559 155th Ave SE, Bellevue, WA 98007, USA",20140616T000000,2559 155th Ave SE,Bellevue,WA 98007,USA,98007
2014-06-16,375000.0,4.0,2.0,1240,3000,1.0,0,0,3,1040,200,1908,,"549 27th Ave, Seattle, WA 98122, USA",20140616T000000,549 27th Ave,Seattle,WA 98122,USA,98122
2014-06-16,410000.0,4.0,2.0,1580,9581,1.0,0,0,3,1580,0,1953,,"10221 132nd Ave NE, Kirkland, WA 98033, USA",20140616T000000,10221 132nd Ave NE,Kirkland,WA 98033,USA,98033
2014-06-16,566000.0,4.0,2.25,2170,7737,2.0,0,0,3,2170,0,1987,,"23238 NE 29th Ct, Sammamish, WA 98074, USA",20140616T000000,23238 NE 29th Ct,Sammamish,WA 98074,USA,98074
2014-06-16,680000.0,4.0,2.75,2500,4950,2.0,0,0,3,2500,0,2010,,"11000 243rd Ave NE, Redmond, WA 98053, USA",20140616T000000,11000 243rd Ave NE,Redmond,WA 98053,USA,98053
2014-06-16,332000.0,1.0,1.0,960,2640,1.0,0,0,3,760,200,1908,,"2919 E Harrison St, Seattle, WA 98112, USA",20140616T000000,2919 E Harrison St,Seattle,WA 98112,USA,98112
2014-06-16,902000.0,4.0,2.5,3030,8507,2.0,0,0,3,3030,0,2003,,"6909 123rd Ave NE, Kirkland, WA 98033, USA",20140616T000000,6909 123rd Ave NE,Kirkland,WA 98033,USA,98033
2014-06-16,500000.0,3.0,1.75,1540,10800,1.0,0,0,5,770,770,1947,,"3718 88th Ave SE, Mercer Island, WA 98040, USA",20140616T000000,3718 88th Ave SE,Mercer Island,WA 98040,USA,98040
2014-06-16,445000.0,3.0,1.75,1890,32340,1.5,0,3,3,1890,0,1976,,"21236 Tramp Harbor Rd SW, Vashon, WA 98070, USA",20140616T000000,21236 Tramp Harbor Rd SW,Vashon,WA 98070,USA,98070
2014-06-16,825000.0,4.0,2.5,2810,9800,1.0,0,0,4,1710,1100,1973,,"14312 SE 45th St, Bellevue, WA 98006, USA",20140616T000000,14312 SE 45th St,Bellevue,WA 98006,USA,98006
2014-06-16,1095000.0,4.0,4.0,3530,8400,2.0,0,0,5,2630,900,1958,,"2420 30th Ave W, Seattle, WA 98199, USA",20140616T000000,2420 30th Ave W,Seattle,WA 98199,USA,98199
2014-06-16,277000.0,3.0,1.0,1100,8536,1.0,0,0,4,1100,0,1957,,"9615 58th Ave S, Seattle, WA 98118, USA",20140616T000000,9615 58th Ave S,Seattle,WA 98118,USA,98118
2014-06-16,545000.0,3.0,2.5,1940,9775,1.0,0,2,3,1440,500,1975,,"12710 89th Pl NE, Kirkland, WA 98034, USA",20140616T000000,12710 89th Pl NE,Kirkland,WA 98034,USA,98034
2014-06-16,435000.0,3.0,2.5,2300,9521,2.0,0,0,3,2300,0,2003,,"16023 271st Pl NE, Duvall, WA 98019, USA",20140616T000000,16023 271st Pl NE,Duvall,WA 98019,USA,98019
2014-06-16,638000.0,3.0,2.5,2110,3600,2.0,0,0,3,2110,0,2005,,"6533 193rd Pl NE, Redmond, WA 98052, USA",20140616T000000,6533 193rd Pl NE,Redmond,WA 98052,USA,98052
2014-06-16,418000.0,4.0,1.5,1220,10580,1.0,0,0,3,1220,0,1965,,"1212 168th Ave NE, Bellevue, WA 98008, USA",20140616T000000,1212 168th Ave NE,Bellevue,WA 98008,USA,98008
2014-06-16,499000.0,3.0,1.75,1750,12325,1.0,0,0,4,1470,280,1968,,"16618 NE 91st St, Redmond, WA 98052, USA",20140616T000000,16618 NE 91st St,Redmond,WA 98052,USA,98052
2014-06-16,150000.0,3.0,1.5,1230,8056,1.0,0,0,4,1230,0,1949,,"1432 S 129th St, Burien, WA 98168, USA",20140616T000000,1432 S 129th St,Burien,WA 98168,USA,98168
2014-06-16,759950.0,3.0,2.5,3100,23790,2.0,0,0,3,3100,0,2002,,"2328 246th Ave SE, Sammamish, WA 98075, USA",20140616T000000,2328 246th Ave SE,Sammamish,WA 98075,USA,98075
2014-06-16,427000.0,3.0,2.5,1830,65340,1.0,0,0,3,1520,310,1991,,"44218 SE 161st Pl, North Bend, WA 98045, USA",20140616T000000,44218 SE 161st Pl,North Bend,WA 98045,USA,98045
2014-06-16,632500.0,5.0,2.5,2640,7096,2.0,0,0,3,2640,0,2003,,"9181 226th Pl NE, Redmond, WA 98053, USA",20140616T000000,9181 226th Pl NE,Redmond,WA 98053,USA,98053
2014-06-16,660000.0,6.0,1.75,1840,2774,1.0,0,0,3,1060,780,1900,,"220 17th Ave, Seattle, WA 98122, USA",20140616T000000,220 17th Ave,Seattle,WA 98122,USA,98122
2014-06-16,862000.0,4.0,2.5,3190,14565,2.0,0,0,3,3190,0,1990,,"12623 198th Dr NE, Woodinville, WA 98077, USA",20140616T000000,12623 198th Dr NE,Woodinville,WA 98077,USA,98077
2014-06-16,524000.0,2.0,1.0,1120,2000,1.5,0,0,3,1120,0,1910,,"159 Fulton St, Seattle, WA 98109, USA",20140616T000000,159 Fulton St,Seattle,WA 98109,USA,98109
2014-06-16,470000.0,3.0,1.5,1760,6723,1.0,0,0,3,1160,600,1958,,"5624 Wilson Ave S, Seattle, WA 98118, USA",20140616T000000,5624 Wilson Ave S,Seattle,WA 98118,USA,98118
2014-06-16,385000.0,3.0,2.0,1590,9912,2.0,0,0,3,1590,0,2000,,"7612 SW 258th Ct, Vashon, WA 98070, USA",20140616T000000,7612 SW 258th Ct,Vashon,WA 98070,USA,98070
2014-06-16,575000.0,4.0,2.5,2120,9603,2.0,0,0,3,2120,0,1985,,"460 Indigo Pl NW, Issaquah, WA 98027, USA",20140616T000000,460 Indigo Pl NW,Issaquah,WA 98027,USA,98027
2014-06-16,220000.0,4.0,2.5,2240,9826,1.0,0,0,4,1370,870,1988,,"2410 SW 323rd St, Federal Way, WA 98023, USA",20140616T000000,2410 SW 323rd St,Federal Way,WA 98023,USA,98023
2014-06-16,460000.0,2.0,1.0,890,2100,1.0,0,0,4,760,130,1919,,"4008 2nd Ave NW, Seattle, WA 98107, USA",20140616T000000,4008 2nd Ave NW,Seattle,WA 98107,USA,98107
2014-06-16,1712500.0,3.0,3.25,2940,5432,3.0,0,3,4,2440,500,1978,,"150 Highland Dr, Seattle, WA 98109, USA",20140616T000000,150 Highland Dr,Seattle,WA 98109,USA,98109
2014-06-16,175000.0,3.0,1.5,1220,7300,1.0,0,0,3,1220,0,1973,,"4342 S 299th St, Auburn, WA 98001, USA",20140616T000000,4342 S 299th St,Auburn,WA 98001,USA,98001
2014-06-16,465000.0,3.0,2.25,2670,7500,1.0,0,0,4,1640,1030,1966,,"15800-15898 15th Ave SW, Burien, WA 98166, USA",20140616T000000,15800-15898 15th Ave SW,Burien,WA 98166,USA,98166
2014-06-16,552000.0,3.0,1.0,1120,2300,1.0,0,0,4,820,300,1912,,"7002 22nd Ave NW, Seattle, WA 98117, USA",20140616T000000,7002 22nd Ave NW,Seattle,WA 98117,USA,98117
2014-06-16,565000.0,4.0,2.75,3130,139392,2.0,0,0,4,3130,0,1981,,"27705 114th Ave SE, Kent, WA 98030, USA",20140616T000000,27705 114th Ave SE,Kent,WA 98030,USA,98030
2014-06-16,518000.0,4.0,2.5,1740,7500,1.0,0,0,4,1220,520,1976,,"10342 162nd Pl NE, Redmond, WA 98052, USA",20140616T000000,10342 162nd Pl NE,Redmond,WA 98052,USA,98052
2014-06-16,899950.0,4.0,3.5,3290,5414,2.0,0,1,3,2360,930,2006,,"11672 91st Pl NE, Kirkland, WA 98034, USA",20140616T000000,11672 91st Pl NE,Kirkland,WA 98034,USA,98034
2014-06-16,373000.0,3.0,1.0,1770,5720,1.5,0,0,4,1140,630,1926,,"5232 36th Ave SW, Seattle, WA 98126, USA",20140616T000000,5232 36th Ave SW,Seattle,WA 98126,USA,98126
2014-06-16,385000.0,4.0,2.5,2960,5054,2.0,0,0,3,2960,0,2006,,"26920 229th Pl SE, Maple Valley, WA 98038, USA",20140616T000000,26920 229th Pl SE,Maple Valley,WA 98038,USA,98038
2014-06-16,245000.0,2.0,1.0,1200,4880,1.0,0,0,3,980,220,1943,,"8421 8th Ave SW, Seattle, WA 98106, USA",20140616T000000,8421 8th Ave SW,Seattle,WA 98106,USA,98106
2014-06-16,375000.0,4.0,2.0,2400,6000,2.0,0,0,3,2400,0,1913,1945.0,"9801-9999 NE 183rd St, Bothell, WA 98011, USA",20140616T000000,9801-9999 NE 183rd St,Bothell,WA 98011,USA,98011
2014-06-16,699850.0,4.0,3.5,2690,6164,2.0,0,0,3,2690,0,2002,,"1010 274th Way SE, Sammamish, WA 98075, USA",20140616T000000,1010 274th Way SE,Sammamish,WA 98075,USA,98075
2014-06-16,450000.0,6.0,2.25,3550,11780,1.0,0,0,4,2960,590,1948,,"12722 15th Ave NE, Seattle, WA 98125, USA",20140616T000000,12722 15th Ave NE,Seattle,WA 98125,USA,98125
2014-06-16,455000.0,2.0,1.5,1310,12196,1.5,0,0,3,1310,0,1970,,"16326 NE 43rd Ct, Redmond, WA 98052, USA",20140616T000000,16326 NE 43rd Ct,Redmond,WA 98052,USA,98052
2014-06-16,650000.0,4.0,2.75,2610,4160,3.0,0,0,5,1910,700,1910,,"118 N 84th St, Seattle, WA 98103, USA",20140616T000000,118 N 84th St,Seattle,WA 98103,USA,98103
2014-06-16,378000.0,5.0,2.5,2760,8015,1.0,0,0,4,1600,1160,1960,,"13327 30th Ave NE, Seattle, WA 98125, USA",20140616T000000,13327 30th Ave NE,Seattle,WA 98125,USA,98125
2014-06-16,220000.0,3.0,2.0,1410,7998,1.0,0,0,4,1410,0,1940,,"11851 44th Pl S, Tukwila, WA 98178, USA",20140616T000000,11851 44th Pl S,Tukwila,WA 98178,USA,98178
2014-06-16,285500.0,4.0,1.75,1960,7950,1.0,0,0,4,1960,0,1967,,"32500-32514 35th Ave SW, Federal Way, WA 98023, USA",20140616T000000,32500-32514 35th Ave SW,Federal Way,WA 98023,USA,98023
2014-06-16,340000.0,3.0,2.5,1212,1174,3.0,0,0,3,1212,0,2004,,"11716 16th Ave NE, Seattle, WA 98125, USA",20140616T000000,11716 16th Ave NE,Seattle,WA 98125,USA,98125
2014-06-16,921000.0,4.0,1.5,2220,9496,1.0,0,0,4,1490,730,1954,,"1431 102nd Ave NE, Bellevue, WA 98004, USA",20140616T000000,1431 102nd Ave NE,Bellevue,WA 98004,USA,98004
2014-06-16,375000.0,4.0,2.5,2040,109336,1.5,0,0,4,2040,0,1973,,"20404 289th Ave SE, Maple Valley, WA 98038, USA",20140616T000000,20404 289th Ave SE,Maple Valley,WA 98038,USA,98038
2014-06-16,999000.0,4.0,2.75,2800,19168,2.0,0,0,3,2800,0,1992,,"2010 227th Ave SE, Sammamish, WA 98075, USA",20140616T000000,2010 227th Ave SE,Sammamish,WA 98075,USA,98075
2014-06-16,335000.0,3.0,1.5,2040,6000,1.0,0,0,3,1340,700,1957,,"9055 37th Ave S, Seattle, WA 98118, USA",20140616T000000,9055 37th Ave S,Seattle,WA 98118,USA,98118
2014-06-16,1920000.0,4.0,2.5,3070,34412,1.0,0,3,4,2070,1000,1950,,"3257 Evergreen Point Rd, Medina, WA 98039, USA",20140616T000000,3257 Evergreen Point Rd,Medina,WA 98039,USA,98039
2014-06-16,385000.0,2.0,1.0,830,26329,1.0,1,3,4,830,0,1928,,"7310 SW Maury Park Rd, Vashon, WA 98070, USA",20140616T000000,7310 SW Maury Park Rd,Vashon,WA 98070,USA,98070
2014-06-16,850000.0,4.0,3.5,4140,7089,2.0,0,0,3,3160,980,2003,,"11721 106th Ave NE, Kirkland, WA 98034, USA",20140616T000000,11721 106th Ave NE,Kirkland,WA 98034,USA,98034
2014-06-16,429000.0,5.0,2.5,2340,4500,2.0,0,0,3,2340,0,2009,,"526 Elma Pl NE, Renton, WA 98059, USA",20140616T000000,526 Elma Pl NE,Renton,WA 98059,USA,98059
2014-06-16,523950.0,3.0,2.25,1420,1282,3.0,0,0,3,1420,0,2006,,"3817-3821 Whitman Ave N, Seattle, WA 98103, USA",20140616T000000,3817-3821 Whitman Ave N,Seattle,WA 98103,USA,98103
2014-06-16,798800.0,3.0,2.75,2670,3738,1.0,0,0,3,1720,950,2013,,"1009-1225 N 41st Pl, Renton, WA 98056, USA",20140616T000000,1009-1225 N 41st Pl,Renton,WA 98056,USA,98056
2014-06-16,284000.0,3.0,2.5,1880,6008,2.0,0,0,3,1880,0,2009,,"29700 217th Pl SE, Kent, WA 98042, USA",20140616T000000,29700 217th Pl SE,Kent,WA 98042,USA,98042
2014-06-16,852880.0,4.0,3.25,3450,6184,2.0,0,0,3,3450,0,2014,,"120 214th Pl SE, Sammamish, WA 98074, USA",20140616T000000,120 214th Pl SE,Sammamish,WA 98074,USA,98074
2014-06-16,320000.0,3.0,2.25,1200,1400,3.0,0,0,3,1200,0,2005,,"10401 Holman Rd NW, Seattle, WA 98133, USA",20140616T000000,10401 Holman Rd NW,Seattle,WA 98133,USA,98133
2014-06-16,749995.0,4.0,3.25,3430,9870,2.0,0,0,3,3430,0,2014,,"20417 126th Ave NE, Bothell, WA 98011, USA",20140616T000000,20417 126th Ave NE,Bothell,WA 98011,USA,98011
2014-06-16,468500.0,3.0,2.5,1350,1186,2.0,0,0,3,1120,230,2007,,"6724 Alonzo Ave NW, Seattle, WA 98117, USA",20140616T000000,6724 Alonzo Ave NW,Seattle,WA 98117,USA,98117
2014-06-16,492500.0,5.0,2.5,2570,9962,2.0,0,0,3,2570,0,2006,,"14206 284th Pl NE, Duvall, WA 98019, USA",20140616T000000,14206 284th Pl NE,Duvall,WA 98019,USA,98019
2014-06-16,685000.0,4.0,3.5,2840,4637,3.0,0,0,3,2840,0,2008,,"546 NE 103rd St, Seattle, WA 98125, USA",20140616T000000,546 NE 103rd St,Seattle,WA 98125,USA,98125
2014-06-16,542525.0,4.0,2.5,2650,5600,2.0,0,0,3,2650,0,2014,,"13516 164th Ave SE, Renton, WA 98059, USA",20140616T000000,13516 164th Ave SE,Renton,WA 98059,USA,98059
2014-06-16,435000.0,3.0,2.0,1980,2674,3.0,0,0,3,1980,0,2007,,"5451 Fauntleroy Way SW, Seattle, WA 98136, USA",20140616T000000,5451 Fauntleroy Way SW,Seattle,WA 98136,USA,98136
2014-06-17,242000.0,3.0,1.75,1280,7524,1.5,0,0,4,1280,0,1988,,"11431 SE 229th St, Kent, WA 98031, USA",20140617T000000,11431 SE 229th St,Kent,WA 98031,USA,98031
2014-06-17,325000.0,4.0,2.5,2610,7091,2.0,0,0,3,2610,0,1987,,"33439 11th Pl SW, Federal Way, WA 98023, USA",20140617T000000,33439 11th Pl SW,Federal Way,WA 98023,USA,98023
2014-06-17,837700.0,5.0,2.75,3010,12611,2.0,0,0,3,3010,0,1994,,"10717 179th Ct NE, Redmond, WA 98052, USA",20140617T000000,10717 179th Ct NE,Redmond,WA 98052,USA,98052
2014-06-17,210000.0,1.0,1.0,930,7129,1.0,0,0,3,930,0,1948,,"2126 N 130th St, Seattle, WA 98133, USA",20140617T000000,2126 N 130th St,Seattle,WA 98133,USA,98133
2014-06-17,187500.0,3.0,1.5,1180,7000,1.0,0,0,4,1180,0,1977,,"34016 33rd Ave SW, Federal Way, WA 98023, USA",20140617T000000,34016 33rd Ave SW,Federal Way,WA 98023,USA,98023
2014-06-17,560000.0,5.0,1.0,1710,9100,1.5,0,0,4,1320,390,1926,,"7226 36th Ave SW, Seattle, WA 98126, USA",20140617T000000,7226 36th Ave SW,Seattle,WA 98126,USA,98126
2014-06-17,272000.0,3.0,2.0,1380,7476,1.0,0,0,3,1380,0,1989,,"5002 S 299th Pl, Auburn, WA 98001, USA",20140617T000000,5002 S 299th Pl,Auburn,WA 98001,USA,98001
2014-06-17,235000.0,3.0,1.75,1190,7280,1.0,0,0,4,1190,0,1968,,"11234 SE 320th Pl, Auburn, WA 98092, USA",20140617T000000,11234 SE 320th Pl,Auburn,WA 98092,USA,98092
2014-06-17,259000.0,3.0,2.0,1870,5909,1.0,0,0,3,1270,600,1986,,"11834 SE 263rd Ct, Kent, WA 98030, USA",20140617T000000,11834 SE 263rd Ct,Kent,WA 98030,USA,98030
2014-06-17,866059.0,5.0,3.5,3130,4797,2.0,0,0,3,2570,560,2014,,"15845 SE 44th Ct, Bellevue, WA 98006, USA",20140617T000000,15845 SE 44th Ct,Bellevue,WA 98006,USA,98006
2014-06-17,473000.0,2.0,1.0,900,5100,1.0,0,0,4,900,0,1909,,"7029 16th Ave NW, Seattle, WA 98117, USA",20140617T000000,7029 16th Ave NW,Seattle,WA 98117,USA,98117
2014-06-17,405000.0,3.0,1.5,1880,7400,1.0,0,0,3,1480,400,1968,,"5471 NE 200th Pl, Lake Forest Park, WA 98155, USA",20140617T000000,5471 NE 200th Pl,Lake Forest Park,WA 98155,USA,98155
2014-06-17,870000.0,4.0,4.25,3010,4887,2.0,0,3,4,1940,1070,1951,1996.0,"8770 Sand Point Way NE, Seattle, WA 98115, USA",20140617T000000,8770 Sand Point Way NE,Seattle,WA 98115,USA,98115
2014-06-17,475000.0,3.0,2.25,2280,5750,1.0,0,1,4,1150,1130,1985,,"4420 48th Ave SW, Seattle, WA 98116, USA",20140617T000000,4420 48th Ave SW,Seattle,WA 98116,USA,98116
2014-06-17,499500.0,3.0,2.5,2970,21907,2.0,0,0,3,2970,0,1998,2006.0,"14239 183rd Ave SE, Renton, WA 98059, USA",20140617T000000,14239 183rd Ave SE,Renton,WA 98059,USA,98059
2014-06-17,386000.0,2.0,2.5,1620,3196,2.0,0,0,3,1620,0,2008,,"9225-9305 Mitten Ave SE, Snoqualmie, WA 98065, USA",20140617T000000,9225-9305 Mitten Ave SE,Snoqualmie,WA 98065,USA,98065
2014-06-17,458000.0,4.0,1.5,1550,3000,1.5,0,0,3,1350,200,1918,,"4402 4th Ave NE, Seattle, WA 98105, USA",20140617T000000,4402 4th Ave NE,Seattle,WA 98105,USA,98105
2014-06-17,550000.0,3.0,1.75,2240,78225,2.0,0,0,5,2240,0,1976,,"15639 115th Ave SW, Vashon, WA 98070, USA",20140617T000000,15639 115th Ave SW,Vashon,WA 98070,USA,98070
2014-06-17,605500.0,3.0,2.5,2830,6536,2.0,0,0,3,2830,0,1989,,"12504 NE 163rd St, Woodinville, WA 98072, USA",20140617T000000,12504 NE 163rd St,Woodinville,WA 98072,USA,98072
2014-06-17,421000.0,3.0,2.5,2890,21780,2.0,0,0,3,2890,0,2000,,"3717 S 189th Pl, SeaTac, WA 98188, USA",20140617T000000,3717 S 189th Pl,SeaTac,WA 98188,USA,98188
2014-06-17,536000.0,4.0,2.25,1990,5948,2.0,0,0,3,1990,0,1991,,"4002 258th Way SE, Issaquah, WA 98029, USA",20140617T000000,4002 258th Way SE,Issaquah,WA 98029,USA,98029
2014-06-17,247200.0,3.0,1.75,1370,8719,1.0,0,0,3,1370,0,1982,,"26303 191st Pl SE, Covington, WA 98042, USA",20140617T000000,26303 191st Pl SE,Covington,WA 98042,USA,98042
2014-06-17,250000.0,2.0,1.5,1088,1360,2.0,0,0,3,1088,0,1983,,"9603 NE 121st Ln, Kirkland, WA 98034, USA",20140617T000000,9603 NE 121st Ln,Kirkland,WA 98034,USA,98034
2014-06-17,204950.0,4.0,1.75,1740,9344,1.0,0,0,3,1180,560,1978,,"5108 SW 316th Pl, Federal Way, WA 98023, USA",20140617T000000,5108 SW 316th Pl,Federal Way,WA 98023,USA,98023
2014-06-17,430000.0,3.0,2.0,1730,9000,1.0,0,0,3,1370,360,1978,,"975-1005 Greenwood Blvd SW, Issaquah, WA 98027, USA",20140617T000000,975-1005 Greenwood Blvd SW,Issaquah,WA 98027,USA,98027
2014-06-17,250000.0,4.0,2.5,1800,8100,2.0,0,0,3,1800,0,1998,,"22028 SE 269th St, Maple Valley, WA 98038, USA",20140617T000000,22028 SE 269th St,Maple Valley,WA 98038,USA,98038
2014-06-17,260000.0,3.0,1.75,1440,12888,1.0,0,2,3,1090,350,1958,,"14710 57th Ave S, Tukwila, WA 98168, USA",20140617T000000,14710 57th Ave S,Tukwila,WA 98168,USA,98168
2014-06-17,547000.0,4.0,1.0,1720,2800,1.5,0,0,4,1200,520,1926,,"6211 27th Ave NE, Seattle, WA 98115, USA",20140617T000000,6211 27th Ave NE,Seattle,WA 98115,USA,98115
2014-06-17,379900.0,5.0,3.5,2800,7350,2.0,0,0,3,2800,0,1995,,"8430 8th Ave SW, Seattle, WA 98106, USA",20140617T000000,8430 8th Ave SW,Seattle,WA 98106,USA,98106
2014-06-17,738500.0,3.0,2.5,2300,6009,1.0,0,0,3,2300,0,2005,,"12115 Big Leaf Way NE, Redmond, WA 98053, USA",20140617T000000,12115 Big Leaf Way NE,Redmond,WA 98053,USA,98053
2014-06-17,545000.0,4.0,2.25,2030,11585,1.0,0,0,4,1590,440,1967,,"15703 NE 54th Way, Redmond, WA 98052, USA",20140617T000000,15703 NE 54th Way,Redmond,WA 98052,USA,98052
2014-06-17,342000.0,2.0,1.0,740,6180,1.0,0,0,3,740,0,1948,,"4813 S Findlay St, Seattle, WA 98118, USA",20140617T000000,4813 S Findlay St,Seattle,WA 98118,USA,98118
2014-06-17,4668000.0,5.0,6.75,9640,13068,1.0,1,4,3,4820,4820,1983,2009.0,"5044 Butterworth Rd, Mercer Island, WA 98040, USA",20140617T000000,5044 Butterworth Rd,Mercer Island,WA 98040,USA,98040
2014-06-17,170000.0,4.0,1.0,1920,13787,1.0,0,0,4,1220,700,1966,,"17104 Military Rd S, SeaTac, WA 98188, USA",20140617T000000,17104 Military Rd S,SeaTac,WA 98188,USA,98188
2014-06-17,616000.0,4.0,2.5,2490,12929,2.0,0,0,3,2490,0,1983,,"24106 NE 6th Pl, Sammamish, WA 98074, USA",20140617T000000,24106 NE 6th Pl,Sammamish,WA 98074,USA,98074
2014-06-17,640000.0,3.0,2.0,1380,4800,1.0,0,0,3,1380,0,1948,,"3415 9th Ave W, Seattle, WA 98119, USA",20140617T000000,3415 9th Ave W,Seattle,WA 98119,USA,98119
2014-06-17,332000.0,3.0,2.5,1530,9406,1.0,0,0,3,1270,260,1993,,"4214 NE 2nd St, Renton, WA 98059, USA",20140617T000000,4214 NE 2nd St,Renton,WA 98059,USA,98059
2014-06-17,1010000.0,3.0,3.25,2420,1923,2.0,0,2,3,1840,580,2006,,"2010 8th Ave N, Seattle, WA 98109, USA",20140617T000000,2010 8th Ave N,Seattle,WA 98109,USA,98109
2014-06-17,380000.0,4.0,2.5,2150,37647,2.0,0,0,3,2150,0,1991,,"19504 SE 324th St, Kent, WA 98042, USA",20140617T000000,19504 SE 324th St,Kent,WA 98042,USA,98042
2014-06-17,415000.0,4.0,2.0,1610,9600,1.0,0,0,5,1610,0,1967,,"7815 116th Ave SE, Newcastle, WA 98056, USA",20140617T000000,7815 116th Ave SE,Newcastle,WA 98056,USA,98056
2014-06-17,1008000.0,4.0,3.5,2650,3060,2.0,0,0,3,2060,590,2001,,"2133 N 62nd St, Seattle, WA 98103, USA",20140617T000000,2133 N 62nd St,Seattle,WA 98103,USA,98103
2014-06-17,669000.0,4.0,2.75,2700,35362,2.0,0,0,5,2700,0,1976,,"18222 NE 186th St, Woodinville, WA 98077, USA",20140617T000000,18222 NE 186th St,Woodinville,WA 98077,USA,98077
2014-06-17,260000.0,3.0,1.5,1270,20700,1.0,0,0,2,1150,120,1948,,"3029 NE 178th St, Lake Forest Park, WA 98155, USA",20140617T000000,3029 NE 178th St,Lake Forest Park,WA 98155,USA,98155
2014-06-17,854000.0,4.0,2.75,3150,38865,1.0,0,0,3,2480,670,1986,,"14302-14314 174th Ave NE, Redmond, WA 98052, USA",20140617T000000,14302-14314 174th Ave NE,Redmond,WA 98052,USA,98052
2014-06-17,605000.0,3.0,2.25,2010,10760,2.0,0,0,3,2010,0,1985,,"14150 176th Ave NE, Redmond, WA 98052, USA",20140617T000000,14150 176th Ave NE,Redmond,WA 98052,USA,98052
2014-06-17,320000.0,3.0,1.0,860,5060,1.5,0,0,3,860,0,1927,,"10537 Interlake Ave N, Seattle, WA 98133, USA",20140617T000000,10537 Interlake Ave N,Seattle,WA 98133,USA,98133
2014-06-17,229950.0,3.0,2.0,1410,7466,1.0,0,0,3,1410,0,1983,,"14609 SE 195th Pl, Renton, WA 98058, USA",20140617T000000,14609 SE 195th Pl,Renton,WA 98058,USA,98058
2014-06-17,255000.0,3.0,1.75,1700,7532,1.0,0,0,3,1700,0,1987,,"27456-27498 124th Ave SE, Kent, WA 98030, USA",20140617T000000,27456-27498 124th Ave SE,Kent,WA 98030,USA,98030
2014-06-17,1170000.0,4.0,2.5,2570,6251,2.0,0,0,3,2570,0,2000,,"1915 107th Ave SE, Bellevue, WA 98004, USA",20140617T000000,1915 107th Ave SE,Bellevue,WA 98004,USA,98004
2014-06-17,479000.0,2.0,2.25,1230,932,2.0,0,0,3,1020,210,2004,,"106 24th Ave E, Seattle, WA 98112, USA",20140617T000000,106 24th Ave E,Seattle,WA 98112,USA,98112
2014-06-17,1200000.0,4.0,3.5,4170,9748,2.0,0,0,3,4170,0,2004,,"8264 154th Ave SE, Newcastle, WA 98059, USA",20140617T000000,8264 154th Ave SE,Newcastle,WA 98059,USA,98059
2014-06-17,472000.0,3.0,2.5,1180,1262,3.0,0,0,3,1180,0,2010,,"2050 14th Ave W, Seattle, WA 98119, USA",20140617T000000,2050 14th Ave W,Seattle,WA 98119,USA,98119
2014-06-17,198000.0,3.0,1.5,1430,7347,1.0,0,0,3,820,610,1980,,"2711 SW 344th Pl, Federal Way, WA 98023, USA",20140617T000000,2711 SW 344th Pl,Federal Way,WA 98023,USA,98023
2014-06-17,440000.0,4.0,2.0,1450,8400,1.5,0,0,4,1450,0,1962,,"14114 75th Ave NE, Kirkland, WA 98034, USA",20140617T000000,14114 75th Ave NE,Kirkland,WA 98034,USA,98034
2014-06-17,506000.0,3.0,1.75,2180,7700,1.0,0,0,3,1480,700,1961,,"17922 3rd Ave NW, Shoreline, WA 98177, USA",20140617T000000,17922 3rd Ave NW,Shoreline,WA 98177,USA,98177
2014-06-17,382500.0,4.0,2.5,2210,7079,2.0,0,0,3,2210,0,1993,,"11824 SE 203rd St, Kent, WA 98031, USA",20140617T000000,11824 SE 203rd St,Kent,WA 98031,USA,98031
2014-06-17,269500.0,2.0,1.5,1480,7276,1.0,0,0,4,940,540,1978,,"680 Shelton Ave NE, Renton, WA 98056, USA",20140617T000000,680 Shelton Ave NE,Renton,WA 98056,USA,98056
2014-06-17,560000.0,3.0,2.0,2340,3477,1.0,0,1,5,1170,1170,1971,,"5200 S Frontenac St, Seattle, WA 98118, USA",20140617T000000,5200 S Frontenac St,Seattle,WA 98118,USA,98118
2014-06-17,840000.0,4.0,3.5,3860,18334,2.0,0,0,3,3120,740,1996,,"12237 198th Ave NE, Woodinville, WA 98077, USA",20140617T000000,12237 198th Ave NE,Woodinville,WA 98077,USA,98077
2014-06-17,479500.0,3.0,2.75,2300,4637,2.0,0,0,3,2300,0,2008,,"34623 SE Leitz St, Snoqualmie, WA 98065, USA",20140617T000000,34623 SE Leitz St,Snoqualmie,WA 98065,USA,98065
2014-06-17,402000.0,3.0,1.5,1450,7375,1.0,0,0,3,1010,440,1968,,"13420 121st Ave NE, Kirkland, WA 98034, USA",20140617T000000,13420 121st Ave NE,Kirkland,WA 98034,USA,98034
2014-06-17,549000.0,2.0,2.5,1380,953,3.0,0,0,3,1380,0,2006,,"5010 Greenwood Ave N, Seattle, WA 98103, USA",20140617T000000,5010 Greenwood Ave N,Seattle,WA 98103,USA,98103
2014-06-17,449950.0,4.0,2.5,2470,3811,2.0,0,0,3,2470,0,1999,,"7206 Douglas Ave SE, Snoqualmie, WA 98065, USA",20140617T000000,7206 Douglas Ave SE,Snoqualmie,WA 98065,USA,98065
2014-06-17,493000.0,4.0,1.75,2030,18295,1.5,0,0,4,2030,0,1975,,"12039 NE 145th St, Kirkland, WA 98034, USA",20140617T000000,12039 NE 145th St,Kirkland,WA 98034,USA,98034
2014-06-17,142500.0,4.0,0.75,1440,13300,1.0,0,0,3,1440,0,1948,,"209 SW 142nd St, Burien, WA 98166, USA",20140617T000000,209 SW 142nd St,Burien,WA 98166,USA,98166
2014-06-17,250000.0,3.0,1.75,1160,6134,1.0,0,0,3,1160,0,1998,,"3812 I Pl NE, Auburn, WA 98002, USA",20140617T000000,3812 I Pl NE,Auburn,WA 98002,USA,98002
2014-06-17,729000.0,3.0,1.0,1580,3840,2.0,0,0,3,1580,0,1908,,"112 10th Ave E, Seattle, WA 98102, USA",20140617T000000,112 10th Ave E,Seattle,WA 98102,USA,98102
2014-06-17,465000.0,2.0,2.75,1430,1425,2.0,0,0,3,995,435,2006,,"224 26th Ave E, Seattle, WA 98112, USA",20140617T000000,224 26th Ave E,Seattle,WA 98112,USA,98112
2014-06-17,465000.0,2.0,2.0,1494,19271,2.0,1,4,3,1494,0,1943,1997.0,"12533 SW 148th St, Vashon, WA 98070, USA",20140617T000000,12533 SW 148th St,Vashon,WA 98070,USA,98070
2014-06-17,280000.0,4.0,2.25,1930,7207,1.0,0,0,4,1360,570,1988,,"25011 119th Pl SE, Kent, WA 98030, USA",20140617T000000,25011 119th Pl SE,Kent,WA 98030,USA,98030
2014-06-17,675000.0,6.0,1.75,2740,6360,1.0,0,3,3,1370,1370,1953,,"10721 Marine View Dr SW, Seattle, WA 98146, USA",20140617T000000,10721 Marine View Dr SW,Seattle,WA 98146,USA,98146
2014-06-17,667500.0,3.0,2.0,1880,3800,1.0,0,0,5,1030,850,1927,,"7535 18th Ave NE, Seattle, WA 98115, USA",20140617T000000,7535 18th Ave NE,Seattle,WA 98115,USA,98115
2014-06-17,809000.0,3.0,2.5,2590,7720,2.0,0,0,3,2590,0,1988,,"14575 NE 57th St, Bellevue, WA 98007, USA",20140617T000000,14575 NE 57th St,Bellevue,WA 98007,USA,98007
2014-06-17,400000.0,3.0,2.25,2140,11266,2.0,0,0,3,2140,0,1986,,"27818 NE 141st St, Duvall, WA 98019, USA",20140617T000000,27818 NE 141st St,Duvall,WA 98019,USA,98019
2014-06-17,310000.0,4.0,2.0,1870,6000,1.5,0,0,3,1870,0,1956,,"11750 12th Ave NE, Seattle, WA 98125, USA",20140617T000000,11750 12th Ave NE,Seattle,WA 98125,USA,98125
2014-06-17,435000.0,2.0,1.0,1230,3800,1.0,0,0,3,1230,0,1928,,"3306 NE 70th St, Seattle, WA 98115, USA",20140617T000000,3306 NE 70th St,Seattle,WA 98115,USA,98115
2014-06-17,465950.0,4.0,2.5,2340,6896,2.0,0,0,3,2340,0,2001,,"463 Pasco Pl NE, Renton, WA 98059, USA",20140617T000000,463 Pasco Pl NE,Renton,WA 98059,USA,98059
2014-06-17,1538000.0,3.0,2.25,2880,7599,1.0,0,2,3,1710,1170,1958,2002.0,"1806 10th Pl W, Kirkland, WA 98033, USA",20140617T000000,1806 10th Pl W,Kirkland,WA 98033,USA,98033
2014-06-17,253000.0,3.0,1.5,880,6600,1.0,0,0,5,880,0,1945,,"11457 70th Pl S, Seattle, WA 98178, USA",20140617T000000,11457 70th Pl S,Seattle,WA 98178,USA,98178
2014-06-17,330000.0,3.0,2.5,3040,7232,2.0,0,0,3,3040,0,2003,,"29678 130th Way SE, Auburn, WA 98092, USA",20140617T000000,29678 130th Way SE,Auburn,WA 98092,USA,98092
2014-06-17,554000.0,4.0,1.0,1120,7104,1.5,0,0,3,1120,0,1946,,"1212 NW 105th St, Seattle, WA 98177, USA",20140617T000000,1212 NW 105th St,Seattle,WA 98177,USA,98177
2014-06-17,350000.0,3.0,2.0,1380,3600,3.0,0,0,3,1380,0,2013,,"600 21st Ave, Seattle, WA 98122, USA",20140617T000000,600 21st Ave,Seattle,WA 98122,USA,98122
2014-06-17,294999.0,4.0,2.5,1660,9760,2.0,0,0,3,1660,0,1994,,"11400-11616 SE 266th St, Kent, WA 98030, USA",20140617T000000,11400-11616 SE 266th St,Kent,WA 98030,USA,98030
2014-06-17,1185001.0,3.0,2.75,2500,5568,2.0,0,0,5,2500,0,1905,,"723 16th Ave E, Seattle, WA 98112, USA",20140617T000000,723 16th Ave E,Seattle,WA 98112,USA,98112
2014-06-17,752000.0,4.0,2.5,2940,10382,2.0,0,0,4,2940,0,1991,,"14214 SE 77th St, Newcastle, WA 98059, USA",20140617T000000,14214 SE 77th St,Newcastle,WA 98059,USA,98059
2014-06-17,451000.0,4.0,2.5,1670,3315,2.0,0,0,3,1670,0,2005,,"2319 NE Marion Ln, Issaquah, WA 98029, USA",20140617T000000,2319 NE Marion Ln,Issaquah,WA 98029,USA,98029
2014-06-17,725000.0,4.0,2.75,2630,7505,2.0,0,0,3,2630,0,1994,,"13221 NE 93rd St, Redmond, WA 98052, USA",20140617T000000,13221 NE 93rd St,Redmond,WA 98052,USA,98052
2014-06-17,345000.0,4.0,2.75,2250,7412,1.0,0,0,4,1480,770,1975,,"15801 SE 175th Pl, Renton, WA 98058, USA",20140617T000000,15801 SE 175th Pl,Renton,WA 98058,USA,98058
2014-06-17,206000.0,3.0,1.0,1320,7000,1.0,0,0,4,1320,0,1967,,"1812 33rd St SE, Auburn, WA 98002, USA",20140617T000000,1812 33rd St SE,Auburn,WA 98002,USA,98002
2014-06-17,2027000.0,4.0,3.75,4100,22798,1.5,0,3,5,2540,1560,1934,1979.0,"4520 E Mercer Way, Mercer Island, WA 98040, USA",20140617T000000,4520 E Mercer Way,Mercer Island,WA 98040,USA,98040
2014-06-17,2475000.0,3.0,3.25,4340,4947,2.0,0,3,3,3060,1280,1993,,"5719 Seaview Ave NW, Seattle, WA 98107, USA",20140617T000000,5719 Seaview Ave NW,Seattle,WA 98107,USA,98107
2014-06-17,1728000.0,4.0,3.0,3700,20570,1.0,0,0,4,1850,1850,1976,,"1206 86th Ave NE, Bellevue, WA 98004, USA",20140617T000000,1206 86th Ave NE,Bellevue,WA 98004,USA,98004
2014-06-17,580000.0,5.0,2.0,2700,10875,1.0,0,0,4,1540,1160,1962,,"620 151st Pl NE, Bellevue, WA 98007, USA",20140617T000000,620 151st Pl NE,Bellevue,WA 98007,USA,98007
2014-06-17,430000.0,3.0,1.0,980,7200,1.0,0,0,4,980,0,1950,,"3609 49th Ave SW, Seattle, WA 98116, USA",20140617T000000,3609 49th Ave SW,Seattle,WA 98116,USA,98116
2014-06-17,720000.0,4.0,2.5,2650,11520,2.0,0,0,3,2110,540,1988,,"11433 NE 91st St, Kirkland, WA 98033, USA",20140617T000000,11433 NE 91st St,Kirkland,WA 98033,USA,98033
2014-06-17,824000.0,7.0,4.25,3670,4000,2.0,0,1,3,2800,870,1964,,"2341 W Crockett St, Seattle, WA 98199, USA",20140617T000000,2341 W Crockett St,Seattle,WA 98199,USA,98199
2014-06-17,936000.0,3.0,1.75,2960,12420,1.0,0,2,4,1480,1480,1952,,"3267 57th Ave SW, Seattle, WA 98116, USA",20140617T000000,3267 57th Ave SW,Seattle,WA 98116,USA,98116
2014-06-17,535000.0,4.0,2.75,3070,7201,2.0,0,0,3,3070,0,2006,,"5351 NE 4th Ct, Renton, WA 98059, USA",20140617T000000,5351 NE 4th Ct,Renton,WA 98059,USA,98059
2014-06-17,286800.0,3.0,2.5,1413,3600,2.0,0,0,3,1413,0,2011,,"20130 110th Terrace SE, Kent, WA 98031, USA",20140617T000000,20130 110th Terrace SE,Kent,WA 98031,USA,98031
2014-06-17,350000.0,2.0,2.5,1260,1347,3.0,0,0,3,1260,0,2005,,"9553 Interlake Ave N, Seattle, WA 98103, USA",20140617T000000,9553 Interlake Ave N,Seattle,WA 98103,USA,98103
2014-06-17,345000.0,3.0,2.5,1680,2229,2.0,0,0,3,1680,0,2007,,"611 NE 165th St, Shoreline, WA 98155, USA",20140617T000000,611 NE 165th St,Shoreline,WA 98155,USA,98155
2014-06-17,435000.0,3.0,2.25,1230,1238,2.0,0,0,3,1080,150,2009,,"3465 21st Ave W, Seattle, WA 98199, USA",20140617T000000,3465 21st Ave W,Seattle,WA 98199,USA,98199
2014-06-17,1555000.0,3.0,3.5,4360,6240,2.0,0,3,3,2960,1400,2008,,"6812 Phinney Ave N, Seattle, WA 98103, USA",20140617T000000,6812 Phinney Ave N,Seattle,WA 98103,USA,98103
2014-06-17,1325000.0,4.0,4.0,4420,16526,2.0,0,0,3,4420,0,2013,,"SE 21st Ct, Sammamish, WA 98075, USA",20140617T000000,SE 21st Ct,Sammamish,WA 98075,USA,98075
2014-06-18,461000.0,3.0,3.25,2770,6278,2.0,0,0,3,1980,790,2006,,"3419 Meadow Ave N, Renton, WA 98056, USA",20140618T000000,3419 Meadow Ave N,Renton,WA 98056,USA,98056
2014-06-18,770000.0,3.0,2.25,2910,10204,2.0,0,0,3,2910,0,1990,,"18322 NE 99th Way, Redmond, WA 98052, USA",20140618T000000,18322 NE 99th Way,Redmond,WA 98052,USA,98052
2014-06-18,1384000.0,4.0,3.25,4290,12103,1.0,0,3,3,2690,1600,1997,,"17892 SE 58th Pl, Bellevue, WA 98006, USA",20140618T000000,17892 SE 58th Pl,Bellevue,WA 98006,USA,98006
2014-06-18,330000.0,3.0,2.5,1600,26977,2.0,0,0,3,1600,0,2005,,"32702 NE 202nd St, Duvall, WA 98019, USA",20140618T000000,32702 NE 202nd St,Duvall,WA 98019,USA,98019
2014-06-18,322500.0,4.0,2.5,1820,6753,2.0,0,0,3,1820,0,1994,,"24223 232nd Pl SE, Maple Valley, WA 98038, USA",20140618T000000,24223 232nd Pl SE,Maple Valley,WA 98038,USA,98038
2014-06-18,1600000.0,6.0,5.0,6050,230652,2.0,0,3,3,6050,0,2001,,"29236 SE 5th St, Fall City, WA 98024, USA",20140618T000000,29236 SE 5th St,Fall City,WA 98024,USA,98024
2014-06-18,475000.0,3.0,1.75,1700,8432,1.0,0,0,3,1230,470,1977,,"1027B NE 130th St, Seattle, WA 98125, USA",20140618T000000,1027B NE 130th St,Seattle,WA 98125,USA,98125
2014-06-18,250275.0,2.0,1.0,790,11234,1.0,0,0,4,790,0,1942,,"17941 Riviera Pl SW, Normandy Park, WA 98166, USA",20140618T000000,17941 Riviera Pl SW,Normandy Park,WA 98166,USA,98166
2014-06-18,274500.0,3.0,2.25,1720,9000,1.0,0,0,4,1320,400,1969,,"3924 SW 316th St, Federal Way, WA 98023, USA",20140618T000000,3924 SW 316th St,Federal Way,WA 98023,USA,98023
2014-06-18,284950.0,3.0,1.0,990,10723,1.0,0,0,5,990,0,1960,,"12654 156th Ave SE, Renton, WA 98059, USA",20140618T000000,12654 156th Ave SE,Renton,WA 98059,USA,98059
2014-06-18,264950.0,4.0,1.75,1770,9011,1.0,0,0,5,1050,720,1983,,"26418 199th Pl SE, Covington, WA 98042, USA",20140618T000000,26418 199th Pl SE,Covington,WA 98042,USA,98042
2014-06-18,242000.0,3.0,2.0,1260,8092,1.0,0,0,3,1260,0,1986,,"21611 SE 266th St, Maple Valley, WA 98038, USA",20140618T000000,21611 SE 266th St,Maple Valley,WA 98038,USA,98038
2014-06-18,913000.0,4.0,2.5,3640,10576,2.0,0,0,3,3640,0,1999,,"26966 SE 22nd Way, Sammamish, WA 98075, USA",20140618T000000,26966 SE 22nd Way,Sammamish,WA 98075,USA,98075
2014-06-18,555000.0,3.0,1.75,2040,6000,1.0,0,0,5,1120,920,1958,,"3850 51st Ave SW, Seattle, WA 98116, USA",20140618T000000,3850 51st Ave SW,Seattle,WA 98116,USA,98116
2014-06-18,711000.0,4.0,1.75,1980,10800,1.0,0,0,5,990,990,1948,,"3712 88th Ave SE, Mercer Island, WA 98040, USA",20140618T000000,3712 88th Ave SE,Mercer Island,WA 98040,USA,98040
2014-06-18,403500.0,5.0,2.5,3600,17300,1.0,0,0,4,2410,1190,1968,,"427 SW 174th St, Normandy Park, WA 98166, USA",20140618T000000,427 SW 174th St,Normandy Park,WA 98166,USA,98166
2014-06-18,975000.0,4.0,2.5,4270,43386,1.0,0,0,3,2680,1590,1991,,"21502 NE 103rd St, Redmond, WA 98053, USA",20140618T000000,21502 NE 103rd St,Redmond,WA 98053,USA,98053
2014-06-18,253779.0,4.0,2.0,2030,9600,1.5,0,0,3,1430,600,1947,,"4821 S 175th St, SeaTac, WA 98188, USA",20140618T000000,4821 S 175th St,SeaTac,WA 98188,USA,98188
2014-06-18,384400.0,3.0,3.25,1689,1388,3.0,0,0,3,1689,0,2008,,"1021 NE 123rd St, Seattle, WA 98125, USA",20140618T000000,1021 NE 123rd St,Seattle,WA 98125,USA,98125
2014-06-18,646000.0,5.0,2.75,2870,4461,1.0,0,0,3,1650,1220,1976,,"6316 26th Ave NW, Seattle, WA 98107, USA",20140618T000000,6316 26th Ave NW,Seattle,WA 98107,USA,98107
2014-06-18,415000.0,3.0,1.75,1270,4800,1.0,0,0,3,1270,0,1952,2014.0,"7340 35th Ave SW, Seattle, WA 98126, USA",20140618T000000,7340 35th Ave SW,Seattle,WA 98126,USA,98126
2014-06-18,764000.0,4.0,2.5,2790,7938,2.0,0,0,3,2790,0,1997,,"23319 NE 15th St, Sammamish, WA 98074, USA",20140618T000000,23319 NE 15th St,Sammamish,WA 98074,USA,98074
2014-06-18,507000.0,5.0,3.25,3850,16249,2.0,0,2,3,3030,820,2002,,"12975-12983 SE 301st St, Auburn, WA 98092, USA",20140618T000000,12975-12983 SE 301st St,Auburn,WA 98092,USA,98092
2014-06-18,545500.0,3.0,2.5,1560,9361,1.5,0,0,4,1360,200,1936,,"2930 S Edmunds St, Seattle, WA 98108, USA",20140618T000000,2930 S Edmunds St,Seattle,WA 98108,USA,98108
2014-06-18,450000.0,3.0,1.75,1180,4080,1.0,0,0,4,760,420,1928,,"7341 27th Ave NW, Seattle, WA 98117, USA",20140618T000000,7341 27th Ave NW,Seattle,WA 98117,USA,98117
2014-06-18,264000.0,4.0,1.75,1820,8118,1.0,0,0,4,1080,740,1980,,"12632 SE 214th St, Kent, WA 98031, USA",20140618T000000,12632 SE 214th St,Kent,WA 98031,USA,98031
2014-06-18,650000.0,5.0,1.75,1260,4500,1.5,0,0,3,1260,0,1926,,"830 W Armour St, Seattle, WA 98119, USA",20140618T000000,830 W Armour St,Seattle,WA 98119,USA,98119
2014-06-18,365000.0,3.0,2.5,2640,6715,2.0,0,0,3,1680,960,1991,,"17917 162nd Pl SE, Renton, WA 98058, USA",20140618T000000,17917 162nd Pl SE,Renton,WA 98058,USA,98058
2014-06-18,343566.0,2.0,1.0,1100,4200,1.0,0,0,3,1100,0,1954,,"8005 46th Ave SW, Seattle, WA 98136, USA",20140618T000000,8005 46th Ave SW,Seattle,WA 98136,USA,98136
2014-06-18,375000.0,3.0,2.5,1950,6871,2.0,0,0,3,1950,0,1997,,"2475 NE 182nd Ct, Shoreline, WA 98155, USA",20140618T000000,2475 NE 182nd Ct,Shoreline,WA 98155,USA,98155
2014-06-18,295000.0,3.0,2.0,1380,8682,1.0,0,0,4,1380,0,1966,,"19807-19813 10th Pl S, Des Moines, WA 98148, USA",20140618T000000,19807-19813 10th Pl S,Des Moines,WA 98148,USA,98148
2014-06-18,325000.0,3.0,2.75,2200,7000,1.0,0,0,4,1280,920,1977,,"16304 128th Pl SE, Renton, WA 98058, USA",20140618T000000,16304 128th Pl SE,Renton,WA 98058,USA,98058
2014-06-18,265000.0,4.0,1.5,2050,7100,1.0,0,0,3,1050,1000,1963,,"29140 43rd Ave S, Auburn, WA 98001, USA",20140618T000000,29140 43rd Ave S,Auburn,WA 98001,USA,98001
2014-06-18,562000.0,5.0,3.0,2795,15101,2.0,0,0,3,2795,0,1996,,"14308 274th Pl NE, Duvall, WA 98019, USA",20140618T000000,14308 274th Pl NE,Duvall,WA 98019,USA,98019
2014-06-18,540000.0,4.0,2.5,2050,34222,2.0,0,0,4,2050,0,1989,,"17912 236th Pl NE, Woodinville, WA 98077, USA",20140618T000000,17912 236th Pl NE,Woodinville,WA 98077,USA,98077
2014-06-18,4489000.0,4.0,3.0,6430,27517,2.0,0,0,3,6430,0,2001,,"1149-1199 91st Ave NE, Bellevue, WA 98004, USA",20140618T000000,1149-1199 91st Ave NE,Bellevue,WA 98004,USA,98004
2014-06-18,279950.0,5.0,1.75,2150,7171,1.0,0,0,4,1460,690,1970,,"23103 125th Ave SE, Kent, WA 98031, USA",20140618T000000,23103 125th Ave SE,Kent,WA 98031,USA,98031
2014-06-18,540000.0,3.0,1.75,1970,8200,1.0,0,0,5,1420,550,1963,,"416 NW 181st St, Shoreline, WA 98177, USA",20140618T000000,416 NW 181st St,Shoreline,WA 98177,USA,98177
2014-06-18,310000.0,4.0,2.5,2660,12672,1.0,0,0,4,1740,920,1960,,"820 S 300th St, Federal Way, WA 98003, USA",20140618T000000,820 S 300th St,Federal Way,WA 98003,USA,98003
2014-06-18,190000.0,1.0,1.0,720,4800,1.0,0,0,3,720,0,1914,,"8044-8112 Rainier Ave S, Seattle, WA 98118, USA",20140618T000000,8044-8112 Rainier Ave S,Seattle,WA 98118,USA,98118
2014-06-18,440000.0,4.0,2.5,2410,4780,2.0,0,0,3,2410,0,2000,,"34604 Cottonwood Dr SE, Snoqualmie, WA 98065, USA",20140618T000000,34604 Cottonwood Dr SE,Snoqualmie,WA 98065,USA,98065
2014-06-18,1400000.0,3.0,2.0,2020,5500,1.5,0,3,3,1790,230,1937,,"2340 Magnolia Blvd W, Seattle, WA 98199, USA",20140618T000000,2340 Magnolia Blvd W,Seattle,WA 98199,USA,98199
2014-06-18,230000.0,2.0,1.0,1080,9435,1.0,0,0,3,1080,0,1958,,"11915 SE 161st St, Renton, WA 98058, USA",20140618T000000,11915 SE 161st St,Renton,WA 98058,USA,98058
2014-06-18,455000.0,3.0,1.75,1180,14292,1.0,0,0,3,1180,0,1981,,"45506 SE Tanner Rd, North Bend, WA 98045, USA",20140618T000000,45506 SE Tanner Rd,North Bend,WA 98045,USA,98045
2014-06-18,175000.0,2.0,1.0,660,5000,1.0,0,0,3,660,0,1915,,"4100 25th Ave SW, Seattle, WA 98106, USA",20140618T000000,4100 25th Ave SW,Seattle,WA 98106,USA,98106
2014-06-18,650000.0,3.0,1.75,2920,9370,1.0,0,0,4,1620,1300,1981,,"14245 SE 60th St, Bellevue, WA 98006, USA",20140618T000000,14245 SE 60th St,Bellevue,WA 98006,USA,98006
2014-06-18,3000000.0,4.0,4.25,4850,12445,2.0,1,4,5,3850,1000,1989,,"11031 Champagne Point Rd NE, Kirkland, WA 98034, USA",20140618T000000,11031 Champagne Point Rd NE,Kirkland,WA 98034,USA,98034
2014-06-18,192500.0,3.0,1.0,1080,8580,1.5,0,0,3,1080,0,1900,,"14490 57th Ave S, Tukwila, WA 98168, USA",20140618T000000,14490 57th Ave S,Tukwila,WA 98168,USA,98168
2014-06-18,239950.0,3.0,1.75,1670,6900,1.0,0,0,3,1170,500,1978,,"33838 37th Ave SW, Federal Way, WA 98023, USA",20140618T000000,33838 37th Ave SW,Federal Way,WA 98023,USA,98023
2014-06-18,175000.0,6.0,1.0,1370,5080,1.5,0,0,3,1120,250,1931,,"8828 12th Ave SW, Seattle, WA 98106, USA",20140618T000000,8828 12th Ave SW,Seattle,WA 98106,USA,98106
2014-06-18,850000.0,5.0,3.5,3450,28324,1.0,0,0,5,2350,1100,1972,,"11010 108th Ave NE, Kirkland, WA 98033, USA",20140618T000000,11010 108th Ave NE,Kirkland,WA 98033,USA,98033
2014-06-18,410000.0,4.0,2.0,1970,10500,1.0,0,0,3,1820,150,1961,,"13666 17th Ave SW, Burien, WA 98166, USA",20140618T000000,13666 17th Ave SW,Burien,WA 98166,USA,98166
2014-06-18,570000.0,4.0,2.5,2290,6738,2.0,0,0,3,2290,0,1996,,"4029-4035 252nd Ave SE, Issaquah, WA 98029, USA",20140618T000000,4029-4035 252nd Ave SE,Issaquah,WA 98029,USA,98029
2014-06-18,469000.0,5.0,2.5,2240,7543,1.0,0,0,3,1140,1100,1966,,"20216 12th Ave NW, Shoreline, WA 98177, USA",20140618T000000,20216 12th Ave NW,Shoreline,WA 98177,USA,98177
2014-06-18,559000.0,2.0,1.0,1240,6400,1.0,0,1,4,1060,180,1938,,"5927 35th Ave SW, Seattle, WA 98126, USA",20140618T000000,5927 35th Ave SW,Seattle,WA 98126,USA,98126
2014-06-18,739888.0,3.0,2.5,2420,43177,2.0,0,4,4,1690,730,1989,,"4280 E Lake Sammamish Pkwy SE, Sammamish, WA 98075, USA",20140618T000000,4280 E Lake Sammamish Pkwy SE,Sammamish,WA 98075,USA,98075
2014-06-18,568450.0,5.0,3.5,3260,58806,2.0,0,0,4,3260,0,1969,,"25806 136th Ave SE, Kent, WA 98042, USA",20140618T000000,25806 136th Ave SE,Kent,WA 98042,USA,98042
2014-06-18,240000.0,2.0,1.0,670,10920,1.0,0,0,3,670,0,1942,,"10025-10037 31st Ave SW, Seattle, WA 98146, USA",20140618T000000,10025-10037 31st Ave SW,Seattle,WA 98146,USA,98146
2014-06-18,574950.0,5.0,3.25,3160,10000,2.0,0,0,4,3160,0,1980,,"1010 Greenwood Blvd SW, Issaquah, WA 98027, USA",20140618T000000,1010 Greenwood Blvd SW,Issaquah,WA 98027,USA,98027
2014-06-18,180000.0,3.0,2.25,1990,6350,2.0,0,0,3,1990,0,1967,,"24433 14th Ave S, Des Moines, WA 98198, USA",20140618T000000,24433 14th Ave S,Des Moines,WA 98198,USA,98198
2014-06-18,1160000.0,4.0,3.5,4680,9700,2.0,0,0,3,3360,1320,2005,,"13128 SE Newport Way, Bellevue, WA 98006, USA",20140618T000000,13128 SE Newport Way,Bellevue,WA 98006,USA,98006
2014-06-18,300000.0,3.0,2.5,1700,3575,2.0,0,0,3,1700,0,2000,,"6729 Shaffer Ave S, Seattle, WA 98108, USA",20140618T000000,6729 Shaffer Ave S,Seattle,WA 98108,USA,98108
2014-06-18,630000.0,4.0,2.5,2807,9430,2.0,0,0,3,2807,0,1996,,"8820 NE 160th Pl, Kenmore, WA 98028, USA",20140618T000000,8820 NE 160th Pl,Kenmore,WA 98028,USA,98028
2014-06-18,507000.0,4.0,1.75,1770,9375,1.0,0,0,4,1170,600,1968,,"10415 171st Ave NE, Redmond, WA 98052, USA",20140618T000000,10415 171st Ave NE,Redmond,WA 98052,USA,98052
2014-06-18,287500.0,4.0,2.5,2570,9000,1.0,0,0,4,1590,980,1979,,"33749 29th Ct SW, Federal Way, WA 98023, USA",20140618T000000,33749 29th Ct SW,Federal Way,WA 98023,USA,98023
2014-06-18,688000.0,3.0,3.0,3450,16200,2.0,0,0,3,3450,0,1983,,"22401 NE 25th Way, Sammamish, WA 98074, USA",20140618T000000,22401 NE 25th Way,Sammamish,WA 98074,USA,98074
2014-06-18,424000.0,3.0,2.0,1670,7700,1.0,0,0,3,1170,500,1972,,"10526 NE 139th St, Kirkland, WA 98034, USA",20140618T000000,10526 NE 139th St,Kirkland,WA 98034,USA,98034
2014-06-18,400000.0,3.0,1.75,1050,6150,1.5,0,0,4,950,100,1928,,"3617 48th Ave SW, Seattle, WA 98116, USA",20140618T000000,3617 48th Ave SW,Seattle,WA 98116,USA,98116
2014-06-18,620000.0,4.0,2.5,1910,7683,2.0,0,0,3,1910,0,1987,,"4513 186th Ave SE, Issaquah, WA 98027, USA",20140618T000000,4513 186th Ave SE,Issaquah,WA 98027,USA,98027
2014-06-18,300000.0,3.0,1.0,910,7700,1.0,0,0,4,910,0,1971,,"14200-14230 77th Ave NE, Kirkland, WA 98034, USA",20140618T000000,14200-14230 77th Ave NE,Kirkland,WA 98034,USA,98034
2014-06-18,615000.0,5.0,2.25,2480,12070,2.0,0,0,3,2480,0,1978,,"2206 Sahalee Dr E, Sammamish, WA 98074, USA",20140618T000000,2206 Sahalee Dr E,Sammamish,WA 98074,USA,98074
2014-06-18,206000.0,2.0,1.5,1820,8867,2.0,0,0,3,1820,0,1921,,"5206 S 142nd St, Tukwila, WA 98168, USA",20140618T000000,5206 S 142nd St,Tukwila,WA 98168,USA,98168
2014-06-18,515500.0,4.0,2.5,2920,7700,2.0,0,0,3,2920,0,2003,,"14821 272nd Pl NE, Duvall, WA 98019, USA",20140618T000000,14821 272nd Pl NE,Duvall,WA 98019,USA,98019
2014-06-18,554000.0,5.0,2.25,1870,11411,1.0,0,0,4,1170,700,1961,,"15871 37th Ave NE, Lake Forest Park, WA 98155, USA",20140618T000000,15871 37th Ave NE,Lake Forest Park,WA 98155,USA,98155
2014-06-18,825000.0,4.0,3.5,3810,9792,2.0,0,0,3,3810,0,1938,2013.0,"11229 37th Ave SW, Seattle, WA 98146, USA",20140618T000000,11229 37th Ave SW,Seattle,WA 98146,USA,98146
2014-06-18,855000.0,4.0,2.25,2190,4080,2.0,0,0,3,1800,390,1918,,"2536 1st Ave W, Seattle, WA 98119, USA",20140618T000000,2536 1st Ave W,Seattle,WA 98119,USA,98119
2014-06-18,315000.0,3.0,2.5,1730,6368,2.0,0,0,3,1730,0,1993,,"28001 232nd Pl SE, Maple Valley, WA 98038, USA",20140618T000000,28001 232nd Pl SE,Maple Valley,WA 98038,USA,98038
2014-06-18,299000.0,5.0,2.5,2220,9360,1.0,0,0,4,1110,1110,1968,,"18820 129th Pl SE, Renton, WA 98058, USA",20140618T000000,18820 129th Pl SE,Renton,WA 98058,USA,98058
2014-06-18,650000.0,3.0,1.5,1320,8114,1.0,0,0,3,1320,0,1951,,"3110 109th Ave SE, Bellevue, WA 98004, USA",20140618T000000,3110 109th Ave SE,Bellevue,WA 98004,USA,98004
2014-06-18,465000.0,3.0,1.75,1510,4800,1.0,0,2,3,860,650,1925,2011.0,"3040 SW Avalon Way, Seattle, WA 98126, USA",20140618T000000,3040 SW Avalon Way,Seattle,WA 98126,USA,98126
2014-06-18,535000.0,3.0,2.0,2120,4080,2.0,0,0,3,2120,0,2003,,"9115 227 Ave NE, Redmond, WA 98053, USA",20140618T000000,9115 227 Ave NE,Redmond,WA 98053,USA,98053
2014-06-18,564000.0,2.0,2.0,1690,4500,1.0,0,0,3,1690,0,2004,,"23112 NE 127th Way, Redmond, WA 98053, USA",20140618T000000,23112 NE 127th Way,Redmond,WA 98053,USA,98053
2014-06-18,515000.0,3.0,3.5,1360,1419,2.0,0,0,3,1040,320,2007,,"5609 11th Ave NW, Seattle, WA 98107, USA",20140618T000000,5609 11th Ave NW,Seattle,WA 98107,USA,98107
2014-06-18,580000.0,4.0,2.5,3250,5000,2.0,0,0,3,3250,0,2008,,"976 Jericho Pl NE, Renton, WA 98059, USA",20140618T000000,976 Jericho Pl NE,Renton,WA 98059,USA,98059
2014-06-18,309000.0,3.0,2.25,1490,1294,2.0,0,0,3,1220,270,2010,,"5011-5021 Delridge Way SW, Seattle, WA 98106, USA",20140618T000000,5011-5021 Delridge Way SW,Seattle,WA 98106,USA,98106
2014-06-18,536751.0,3.0,1.75,1930,6360,1.0,0,0,3,1930,0,2013,,"9129 Nye Ave SE, Snoqualmie, WA 98065, USA",20140618T000000,9129 Nye Ave SE,Snoqualmie,WA 98065,USA,98065
2014-06-18,415000.0,4.0,2.5,2020,5501,2.0,0,0,3,2020,0,2010,,"681 Ilwaco Ave NE, Renton, WA 98059, USA",20140618T000000,681 Ilwaco Ave NE,Renton,WA 98059,USA,98059
2014-06-18,267000.0,3.0,2.25,1584,2800,2.0,0,0,3,1584,0,2012,,"1376 43rd St NE, Auburn, WA 98002, USA",20140618T000000,1376 43rd St NE,Auburn,WA 98002,USA,98002
2014-06-18,820000.0,4.0,2.5,3170,8523,2.0,0,0,3,3170,0,2008,,"9401 117th Ave NE, Kirkland, WA 98033, USA",20140618T000000,9401 117th Ave NE,Kirkland,WA 98033,USA,98033
2014-06-18,1399950.0,4.0,2.75,3870,10046,2.0,0,0,3,3870,0,2005,,"6515 112th Ave NE, Kirkland, WA 98033, USA",20140618T000000,6515 112th Ave NE,Kirkland,WA 98033,USA,98033
2014-06-18,485000.0,2.0,2.5,1430,923,3.0,0,0,3,1410,20,2008,,"303 N 55th St, Seattle, WA 98103, USA",20140618T000000,303 N 55th St,Seattle,WA 98103,USA,98103
2014-06-18,482000.0,3.0,3.25,1380,1120,3.0,0,0,3,1380,0,2008,,"4507 Linden Ave N, Seattle, WA 98103, USA",20140618T000000,4507 Linden Ave N,Seattle,WA 98103,USA,98103
2014-06-18,535000.0,4.0,2.5,2610,4595,2.0,0,0,3,2610,0,2008,,"7810 NE 199th St, Kenmore, WA 98028, USA",20140618T000000,7810 NE 199th St,Kenmore,WA 98028,USA,98028
2014-06-18,690000.0,3.0,3.25,1540,1428,3.0,0,0,3,1540,0,2013,,"423 N 50th St, Seattle, WA 98103, USA",20140618T000000,423 N 50th St,Seattle,WA 98103,USA,98103
2014-06-19,576000.0,3.0,2.5,1940,9000,1.0,0,0,4,970,970,1948,,"8817 28th Ave NW, Seattle, WA 98117, USA",20140619T000000,8817 28th Ave NW,Seattle,WA 98117,USA,98117
2014-06-19,378750.0,3.0,2.5,2160,3000,1.5,0,0,3,1260,900,1909,2011.0,"3508 S Genesee St, Seattle, WA 98118, USA",20140619T000000,3508 S Genesee St,Seattle,WA 98118,USA,98118
2014-06-19,269900.0,4.0,1.75,1530,8750,1.5,0,0,4,1530,0,1968,,"13805 SE Fairwood Blvd, Renton, WA 98058, USA",20140619T000000,13805 SE Fairwood Blvd,Renton,WA 98058,USA,98058
2014-06-19,210000.0,3.0,2.0,1440,7210,1.0,0,0,3,1440,0,1983,,"11803 SE 322nd Pl, Auburn, WA 98092, USA",20140619T000000,11803 SE 322nd Pl,Auburn,WA 98092,USA,98092
2014-06-19,429900.0,4.0,2.5,2640,8625,2.0,0,0,3,2640,0,1987,,"14007 SE 159th Pl, Renton, WA 98058, USA",20140619T000000,14007 SE 159th Pl,Renton,WA 98058,USA,98058
2014-06-19,1525000.0,4.0,3.25,3620,5131,2.0,0,3,4,2350,1270,1927,,"3283 Conkling Pl W, Seattle, WA 98119, USA",20140619T000000,3283 Conkling Pl W,Seattle,WA 98119,USA,98119
2014-06-19,360000.0,4.0,2.5,2850,4650,2.0,0,0,3,2850,0,2004,,"27437 237th Ave SE, Maple Valley, WA 98038, USA",20140619T000000,27437 237th Ave SE,Maple Valley,WA 98038,USA,98038
2014-06-19,405000.0,2.0,1.0,1260,4377,1.0,0,0,4,1260,0,1947,,"9532 Phinney Ave N, Seattle, WA 98103, USA",20140619T000000,9532 Phinney Ave N,Seattle,WA 98103,USA,98103
2014-06-19,450000.0,3.0,1.75,1610,11200,1.0,0,0,3,1610,0,1955,,"12234 NE 65th St, Kirkland, WA 98033, USA",20140619T000000,12234 NE 65th St,Kirkland,WA 98033,USA,98033
2014-06-19,703000.0,3.0,2.0,1360,5980,1.5,0,0,3,1360,0,1945,2008.0,"4401 SW Hill St, Seattle, WA 98116, USA",20140619T000000,4401 SW Hill St,Seattle,WA 98116,USA,98116
2014-06-19,661000.0,4.0,2.5,2496,8058,2.0,0,0,3,2496,0,1998,,"8517 143rd Ct NE, Redmond, WA 98052, USA",20140619T000000,8517 143rd Ct NE,Redmond,WA 98052,USA,98052
2014-06-19,580000.0,4.0,2.25,2160,9593,1.0,0,0,3,2160,0,1969,,"2422 171 Ave SE, Bellevue, WA 98008, USA",20140619T000000,2422 171 Ave SE,Bellevue,WA 98008,USA,98008
2014-06-19,464000.0,3.0,1.0,1320,3625,2.0,0,0,3,1320,0,1900,,"316 35th Ave, Seattle, WA 98122, USA",20140619T000000,316 35th Ave,Seattle,WA 98122,USA,98122
2014-06-19,945000.0,2.0,2.5,2540,7089,2.0,0,0,3,2540,0,2004,,"3241 63rd Ave SW, Seattle, WA 98116, USA",20140619T000000,3241 63rd Ave SW,Seattle,WA 98116,USA,98116
2014-06-19,659500.0,4.0,3.0,2620,18362,1.0,0,0,4,1870,750,1956,,"11605 SE 45th Pl, Bellevue, WA 98006, USA",20140619T000000,11605 SE 45th Pl,Bellevue,WA 98006,USA,98006
2014-06-19,200000.0,3.0,1.5,1140,8340,1.0,0,0,3,1140,0,1960,,"14015 43rd Ave S, Tukwila, WA 98168, USA",20140619T000000,14015 43rd Ave S,Tukwila,WA 98168,USA,98168
2014-06-19,280000.0,3.0,2.0,1790,42399,1.0,0,0,4,1790,0,1990,,"15611 SE 322nd Pl, Auburn, WA 98092, USA",20140619T000000,15611 SE 322nd Pl,Auburn,WA 98092,USA,98092
2014-06-19,1325000.0,4.0,2.5,2440,3600,2.5,0,0,4,2440,0,1902,,"400 W Highland Dr, Seattle, WA 98119, USA",20140619T000000,400 W Highland Dr,Seattle,WA 98119,USA,98119
2014-06-19,346150.0,3.0,2.0,2140,7200,1.0,0,0,4,1480,660,1966,,"2515 NE 19th St, Renton, WA 98056, USA",20140619T000000,2515 NE 19th St,Renton,WA 98056,USA,98056
2014-06-19,197500.0,3.0,1.0,1330,5412,2.0,0,0,5,1330,0,1905,,"1535 Griffin Ave, Enumclaw, WA 98022, USA",20140619T000000,1535 Griffin Ave,Enumclaw,WA 98022,USA,98022
2014-06-19,799000.0,4.0,2.5,2590,7910,2.0,0,0,3,2590,0,2001,,"4022 NE 95th St, Seattle, WA 98115, USA",20140619T000000,4022 NE 95th St,Seattle,WA 98115,USA,98115
2014-06-19,1309500.0,4.0,4.5,4750,13912,2.0,0,2,3,3600,1150,2005,,"7732 Seward Park Ave S, Seattle, WA 98118, USA",20140619T000000,7732 Seward Park Ave S,Seattle,WA 98118,USA,98118
2014-06-19,350000.0,2.0,1.0,1620,9205,1.0,0,0,5,850,770,1921,,"12411 84th Ave NE, Kirkland, WA 98034, USA",20140619T000000,12411 84th Ave NE,Kirkland,WA 98034,USA,98034
2014-06-19,720000.0,4.0,2.5,2440,34290,2.0,0,0,3,2440,0,1987,,"7210 221st Ave NE, Redmond, WA 98053, USA",20140619T000000,7210 221st Ave NE,Redmond,WA 98053,USA,98053
2014-06-19,519000.0,3.0,2.75,2020,10744,1.0,0,0,5,1270,750,1954,,"18107-18199 6th Ave SW, Normandy Park, WA 98166, USA",20140619T000000,18107-18199 6th Ave SW,Normandy Park,WA 98166,USA,98166
2014-06-19,590300.0,3.0,1.5,1470,7200,2.0,0,0,4,1470,0,1907,,"4709 43rd Ave S, Seattle, WA 98118, USA",20140619T000000,4709 43rd Ave S,Seattle,WA 98118,USA,98118
2014-06-19,2200000.0,5.0,4.75,5990,10450,2.0,1,4,3,4050,1940,2002,,"5170 NW Sammamish Rd, Issaquah, WA 98027, USA",20140619T000000,5170 NW Sammamish Rd,Issaquah,WA 98027,USA,98027
2014-06-19,410000.0,6.0,2.75,2520,9324,1.0,0,0,4,1320,1200,1962,,"3306 NE 185th St, Lake Forest Park, WA 98155, USA",20140619T000000,3306 NE 185th St,Lake Forest Park,WA 98155,USA,98155
2014-06-19,437000.0,2.0,1.75,1440,4225,1.0,0,0,3,1440,0,2005,,"23047 NE 130th St, Redmond, WA 98053, USA",20140619T000000,23047 NE 130th St,Redmond,WA 98053,USA,98053
2014-06-19,221000.0,3.0,2.25,1640,7350,1.0,0,0,3,1140,500,1984,,"37724 26th Dr S, Federal Way, WA 98003, USA",20140619T000000,37724 26th Dr S,Federal Way,WA 98003,USA,98003
2014-06-19,380000.0,4.0,2.25,2150,20181,1.0,0,0,3,1090,1060,1963,,"18507 71st Ave NE, Kenmore, WA 98028, USA",20140619T000000,18507 71st Ave NE,Kenmore,WA 98028,USA,98028
2014-06-19,506000.0,2.0,1.0,1570,8210,1.0,0,0,4,1150,420,1952,,"12723 11th Ave NW, Seattle, WA 98177, USA",20140619T000000,12723 11th Ave NW,Seattle,WA 98177,USA,98177
2014-06-19,395000.0,4.0,1.0,1980,10350,1.0,0,0,4,1430,550,1968,,"475 SW Forest Dr, Issaquah, WA 98027, USA",20140619T000000,475 SW Forest Dr,Issaquah,WA 98027,USA,98027
2014-06-19,285000.0,3.0,1.0,1210,4731,1.5,0,0,3,1210,0,1901,,"7749-7999 31st Ave NW, Seattle, WA 98117, USA",20140619T000000,7749-7999 31st Ave NW,Seattle,WA 98117,USA,98117
2014-06-19,311000.0,3.0,1.75,1900,3000,1.5,0,0,5,1070,830,1903,,"8653 Wabash Ave S, Seattle, WA 98118, USA",20140619T000000,8653 Wabash Ave S,Seattle,WA 98118,USA,98118
2014-06-19,520000.0,3.0,1.75,1940,219527,1.0,0,0,3,1940,0,1991,,"24020 SE 202nd St, Maple Valley, WA 98038, USA",20140619T000000,24020 SE 202nd St,Maple Valley,WA 98038,USA,98038
2014-06-19,435000.0,3.0,1.75,1310,8065,1.0,0,0,4,1310,0,1948,,"9729 Dibble Ave NW, Seattle, WA 98117, USA",20140619T000000,9729 Dibble Ave NW,Seattle,WA 98117,USA,98117
2014-06-19,120000.0,2.0,1.0,990,39964,1.0,0,0,2,990,0,1945,,"19229 SE 272nd St, Kent, WA 98042, USA",20140619T000000,19229 SE 272nd St,Kent,WA 98042,USA,98042
2014-06-19,1440000.0,3.0,3.5,3870,3819,2.0,0,0,3,2760,1110,2002,,"2720 Boyer Ave E, Seattle, WA 98102, USA",20140619T000000,2720 Boyer Ave E,Seattle,WA 98102,USA,98102
2014-06-19,186000.0,3.0,2.0,1340,4320,1.0,0,0,3,920,420,1912,1993.0,"119 10th St SE, Auburn, WA 98002, USA",20140619T000000,119 10th St SE,Auburn,WA 98002,USA,98002
2014-06-19,756000.0,4.0,2.25,2160,5600,1.0,0,0,5,1080,1080,1947,,"2667 11th Ave W, Seattle, WA 98119, USA",20140619T000000,2667 11th Ave W,Seattle,WA 98119,USA,98119
2014-06-19,248000.0,4.0,2.0,2080,13510,1.0,0,0,3,1040,1040,1950,,"6105 S 124th St, Seattle, WA 98178, USA",20140619T000000,6105 S 124th St,Seattle,WA 98178,USA,98178
2014-06-19,287000.0,3.0,2.0,1300,11374,1.5,0,0,5,1300,0,1933,,"13304 24th Ave S, SeaTac, WA 98168, USA",20140619T000000,13304 24th Ave S,SeaTac,WA 98168,USA,98168
2014-06-19,510000.0,4.0,2.5,2610,8031,2.0,0,0,3,2610,0,1998,,"19615 55th Ave NE, Lake Forest Park, WA 98155, USA",20140619T000000,19615 55th Ave NE,Lake Forest Park,WA 98155,USA,98155
2014-06-19,249000.0,3.0,1.0,1050,8498,1.0,0,0,4,1050,0,1959,,"22115 104th Pl SE, Kent, WA 98031, USA",20140619T000000,22115 104th Pl SE,Kent,WA 98031,USA,98031
2014-06-19,340000.0,3.0,2.5,2480,6112,2.0,0,0,3,2480,0,2004,,"18210 170th Pl SE, Renton, WA 98058, USA",20140619T000000,18210 170th Pl SE,Renton,WA 98058,USA,98058
2014-06-19,399888.0,4.0,2.25,1820,8255,1.5,0,0,4,1320,500,1930,,"1559 N 130th St, Seattle, WA 98133, USA",20140619T000000,1559 N 130th St,Seattle,WA 98133,USA,98133
2014-06-19,440000.0,3.0,1.75,1170,8740,1.0,0,0,4,1170,0,1968,,"9319 167th Ave NE, Redmond, WA 98052, USA",20140619T000000,9319 167th Ave NE,Redmond,WA 98052,USA,98052
2014-06-19,899000.0,4.0,2.25,2370,6000,1.0,0,2,3,1440,930,1959,,"2411 NW Blue Ridge Dr, Seattle, WA 98177, USA",20140619T000000,2411 NW Blue Ridge Dr,Seattle,WA 98177,USA,98177
2014-06-19,540500.0,5.0,3.75,3090,7415,2.0,0,0,3,3090,0,2014,,"493 S 187th Ln, Burien, WA 98148, USA",20140619T000000,493 S 187th Ln,Burien,WA 98148,USA,98148
2014-06-19,385000.0,3.0,1.75,2310,11200,1.0,0,0,4,1630,680,1978,,"26525 Woodland Way S, Kent, WA 98030, USA",20140619T000000,26525 Woodland Way S,Kent,WA 98030,USA,98030
2014-06-19,558000.0,4.0,2.25,2060,10358,1.0,0,0,4,1320,740,1962,,"6132-6198 125th Ave SE, Bellevue, WA 98006, USA",20140619T000000,6132-6198 125th Ave SE,Bellevue,WA 98006,USA,98006
2014-06-19,600000.0,3.0,2.0,2540,237402,1.0,0,0,3,2540,0,2007,,"37124-37118 237th Pl SE, Enumclaw, WA 98022, USA",20140619T000000,37124-37118 237th Pl SE,Enumclaw,WA 98022,USA,98022
2014-06-19,450000.0,4.0,2.5,2400,7693,2.0,0,0,3,2400,0,2003,,"378 Nile Pl NE, Renton, WA 98059, USA",20140619T000000,378 Nile Pl NE,Renton,WA 98059,USA,98059
2014-06-19,232500.0,3.0,1.0,1320,8450,1.0,0,0,3,880,440,1961,,"30606 2nd Ave SW, Federal Way, WA 98023, USA",20140619T000000,30606 2nd Ave SW,Federal Way,WA 98023,USA,98023
2014-06-19,436000.0,2.0,1.0,790,6600,1.0,0,0,3,790,0,1949,,"1524 30th Ave, Seattle, WA 98122, USA",20140619T000000,1524 30th Ave,Seattle,WA 98122,USA,98122
2014-06-19,240000.0,4.0,2.0,1790,14690,1.0,0,1,4,1670,120,1960,,"1009 S 229th Pl, Des Moines, WA 98198, USA",20140619T000000,1009 S 229th Pl,Des Moines,WA 98198,USA,98198
2014-06-19,489950.0,3.0,2.25,1820,7326,2.0,0,0,3,1820,0,1983,,"9243 NE 126th Pl, Kirkland, WA 98034, USA",20140619T000000,9243 NE 126th Pl,Kirkland,WA 98034,USA,98034
2014-06-19,680000.0,6.0,2.0,1670,3000,1.0,0,0,5,900,770,1911,,"4718 11th Ave NE, Seattle, WA 98105, USA",20140619T000000,4718 11th Ave NE,Seattle,WA 98105,USA,98105
2014-06-19,1068000.0,5.0,3.5,3990,9938,2.0,0,0,3,3990,0,2001,,"13828 SE 92nd St, Newcastle, WA 98059, USA",20140619T000000,13828 SE 92nd St,Newcastle,WA 98059,USA,98059
2014-06-19,352450.0,3.0,2.0,1430,6000,1.0,0,0,5,1430,0,1945,,"17510 12th Ave NE, Shoreline, WA 98155, USA",20140619T000000,17510 12th Ave NE,Shoreline,WA 98155,USA,98155
2014-06-19,335000.0,4.0,2.0,2030,103672,1.0,0,0,4,2030,0,1969,,"27610 SE Mud Mountain Rd, Enumclaw, WA 98022, USA",20140619T000000,27610 SE Mud Mountain Rd,Enumclaw,WA 98022,USA,98022
2014-06-19,549000.0,4.0,1.75,1290,3060,2.0,0,0,4,1290,0,1906,,"742 N 70th St, Seattle, WA 98103, USA",20140619T000000,742 N 70th St,Seattle,WA 98103,USA,98103
2014-06-19,1240000.0,4.0,3.5,3820,13224,2.0,0,0,3,3280,540,1990,,"1037 106th Ave SE, Bellevue, WA 98004, USA",20140619T000000,1037 106th Ave SE,Bellevue,WA 98004,USA,98004
2014-06-19,618250.0,4.0,3.25,2520,3360,1.5,0,0,4,1550,970,1931,,"7019 Brooklyn Ave NE, Seattle, WA 98115, USA",20140619T000000,7019 Brooklyn Ave NE,Seattle,WA 98115,USA,98115
2014-06-19,1815000.0,5.0,3.0,3880,13000,2.0,0,0,3,3880,0,1972,2003.0,"7845 SE 62nd St, Mercer Island, WA 98040, USA",20140619T000000,7845 SE 62nd St,Mercer Island,WA 98040,USA,98040
2014-06-19,850000.0,2.0,1.75,1590,5136,1.5,0,3,3,1320,270,1927,,"2505 42nd Ave W, Seattle, WA 98199, USA",20140619T000000,2505 42nd Ave W,Seattle,WA 98199,USA,98199
2014-06-19,930000.0,5.0,2.0,3530,9385,1.5,0,0,3,3530,0,1925,,"2833 Cascadia Ave S, Seattle, WA 98144, USA",20140619T000000,2833 Cascadia Ave S,Seattle,WA 98144,USA,98144
2014-06-19,505000.0,3.0,2.5,1610,4611,2.0,0,0,3,1610,0,1996,,"24944 SE 43rd St, Issaquah, WA 98029, USA",20140619T000000,24944 SE 43rd St,Issaquah,WA 98029,USA,98029
2014-06-19,925000.0,4.0,2.5,3280,209088,2.0,0,0,3,3280,0,1994,,"5310 236th Ave NE, Redmond, WA 98053, USA",20140619T000000,5310 236th Ave NE,Redmond,WA 98053,USA,98053
2014-06-19,275000.0,3.0,1.75,1860,15681,1.0,0,0,4,1860,0,1971,,"304 SW 316th St, Federal Way, WA 98023, USA",20140619T000000,304 SW 316th St,Federal Way,WA 98023,USA,98023
2014-06-19,499000.0,3.0,1.75,1840,5000,1.0,0,0,4,920,920,1910,,"7043 Mary Ave NW, Seattle, WA 98117, USA",20140619T000000,7043 Mary Ave NW,Seattle,WA 98117,USA,98117
2014-06-19,507000.0,3.0,2.5,2120,7201,2.0,0,0,3,2120,0,2003,,"12200 Densmore Ave N, Seattle, WA 98133, USA",20140619T000000,12200 Densmore Ave N,Seattle,WA 98133,USA,98133
2014-06-19,619850.0,4.0,2.5,2270,9247,1.0,0,0,5,1500,770,1972,,"4802 122nd Ave SE, Bellevue, WA 98006, USA",20140619T000000,4802 122nd Ave SE,Bellevue,WA 98006,USA,98006
2014-06-19,500000.0,3.0,2.5,2840,48716,1.0,0,3,3,1870,970,1994,,"9320 318th Pl NE, Carnation, WA 98014, USA",20140619T000000,9320 318th Pl NE,Carnation,WA 98014,USA,98014
2014-06-19,310000.0,4.0,1.5,1220,9600,1.0,0,0,3,1220,0,1980,,"4201 Regal St, Carnation, WA 98014, USA",20140619T000000,4201 Regal St,Carnation,WA 98014,USA,98014
2014-06-19,646000.0,4.0,2.5,2310,4079,2.0,0,0,3,2310,0,2008,,"8903 3rd Ave NW, Seattle, WA 98117, USA",20140619T000000,8903 3rd Ave NW,Seattle,WA 98117,USA,98117
2014-06-19,265000.0,3.0,1.75,1840,7300,1.0,0,0,3,1840,0,1966,,"2714 SW 323rd St, Federal Way, WA 98023, USA",20140619T000000,2714 SW 323rd St,Federal Way,WA 98023,USA,98023
2014-06-19,475000.0,3.0,2.5,950,1110,2.0,0,0,3,950,0,2003,,"419 Federal Ave E, Seattle, WA 98102, USA",20140619T000000,419 Federal Ave E,Seattle,WA 98102,USA,98102
2014-06-19,600000.0,4.0,2.25,3070,8400,2.0,0,0,4,3070,0,1970,,"12869-12951 NE 144th Way, Kirkland, WA 98034, USA",20140619T000000,12869-12951 NE 144th Way,Kirkland,WA 98034,USA,98034
2014-06-19,470000.0,3.0,2.0,1730,38884,1.0,0,0,3,1730,0,1997,,"29448 SE 208th St, Maple Valley, WA 98038, USA",20140619T000000,29448 SE 208th St,Maple Valley,WA 98038,USA,98038
2014-06-19,319950.0,2.0,1.0,920,8341,1.0,0,0,3,920,0,1939,,"11260 Marine View Dr SW, Seattle, WA 98146, USA",20140619T000000,11260 Marine View Dr SW,Seattle,WA 98146,USA,98146
2014-06-19,712000.0,3.0,2.75,3200,6699,2.0,0,0,3,3200,0,2004,,"26008 SE 23rd Pl, Sammamish, WA 98075, USA",20140619T000000,26008 SE 23rd Pl,Sammamish,WA 98075,USA,98075
2014-06-19,775000.0,4.0,2.75,3010,15992,2.0,0,0,3,3010,0,1996,,"25916 SE 22nd Pl, Sammamish, WA 98075, USA",20140619T000000,25916 SE 22nd Pl,Sammamish,WA 98075,USA,98075
2014-06-19,390000.0,3.0,2.25,1600,10240,1.0,0,0,3,1090,510,1979,,"14102 81st Pl NE, Kirkland, WA 98034, USA",20140619T000000,14102 81st Pl NE,Kirkland,WA 98034,USA,98034
2014-06-19,585000.0,4.0,2.5,2840,11044,2.0,0,0,3,2840,0,2001,,"12458 Juanita Dr NE, Kirkland, WA 98034, USA",20140619T000000,12458 Juanita Dr NE,Kirkland,WA 98034,USA,98034
2014-06-19,1027000.0,3.0,2.5,2430,10500,2.0,0,1,3,2430,0,1989,,"3215 107th Ave SE, Bellevue, WA 98004, USA",20140619T000000,3215 107th Ave SE,Bellevue,WA 98004,USA,98004
2014-06-19,232603.0,3.0,1.75,1750,11461,2.0,0,0,4,1750,0,1976,,"1002 Pike St NE, Auburn, WA 98002, USA",20140619T000000,1002 Pike St NE,Auburn,WA 98002,USA,98002
2014-06-19,543000.0,3.0,2.25,1240,949,3.0,0,0,3,1240,0,2008,,"3455 Meridian Ave N, Seattle, WA 98103, USA",20140619T000000,3455 Meridian Ave N,Seattle,WA 98103,USA,98103
2014-06-19,607500.0,3.0,3.25,1530,1612,3.0,0,0,3,1530,0,2006,,"1537 NW 58th St, Seattle, WA 98107, USA",20140619T000000,1537 NW 58th St,Seattle,WA 98107,USA,98107
2014-06-19,750000.0,3.0,3.5,3390,10078,2.0,0,0,3,3040,350,2012,,"11619 SE 73rd Pl, Newcastle, WA 98059, USA",20140619T000000,11619 SE 73rd Pl,Newcastle,WA 98059,USA,98059
2014-06-19,728050.0,3.0,2.5,2320,6775,1.0,0,0,3,2320,0,2008,,"24233 NE 131st Terrace, Redmond, WA 98053, USA",20140619T000000,24233 NE 131st Terrace,Redmond,WA 98053,USA,98053
2014-06-19,734990.0,4.0,2.5,2650,6884,2.0,0,0,3,2650,0,2012,,"Eastridge Drive Promenade, Redmond, WA 98053, USA",20140619T000000,Eastridge Drive Promenade,Redmond,WA 98053,USA,98053
2014-06-19,330000.0,3.0,2.5,2238,7209,2.0,0,0,3,2238,0,2011,,"1326 SW 340th St, Federal Way, WA 98023, USA",20140619T000000,1326 SW 340th St,Federal Way,WA 98023,USA,98023
2014-06-20,605000.0,4.0,2.5,2620,7553,2.0,0,0,3,2620,0,1996,,"8113 120th Pl SE, Newcastle, WA 98056, USA",20140620T000000,8113 120th Pl SE,Newcastle,WA 98056,USA,98056
2014-06-20,441000.0,3.0,2.75,1910,7280,1.0,0,0,3,1160,750,1979,,"14413 88th Ave NE, Kirkland, WA 98034, USA",20140620T000000,14413 88th Ave NE,Kirkland,WA 98034,USA,98034
2014-06-20,650000.0,4.0,2.5,3040,6587,2.0,0,0,3,3040,0,2003,,"22540 NE 92nd St, Redmond, WA 98053, USA",20140620T000000,22540 NE 92nd St,Redmond,WA 98053,USA,98053
2014-06-20,1950000.0,7.0,3.5,4640,15235,2.0,0,1,3,2860,1780,1965,2003.0,"8105 SE 44th St, Mercer Island, WA 98040, USA",20140620T000000,8105 SE 44th St,Mercer Island,WA 98040,USA,98040
2014-06-20,395000.0,3.0,1.0,1500,4000,1.0,0,0,3,900,600,1925,,"8548 18th Ave NW, Seattle, WA 98117, USA",20140620T000000,8548 18th Ave NW,Seattle,WA 98117,USA,98117
2014-06-20,245000.0,1.0,0.75,380,15000,1.0,0,0,3,380,0,1963,,"13602 8th Ave S, Burien, WA 98168, USA",20140620T000000,13602 8th Ave S,Burien,WA 98168,USA,98168
2014-06-20,905000.0,4.0,3.5,2970,14486,2.0,0,0,3,2340,630,1997,,"9400 SE 47th St, Mercer Island, WA 98040, USA",20140620T000000,9400 SE 47th St,Mercer Island,WA 98040,USA,98040
2014-06-20,660000.0,4.0,3.25,3030,9273,2.0,0,0,5,3030,0,1988,,"24554 SE 39th Pl, Issaquah, WA 98029, USA",20140620T000000,24554 SE 39th Pl,Issaquah,WA 98029,USA,98029
2014-06-20,378000.0,4.0,2.5,1890,12236,1.0,0,0,3,1230,660,1978,,"41936 SE 168th St, North Bend, WA 98045, USA",20140620T000000,41936 SE 168th St,North Bend,WA 98045,USA,98045
2014-06-20,600000.0,2.0,1.0,1040,3600,1.0,0,0,4,1040,0,1919,1980.0,"122 16th Ave E, Seattle, WA 98112, USA",20140620T000000,122 16th Ave E,Seattle,WA 98112,USA,98112
2014-06-20,632500.0,4.0,2.5,2090,10306,2.0,0,0,3,2090,0,1986,,"21604 NE 22nd Ct, Sammamish, WA 98074, USA",20140620T000000,21604 NE 22nd Ct,Sammamish,WA 98074,USA,98074
2014-06-20,210000.0,2.0,2.0,1680,5756,2.0,0,0,4,1680,0,1910,,"111 F St SE, Auburn, WA 98002, USA",20140620T000000,111 F St SE,Auburn,WA 98002,USA,98002
2014-06-20,754800.0,2.0,2.5,2770,7781,2.0,0,0,3,2770,0,2006,,"Sunrise Loop Trail, Redmond, WA 98053, USA",20140620T000000,Sunrise Loop Trail,Redmond,WA 98053,USA,98053
2014-06-20,175000.0,2.0,1.0,1020,5130,1.0,0,0,4,1020,0,1948,,"214 7th St SE, Auburn, WA 98002, USA",20140620T000000,214 7th St SE,Auburn,WA 98002,USA,98002
2014-06-20,455000.0,3.0,2.25,1470,4653,2.0,0,0,4,1470,0,1985,,"24201-24231 SE 43rd Ct, Issaquah, WA 98029, USA",20140620T000000,24201-24231 SE 43rd Ct,Issaquah,WA 98029,USA,98029
2014-06-20,450000.0,3.0,2.0,1430,3480,1.0,0,0,3,980,450,1947,,"8012 Wallingford Ave N, Seattle, WA 98103, USA",20140620T000000,8012 Wallingford Ave N,Seattle,WA 98103,USA,98103
2014-06-20,790000.0,4.0,1.75,2050,10920,1.0,0,3,3,1450,600,1974,,"3860 NE 157th Pl, Lake Forest Park, WA 98155, USA",20140620T000000,3860 NE 157th Pl,Lake Forest Park,WA 98155,USA,98155
2014-06-20,480000.0,4.0,1.0,2080,5500,1.0,0,0,3,1040,1040,1941,,"7520 Jones Ave NW, Seattle, WA 98117, USA",20140620T000000,7520 Jones Ave NW,Seattle,WA 98117,USA,98117
2014-06-20,850000.0,3.0,2.25,2870,8170,2.0,0,0,3,2250,620,1995,,"7446-7498 Gatewood Rd SW, Seattle, WA 98136, USA",20140620T000000,7446-7498 Gatewood Rd SW,Seattle,WA 98136,USA,98136
2014-06-20,725000.0,4.0,3.25,3940,27591,2.0,0,3,3,3440,500,2000,,"17161 SE 100th St, Renton, WA 98059, USA",20140620T000000,17161 SE 100th St,Renton,WA 98059,USA,98059
2014-06-20,380000.0,3.0,1.5,1520,4288,1.0,0,0,3,1020,500,1949,,"4218 SW Sullivan St, Seattle, WA 98136, USA",20140620T000000,4218 SW Sullivan St,Seattle,WA 98136,USA,98136
2014-06-20,979000.0,3.0,1.5,1700,14133,1.0,0,1,4,1700,0,1954,,"9000 Lake Washington Blvd NE, Bellevue, WA 98004, USA",20140620T000000,9000 Lake Washington Blvd NE,Bellevue,WA 98004,USA,98004
2014-06-20,359950.0,3.0,2.25,1940,11612,1.0,0,0,4,1100,840,1981,,"11317 82nd Ave S, Seattle, WA 98178, USA",20140620T000000,11317 82nd Ave S,Seattle,WA 98178,USA,98178
2014-06-20,665900.0,4.0,2.25,2870,5453,2.0,0,1,4,2220,650,1926,,"10030 44th Ave SW, Seattle, WA 98146, USA",20140620T000000,10030 44th Ave SW,Seattle,WA 98146,USA,98146
2014-06-20,812000.0,3.0,3.25,3240,8338,2.0,0,0,3,3240,0,2001,,"20627 NE 25th Ct, Sammamish, WA 98074, USA",20140620T000000,20627 NE 25th Ct,Sammamish,WA 98074,USA,98074
2014-06-20,203000.0,3.0,1.0,1150,7156,1.0,0,0,4,1150,0,1953,,"1226 S 130th Pl, Burien, WA 98168, USA",20140620T000000,1226 S 130th Pl,Burien,WA 98168,USA,98168
2014-06-20,456000.0,3.0,1.5,1440,28516,1.0,0,0,4,1440,0,1975,,"24972 SE 30th St, Sammamish, WA 98075, USA",20140620T000000,24972 SE 30th St,Sammamish,WA 98075,USA,98075
2014-06-20,547000.0,5.0,2.5,2200,4080,1.5,0,0,5,1420,780,1916,,"8007 Fremont Ave N, Seattle, WA 98103, USA",20140620T000000,8007 Fremont Ave N,Seattle,WA 98103,USA,98103
2014-06-20,280000.0,3.0,2.0,1470,8089,1.0,0,0,3,1470,0,1987,,"23825 14th Ave S, Des Moines, WA 98198, USA",20140620T000000,23825 14th Ave S,Des Moines,WA 98198,USA,98198
2014-06-20,640000.0,2.0,1.75,1760,4400,1.0,0,0,4,880,880,1930,,"3526 Ashworth Ave N, Seattle, WA 98103, USA",20140620T000000,3526 Ashworth Ave N,Seattle,WA 98103,USA,98103
2014-06-20,477000.0,3.0,1.75,1780,8085,1.0,0,0,3,1210,570,1976,,"14815 108th Pl NE, Bothell, WA 98011, USA",20140620T000000,14815 108th Pl NE,Bothell,WA 98011,USA,98011
2014-06-20,455000.0,4.0,2.25,2450,21000,1.0,0,2,4,1650,800,1954,,"16406 8th Ave SW, Burien, WA 98166, USA",20140620T000000,16406 8th Ave SW,Burien,WA 98166,USA,98166
2014-06-20,587206.0,3.0,3.5,1890,1710,2.0,0,0,3,1640,250,1999,,"723 N 43rd St, Seattle, WA 98103, USA",20140620T000000,723 N 43rd St,Seattle,WA 98103,USA,98103
2014-06-20,425000.0,3.0,2.5,2540,5612,2.0,0,0,3,2540,0,1999,,"824 Chelan Pl NE, Renton, WA 98059, USA",20140620T000000,824 Chelan Pl NE,Renton,WA 98059,USA,98059
2014-06-20,511500.0,4.0,1.0,1360,6000,1.5,0,0,3,1360,0,1917,,"7714 37th Ave NE, Seattle, WA 98115, USA",20140620T000000,7714 37th Ave NE,Seattle,WA 98115,USA,98115
2014-06-20,218000.0,2.0,2.0,1310,2841,2.0,0,0,3,1310,0,2004,,"28107 240th Ave SE, Maple Valley, WA 98038, USA",20140620T000000,28107 240th Ave SE,Maple Valley,WA 98038,USA,98038
2014-06-20,332000.0,3.0,2.0,1510,7884,1.0,0,0,3,1510,0,1942,2014.0,"1015 SW 150th St, Burien, WA 98166, USA",20140620T000000,1015 SW 150th St,Burien,WA 98166,USA,98166
2014-06-20,291000.0,3.0,1.5,1860,60960,1.0,0,0,4,1140,720,1967,,"24815 180th Ave SE, Covington, WA 98042, USA",20140620T000000,24815 180th Ave SE,Covington,WA 98042,USA,98042
2014-06-20,279000.0,4.0,2.0,2200,7700,1.0,0,0,3,1100,1100,1979,,"1809 Glenwood Ave SE, Renton, WA 98058, USA",20140620T000000,1809 Glenwood Ave SE,Renton,WA 98058,USA,98058
2014-06-20,950000.0,4.0,2.5,3360,11548,2.0,0,0,3,3360,0,1988,,"4926 119th Pl NE, Kirkland, WA 98033, USA",20140620T000000,4926 119th Pl NE,Kirkland,WA 98033,USA,98033
2014-06-20,970500.0,3.0,2.75,2470,10125,2.0,0,0,3,2470,0,1960,2012.0,"4511 87th Ave SE, Mercer Island, WA 98040, USA",20140620T000000,4511 87th Ave SE,Mercer Island,WA 98040,USA,98040
2014-06-20,412000.0,2.0,1.0,1260,3960,1.0,0,0,3,690,570,1925,,"8329 27th Ave NW, Seattle, WA 98117, USA",20140620T000000,8329 27th Ave NW,Seattle,WA 98117,USA,98117
2014-06-20,400000.0,3.0,1.0,1430,10005,1.5,0,0,4,1430,0,1950,,"12231 Densmore Ave N, Seattle, WA 98133, USA",20140620T000000,12231 Densmore Ave N,Seattle,WA 98133,USA,98133
2014-06-20,200000.0,3.0,2.25,1230,7420,1.5,0,0,5,1230,0,1913,,"804 12th St NE, Auburn, WA 98002, USA",20140620T000000,804 12th St NE,Auburn,WA 98002,USA,98002
2014-06-20,397000.0,4.0,2.5,2320,11717,2.0,0,0,3,2320,0,1997,,"1000 Mountain View Blvd SE, North Bend, WA 98045, USA",20140620T000000,1000 Mountain View Blvd SE,North Bend,WA 98045,USA,98045
2014-06-20,715000.0,4.0,2.5,3290,6628,2.0,0,0,3,3290,0,2003,,"918 272nd Pl SE, Sammamish, WA 98075, USA",20140620T000000,918 272nd Pl SE,Sammamish,WA 98075,USA,98075
2014-06-20,371000.0,4.0,2.5,2550,4770,2.0,0,0,3,2550,0,2005,,"27815 256th Ct SE, Maple Valley, WA 98038, USA",20140620T000000,27815 256th Ct SE,Maple Valley,WA 98038,USA,98038
2014-06-20,458000.0,3.0,2.5,1870,5013,2.0,0,0,3,1870,0,2003,,"8927 NE 176th St, Bothell, WA 98011, USA",20140620T000000,8927 NE 176th St,Bothell,WA 98011,USA,98011
2014-06-20,436500.0,5.0,3.0,3110,12429,1.0,0,0,3,1790,1320,1977,,"16021-16299 Waynita Way NE, Bothell, WA 98011, USA",20140620T000000,16021-16299 Waynita Way NE,Bothell,WA 98011,USA,98011
2014-06-20,329950.0,3.0,2.5,1820,8085,2.0,0,0,3,1820,0,1983,,"1142 S 23rd St, Renton, WA 98055, USA",20140620T000000,1142 S 23rd St,Renton,WA 98055,USA,98055
2014-06-20,950000.0,3.0,3.25,3050,18892,1.0,1,4,4,1650,1400,1962,,"554-598 S 239th St, Des Moines, WA 98198, USA",20140620T000000,554-598 S 239th St,Des Moines,WA 98198,USA,98198
2014-06-20,282000.0,4.0,2.0,1890,6302,2.0,0,0,3,1890,0,1997,,"10125 SE 242nd Pl, Kent, WA 98030, USA",20140620T000000,10125 SE 242nd Pl,Kent,WA 98030,USA,98030
2014-06-20,250000.0,1.0,1.0,800,16306,1.0,0,0,2,680,120,1931,,"12419 20th Ave S, Seattle, WA 98168, USA",20140620T000000,12419 20th Ave S,Seattle,WA 98168,USA,98168
2014-06-20,1135000.0,6.0,4.25,6900,244716,2.0,0,0,4,4820,2080,2002,,"16903 246th Ave NE, Woodinville, WA 98077, USA",20140620T000000,16903 246th Ave NE,Woodinville,WA 98077,USA,98077
2014-06-20,400000.0,4.0,1.75,2670,189486,2.0,0,4,3,2670,0,1972,,"38107 212th Ave SE, Auburn, WA 98092, USA",20140620T000000,38107 212th Ave SE,Auburn,WA 98092,USA,98092
2014-06-20,681500.0,5.0,2.75,3260,11700,1.0,0,0,3,1630,1630,1964,,"17813 NE 8th Pl, Bellevue, WA 98008, USA",20140620T000000,17813 NE 8th Pl,Bellevue,WA 98008,USA,98008
2014-06-20,200000.0,2.0,1.0,860,6600,1.0,0,0,5,860,0,1949,,"12824 7th Ave S, Burien, WA 98168, USA",20140620T000000,12824 7th Ave S,Burien,WA 98168,USA,98168
2014-06-20,1300000.0,5.0,4.0,3366,7800,2.5,0,2,3,2966,400,1937,,"2617 W Barrett St, Seattle, WA 98199, USA",20140620T000000,2617 W Barrett St,Seattle,WA 98199,USA,98199
2014-06-20,1462497.0,5.0,3.25,3840,4800,3.0,0,3,3,2750,1090,2008,,"1116 33rd Ave S, Seattle, WA 98144, USA",20140620T000000,1116 33rd Ave S,Seattle,WA 98144,USA,98144
2014-06-20,995000.0,4.0,4.5,3850,13551,2.0,0,2,3,3000,850,1998,,"5659 178th Ave SE, Bellevue, WA 98006, USA",20140620T000000,5659 178th Ave SE,Bellevue,WA 98006,USA,98006
2014-06-20,355000.0,4.0,2.5,2040,8265,2.0,0,0,3,2040,0,1996,,"11830 6th Pl SW, Seattle, WA 98146, USA",20140620T000000,11830 6th Pl SW,Seattle,WA 98146,USA,98146
2014-06-20,425000.0,3.0,2.25,1790,10209,1.0,0,0,3,1290,500,1967,,"16544 189th Ave NE, Woodinville, WA 98072, USA",20140620T000000,16544 189th Ave NE,Woodinville,WA 98072,USA,98072
2014-06-20,869000.0,4.0,3.0,3740,30884,2.0,0,0,3,3060,680,1988,,"16534 NE 169th Pl, Woodinville, WA 98072, USA",20140620T000000,16534 NE 169th Pl,Woodinville,WA 98072,USA,98072
2014-06-20,915000.0,3.0,3.25,2660,4000,2.0,0,0,3,2170,490,2003,,"3414 E Denny Way, Seattle, WA 98122, USA",20140620T000000,3414 E Denny Way,Seattle,WA 98122,USA,98122
2014-06-20,2110000.0,3.0,2.25,3230,17833,2.0,0,0,4,3230,0,1973,,"12 Columbia Key, Bellevue, WA 98006, USA",20140620T000000,12 Columbia Key,Bellevue,WA 98006,USA,98006
2014-06-20,925000.0,4.0,2.0,3140,10437,1.0,0,0,4,2040,1100,1959,,"8211 Sedgewick Ln, Mercer Island, WA 98040, USA",20140620T000000,8211 Sedgewick Ln,Mercer Island,WA 98040,USA,98040
2014-06-20,2400000.0,6.0,4.5,5480,10800,2.0,0,3,4,4430,1050,1999,,"1223 7th Ave W, Seattle, WA 98119, USA",20140620T000000,1223 7th Ave W,Seattle,WA 98119,USA,98119
2014-06-20,390000.0,3.0,1.0,1160,3750,1.5,0,0,3,1160,0,1910,,"4146 20th Ave SW, Seattle, WA 98106, USA",20140620T000000,4146 20th Ave SW,Seattle,WA 98106,USA,98106
2014-06-20,330000.0,3.0,2.25,1860,11227,2.0,0,0,3,1860,0,1995,,"23217 SE 239th St, Maple Valley, WA 98038, USA",20140620T000000,23217 SE 239th St,Maple Valley,WA 98038,USA,98038
2014-06-20,482500.0,4.0,3.0,1630,7626,1.0,0,0,5,1110,520,1990,,"12033 20th Ave NE, Seattle, WA 98125, USA",20140620T000000,12033 20th Ave NE,Seattle,WA 98125,USA,98125
2014-06-20,525000.0,3.0,2.25,1750,1879,3.0,0,0,3,1750,0,2001,,"2619 NW 60th St, Seattle, WA 98107, USA",20140620T000000,2619 NW 60th St,Seattle,WA 98107,USA,98107
2014-06-20,237000.0,3.0,1.0,1300,8160,1.0,0,0,4,1300,0,1960,,"10241 126th Ave SE, Renton, WA 98056, USA",20140620T000000,10241 126th Ave SE,Renton,WA 98056,USA,98056
2014-06-20,205000.0,3.0,1.0,960,7314,1.0,0,0,5,960,0,1960,,"604 Cedar Dr SE, Auburn, WA 98002, USA",20140620T000000,604 Cedar Dr SE,Auburn,WA 98002,USA,98002
2014-06-20,623000.0,3.0,2.5,1850,7777,2.0,0,0,5,1850,0,1989,,"12833 NE 101st Pl, Kirkland, WA 98033, USA",20140620T000000,12833 NE 101st Pl,Kirkland,WA 98033,USA,98033
2014-06-20,565000.0,4.0,2.75,3260,4900,2.0,0,0,3,3260,0,2013,,"16222 SE 135th Pl, Renton, WA 98059, USA",20140620T000000,16222 SE 135th Pl,Renton,WA 98059,USA,98059
2014-06-20,400000.0,4.0,2.25,2420,7927,1.0,0,0,4,1400,1020,1973,,"17812-17818 Stone Ave N, Shoreline, WA 98133, USA",20140620T000000,17812-17818 Stone Ave N,Shoreline,WA 98133,USA,98133
2014-06-20,405000.0,3.0,1.0,1460,10000,1.5,0,0,3,1460,0,2002,,"1321 208th Ave NE, Sammamish, WA 98074, USA",20140620T000000,1321 208th Ave NE,Sammamish,WA 98074,USA,98074
2014-06-20,337000.0,4.0,3.0,2240,8504,2.0,0,0,3,2240,0,1992,,"14532-14536 31st Ave NE, Shoreline, WA 98155, USA",20140620T000000,14532-14536 31st Ave NE,Shoreline,WA 98155,USA,98155
2014-06-20,355000.0,2.0,1.0,1240,27042,1.0,0,1,3,1000,240,1943,,"11516 103rd Ave SW, Vashon, WA 98070, USA",20140620T000000,11516 103rd Ave SW,Vashon,WA 98070,USA,98070
2014-06-20,885000.0,3.0,2.25,2060,9552,1.0,0,0,4,1610,450,1975,,"7031 81st Ave SE, Mercer Island, WA 98040, USA",20140620T000000,7031 81st Ave SE,Mercer Island,WA 98040,USA,98040
2014-06-20,420000.0,5.0,2.75,2280,10319,1.0,0,0,3,1300,980,1959,,"504 NW 175th Ct, Shoreline, WA 98177, USA",20140620T000000,504 NW 175th Ct,Shoreline,WA 98177,USA,98177
2014-06-20,448000.0,4.0,2.5,2510,6853,2.0,0,2,3,2510,0,2006,,"27498 254th Pl SE, Maple Valley, WA 98038, USA",20140620T000000,27498 254th Pl SE,Maple Valley,WA 98038,USA,98038
2014-06-20,800000.0,4.0,2.75,3150,7035,2.0,0,0,3,3150,0,2004,,"1105 273rd Pl SE, Sammamish, WA 98075, USA",20140620T000000,1105 273rd Pl SE,Sammamish,WA 98075,USA,98075
2014-06-20,830000.0,5.0,2.25,2780,10192,2.0,0,0,4,2780,0,1978,,"14111 NE 4th St, Bellevue, WA 98007, USA",20140620T000000,14111 NE 4th St,Bellevue,WA 98007,USA,98007
2014-06-20,725000.0,6.0,1.75,2380,4080,2.0,0,0,3,2380,0,1917,,"4554 Latona Ave NE, Seattle, WA 98105, USA",20140620T000000,4554 Latona Ave NE,Seattle,WA 98105,USA,98105
2014-06-20,780000.0,3.0,2.25,2140,3000,2.0,0,0,3,2140,0,1905,2006.0,"537 N 66th St, Seattle, WA 98103, USA",20140620T000000,537 N 66th St,Seattle,WA 98103,USA,98103
2014-06-20,325000.0,2.0,1.0,840,4239,1.0,0,0,3,840,0,1948,,"7901-7911 39th Ave SW, Seattle, WA 98136, USA",20140620T000000,7901-7911 39th Ave SW,Seattle,WA 98136,USA,98136
2014-06-20,488800.0,4.0,2.25,2170,9665,1.0,0,0,4,1300,870,1976,,"6438 131st Ave SE, Bellevue, WA 98006, USA",20140620T000000,6438 131st Ave SE,Bellevue,WA 98006,USA,98006
2014-06-20,1320000.0,4.0,3.5,4410,36200,2.0,0,0,3,4410,0,1989,,"6133 160th Ave SE, Bellevue, WA 98006, USA",20140620T000000,6133 160th Ave SE,Bellevue,WA 98006,USA,98006
2014-06-20,489000.0,4.0,2.0,2120,11479,1.0,0,0,4,1060,1060,1940,,"10822-10830 24th Ave NE, Seattle, WA 98125, USA",20140620T000000,10822-10830 24th Ave NE,Seattle,WA 98125,USA,98125
2014-06-20,1240000.0,7.0,5.5,6630,13782,2.0,0,0,3,4930,1700,2004,,"16659 SE 69th Way, Bellevue, WA 98006, USA",20140620T000000,16659 SE 69th Way,Bellevue,WA 98006,USA,98006
2014-06-20,595000.0,3.0,2.75,3290,22649,2.0,0,0,4,3290,0,1993,,"3616 Lincoln Ave NE, Newcastle, WA 98056, USA",20140620T000000,3616 Lincoln Ave NE,Newcastle,WA 98056,USA,98056
2014-06-20,359900.0,5.0,2.25,2290,7420,1.0,0,0,3,1290,1000,1973,,"13038 SE 184th Pl, Renton, WA 98058, USA",20140620T000000,13038 SE 184th Pl,Renton,WA 98058,USA,98058
2014-06-20,1080000.0,3.0,3.0,4910,43560,2.0,0,0,4,4000,910,1989,,"2100 156th Ave SE, Bellevue, WA 98007, USA",20140620T000000,2100 156th Ave SE,Bellevue,WA 98007,USA,98007
2014-06-20,925000.0,4.0,2.75,3730,8014,2.0,0,0,3,3730,0,2012,,"625 212th Ave SE, Sammamish, WA 98074, USA",20140620T000000,625 212th Ave SE,Sammamish,WA 98074,USA,98074
2014-06-20,625000.0,3.0,2.5,2440,4800,2.0,0,0,3,2440,0,2014,,"4754 26th Ave SW, Seattle, WA 98106, USA",20140620T000000,4754 26th Ave SW,Seattle,WA 98106,USA,98106
2014-06-20,339990.0,3.0,2.5,2570,4600,2.0,0,0,3,2570,0,2014,,"5703 Charlotte Ave SE, Auburn, WA 98092, USA",20140620T000000,5703 Charlotte Ave SE,Auburn,WA 98092,USA,98092
2014-06-20,775950.0,4.0,2.5,2970,4400,2.0,0,0,3,2970,0,2014,,"16904 NE 116th St, Redmond, WA 98052, USA",20140620T000000,16904 NE 116th St,Redmond,WA 98052,USA,98052
2014-06-20,420000.0,5.0,3.0,2630,3149,2.0,0,0,3,1670,960,2013,,"3608 NE Sunset Blvd, Renton, WA 98056, USA",20140620T000000,3608 NE Sunset Blvd,Renton,WA 98056,USA,98056
2014-06-20,654000.0,3.0,3.25,1530,1565,2.0,0,0,3,1280,250,2005,,"1806 15th Ave, Seattle, WA 98122, USA",20140620T000000,1806 15th Ave,Seattle,WA 98122,USA,98122
2014-06-20,725000.0,3.0,3.5,3690,8837,2.0,0,0,3,3690,0,2001,,"34809 SE Garden Ct, Snoqualmie, WA 98065, USA",20140620T000000,34809 SE Garden Ct,Snoqualmie,WA 98065,USA,98065
2014-06-21,375000.0,2.0,1.0,1230,1820,2.0,0,0,4,830,400,1948,,"3257 NW Market St, Seattle, WA 98107, USA",20140621T000000,3257 NW Market St,Seattle,WA 98107,USA,98107
2014-06-21,1100000.0,3.0,2.5,2200,20000,1.0,0,1,3,1400,800,1952,,"3244 112th Ave SE, Bellevue, WA 98004, USA",20140621T000000,3244 112th Ave SE,Bellevue,WA 98004,USA,98004
2014-06-21,639500.0,4.0,2.25,2330,8994,2.0,0,0,3,2330,0,1986,,"14106 176th Ave NE, Redmond, WA 98052, USA",20140621T000000,14106 176th Ave NE,Redmond,WA 98052,USA,98052
2014-06-21,849000.0,4.0,2.0,2160,6300,1.5,0,1,4,2160,0,1928,,"4103 Hillcrest Ave SW, Seattle, WA 98116, USA",20140621T000000,4103 Hillcrest Ave SW,Seattle,WA 98116,USA,98116
2014-06-21,418000.0,4.0,1.5,1550,9176,1.0,0,0,3,1000,550,1956,,"1015 158th Pl SE, Bellevue, WA 98008, USA",20140621T000000,1015 158th Pl SE,Bellevue,WA 98008,USA,98008
2014-06-21,442900.0,4.0,1.75,1780,2788,1.0,0,0,4,890,890,1943,,"3423 33rd Ave W, Seattle, WA 98199, USA",20140621T000000,3423 33rd Ave W,Seattle,WA 98199,USA,98199
2014-06-21,750000.0,3.0,1.75,2610,5544,1.5,0,0,3,1680,930,1934,,"7523 Mary Ave NW, Seattle, WA 98117, USA",20140621T000000,7523 Mary Ave NW,Seattle,WA 98117,USA,98117
2014-06-21,930000.0,3.0,2.5,3290,6830,2.0,0,0,3,3290,0,2000,,"14845 NE 73rd Way, Redmond, WA 98052, USA",20140621T000000,14845 NE 73rd Way,Redmond,WA 98052,USA,98052
2014-06-22,565000.0,2.0,1.75,1330,6000,1.0,0,0,4,960,370,1914,1945.0,"3009 W Emerson St, Seattle, WA 98199, USA",20140622T000000,3009 W Emerson St,Seattle,WA 98199,USA,98199
2014-06-22,874150.0,4.0,3.5,3530,14406,2.0,0,1,3,2570,960,1987,,"7321 NE 120th St, Kirkland, WA 98034, USA",20140622T000000,7321 NE 120th St,Kirkland,WA 98034,USA,98034
2014-06-22,545000.0,4.0,2.5,2090,6023,2.0,0,0,3,2090,0,1990,,"25733 SE 39th St, Issaquah, WA 98029, USA",20140622T000000,25733 SE 39th St,Issaquah,WA 98029,USA,98029
2014-06-22,500000.0,4.0,2.5,2040,8400,1.0,0,0,3,1420,620,1963,,"5803 129th Ave SE, Bellevue, WA 98006, USA",20140622T000000,5803 129th Ave SE,Bellevue,WA 98006,USA,98006
2014-06-22,687000.0,4.0,2.5,2370,10083,2.0,0,0,5,2370,0,1966,,"13010 NE 74th St, Kirkland, WA 98033, USA",20140622T000000,13010 NE 74th St,Kirkland,WA 98033,USA,98033
2014-06-22,810000.0,4.0,2.5,2810,10613,2.0,0,0,3,2810,0,1989,,"15031 SE 66th St, Bellevue, WA 98006, USA",20140622T000000,15031 SE 66th St,Bellevue,WA 98006,USA,98006
2014-06-22,439500.0,3.0,2.5,2050,40003,1.0,0,0,4,1570,480,1977,,"14710 255th Ave SE, Issaquah, WA 98027, USA",20140622T000000,14710 255th Ave SE,Issaquah,WA 98027,USA,98027
2014-06-22,802000.0,3.0,1.75,2870,5000,1.5,0,0,4,1840,1030,1907,,"2727 32nd Ave S, Seattle, WA 98144, USA",20140622T000000,2727 32nd Ave S,Seattle,WA 98144,USA,98144
2014-06-22,732600.0,4.0,2.5,2130,7300,1.0,0,0,4,1230,900,1963,,"507 130th Pl SE, Bellevue, WA 98005, USA",20140622T000000,507 130th Pl SE,Bellevue,WA 98005,USA,98005
2014-06-22,374000.0,4.0,2.5,2580,6260,2.0,0,0,3,2580,0,2004,,"243 Edmonds Pl NE, Renton, WA 98056, USA",20140622T000000,243 Edmonds Pl NE,Renton,WA 98056,USA,98056
2014-06-22,330000.0,4.0,2.5,2380,13550,2.0,0,0,3,2380,0,1999,,"3430 S 173rd St, SeaTac, WA 98188, USA",20140622T000000,3430 S 173rd St,SeaTac,WA 98188,USA,98188
2014-06-23,365000.0,4.0,2.0,1940,25600,1.0,0,0,1,1940,0,1962,,"4125 158th Ave SE, Bellevue, WA 98006, USA",20140623T000000,4125 158th Ave SE,Bellevue,WA 98006,USA,98006
2014-06-23,290900.0,2.0,2.0,1610,17600,2.0,0,0,3,1610,0,1930,1983.0,"13301 56th Ave S, Tukwila, WA 98178, USA",20140623T000000,13301 56th Ave S,Tukwila,WA 98178,USA,98178
2014-06-23,577000.0,3.0,2.5,2060,5750,1.0,0,0,3,1330,730,1976,,"4045 46th Ave SW, Seattle, WA 98116, USA",20140623T000000,4045 46th Ave SW,Seattle,WA 98116,USA,98116
2014-06-23,280000.0,2.0,1.0,1010,3000,1.0,0,0,4,1010,0,1925,,"107 E 3rd St, North Bend, WA 98045, USA",20140623T000000,107 E 3rd St,North Bend,WA 98045,USA,98045
2014-06-23,675000.0,4.0,2.5,2810,11120,2.0,0,0,3,2810,0,1982,,"22120 NE 26th Pl, Sammamish, WA 98074, USA",20140623T000000,22120 NE 26th Pl,Sammamish,WA 98074,USA,98074
2014-06-23,800000.0,3.0,2.25,2380,11824,1.0,0,0,4,1450,930,1972,,"7234 91st Ave SE, Mercer Island, WA 98040, USA",20140623T000000,7234 91st Ave SE,Mercer Island,WA 98040,USA,98040
2014-06-23,299995.0,2.0,1.0,1060,7200,1.0,0,0,4,1060,0,1951,,"1212 NE 162nd St, Shoreline, WA 98155, USA",20140623T000000,1212 NE 162nd St,Shoreline,WA 98155,USA,98155
2014-06-23,440000.0,3.0,1.75,1560,7207,1.0,0,0,3,1250,310,1983,,"8919 NE 142nd Way, Kirkland, WA 98034, USA",20140623T000000,8919 NE 142nd Way,Kirkland,WA 98034,USA,98034
2014-06-23,249500.0,2.0,1.75,1500,8645,1.0,0,0,4,1500,0,1963,,"26449 171st Ave SE, Covington, WA 98042, USA",20140623T000000,26449 171st Ave SE,Covington,WA 98042,USA,98042
2014-06-23,690000.0,2.0,1.0,970,4560,1.0,0,0,4,970,0,1907,,"4017 Corliss Ave N, Seattle, WA 98103, USA",20140623T000000,4017 Corliss Ave N,Seattle,WA 98103,USA,98103
2014-06-23,235000.0,3.0,1.0,1170,11100,1.0,0,0,4,1170,0,1968,,"766 Union Ave NE, Renton, WA 98059, USA",20140623T000000,766 Union Ave NE,Renton,WA 98059,USA,98059
2014-06-23,320000.0,3.0,2.5,2280,7417,2.0,0,0,3,2280,0,1998,,"27515 44th Pl S, Auburn, WA 98001, USA",20140623T000000,27515 44th Pl S,Auburn,WA 98001,USA,98001
2014-06-23,350000.0,7.0,3.0,2800,9569,1.0,0,2,3,1400,1400,1963,,"2023 Harrington Pl NE, Renton, WA 98056, USA",20140623T000000,2023 Harrington Pl NE,Renton,WA 98056,USA,98056
2014-06-23,334000.0,4.0,1.5,1150,9360,1.5,0,0,3,1150,0,1970,,"13260 126 Ct NE, Kirkland, WA 98034, USA",20140623T000000,13260 126 Ct NE,Kirkland,WA 98034,USA,98034
2014-06-23,235000.0,6.0,3.0,2180,7956,2.0,0,0,3,2180,0,1980,,"33015 22nd Pl S, Federal Way, WA 98003, USA",20140623T000000,33015 22nd Pl S,Federal Way,WA 98003,USA,98003
2014-06-23,442000.0,4.0,2.5,2520,7253,2.0,0,0,3,2520,0,1990,,"4508 NE 26th Ct, Renton, WA 98059, USA",20140623T000000,4508 NE 26th Ct,Renton,WA 98059,USA,98059
2014-06-23,264000.0,3.0,1.75,1760,7482,1.0,0,0,4,1760,0,1966,,"2712 SW 322nd Pl, Federal Way, WA 98023, USA",20140623T000000,2712 SW 322nd Pl,Federal Way,WA 98023,USA,98023
2014-06-23,275000.0,2.0,1.0,1180,6552,1.0,0,0,4,1180,0,1949,,"16341 Interlake Ave N, Shoreline, WA 98133, USA",20140623T000000,16341 Interlake Ave N,Shoreline,WA 98133,USA,98133
2014-06-23,430000.0,2.0,1.5,950,4625,1.0,0,0,4,950,0,1949,,"8520 Interlake Ave N, Seattle, WA 98103, USA",20140623T000000,8520 Interlake Ave N,Seattle,WA 98103,USA,98103
2014-06-23,550000.0,3.0,2.5,1900,3255,2.0,0,0,3,1900,0,1988,2000.0,"268 145th Pl SE, Bellevue, WA 98007, USA",20140623T000000,268 145th Pl SE,Bellevue,WA 98007,USA,98007
2014-06-23,775000.0,4.0,2.5,2300,6158,2.0,0,0,3,2300,0,1999,,"9009 27th Ave NE, Seattle, WA 98115, USA",20140623T000000,9009 27th Ave NE,Seattle,WA 98115,USA,98115
2014-06-23,603500.0,6.0,2.75,2660,8400,1.0,0,0,5,1550,1110,1962,,"12526 SE 61st St, Bellevue, WA 98006, USA",20140623T000000,12526 SE 61st St,Bellevue,WA 98006,USA,98006
2014-06-23,230000.0,3.0,1.0,1530,389126,1.5,0,0,4,1530,0,1919,,"24727 SE Mud Mountain Rd, Enumclaw, WA 98022, USA",20140623T000000,24727 SE Mud Mountain Rd,Enumclaw,WA 98022,USA,98022
2014-06-23,449000.0,4.0,2.5,1850,5040,1.0,0,0,3,1230,620,1930,2013.0,"7117 31st Ave SW, Seattle, WA 98126, USA",20140623T000000,7117 31st Ave SW,Seattle,WA 98126,USA,98126
2014-06-23,2075000.0,4.0,3.5,4230,20377,2.0,0,0,3,4230,0,1997,,"1646 100th Pl SE, Bellevue, WA 98004, USA",20140623T000000,1646 100th Pl SE,Bellevue,WA 98004,USA,98004
2014-06-23,420000.0,3.0,2.0,1200,5029,1.0,0,0,3,880,320,1937,,"3049 NE 90th St, Seattle, WA 98115, USA",20140623T000000,3049 NE 90th St,Seattle,WA 98115,USA,98115
2014-06-23,735000.0,4.0,2.25,2270,5102,1.0,0,0,5,1340,930,1954,,"3613 40th Ave W, Seattle, WA 98199, USA",20140623T000000,3613 40th Ave W,Seattle,WA 98199,USA,98199
2014-06-23,200000.0,3.0,1.5,1090,9600,1.0,0,0,4,1090,0,1968,,"17335 SE 265th St, Covington, WA 98042, USA",20140623T000000,17335 SE 265th St,Covington,WA 98042,USA,98042
2014-06-23,286000.0,3.0,2.75,1100,750,2.0,0,0,3,780,320,2008,,"4733 Delridge Way SW, Seattle, WA 98106, USA",20140623T000000,4733 Delridge Way SW,Seattle,WA 98106,USA,98106
2014-06-23,579000.0,3.0,2.5,1640,1269,3.0,0,0,3,1640,0,2009,,"129 25th Ave E, Seattle, WA 98112, USA",20140623T000000,129 25th Ave E,Seattle,WA 98112,USA,98112
2014-06-23,345100.0,3.0,3.75,1950,8625,1.0,0,0,3,1360,590,1959,,"10636 60th Ave S, Seattle, WA 98178, USA",20140623T000000,10636 60th Ave S,Seattle,WA 98178,USA,98178
2014-06-23,350000.0,3.0,1.75,1660,10150,1.5,0,0,3,1660,0,1957,,"1301 N 169th St, Shoreline, WA 98133, USA",20140623T000000,1301 N 169th St,Shoreline,WA 98133,USA,98133
2014-06-23,291500.0,3.0,1.0,880,9238,1.5,0,0,5,880,0,1946,,"16529 10th Ave NE, Shoreline, WA 98155, USA",20140623T000000,16529 10th Ave NE,Shoreline,WA 98155,USA,98155
2014-06-23,649950.0,3.0,2.5,1500,1375,2.0,0,0,3,1200,300,2014,,"2811 14th Ave W, Seattle, WA 98119, USA",20140623T000000,2811 14th Ave W,Seattle,WA 98119,USA,98119
2014-06-23,458500.0,3.0,2.0,1890,1599,2.0,0,0,3,1430,460,2012,,"6539 41st Ave SW, Seattle, WA 98136, USA",20140623T000000,6539 41st Ave SW,Seattle,WA 98136,USA,98136
2014-06-23,500000.0,3.0,1.0,1150,5100,2.0,0,0,3,1150,0,1911,2005.0,"3947 SW Austin St, Seattle, WA 98136, USA",20140623T000000,3947 SW Austin St,Seattle,WA 98136,USA,98136
2014-06-23,362300.0,3.0,2.5,2430,15264,2.0,0,0,3,2430,0,1997,,"9226 S 247th Pl, Kent, WA 98030, USA",20140623T000000,9226 S 247th Pl,Kent,WA 98030,USA,98030
2014-06-23,324000.0,4.0,1.75,2110,7208,1.0,0,0,3,1170,940,1975,,"17403 159th Ave SE, Renton, WA 98058, USA",20140623T000000,17403 159th Ave SE,Renton,WA 98058,USA,98058
2014-06-23,495000.0,3.0,2.0,2950,12196,2.0,0,0,4,2310,640,1918,,"2433 SW 149th St, Burien, WA 98166, USA",20140623T000000,2433 SW 149th St,Burien,WA 98166,USA,98166
2014-06-23,233500.0,3.0,2.25,1650,2958,2.0,0,0,3,1650,0,1985,,"23441 130th Ave SE, Kent, WA 98031, USA",20140623T000000,23441 130th Ave SE,Kent,WA 98031,USA,98031
2014-06-23,479000.0,3.0,2.25,2110,11319,2.0,0,0,4,2110,0,1978,,"15965 176th Ave NE, Woodinville, WA 98072, USA",20140623T000000,15965 176th Ave NE,Woodinville,WA 98072,USA,98072
2014-06-23,322200.0,4.0,2.25,2010,19000,2.0,0,0,4,2010,0,1975,,"25417 167th Pl SE, Covington, WA 98042, USA",20140623T000000,25417 167th Pl SE,Covington,WA 98042,USA,98042
2014-06-23,835000.0,4.0,2.5,3030,29163,2.0,0,0,3,3030,0,1998,,"5420 239th Pl NE, Redmond, WA 98053, USA",20140623T000000,5420 239th Pl NE,Redmond,WA 98053,USA,98053
2014-06-23,347000.0,3.0,1.0,1270,8400,1.0,0,0,3,1270,0,1955,,"10624 Sunrise Dr, Bothell, WA 98011, USA",20140623T000000,10624 Sunrise Dr,Bothell,WA 98011,USA,98011
2014-06-23,725000.0,3.0,1.75,1610,8613,1.0,0,0,5,1610,0,1962,,"10905 NE 48th St, Kirkland, WA 98033, USA",20140623T000000,10905 NE 48th St,Kirkland,WA 98033,USA,98033
2014-06-23,345000.0,3.0,1.0,1140,4200,2.0,0,0,4,1140,0,1904,,"115 28th Ave S, Seattle, WA 98144, USA",20140623T000000,115 28th Ave S,Seattle,WA 98144,USA,98144
2014-06-23,345950.0,3.0,2.5,2110,4118,2.0,0,0,3,2110,0,1989,,"14150-14198 SE 238th Ln, Kent, WA 98042, USA",20140623T000000,14150-14198 SE 238th Ln,Kent,WA 98042,USA,98042
2014-06-23,550000.0,3.0,1.75,1840,8086,1.0,0,0,4,1840,0,1964,,"13820 NE 72nd Pl, Redmond, WA 98052, USA",20140623T000000,13820 NE 72nd Pl,Redmond,WA 98052,USA,98052
2014-06-23,399950.0,3.0,1.75,1560,5223,1.0,0,0,4,810,750,1940,,"3630 NE 123rd St, Seattle, WA 98125, USA",20140623T000000,3630 NE 123rd St,Seattle,WA 98125,USA,98125
2014-06-23,269500.0,3.0,1.75,1840,7412,1.0,0,0,4,1240,600,1976,,"23309 115th Pl SE, Kent, WA 98031, USA",20140623T000000,23309 115th Pl SE,Kent,WA 98031,USA,98031
2014-06-23,494000.0,4.0,2.5,1830,7345,1.0,0,0,4,1540,290,1973,,"1220 NW 199th Pl, Shoreline, WA 98177, USA",20140623T000000,1220 NW 199th Pl,Shoreline,WA 98177,USA,98177
2014-06-23,453000.0,4.0,1.75,2120,7420,1.0,0,0,4,1060,1060,1956,,"15619 SE 9th St, Bellevue, WA 98008, USA",20140623T000000,15619 SE 9th St,Bellevue,WA 98008,USA,98008
2014-06-23,442500.0,3.0,1.75,1600,10280,1.0,0,0,3,1050,550,1977,,"13832 125th Ave NE, Kirkland, WA 98034, USA",20140623T000000,13832 125th Ave NE,Kirkland,WA 98034,USA,98034
2014-06-23,235000.0,4.0,1.75,1450,8891,1.5,0,0,3,1180,270,1962,,"4414 S 140th St, Tukwila, WA 98168, USA",20140623T000000,4414 S 140th St,Tukwila,WA 98168,USA,98168
2014-06-23,389800.0,3.0,1.75,1880,12821,1.0,0,0,3,1880,0,1959,,"2310 NE 191st St, Lake Forest Park, WA 98155, USA",20140623T000000,2310 NE 191st St,Lake Forest Park,WA 98155,USA,98155
2014-06-23,346000.0,3.0,1.75,1270,8100,1.0,0,0,3,880,390,1950,,"651 SW 134th St, Burien, WA 98146, USA",20140623T000000,651 SW 134th St,Burien,WA 98146,USA,98146
2014-06-23,360000.0,4.0,1.5,1720,6417,1.0,0,0,3,1720,0,1953,,"13505 16th Ave NE, Seattle, WA 98125, USA",20140623T000000,13505 16th Ave NE,Seattle,WA 98125,USA,98125
2014-06-23,650000.0,4.0,2.5,2400,7351,2.0,0,0,3,2400,0,1990,,"23836 SE 41st St, Issaquah, WA 98029, USA",20140623T000000,23836 SE 41st St,Issaquah,WA 98029,USA,98029
2014-06-23,290000.0,3.0,1.0,1150,8145,1.0,0,0,4,990,160,1932,,"16232 11th Ave NE, Shoreline, WA 98155, USA",20140623T000000,16232 11th Ave NE,Shoreline,WA 98155,USA,98155
2014-06-23,234000.0,2.0,1.0,870,11100,1.0,0,0,3,870,0,1940,,"11062 25th Ave SW, Seattle, WA 98146, USA",20140623T000000,11062 25th Ave SW,Seattle,WA 98146,USA,98146
2014-06-23,260000.0,4.0,2.5,2000,37045,2.0,0,0,3,2000,0,1989,,"29204 202nd Ave SE, Kent, WA 98042, USA",20140623T000000,29204 202nd Ave SE,Kent,WA 98042,USA,98042
2014-06-23,349900.0,3.0,2.0,2420,38781,1.0,0,0,5,1210,1210,1949,,"16729 Tiger Mountain Rd SE, Issaquah, WA 98027, USA",20140623T000000,16729 Tiger Mountain Rd SE,Issaquah,WA 98027,USA,98027
2014-06-23,275000.0,3.0,1.0,1080,6000,1.0,0,0,4,1080,0,1952,,"2350 N 178th St, Shoreline, WA 98133, USA",20140623T000000,2350 N 178th St,Shoreline,WA 98133,USA,98133
2014-06-23,725000.0,4.0,2.5,3420,30410,2.0,0,0,3,3420,0,1988,,"18639 NE 202nd St, Woodinville, WA 98077, USA",20140623T000000,18639 NE 202nd St,Woodinville,WA 98077,USA,98077
2014-06-23,375000.0,4.0,2.5,1870,7471,2.0,0,0,3,1870,0,1990,,"10309 SE 190th Pl, Renton, WA 98055, USA",20140623T000000,10309 SE 190th Pl,Renton,WA 98055,USA,98055
2014-06-23,806000.0,4.0,2.5,2500,206474,1.0,0,0,3,2500,0,1997,,"8510 258th Ave NE, Redmond, WA 98053, USA",20140623T000000,8510 258th Ave NE,Redmond,WA 98053,USA,98053
2014-06-23,470000.0,3.0,2.5,2150,8221,2.0,0,0,3,2150,0,1992,,"1815 Ilwaco Ave NE, Renton, WA 98059, USA",20140623T000000,1815 Ilwaco Ave NE,Renton,WA 98059,USA,98059
2014-06-23,490000.0,3.0,2.25,1470,2500,2.0,0,0,3,1080,390,1984,,"6506 3rd Ave NW, Seattle, WA 98117, USA",20140623T000000,6506 3rd Ave NW,Seattle,WA 98117,USA,98117
2014-06-23,615000.0,5.0,2.0,2130,4180,1.5,0,0,5,1270,860,1926,,"3220 44th Ave SW, Seattle, WA 98116, USA",20140623T000000,3220 44th Ave SW,Seattle,WA 98116,USA,98116
2014-06-23,249000.0,3.0,1.0,1000,19204,1.0,0,0,3,1000,0,1968,2010.0,"31825 197th Ave SE, Kent, WA 98042, USA",20140623T000000,31825 197th Ave SE,Kent,WA 98042,USA,98042
2014-06-23,396500.0,3.0,1.75,2390,7149,1.0,0,0,3,1350,1040,1955,,"13040 3rd Ave NE, Seattle, WA 98125, USA",20140623T000000,13040 3rd Ave NE,Seattle,WA 98125,USA,98125
2014-06-23,405000.0,2.0,1.0,860,2599,1.0,0,0,4,860,0,1901,,"6301-6399 17th Ave NW, Seattle, WA 98107, USA",20140623T000000,6301-6399 17th Ave NW,Seattle,WA 98107,USA,98107
2014-06-23,560000.0,3.0,2.5,1960,12476,2.0,0,0,4,1960,0,1989,,"12637 SE 79th Ct, Newcastle, WA 98056, USA",20140623T000000,12637 SE 79th Ct,Newcastle,WA 98056,USA,98056
2014-06-23,459950.0,4.0,2.5,2000,6107,2.0,0,0,3,2000,0,2003,,"8928 NE 176th St, Bothell, WA 98011, USA",20140623T000000,8928 NE 176th St,Bothell,WA 98011,USA,98011
2014-06-23,265000.0,3.0,1.0,1620,9450,1.5,0,0,3,1620,0,1928,,"10005 16th Ave S, Seattle, WA 98168, USA",20140623T000000,10005 16th Ave S,Seattle,WA 98168,USA,98168
2014-06-23,502000.0,6.0,2.5,2890,8122,1.0,0,0,3,1630,1260,1977,,"2413 171 Ave SE, Bellevue, WA 98008, USA",20140623T000000,2413 171 Ave SE,Bellevue,WA 98008,USA,98008
2014-06-23,430000.0,3.0,1.75,1300,12731,1.0,0,0,3,1300,0,1981,,"1429 224th Ave NE, Sammamish, WA 98074, USA",20140623T000000,1429 224th Ave NE,Sammamish,WA 98074,USA,98074
2014-06-23,525000.0,2.0,1.0,1080,3500,1.0,0,3,3,1080,0,1924,,"5130 Palatine Ave N, Seattle, WA 98103, USA",20140623T000000,5130 Palatine Ave N,Seattle,WA 98103,USA,98103
2014-06-23,415000.0,4.0,2.5,2170,8518,1.0,0,3,3,1350,820,1955,,"10842 Garden Pl S, Seattle, WA 98178, USA",20140623T000000,10842 Garden Pl S,Seattle,WA 98178,USA,98178
2014-06-23,600000.0,3.0,2.5,2260,10153,2.0,0,0,3,2260,0,1987,,"20322 NE 34th Ct, Sammamish, WA 98074, USA",20140623T000000,20322 NE 34th Ct,Sammamish,WA 98074,USA,98074
2014-06-23,225000.0,3.0,1.75,1580,8820,1.0,0,0,4,1580,0,1967,,"31711 7th Pl S, Federal Way, WA 98003, USA",20140623T000000,31711 7th Pl S,Federal Way,WA 98003,USA,98003
2014-06-23,300000.0,4.0,2.5,2620,4469,2.0,0,0,3,2620,0,2008,,"17001 SE 263rd St, Covington, WA 98042, USA",20140623T000000,17001 SE 263rd St,Covington,WA 98042,USA,98042
2014-06-23,491234.0,4.0,2.5,1540,1860,2.0,0,0,3,1540,0,2014,,"2520 Mulberry Walk NE, Issaquah, WA 98029, USA",20140623T000000,2520 Mulberry Walk NE,Issaquah,WA 98029,USA,98029
2014-06-23,1580000.0,4.0,2.5,4570,74487,2.0,0,4,5,4570,0,1948,1985.0,"1249 NW Elford Dr, Seattle, WA 98177, USA",20140623T000000,1249 NW Elford Dr,Seattle,WA 98177,USA,98177
2014-06-23,905000.0,4.0,3.25,3440,7661,2.0,0,0,3,3440,0,2006,,"1630 28th Ave NE, Issaquah, WA 98029, USA",20140623T000000,1630 28th Ave NE,Issaquah,WA 98029,USA,98029
2014-06-23,199950.0,5.0,2.5,1740,8750,1.0,0,0,4,1740,0,1959,,"23459 27th Ave S, Des Moines, WA 98198, USA",20140623T000000,23459 27th Ave S,Des Moines,WA 98198,USA,98198
2014-06-23,450000.0,4.0,1.75,2160,4333,1.0,0,0,4,1260,900,1942,,"8309 24th Ave NW, Seattle, WA 98117, USA",20140623T000000,8309 24th Ave NW,Seattle,WA 98117,USA,98117
2014-06-23,899000.0,3.0,1.0,1480,6978,2.0,0,0,4,1480,0,1949,1985.0,"4432 92nd Ave NE, Yarrow Point, WA 98004, USA",20140623T000000,4432 92nd Ave NE,Yarrow Point,WA 98004,USA,98004
2014-06-23,649000.0,2.0,1.75,2260,280962,2.0,0,2,3,1890,370,2005,,"29836 NE Tolt Hill Rd, Carnation, WA 98014, USA",20140623T000000,29836 NE Tolt Hill Rd,Carnation,WA 98014,USA,98014
2014-06-23,780000.0,4.0,3.5,3910,59863,2.0,0,0,4,2490,1420,1987,,"13045 205th Pl SE, Issaquah, WA 98027, USA",20140623T000000,13045 205th Pl SE,Issaquah,WA 98027,USA,98027
2014-06-23,400000.0,4.0,1.75,1700,20283,1.5,0,0,3,1340,360,1965,,"19744 324th Ave NE, Duvall, WA 98019, USA",20140623T000000,19744 324th Ave NE,Duvall,WA 98019,USA,98019
2014-06-23,831500.0,5.0,2.5,4470,35124,2.5,0,0,3,4470,0,1984,,"15002 191st Ave NE, Woodinville, WA 98072, USA",20140623T000000,15002 191st Ave NE,Woodinville,WA 98072,USA,98072
2014-06-23,471001.0,3.0,1.75,1800,6000,1.0,0,0,5,900,900,1905,,"719 N 80th St, Seattle, WA 98103, USA",20140623T000000,719 N 80th St,Seattle,WA 98103,USA,98103
2014-06-23,385000.0,3.0,3.25,1630,1677,3.0,0,0,3,1630,0,2007,,"353 N 105th St, Seattle, WA 98133, USA",20140623T000000,353 N 105th St,Seattle,WA 98133,USA,98133
2014-06-23,326000.0,3.0,1.0,1030,9834,1.0,0,0,3,1030,0,1969,,"13110 NE 193rd Pl, Woodinville, WA 98072, USA",20140623T000000,13110 NE 193rd Pl,Woodinville,WA 98072,USA,98072
2014-06-23,335000.0,1.0,1.0,720,5100,1.0,0,0,3,720,0,1907,,"7325 18th Ave NW, Seattle, WA 98117, USA",20140623T000000,7325 18th Ave NW,Seattle,WA 98117,USA,98117
2014-06-23,320000.0,4.0,1.5,1890,43560,1.0,0,0,4,1890,0,1974,,"30841-30959 132nd Ave SE, Auburn, WA 98092, USA",20140623T000000,30841-30959 132nd Ave SE,Auburn,WA 98092,USA,98092
2014-06-23,300000.0,4.0,2.5,1840,5550,2.0,0,0,3,1840,0,2004,,"11831 SE 232nd Pl, Kent, WA 98031, USA",20140623T000000,11831 SE 232nd Pl,Kent,WA 98031,USA,98031
2014-06-23,269950.0,4.0,2.5,2540,8400,2.0,0,0,5,2540,0,1977,,"25209 45th Ave S, Kent, WA 98032, USA",20140623T000000,25209 45th Ave S,Kent,WA 98032,USA,98032
2014-06-23,1220000.0,4.0,3.75,3520,3944,1.5,0,0,5,2200,1320,1913,,"2551 5th Ave N, Seattle, WA 98109, USA",20140623T000000,2551 5th Ave N,Seattle,WA 98109,USA,98109
2014-06-23,590000.0,4.0,2.5,3220,7875,1.5,0,0,4,3220,0,1966,,"16429 NE 18th St, Bellevue, WA 98008, USA",20140623T000000,16429 NE 18th St,Bellevue,WA 98008,USA,98008
2014-06-23,750000.0,3.0,2.0,1820,5000,1.5,0,0,4,1720,100,1941,,"2160 50th Ave SW, Seattle, WA 98116, USA",20140623T000000,2160 50th Ave SW,Seattle,WA 98116,USA,98116
2014-06-23,239950.0,3.0,1.75,1230,9600,1.0,0,0,4,1230,0,1984,,"26119 185th Pl SE, Covington, WA 98042, USA",20140623T000000,26119 185th Pl SE,Covington,WA 98042,USA,98042
2014-06-23,215000.0,3.0,2.0,1340,8505,1.0,0,0,3,1340,0,1931,,"2730 S 146th St, SeaTac, WA 98168, USA",20140623T000000,2730 S 146th St,SeaTac,WA 98168,USA,98168
2014-06-23,165000.0,3.0,1.0,1200,13100,1.0,0,0,3,1200,0,1943,,"14301 Interurban Ave S, Tukwila, WA 98168, USA",20140623T000000,14301 Interurban Ave S,Tukwila,WA 98168,USA,98168
2014-06-23,261350.0,3.0,1.75,1390,18200,1.0,0,0,4,1390,0,1962,,"157 SW 313th St, Federal Way, WA 98023, USA",20140623T000000,157 SW 313th St,Federal Way,WA 98023,USA,98023
2014-06-23,569000.0,4.0,2.0,1730,3884,1.0,0,0,5,1060,670,1924,,"720 N 46th St, Seattle, WA 98103, USA",20140623T000000,720 N 46th St,Seattle,WA 98103,USA,98103
2014-06-23,425000.0,3.0,2.25,1580,39189,1.0,0,0,3,1180,400,1992,,"27514 NE 31st Ct, Redmond, WA 98053, USA",20140623T000000,27514 NE 31st Ct,Redmond,WA 98053,USA,98053
2014-06-23,800000.0,4.0,3.0,3520,4895,1.0,0,0,3,1980,1540,1954,,"301 NW 54th St, Seattle, WA 98107, USA",20140623T000000,301 NW 54th St,Seattle,WA 98107,USA,98107
2014-06-23,715000.0,4.0,2.5,2650,30500,1.0,0,0,4,1680,970,1960,,"23264 SE 54th Pl, Issaquah, WA 98029, USA",20140623T000000,23264 SE 54th Pl,Issaquah,WA 98029,USA,98029
2014-06-23,337000.0,3.0,1.75,1310,12750,1.0,0,0,3,1310,0,1993,,"14830 203rd Ave SE, Renton, WA 98059, USA",20140623T000000,14830 203rd Ave SE,Renton,WA 98059,USA,98059
2014-06-23,560000.0,4.0,2.5,2300,7989,2.0,0,0,3,2300,0,1990,,"22912 NE 19th Dr, Sammamish, WA 98074, USA",20140623T000000,22912 NE 19th Dr,Sammamish,WA 98074,USA,98074
2014-06-23,449500.0,3.0,2.25,1780,7280,1.0,0,2,3,1340,440,1972,,"9413 NE 137th St, Kirkland, WA 98034, USA",20140623T000000,9413 NE 137th St,Kirkland,WA 98034,USA,98034
2014-06-23,660000.0,3.0,3.25,1980,2850,3.0,0,0,3,1980,0,1987,,"4318 Corliss Ave N, Seattle, WA 98103, USA",20140623T000000,4318 Corliss Ave N,Seattle,WA 98103,USA,98103
2014-06-23,685000.0,2.0,1.5,1300,1676,1.0,0,2,3,1300,0,1943,,"1407 19th Ave, Seattle, WA 98122, USA",20140623T000000,1407 19th Ave,Seattle,WA 98122,USA,98122
2014-06-23,905000.0,5.0,3.5,3500,10155,2.0,0,0,3,2570,930,1996,,"15563 SE 67th Pl, Bellevue, WA 98006, USA",20140623T000000,15563 SE 67th Pl,Bellevue,WA 98006,USA,98006
2014-06-23,403500.0,3.0,1.0,1830,8004,1.0,0,0,3,1200,630,1960,,"13337 30th Ave NE, Seattle, WA 98125, USA",20140623T000000,13337 30th Ave NE,Seattle,WA 98125,USA,98125
2014-06-23,405000.0,3.0,2.25,1520,1245,3.0,0,0,3,1520,0,2004,,"8502 Interlake Ave N, Seattle, WA 98103, USA",20140623T000000,8502 Interlake Ave N,Seattle,WA 98103,USA,98103
2014-06-23,385000.0,4.0,2.75,2700,37011,2.0,0,0,3,2700,0,1984,,"18901 SE 281st St, Kent, WA 98042, USA",20140623T000000,18901 SE 281st St,Kent,WA 98042,USA,98042
2014-06-23,1700000.0,3.0,2.75,2810,18731,2.0,1,4,4,2810,0,1974,,"2860 West Lake Sammamish Pkwy NE, Redmond, WA 98052, USA",20140623T000000,2860 West Lake Sammamish Pkwy NE,Redmond,WA 98052,USA,98052
2014-06-23,285000.0,3.0,2.5,1660,6263,2.0,0,0,3,1660,0,2003,,"27924-27998 150th Pl SE, Kent, WA 98042, USA",20140623T000000,27924-27998 150th Pl SE,Kent,WA 98042,USA,98042
2014-06-23,249900.0,3.0,2.0,1310,6738,1.0,0,0,4,1310,0,1990,,"19240 SE 259th Pl, Covington, WA 98042, USA",20140623T000000,19240 SE 259th Pl,Covington,WA 98042,USA,98042
2014-06-23,633634.0,4.0,3.5,2960,6000,2.0,0,0,3,2960,0,2014,,"34115 SE Ash St, Snoqualmie, WA 98065, USA",20140623T000000,34115 SE Ash St,Snoqualmie,WA 98065,USA,98065
2014-06-23,329900.0,3.0,2.5,2242,4995,2.0,0,0,3,2242,0,2011,,"Evergreen Way SE, Auburn, WA 98092, USA",20140623T000000,Evergreen Way SE,Auburn,WA 98092,USA,98092
2014-06-23,310000.0,3.0,2.5,2540,4775,2.0,0,0,3,2540,0,2006,,"21720 SE 299th Way, Kent, WA 98042, USA",20140623T000000,21720 SE 299th Way,Kent,WA 98042,USA,98042
2014-06-23,345000.0,3.0,1.5,1420,1192,2.0,0,0,3,1140,280,2008,,"1707 22nd Ave S, Seattle, WA 98144, USA",20140623T000000,1707 22nd Ave S,Seattle,WA 98144,USA,98144
2014-06-23,160797.0,3.0,1.5,1270,2356,2.0,0,0,3,1270,0,2012,,"4018 S Lilac St, Seattle, WA 98108, USA",20140623T000000,4018 S Lilac St,Seattle,WA 98108,USA,98108
2014-06-23,562500.0,3.0,2.25,1300,907,2.0,0,0,3,1000,300,2006,,"2008 Yale Ave E, Seattle, WA 98102, USA",20140623T000000,2008 Yale Ave E,Seattle,WA 98102,USA,98102
2014-06-23,664950.0,5.0,3.0,3190,7081,1.0,0,2,3,1890,1300,2013,,"7528 S Laurel St, Seattle, WA 98178, USA",20140623T000000,7528 S Laurel St,Seattle,WA 98178,USA,98178
2014-06-23,515000.0,5.0,3.25,2910,5027,2.0,0,0,3,2040,870,2013,,"1920C SW Brandon St, Seattle, WA 98106, USA",20140623T000000,1920C SW Brandon St,Seattle,WA 98106,USA,98106
2014-06-23,497000.0,3.0,2.25,1630,3817,2.0,0,0,3,1630,0,2005,,"1981 24th Ave NE, Issaquah, WA 98029, USA",20140623T000000,1981 24th Ave NE,Issaquah,WA 98029,USA,98029
2014-06-23,312891.0,5.0,3.0,2300,8214,2.0,0,0,3,2300,0,2013,,"33027 47th Pl S, Federal Way, WA 98001, USA",20140623T000000,33027 47th Pl S,Federal Way,WA 98001,USA,98001
2014-06-23,670000.0,3.0,2.5,3310,5300,2.0,0,2,3,2440,870,2008,,"9400 44th Ave SW, Seattle, WA 98136, USA",20140623T000000,9400 44th Ave SW,Seattle,WA 98136,USA,98136
2014-06-23,362500.0,2.0,1.5,940,1768,2.0,0,0,3,940,0,2009,,"1124 29th Ave S, Seattle, WA 98144, USA",20140623T000000,1124 29th Ave S,Seattle,WA 98144,USA,98144
2014-06-23,402101.0,2.0,0.75,1020,1350,2.0,0,0,3,1020,0,2009,,"902 26th Ave S, Seattle, WA 98144, USA",20140623T000000,902 26th Ave S,Seattle,WA 98144,USA,98144
2014-06-24,438000.0,3.0,1.75,1520,6380,1.0,0,0,3,790,730,1948,,"2302 NE 91st St, Seattle, WA 98115, USA",20140624T000000,2302 NE 91st St,Seattle,WA 98115,USA,98115
2014-06-24,687500.0,4.0,1.75,2330,5000,1.5,0,0,4,1510,820,1929,,"7326 9th Ave NW, Seattle, WA 98117, USA",20140624T000000,7326 9th Ave NW,Seattle,WA 98117,USA,98117
2014-06-24,160000.0,3.0,1.5,1010,9600,1.0,0,0,4,1010,0,1962,,"21416 13th Ave S, Des Moines, WA 98198, USA",20140624T000000,21416 13th Ave S,Des Moines,WA 98198,USA,98198
2014-06-24,415000.0,3.0,1.75,1070,8000,1.0,0,0,3,1070,0,1977,,"10908 156th Ct NE, Redmond, WA 98052, USA",20140624T000000,10908 156th Ct NE,Redmond,WA 98052,USA,98052
2014-06-24,405000.0,3.0,2.5,3170,12750,2.0,0,0,3,2360,810,1995,,"29414 2nd Ave SW, Federal Way, WA 98023, USA",20140624T000000,29414 2nd Ave SW,Federal Way,WA 98023,USA,98023
2014-06-24,880000.0,4.0,2.5,3030,3841,3.0,0,0,3,3030,0,2005,,"6709 9th Ave NW, Seattle, WA 98117, USA",20140624T000000,6709 9th Ave NW,Seattle,WA 98117,USA,98117
2014-06-24,585000.0,3.0,2.5,2270,100545,2.0,0,0,3,2270,0,1998,,"10613 SW 138th St, Vashon, WA 98070, USA",20140624T000000,10613 SW 138th St,Vashon,WA 98070,USA,98070
2014-06-24,640000.0,4.0,2.5,2341,9594,2.0,0,0,3,2341,0,1997,,"11001-11025 169th Pl NE, Redmond, WA 98052, USA",20140624T000000,11001-11025 169th Pl NE,Redmond,WA 98052,USA,98052
2014-06-24,819000.0,3.0,3.5,2130,6150,2.0,0,2,5,1530,600,1908,,"3215 37th Ave W, Seattle, WA 98199, USA",20140624T000000,3215 37th Ave W,Seattle,WA 98199,USA,98199
2014-06-24,520000.0,3.0,1.75,2300,35722,1.0,0,0,3,2300,0,1984,,"16203 170th Ave NE, Woodinville, WA 98072, USA",20140624T000000,16203 170th Ave NE,Woodinville,WA 98072,USA,98072
2014-06-24,367500.0,3.0,1.0,1660,11783,1.0,0,0,4,1160,500,1978,,"17619 197th Ave NE, Woodinville, WA 98077, USA",20140624T000000,17619 197th Ave NE,Woodinville,WA 98077,USA,98077
2014-06-24,762500.0,4.0,2.75,2610,8760,1.0,0,0,4,1760,850,1978,,"8208 SE 26th St, Mercer Island, WA 98040, USA",20140624T000000,8208 SE 26th St,Mercer Island,WA 98040,USA,98040
2014-06-24,300000.0,3.0,1.0,2150,7007,1.0,0,0,3,2150,0,1954,,"315 NW 183rd St, Shoreline, WA 98177, USA",20140624T000000,315 NW 183rd St,Shoreline,WA 98177,USA,98177
2014-06-24,625000.0,3.0,2.5,2410,64073,1.0,0,0,4,1820,590,1976,,"14828 NE 163rd St, Woodinville, WA 98072, USA",20140624T000000,14828 NE 163rd St,Woodinville,WA 98072,USA,98072
2014-06-24,530000.0,2.0,1.5,1580,3680,1.0,0,2,3,1280,300,1941,,"3036-3040 36th Ave SW, Seattle, WA 98126, USA",20140624T000000,3036-3040 36th Ave SW,Seattle,WA 98126,USA,98126
2014-06-24,379000.0,3.0,2.5,1740,30886,2.0,0,0,3,1740,0,1992,,"47518 SE 153rd St, North Bend, WA 98045, USA",20140624T000000,47518 SE 153rd St,North Bend,WA 98045,USA,98045
2014-06-24,615000.0,2.0,1.0,1270,5000,1.0,0,0,3,1090,180,1949,,"7407-7411 28th Ave NW, Seattle, WA 98117, USA",20140624T000000,7407-7411 28th Ave NW,Seattle,WA 98117,USA,98117
2014-06-24,660000.0,2.0,2.25,2550,6000,2.0,0,0,5,1860,690,1902,,"6054 5th Ave NE, Seattle, WA 98115, USA",20140624T000000,6054 5th Ave NE,Seattle,WA 98115,USA,98115
2014-06-24,380000.0,3.0,2.25,1860,15559,2.0,0,0,4,1860,0,1963,,"52435 SE 496th Pl, Enumclaw, WA 98022, USA",20140624T000000,52435 SE 496th Pl,Enumclaw,WA 98022,USA,98022
2014-06-24,314900.0,4.0,1.75,2700,27072,1.0,0,0,3,1380,1320,1958,,"34901-35199 Weyerhaeuser Way S, Federal Way, WA 98003, USA",20140624T000000,34901-35199 Weyerhaeuser Way S,Federal Way,WA 98003,USA,98003
2014-06-24,324950.0,3.0,1.5,1460,8710,1.0,0,0,3,1460,0,1955,,"1636 SW 164th St, Burien, WA 98166, USA",20140624T000000,1636 SW 164th St,Burien,WA 98166,USA,98166
2014-06-24,225000.0,3.0,1.75,1330,13102,1.0,0,0,3,1330,0,1968,,"903 S 317th St, Federal Way, WA 98003, USA",20140624T000000,903 S 317th St,Federal Way,WA 98003,USA,98003
2014-06-24,535000.0,3.0,2.5,2070,4132,2.0,0,0,3,2070,0,1999,,"463 243rd Pl SE, Sammamish, WA 98074, USA",20140624T000000,463 243rd Pl SE,Sammamish,WA 98074,USA,98074
2014-06-24,348500.0,3.0,1.5,1360,10726,1.0,0,0,4,1360,0,1966,,"12019 156th Ave SE, Renton, WA 98059, USA",20140624T000000,12019 156th Ave SE,Renton,WA 98059,USA,98059
2014-06-24,725000.0,4.0,2.5,2650,18295,2.0,0,0,3,2650,0,1986,,"211 140th Ave SE, Bellevue, WA 98005, USA",20140624T000000,211 140th Ave SE,Bellevue,WA 98005,USA,98005
2014-06-24,925000.0,4.0,3.0,3580,35261,1.5,0,0,3,3580,0,1985,,"17720 154th Ct NE, Woodinville, WA 98072, USA",20140624T000000,17720 154th Ct NE,Woodinville,WA 98072,USA,98072
2014-06-24,549000.0,2.0,1.0,2034,13392,1.0,1,4,5,1159,875,1947,,"13013 SW Bachelor Rd, Vashon, WA 98070, USA",20140624T000000,13013 SW Bachelor Rd,Vashon,WA 98070,USA,98070
2014-06-24,400000.0,3.0,2.0,1230,11413,1.0,0,0,3,990,240,1984,,"22834 NE 25th Way, Sammamish, WA 98074, USA",20140624T000000,22834 NE 25th Way,Sammamish,WA 98074,USA,98074
2014-06-24,620000.0,4.0,2.5,2450,55387,2.0,0,0,3,2450,0,1994,,"2540 265th Ave NE, Redmond, WA 98053, USA",20140624T000000,2540 265th Ave NE,Redmond,WA 98053,USA,98053
2014-06-24,665000.0,6.0,2.75,2840,8346,1.0,0,0,5,1420,1420,1961,,"5407 S Lucile St, Seattle, WA 98118, USA",20140624T000000,5407 S Lucile St,Seattle,WA 98118,USA,98118
2014-06-24,1215000.0,4.0,3.75,3820,53574,1.0,0,0,3,3820,0,1994,,"14511 164th Ave NE, Woodinville, WA 98072, USA",20140624T000000,14511 164th Ave NE,Woodinville,WA 98072,USA,98072
2014-06-24,1157400.0,3.0,2.5,2740,5925,2.0,0,2,3,2740,0,1913,1992.0,"1226 22nd Ave E, Seattle, WA 98112, USA",20140624T000000,1226 22nd Ave E,Seattle,WA 98112,USA,98112
2014-06-24,349950.0,4.0,2.5,2090,5289,2.0,0,0,3,2090,0,1989,,"19335 133rd Pl SE, Renton, WA 98058, USA",20140624T000000,19335 133rd Pl SE,Renton,WA 98058,USA,98058
2014-06-24,2466350.0,5.0,4.75,6390,13180,2.0,0,0,3,4560,1830,1940,,"1239 Parkside Dr E, Seattle, WA 98112, USA",20140624T000000,1239 Parkside Dr E,Seattle,WA 98112,USA,98112
2014-06-24,339000.0,4.0,2.0,2470,5080,1.5,0,0,3,1970,500,1948,1988.0,"7936 10th Ave SW, Seattle, WA 98106, USA",20140624T000000,7936 10th Ave SW,Seattle,WA 98106,USA,98106
2014-06-24,615000.0,3.0,1.75,1720,4080,1.0,0,0,4,960,760,1924,,"3219 37th Pl S, Seattle, WA 98144, USA",20140624T000000,3219 37th Pl S,Seattle,WA 98144,USA,98144
2014-06-24,751000.0,4.0,3.25,3090,9571,2.0,0,0,3,2370,720,2004,,"11719 157th Ave NE, Redmond, WA 98052, USA",20140624T000000,11719 157th Ave NE,Redmond,WA 98052,USA,98052
2014-06-24,941000.0,4.0,1.75,2320,3825,1.5,0,0,5,1820,500,1926,,"128 NE 51st St, Seattle, WA 98105, USA",20140624T000000,128 NE 51st St,Seattle,WA 98105,USA,98105
2014-06-24,600000.0,4.0,1.75,1740,7700,1.0,0,0,5,1740,0,1968,,"1800 172nd Ave NE, Bellevue, WA 98008, USA",20140624T000000,1800 172nd Ave NE,Bellevue,WA 98008,USA,98008
2014-06-24,455000.0,4.0,2.5,2950,4502,2.0,0,0,3,2950,0,2005,,"5100 NE 10th Pl, Renton, WA 98059, USA",20140624T000000,5100 NE 10th Pl,Renton,WA 98059,USA,98059
2014-06-24,1295648.0,0.0,0.0,4810,28008,2.0,0,0,3,4810,0,1990,,"20418 NE 64th Pl, Redmond, WA 98053, USA",20140624T000000,20418 NE 64th Pl,Redmond,WA 98053,USA,98053
2014-06-24,485000.0,3.0,2.5,1500,5412,1.0,0,0,5,900,600,1920,,"5909 48th Ave SW, Seattle, WA 98136, USA",20140624T000000,5909 48th Ave SW,Seattle,WA 98136,USA,98136
2014-06-24,358000.0,3.0,1.5,1810,100188,1.0,0,0,5,1810,0,1969,,"42809 260th Ave SE, Enumclaw, WA 98022, USA",20140624T000000,42809 260th Ave SE,Enumclaw,WA 98022,USA,98022
2014-06-24,339000.0,3.0,1.0,1100,4128,1.0,0,0,4,720,380,1942,,"8202 37th Ave SW, Seattle, WA 98126, USA",20140624T000000,8202 37th Ave SW,Seattle,WA 98126,USA,98126
2014-06-24,258000.0,3.0,1.0,1490,7435,1.0,0,0,3,1120,370,1969,,"26000-26198 Woodmont Dr S, Des Moines, WA 98198, USA",20140624T000000,26000-26198 Woodmont Dr S,Des Moines,WA 98198,USA,98198
2014-06-24,455000.0,2.0,1.5,1200,1259,2.0,0,0,3,1000,200,2013,,"301 27th Ave S, Seattle, WA 98144, USA",20140624T000000,301 27th Ave S,Seattle,WA 98144,USA,98144
2014-06-24,437000.0,4.0,2.5,1890,8505,1.0,0,0,3,1290,600,1980,,"8619 169th Ct NE, Redmond, WA 98052, USA",20140624T000000,8619 169th Ct NE,Redmond,WA 98052,USA,98052
2014-06-24,689000.0,3.0,1.75,2200,9840,1.0,0,0,5,1500,700,1978,,"15222 SE 48th Dr, Bellevue, WA 98006, USA",20140624T000000,15222 SE 48th Dr,Bellevue,WA 98006,USA,98006
2014-06-24,319000.0,4.0,2.5,2510,7992,1.0,0,0,3,1610,900,1978,,"3709 S 256th Ct, Kent, WA 98032, USA",20140624T000000,3709 S 256th Ct,Kent,WA 98032,USA,98032
2014-06-24,510000.0,3.0,2.25,1420,1309,3.0,0,0,3,1420,0,2006,,"3821-3825 Whitman Ave N, Seattle, WA 98103, USA",20140624T000000,3821-3825 Whitman Ave N,Seattle,WA 98103,USA,98103
2014-06-24,440000.0,3.0,1.75,2000,9900,1.0,0,2,4,1480,520,1957,,"17705 3rd Pl SW, Normandy Park, WA 98166, USA",20140624T000000,17705 3rd Pl SW,Normandy Park,WA 98166,USA,98166
2014-06-24,1010000.0,2.0,2.0,1460,9052,1.0,0,2,5,1460,0,1900,,"1302 1st St, Kirkland, WA 98033, USA",20140624T000000,1302 1st St,Kirkland,WA 98033,USA,98033
2014-06-24,875000.0,4.0,2.5,3220,22588,2.0,0,0,3,3220,0,1996,,"14305 214th Way NE, Woodinville, WA 98077, USA",20140624T000000,14305 214th Way NE,Woodinville,WA 98077,USA,98077
2014-06-24,304000.0,4.0,2.0,1310,8454,1.0,0,0,4,1310,0,1953,,"17547 11th Ave NE, Shoreline, WA 98155, USA",20140624T000000,17547 11th Ave NE,Shoreline,WA 98155,USA,98155
2014-06-24,139000.0,2.0,1.0,690,5280,1.0,0,0,4,690,0,1942,,"755 Dayton Ave NE, Renton, WA 98056, USA",20140624T000000,755 Dayton Ave NE,Renton,WA 98056,USA,98056
2014-06-24,464500.0,3.0,1.75,1150,10466,1.0,0,0,5,1150,0,1959,,"12227 SE 55th Pl, Bellevue, WA 98006, USA",20140624T000000,12227 SE 55th Pl,Bellevue,WA 98006,USA,98006
2014-06-24,336500.0,3.0,1.0,1480,7284,1.0,0,0,3,970,510,1963,,"608 N 202nd St, Shoreline, WA 98133, USA",20140624T000000,608 N 202nd St,Shoreline,WA 98133,USA,98133
2014-06-24,230000.0,4.0,1.75,1850,6000,1.0,0,0,4,1270,580,1944,,"6909 S 124th St, Seattle, WA 98178, USA",20140624T000000,6909 S 124th St,Seattle,WA 98178,USA,98178
2014-06-24,425000.0,3.0,2.5,1930,4500,2.0,0,0,3,1930,0,1990,,"25238 SE 35th St, Issaquah, WA 98029, USA",20140624T000000,25238 SE 35th St,Issaquah,WA 98029,USA,98029
2014-06-24,300000.0,2.0,1.0,750,5120,1.0,0,0,4,750,0,1941,,"7920 34th Ave SW, Seattle, WA 98126, USA",20140624T000000,7920 34th Ave SW,Seattle,WA 98126,USA,98126
2014-06-24,457500.0,3.0,2.25,1430,2003,2.0,0,0,3,980,450,1996,,"1362 31st Ave S, Seattle, WA 98144, USA",20140624T000000,1362 31st Ave S,Seattle,WA 98144,USA,98144
2014-06-24,366000.0,3.0,1.75,1840,11440,1.0,0,0,4,1340,500,1977,,"14923 SE 143rd Pl, Renton, WA 98059, USA",20140624T000000,14923 SE 143rd Pl,Renton,WA 98059,USA,98059
2014-06-24,502000.0,3.0,2.0,1300,14350,1.0,0,0,3,1300,0,1955,2013.0,"4029 142nd Ave SE, Bellevue, WA 98006, USA",20140624T000000,4029 142nd Ave SE,Bellevue,WA 98006,USA,98006
2014-06-24,194000.0,3.0,1.0,1050,7577,1.0,0,0,3,1050,0,1983,,"34810 18th Ave SW, Federal Way, WA 98023, USA",20140624T000000,34810 18th Ave SW,Federal Way,WA 98023,USA,98023
2014-06-24,305000.0,4.0,2.25,2210,9371,2.0,0,0,4,2210,0,1968,,"4129 Hampton Way, Kent, WA 98032, USA",20140624T000000,4129 Hampton Way,Kent,WA 98032,USA,98032
2014-06-24,1250000.0,4.0,2.5,3220,15600,1.0,0,0,5,1680,1540,1973,,"13 Cascade Key, Bellevue, WA 98006, USA",20140624T000000,13 Cascade Key,Bellevue,WA 98006,USA,98006
2014-06-24,575000.0,4.0,2.5,4620,20793,2.0,0,0,4,4620,0,1991,,"480 SW 345th St, Federal Way, WA 98023, USA",20140624T000000,480 SW 345th St,Federal Way,WA 98023,USA,98023
2014-06-24,343500.0,4.0,1.75,1760,6204,1.0,0,2,4,1180,580,1950,,"11008 Auburn Ave S, Seattle, WA 98178, USA",20140624T000000,11008 Auburn Ave S,Seattle,WA 98178,USA,98178
2014-06-24,325000.0,3.0,1.0,850,6906,1.0,0,0,3,850,0,1948,,"15812 14th Avenue Northeast, Shoreline, WA 98155, USA",20140624T000000,15812 14th Avenue Northeast,Shoreline,WA 98155,USA,98155
2014-06-24,600000.0,4.0,3.25,4690,14930,2.0,0,2,3,3680,1010,1995,,"19560 44th Ave NE, Lake Forest Park, WA 98155, USA",20140624T000000,19560 44th Ave NE,Lake Forest Park,WA 98155,USA,98155
2014-06-24,850000.0,4.0,3.5,3920,37122,2.0,0,0,3,3920,0,1996,,"2515 263rd Ct NE, Redmond, WA 98053, USA",20140624T000000,2515 263rd Ct NE,Redmond,WA 98053,USA,98053
2014-06-24,420000.0,3.0,2.5,2140,3821,2.0,0,0,3,2140,0,2005,,"2971 NE Marquette Way, Issaquah, WA 98029, USA",20140624T000000,2971 NE Marquette Way,Issaquah,WA 98029,USA,98029
2014-06-24,257500.0,2.0,2.0,1180,9265,1.0,0,0,3,1180,0,1940,,"13321 30th Ave NE, Seattle, WA 98125, USA",20140624T000000,13321 30th Ave NE,Seattle,WA 98125,USA,98125
2014-06-24,317000.0,5.0,2.5,2360,11375,1.0,0,0,4,1180,1180,1962,,"6277-6399 S 129th St, Seattle, WA 98178, USA",20140624T000000,6277-6399 S 129th St,Seattle,WA 98178,USA,98178
2014-06-24,970000.0,3.0,2.25,3060,9950,1.5,0,2,4,1810,1250,1930,,"2721-3279 Lake Washington Blvd S, Seattle, WA 98144, USA",20140624T000000,2721-3279 Lake Washington Blvd S,Seattle,WA 98144,USA,98144
2014-06-24,252000.0,3.0,2.25,1670,7881,1.0,0,0,4,1190,480,1977,,"12046 SE 214th St, Kent, WA 98031, USA",20140624T000000,12046 SE 214th St,Kent,WA 98031,USA,98031
2014-06-24,683500.0,3.0,1.5,1820,5756,1.5,0,0,3,1640,180,1946,,"716 W Etruria St, Seattle, WA 98119, USA",20140624T000000,716 W Etruria St,Seattle,WA 98119,USA,98119
2014-06-24,289000.0,3.0,2.5,1970,9607,2.0,0,0,3,1090,880,1988,,"28426 37th Ave S, Auburn, WA 98001, USA",20140624T000000,28426 37th Ave S,Auburn,WA 98001,USA,98001
2014-06-24,355000.0,2.0,2.25,930,747,2.0,0,0,3,630,300,2007,,"2107 13th Ave S, Seattle, WA 98144, USA",20140624T000000,2107 13th Ave S,Seattle,WA 98144,USA,98144
2014-06-24,675000.0,3.0,3.5,2300,5611,1.0,0,0,3,2300,0,2004,,"23339 NE 126th St, Redmond, WA 98053, USA",20140624T000000,23339 NE 126th St,Redmond,WA 98053,USA,98053
2014-06-24,396500.0,3.0,2.5,2590,18980,1.0,0,0,4,2590,0,1976,,"24292 141st Pl SE, Kent, WA 98042, USA",20140624T000000,24292 141st Pl SE,Kent,WA 98042,USA,98042
2014-06-24,362500.0,4.0,1.75,1450,8450,1.0,0,0,3,1450,0,1960,,"417 SE Andrews St, Issaquah, WA 98027, USA",20140624T000000,417 SE Andrews St,Issaquah,WA 98027,USA,98027
2014-06-24,395000.0,4.0,1.75,1540,5120,1.0,0,0,5,770,770,1943,,"7350 31st Ave SW, Seattle, WA 98126, USA",20140624T000000,7350 31st Ave SW,Seattle,WA 98126,USA,98126
2014-06-24,599000.0,5.0,2.75,2730,22572,1.0,0,0,3,2080,650,1968,1992.0,"22631 SE 18th Pl, Sammamish, WA 98075, USA",20140624T000000,22631 SE 18th Pl,Sammamish,WA 98075,USA,98075
2014-06-24,218000.0,3.0,1.0,880,18205,1.0,0,0,4,880,0,1945,,"11257 Crestwood Dr S, Seattle, WA 98178, USA",20140624T000000,11257 Crestwood Dr S,Seattle,WA 98178,USA,98178
2014-06-24,589950.0,4.0,2.5,3190,8195,2.0,0,0,3,3190,0,2006,,"27463 254th Pl SE, Maple Valley, WA 98038, USA",20140624T000000,27463 254th Pl SE,Maple Valley,WA 98038,USA,98038
2014-06-24,218000.0,3.0,1.5,1330,7600,1.0,0,0,4,1330,0,1968,,"2530 SW 325th Pl, Federal Way, WA 98023, USA",20140624T000000,2530 SW 325th Pl,Federal Way,WA 98023,USA,98023
2014-06-24,360000.0,3.0,1.75,1500,7200,1.0,0,0,3,1500,0,1957,,"20015 Burke Ave N, Shoreline, WA 98133, USA",20140624T000000,20015 Burke Ave N,Shoreline,WA 98133,USA,98133
2014-06-24,350000.0,2.0,1.0,740,7680,1.0,0,0,4,740,0,1922,,"8802 30th Ave SW, Seattle, WA 98126, USA",20140624T000000,8802 30th Ave SW,Seattle,WA 98126,USA,98126
2014-06-24,350000.0,4.0,3.0,2560,5606,2.0,0,0,3,2560,0,2004,,"12251 SE 306th Ct, Auburn, WA 98092, USA",20140624T000000,12251 SE 306th Ct,Auburn,WA 98092,USA,98092
2014-06-24,845000.0,3.0,2.0,2540,4750,1.5,0,0,5,1840,700,1930,,"7524 34th Ave NW, Seattle, WA 98117, USA",20140624T000000,7524 34th Ave NW,Seattle,WA 98117,USA,98117
2014-06-24,839000.0,3.0,2.5,3200,203425,1.0,0,0,3,3200,0,2000,,"18415 244th Ave NE, Woodinville, WA 98077, USA",20140624T000000,18415 244th Ave NE,Woodinville,WA 98077,USA,98077
2014-06-24,850000.0,4.0,3.0,3330,4000,1.0,0,0,3,1790,1540,1958,,"4015 Midvale Ave N, Seattle, WA 98103, USA",20140624T000000,4015 Midvale Ave N,Seattle,WA 98103,USA,98103
2014-06-24,329950.0,2.0,1.0,900,5220,1.0,0,0,4,900,0,1956,,"10264 California Ave SW, Seattle, WA 98146, USA",20140624T000000,10264 California Ave SW,Seattle,WA 98146,USA,98146
2014-06-24,425000.0,4.0,1.5,1600,6180,1.5,0,0,3,1600,0,1946,,"3856 38th Ave S, Seattle, WA 98118, USA",20140624T000000,3856 38th Ave S,Seattle,WA 98118,USA,98118
2014-06-24,210000.0,2.0,1.0,970,5500,1.0,0,0,3,970,0,1956,,"5031 Martin Luther King Jr Way S, Seattle, WA 98118, USA",20140624T000000,5031 Martin Luther King Jr Way S,Seattle,WA 98118,USA,98118
2014-06-24,631500.0,2.0,1.0,1130,2640,1.0,0,0,4,1130,0,1927,,"2617 Queen Anne Ave N, Seattle, WA 98109, USA",20140624T000000,2617 Queen Anne Ave N,Seattle,WA 98109,USA,98109
2014-06-24,295000.0,2.0,1.0,650,5400,1.0,0,0,3,650,0,1950,,"1829 29th Ave, Seattle, WA 98122, USA",20140624T000000,1829 29th Ave,Seattle,WA 98122,USA,98122
2014-06-24,575000.0,3.0,2.25,2400,5000,1.5,0,0,4,1440,960,1926,,"8322 28th Ave NW, Seattle, WA 98117, USA",20140624T000000,8322 28th Ave NW,Seattle,WA 98117,USA,98117
2014-06-24,415000.0,3.0,2.5,2280,6031,2.0,0,0,3,2280,0,2011,,"27927 NE 147th Cir, Duvall, WA 98019, USA",20140624T000000,27927 NE 147th Cir,Duvall,WA 98019,USA,98019
2014-06-24,859000.0,4.0,2.25,3550,13900,1.0,0,0,3,1830,1720,2010,,"15831 SE 43rd Pl, Bellevue, WA 98006, USA",20140624T000000,15831 SE 43rd Pl,Bellevue,WA 98006,USA,98006
2014-06-24,639888.0,4.0,2.5,2050,2772,2.0,0,0,3,2050,0,2012,,"1474 14th Pl NE, Issaquah, WA 98029, USA",20140624T000000,1474 14th Pl NE,Issaquah,WA 98029,USA,98029
2014-06-24,329445.0,2.0,1.5,830,1119,2.0,0,0,3,830,0,2005,,"2300 14th Ave S, Seattle, WA 98144, USA",20140624T000000,2300 14th Ave S,Seattle,WA 98144,USA,98144
2014-06-24,745641.0,4.0,2.5,2440,4850,2.0,0,0,3,2440,0,2013,,"11631 170th Ct NE, Redmond, WA 98052, USA",20140624T000000,11631 170th Ct NE,Redmond,WA 98052,USA,98052
2014-06-24,395000.0,3.0,2.5,1600,1936,2.0,0,0,3,1600,0,2007,,"4517-4529 S Genesee St, Seattle, WA 98108, USA",20140624T000000,4517-4529 S Genesee St,Seattle,WA 98108,USA,98108
2014-06-24,790000.0,4.0,3.5,3190,31450,2.0,0,0,3,3190,0,2010,,"11102 Upper Preston Rd SE, Issaquah, WA 98027, USA",20140624T000000,11102 Upper Preston Rd SE,Issaquah,WA 98027,USA,98027
2014-06-25,890000.0,4.0,1.0,2550,4000,2.0,0,0,3,2370,180,1905,,"1816 2nd Ave N, Seattle, WA 98109, USA",20140625T000000,1816 2nd Ave N,Seattle,WA 98109,USA,98109
2014-06-25,400000.0,3.0,2.5,2180,7508,1.0,0,0,4,1420,760,1962,,"18032 Burke Ave N, Shoreline, WA 98133, USA",20140625T000000,18032 Burke Ave N,Shoreline,WA 98133,USA,98133
2014-06-25,365500.0,3.0,2.0,1410,9600,1.0,0,0,4,1410,0,1983,,"18120 145th Pl NE, Woodinville, WA 98072, USA",20140625T000000,18120 145th Pl NE,Woodinville,WA 98072,USA,98072
2014-06-25,245000.0,3.0,2.0,1410,5760,1.0,0,0,3,1410,0,1985,,"25813 117th Pl SE, Kent, WA 98030, USA",20140625T000000,25813 117th Pl SE,Kent,WA 98030,USA,98030
2014-06-25,390000.0,4.0,2.5,2340,8548,2.0,0,0,3,2340,0,1993,,"11824 SE 203rd St, Kent, WA 98031, USA",20140625T000000,11824 SE 203rd St,Kent,WA 98031,USA,98031
2014-06-25,196500.0,3.0,1.0,1320,9000,1.0,0,0,3,1320,0,1966,,"28430 49th Ave S, Auburn, WA 98001, USA",20140625T000000,28430 49th Ave S,Auburn,WA 98001,USA,98001
2014-06-25,1200000.0,4.0,1.75,3990,13470,2.0,0,0,3,3990,0,2006,,"15527 SE 79th Pl, Newcastle, WA 98059, USA",20140625T000000,15527 SE 79th Pl,Newcastle,WA 98059,USA,98059
2014-06-25,276900.0,3.0,1.0,1270,7566,1.0,0,0,4,1270,0,1958,,"1711 Monroe Ave NE, Renton, WA 98056, USA",20140625T000000,1711 Monroe Ave NE,Renton,WA 98056,USA,98056
2014-06-25,995000.0,3.0,4.5,4380,47044,2.0,1,3,3,3720,660,1968,1990.0,"14423 25th Ave SW, Burien, WA 98166, USA",20140625T000000,14423 25th Ave SW,Burien,WA 98166,USA,98166
2014-06-25,2300000.0,4.0,3.25,4250,8570,2.0,0,0,3,4250,0,2004,,"511 98th Ave NE, Bellevue, WA 98004, USA",20140625T000000,511 98th Ave NE,Bellevue,WA 98004,USA,98004
2014-06-25,505000.0,3.0,2.5,1860,8060,2.0,0,0,4,1860,0,1987,,"4327 243rd Ave SE, Issaquah, WA 98029, USA",20140625T000000,4327 243rd Ave SE,Issaquah,WA 98029,USA,98029
2014-06-25,1229000.0,4.0,3.5,3770,37034,2.0,0,0,3,2830,940,1989,,"14203 NE 40th Pl, Bellevue, WA 98007, USA",20140625T000000,14203 NE 40th Pl,Bellevue,WA 98007,USA,98007
2014-06-25,352000.0,4.0,1.0,1530,8890,1.0,0,0,3,980,550,1925,,"7940 12th Ave SW, Seattle, WA 98106, USA",20140625T000000,7940 12th Ave SW,Seattle,WA 98106,USA,98106
2014-06-25,597326.0,4.0,4.0,3570,8250,2.0,0,0,3,2860,710,2013,,"8416 SE 36th St, Mercer Island, WA 98040, USA",20140625T000000,8416 SE 36th St,Mercer Island,WA 98040,USA,98040
2014-06-25,800000.0,2.0,1.0,1740,5719,1.0,0,0,3,1740,0,1955,,"6116 Kirkwood Pl N, Seattle, WA 98103, USA",20140625T000000,6116 Kirkwood Pl N,Seattle,WA 98103,USA,98103
2014-06-25,270000.0,3.0,2.5,1670,8364,1.0,0,0,4,1300,370,1990,,"19223 SE 259th Pl, Covington, WA 98042, USA",20140625T000000,19223 SE 259th Pl,Covington,WA 98042,USA,98042
2014-06-25,235000.0,4.0,2.0,1570,9415,2.0,0,0,4,1570,0,1984,,"31845-31899 125th Pl SE, Auburn, WA 98092, USA",20140625T000000,31845-31899 125th Pl SE,Auburn,WA 98092,USA,98092
2014-06-25,409900.0,2.0,2.5,1590,1845,2.0,0,0,3,1590,0,1997,,"12418 NE 100th St, Kirkland, WA 98033, USA",20140625T000000,12418 NE 100th St,Kirkland,WA 98033,USA,98033
2014-06-25,739900.0,5.0,2.5,2980,5377,2.0,0,0,3,2980,0,2006,,"11931 179th Pl NE, Redmond, WA 98052, USA",20140625T000000,11931 179th Pl NE,Redmond,WA 98052,USA,98052
2014-06-25,608000.0,4.0,2.5,2690,4736,2.0,0,0,3,2690,0,2001,,"9754 228th Terrace NE, Redmond, WA 98053, USA",20140625T000000,9754 228th Terrace NE,Redmond,WA 98053,USA,98053
2014-06-25,381500.0,2.0,1.0,900,2910,1.0,0,0,5,900,0,1924,,"519 NE 79th St, Seattle, WA 98115, USA",20140625T000000,519 NE 79th St,Seattle,WA 98115,USA,98115
2014-06-25,562100.0,2.0,0.75,1440,3700,1.0,0,0,3,1200,240,1914,,"5641-5645 6th Ave NW, Seattle, WA 98107, USA",20140625T000000,5641-5645 6th Ave NW,Seattle,WA 98107,USA,98107
2014-06-25,740000.0,4.0,2.5,3000,10392,2.0,0,0,3,3000,0,1995,,"875 Cyprus Ct NW, Issaquah, WA 98027, USA",20140625T000000,875 Cyprus Ct NW,Issaquah,WA 98027,USA,98027
2014-06-25,308000.0,3.0,1.0,1640,18144,1.5,0,0,3,1640,0,1942,,"11211 3rd Ave S, Seattle, WA 98168, USA",20140625T000000,11211 3rd Ave S,Seattle,WA 98168,USA,98168
2014-06-25,905000.0,5.0,3.5,3100,10200,1.0,0,4,3,1660,1440,1970,,"408 172nd Pl NE, Bellevue, WA 98008, USA",20140625T000000,408 172nd Pl NE,Bellevue,WA 98008,USA,98008
2014-06-25,762000.0,4.0,3.5,4000,15253,2.0,0,0,3,4000,0,2007,,"34006 SE Salal St, Snoqualmie, WA 98065, USA",20140625T000000,34006 SE Salal St,Snoqualmie,WA 98065,USA,98065
2014-06-25,356000.0,4.0,2.0,2020,48693,1.5,0,0,3,2020,0,1949,,"43525 SE 149th St, North Bend, WA 98045, USA",20140625T000000,43525 SE 149th St,North Bend,WA 98045,USA,98045
2014-06-25,750000.0,3.0,1.5,1840,5000,1.5,0,0,5,1340,500,1915,,"330 NW 50th St, Seattle, WA 98107, USA",20140625T000000,330 NW 50th St,Seattle,WA 98107,USA,98107
2014-06-25,418800.0,4.0,2.25,2100,9984,1.0,0,0,4,1290,810,1973,,"7422-7426 NE 148th Ln, Kenmore, WA 98028, USA",20140625T000000,7422-7426 NE 148th Ln,Kenmore,WA 98028,USA,98028
2014-06-25,276000.0,4.0,2.25,2460,11250,1.0,0,0,4,2460,0,1959,,"1101-1199 O St NE, Auburn, WA 98002, USA",20140625T000000,1101-1199 O St NE,Auburn,WA 98002,USA,98002
2014-06-25,725000.0,3.0,2.5,2610,7510,2.0,0,0,3,2610,0,1996,,"15317 NE 66th Ct, Redmond, WA 98052, USA",20140625T000000,15317 NE 66th Ct,Redmond,WA 98052,USA,98052
2014-06-25,285000.0,3.0,2.0,1460,6377,1.0,0,0,3,1460,0,1995,,"24108 SE 261st Pl, Maple Valley, WA 98038, USA",20140625T000000,24108 SE 261st Pl,Maple Valley,WA 98038,USA,98038
2014-06-25,205000.0,3.0,1.0,1050,8498,1.0,0,0,3,1050,0,1958,,"22123 103rd Pl SE, Kent, WA 98031, USA",20140625T000000,22123 103rd Pl SE,Kent,WA 98031,USA,98031
2014-06-25,583000.0,3.0,2.5,1790,8144,2.0,0,0,3,1790,0,1989,,"907 221st Ave NE, Sammamish, WA 98074, USA",20140625T000000,907 221st Ave NE,Sammamish,WA 98074,USA,98074
2014-06-25,657000.0,4.0,2.5,2180,3375,1.5,0,0,4,1420,760,1926,,"7615 3rd Ave NW, Seattle, WA 98117, USA",20140625T000000,7615 3rd Ave NW,Seattle,WA 98117,USA,98117
2014-06-25,386000.0,4.0,2.25,2050,9583,2.0,0,2,3,1770,280,1965,,"22500-22614 16th Ave S, Des Moines, WA 98198, USA",20140625T000000,22500-22614 16th Ave S,Des Moines,WA 98198,USA,98198
2014-06-25,589950.0,5.0,3.0,2790,19439,1.0,0,3,5,1500,1290,1973,,"18823 SE 216th St, Renton, WA 98058, USA",20140625T000000,18823 SE 216th St,Renton,WA 98058,USA,98058
2014-06-25,575000.0,3.0,2.25,1700,3333,1.5,0,0,3,1100,600,1924,,"6720 4th Ave NW, Seattle, WA 98117, USA",20140625T000000,6720 4th Ave NW,Seattle,WA 98117,USA,98117
2014-06-25,574000.0,3.0,2.5,2380,6832,2.0,0,0,3,2380,0,2002,,"7075-7131 Thompson Ave SE, Snoqualmie, WA 98065, USA",20140625T000000,7075-7131 Thompson Ave SE,Snoqualmie,WA 98065,USA,98065
2014-06-25,690500.0,5.0,2.0,2000,4211,1.5,0,2,4,1280,720,1908,,"2406 E Helen St, Seattle, WA 98112, USA",20140625T000000,2406 E Helen St,Seattle,WA 98112,USA,98112
2014-06-25,565000.0,2.0,1.75,1670,4008,1.0,0,0,3,1670,0,2005,,"2146 NE Nelson Ln, Issaquah, WA 98029, USA",20140625T000000,2146 NE Nelson Ln,Issaquah,WA 98029,USA,98029
2014-06-25,500000.0,3.0,1.5,1190,4750,1.0,0,0,3,970,220,1940,,"2226 NW 60th St, Seattle, WA 98107, USA",20140625T000000,2226 NW 60th St,Seattle,WA 98107,USA,98107
2014-06-25,330000.0,6.0,2.25,3040,28535,1.0,0,0,3,1890,1150,1951,,"614 Hazel Ave N, Kent, WA 98030, USA",20140625T000000,614 Hazel Ave N,Kent,WA 98030,USA,98030
2014-06-25,286000.0,2.0,1.0,780,3475,1.0,0,0,4,780,0,1930,,"200 Taylor Ave S, North Bend, WA 98045, USA",20140625T000000,200 Taylor Ave S,North Bend,WA 98045,USA,98045
2014-06-25,450000.0,3.0,1.5,2330,11740,1.0,0,0,3,1330,1000,1954,,"16359 35th Ave NE, Lake Forest Park, WA 98155, USA",20140625T000000,16359 35th Ave NE,Lake Forest Park,WA 98155,USA,98155
2014-06-25,870000.0,4.0,2.75,2840,4000,1.5,0,0,5,1960,880,1912,,"2019 33rd Ave S, Seattle, WA 98144, USA",20140625T000000,2019 33rd Ave S,Seattle,WA 98144,USA,98144
2014-06-25,725000.0,4.0,2.5,2490,5170,2.0,0,0,4,2490,0,2000,,"13321 NE 92nd Way, Redmond, WA 98052, USA",20140625T000000,13321 NE 92nd Way,Redmond,WA 98052,USA,98052
2014-06-25,275000.0,2.0,1.0,770,4840,1.0,0,0,4,770,0,1927,,"5628 35th Ave SW, Seattle, WA 98126, USA",20140625T000000,5628 35th Ave SW,Seattle,WA 98126,USA,98126
2014-06-25,645000.0,3.0,2.75,1850,16960,1.0,0,2,4,1850,0,1953,,"633 NW 116th St, Seattle, WA 98177, USA",20140625T000000,633 NW 116th St,Seattle,WA 98177,USA,98177
2014-06-25,152000.0,3.0,1.0,1090,3264,1.0,0,0,4,1090,0,1969,,"11845 SE 319th Pl, Auburn, WA 98092, USA",20140625T000000,11845 SE 319th Pl,Auburn,WA 98092,USA,98092
2014-06-25,315000.0,4.0,2.0,1780,5336,1.5,0,0,5,930,850,1918,,"10200-10216 56th Ave S, Seattle, WA 98178, USA",20140625T000000,10200-10216 56th Ave S,Seattle,WA 98178,USA,98178
2014-06-25,190000.0,1.0,0.75,930,29258,1.0,0,0,3,930,0,1941,,"7650 S 134th St, Seattle, WA 98178, USA",20140625T000000,7650 S 134th St,Seattle,WA 98178,USA,98178
2014-06-25,700000.0,4.0,2.5,2770,5686,2.0,0,0,3,2770,0,2004,,"912 274th Way SE, Sammamish, WA 98075, USA",20140625T000000,912 274th Way SE,Sammamish,WA 98075,USA,98075
2014-06-25,233000.0,3.0,1.0,1250,6180,1.5,0,0,3,1250,0,1955,,"322 NE 163rd St, Shoreline, WA 98155, USA",20140625T000000,322 NE 163rd St,Shoreline,WA 98155,USA,98155
2014-06-25,249000.0,4.0,2.25,1830,6136,2.0,0,0,3,1830,0,1990,,"26120-26126 120th Pl SE, Kent, WA 98030, USA",20140625T000000,26120-26126 120th Pl SE,Kent,WA 98030,USA,98030
2014-06-25,310000.0,2.0,1.0,870,5400,1.0,0,0,3,870,0,1950,2007.0,"9238 32nd Ave SW, Seattle, WA 98126, USA",20140625T000000,9238 32nd Ave SW,Seattle,WA 98126,USA,98126
2014-06-25,265950.0,3.0,1.5,1150,8450,1.0,0,0,4,1150,0,1951,,"8540 S 123rd Pl, Seattle, WA 98178, USA",20140625T000000,8540 S 123rd Pl,Seattle,WA 98178,USA,98178
2014-06-25,860000.0,5.0,3.25,4500,9648,2.0,0,4,4,3000,1500,1968,,"4209 NE 135th St, Seattle, WA 98125, USA",20140625T000000,4209 NE 135th St,Seattle,WA 98125,USA,98125
2014-06-25,200000.0,3.0,1.0,1150,4800,1.5,0,0,4,1150,0,1938,,"208 N St NE, Auburn, WA 98002, USA",20140625T000000,208 N St NE,Auburn,WA 98002,USA,98002
2014-06-25,402000.0,4.0,2.25,2000,3672,2.0,0,0,5,1650,350,1926,,"6530 21st Ave NW, Seattle, WA 98117, USA",20140625T000000,6530 21st Ave NW,Seattle,WA 98117,USA,98117
2014-06-25,305000.0,6.0,2.0,1900,8240,1.0,0,0,2,1200,700,1964,,"2825 NE 105th St, Seattle, WA 98125, USA",20140625T000000,2825 NE 105th St,Seattle,WA 98125,USA,98125
2014-06-25,505000.0,3.0,1.75,1640,10695,1.0,0,2,3,1640,0,1975,,"12718 89th Pl NE, Kirkland, WA 98034, USA",20140625T000000,12718 89th Pl NE,Kirkland,WA 98034,USA,98034
2014-06-25,1355000.0,3.0,1.5,2680,4775,2.0,0,2,5,1880,800,1913,,"1602 5th Ave N, Seattle, WA 98109, USA",20140625T000000,1602 5th Ave N,Seattle,WA 98109,USA,98109
2014-06-25,482000.0,3.0,2.5,2420,7307,2.0,0,0,3,2420,0,1998,,"7219 Autumn Ave SE, Snoqualmie, WA 98065, USA",20140625T000000,7219 Autumn Ave SE,Snoqualmie,WA 98065,USA,98065
2014-06-25,299950.0,3.0,1.75,1790,7650,1.0,0,3,3,1790,0,1978,,"31317 41st Pl SW, Federal Way, WA 98023, USA",20140625T000000,31317 41st Pl SW,Federal Way,WA 98023,USA,98023
2014-06-25,770000.0,4.0,2.5,3920,12415,2.0,0,0,3,3920,0,1997,,"23013 SE 44th St, Sammamish, WA 98075, USA",20140625T000000,23013 SE 44th St,Sammamish,WA 98075,USA,98075
2014-06-25,245700.0,3.0,2.25,1640,8400,1.0,0,0,3,1180,460,1968,,"25425 34th Pl S, Kent, WA 98032, USA",20140625T000000,25425 34th Pl S,Kent,WA 98032,USA,98032
2014-06-25,283000.0,3.0,1.0,890,8400,1.0,0,0,4,890,0,1954,,"1109 N 28th Pl, Renton, WA 98056, USA",20140625T000000,1109 N 28th Pl,Renton,WA 98056,USA,98056
2014-06-25,650000.0,4.0,2.75,1910,16532,1.0,0,0,4,1420,490,1940,,"9025 26th Ave NW, Seattle, WA 98117, USA",20140625T000000,9025 26th Ave NW,Seattle,WA 98117,USA,98117
2014-06-25,530000.0,5.0,2.25,2140,7910,1.0,0,0,3,1070,1070,1962,,"227 152nd Pl SE, Bellevue, WA 98007, USA",20140625T000000,227 152nd Pl SE,Bellevue,WA 98007,USA,98007
2014-06-25,440000.0,3.0,1.75,2030,17100,1.0,0,0,4,2030,0,1953,,"2434 SW 170th St, Burien, WA 98166, USA",20140625T000000,2434 SW 170th St,Burien,WA 98166,USA,98166
2014-06-25,1005000.0,4.0,4.5,4225,284011,2.0,0,0,4,4225,0,1985,,"23711 NE 4th St, Sammamish, WA 98074, USA",20140625T000000,23711 NE 4th St,Sammamish,WA 98074,USA,98074
2014-06-25,599990.0,3.0,2.25,2680,9162,1.0,0,0,3,1570,1110,1978,,"4222 186th Pl SE, Issaquah, WA 98027, USA",20140625T000000,4222 186th Pl SE,Issaquah,WA 98027,USA,98027
2014-06-25,544000.0,4.0,2.5,2030,3974,2.0,0,0,3,2030,0,1994,,"4226 250th Pl SE, Issaquah, WA 98029, USA",20140625T000000,4226 250th Pl SE,Issaquah,WA 98029,USA,98029
2014-06-25,1700000.0,5.0,3.5,5850,22885,2.0,0,2,4,4670,1180,1978,,"9625-9701 SE 5th St, Bellevue, WA 98004, USA",20140625T000000,9625-9701 SE 5th St,Bellevue,WA 98004,USA,98004
2014-06-25,270000.0,2.0,1.0,2060,8398,1.0,0,0,3,1260,800,1962,,"10447 8th Ave S, Seattle, WA 98168, USA",20140625T000000,10447 8th Ave S,Seattle,WA 98168,USA,98168
2014-06-25,435000.0,2.0,1.0,1060,3036,1.5,0,0,4,1060,0,1943,,"4202 4th Ave NE, Seattle, WA 98105, USA",20140625T000000,4202 4th Ave NE,Seattle,WA 98105,USA,98105
2014-06-25,349000.0,3.0,1.0,1010,8184,1.0,0,0,4,1010,0,1947,,"15510 9th Ave NE, Shoreline, WA 98155, USA",20140625T000000,15510 9th Ave NE,Shoreline,WA 98155,USA,98155
2014-06-25,1140000.0,4.0,2.25,3310,127631,2.0,0,0,5,3310,0,1924,1956.0,"15445 NE 144th Pl, Woodinville, WA 98072, USA",20140625T000000,15445 NE 144th Pl,Woodinville,WA 98072,USA,98072
2014-06-25,320000.0,4.0,2.5,2000,10051,2.0,0,0,3,2000,0,1997,,"23625 SE 267th Ct, Maple Valley, WA 98038, USA",20140625T000000,23625 SE 267th Ct,Maple Valley,WA 98038,USA,98038
2014-06-25,804100.0,4.0,2.5,3070,8086,2.0,0,0,3,3070,0,2005,,"6908 135th Pl SE, Newcastle, WA 98059, USA",20140625T000000,6908 135th Pl SE,Newcastle,WA 98059,USA,98059
2014-06-25,594000.0,3.0,2.25,1270,1406,2.0,0,0,3,1060,210,2014,,"4757 41st Ave NE, Seattle, WA 98105, USA",20140625T000000,4757 41st Ave NE,Seattle,WA 98105,USA,98105
2014-06-25,531500.0,4.0,2.75,3110,49765,1.0,0,0,4,3110,0,1958,1972.0,"22426 SE 300th St, Black Diamond, WA 98010, USA",20140625T000000,22426 SE 300th St,Black Diamond,WA 98010,USA,98010
2014-06-25,1150000.0,3.0,2.0,2110,18815,2.0,0,0,5,2110,0,1979,,"2942 222nd Pl SE, Sammamish, WA 98075, USA",20140625T000000,2942 222nd Pl SE,Sammamish,WA 98075,USA,98075
2014-06-25,374500.0,3.0,2.25,1400,11400,2.0,0,0,3,1400,0,1984,,"8133 NE 158th St, Kenmore, WA 98028, USA",20140625T000000,8133 NE 158th St,Kenmore,WA 98028,USA,98028
2014-06-25,450000.0,4.0,2.75,2310,5650,1.0,0,2,3,1330,980,1952,2012.0,"9853 Arrowsmith Ave S, Seattle, WA 98118, USA",20140625T000000,9853 Arrowsmith Ave S,Seattle,WA 98118,USA,98118
2014-06-25,744500.0,5.0,2.5,2700,16570,1.0,0,0,4,1750,950,1967,,"428 129th Pl NE, Bellevue, WA 98005, USA",20140625T000000,428 129th Pl NE,Bellevue,WA 98005,USA,98005
2014-06-25,913888.0,5.0,2.25,2370,15512,2.0,0,0,4,2370,0,1981,,"14207 SE 52nd Pl, Bellevue, WA 98006, USA",20140625T000000,14207 SE 52nd Pl,Bellevue,WA 98006,USA,98006
2014-06-25,760000.0,4.0,2.5,2760,6000,2.0,0,0,5,2230,530,1942,,"8107 31st Ave NE, Seattle, WA 98115, USA",20140625T000000,8107 31st Ave NE,Seattle,WA 98115,USA,98115
2014-06-25,346500.0,2.0,1.75,1610,6300,1.0,0,0,3,1010,600,1941,,"5404 Columbia Dr S, Seattle, WA 98108, USA",20140625T000000,5404 Columbia Dr S,Seattle,WA 98108,USA,98108
2014-06-25,280000.0,3.0,1.75,1230,8250,1.0,0,0,3,1230,0,1966,,"12410 SE 168th St, Renton, WA 98058, USA",20140625T000000,12410 SE 168th St,Renton,WA 98058,USA,98058
2014-06-25,557500.0,3.0,1.75,1900,11165,1.0,0,0,4,1900,0,1959,,"3430 166th Ave SE, Bellevue, WA 98008, USA",20140625T000000,3430 166th Ave SE,Bellevue,WA 98008,USA,98008
2014-06-25,260000.0,3.0,1.5,1580,8184,1.0,0,0,3,1140,440,1954,,"19307 4th Ave S, Des Moines, WA 98148, USA",20140625T000000,19307 4th Ave S,Des Moines,WA 98148,USA,98148
2014-06-25,1330000.0,3.0,1.5,1940,2885,1.5,0,2,3,1940,0,1900,,"1228 9th Ave W, Seattle, WA 98119, USA",20140625T000000,1228 9th Ave W,Seattle,WA 98119,USA,98119
2014-06-25,640000.0,3.0,1.75,1620,6000,1.0,0,0,5,1040,580,1947,,"8024 Corliss Ave N, Seattle, WA 98103, USA",20140625T000000,8024 Corliss Ave N,Seattle,WA 98103,USA,98103
2014-06-25,280000.0,7.0,2.5,1940,5458,2.0,0,0,3,1940,0,1994,,"12307 SE 315th Pl, Auburn, WA 98092, USA",20140625T000000,12307 SE 315th Pl,Auburn,WA 98092,USA,98092
2014-06-25,205000.0,3.0,1.0,1230,8750,1.0,0,0,3,1230,0,1965,,"30640-30650 1st Pl S, Federal Way, WA 98003, USA",20140625T000000,30640-30650 1st Pl S,Federal Way,WA 98003,USA,98003
2014-06-25,957000.0,5.0,3.25,3160,5000,2.0,0,2,3,2180,980,2005,,"3700 W Fulton St, Seattle, WA 98199, USA",20140625T000000,3700 W Fulton St,Seattle,WA 98199,USA,98199
2014-06-25,625000.0,5.0,2.5,2700,21208,1.0,0,0,4,1950,750,1955,,"13987 SE 2nd St, Bellevue, WA 98005, USA",20140625T000000,13987 SE 2nd St,Bellevue,WA 98005,USA,98005
2014-06-25,680000.0,4.0,1.5,1880,6200,1.0,0,2,5,1440,440,1954,,"3973 SW Arroyo Dr, Seattle, WA 98146, USA",20140625T000000,3973 SW Arroyo Dr,Seattle,WA 98146,USA,98146
2014-06-25,150000.0,2.0,1.0,890,8100,1.0,0,0,3,890,0,1942,,"13232 5th Ave SW, Burien, WA 98146, USA",20140625T000000,13232 5th Ave SW,Burien,WA 98146,USA,98146
2014-06-25,255950.0,3.0,2.5,1720,3676,2.0,0,0,3,1720,0,1992,,"11518 SE 221st Pl, Kent, WA 98031, USA",20140625T000000,11518 SE 221st Pl,Kent,WA 98031,USA,98031
2014-06-25,246500.0,3.0,2.5,1620,7686,2.0,0,0,3,1620,0,1989,,"21635 SE 268th St, Maple Valley, WA 98038, USA",20140625T000000,21635 SE 268th St,Maple Valley,WA 98038,USA,98038
2014-06-25,450000.0,2.0,1.0,1380,4390,1.0,0,0,4,880,500,1931,,"9024 5th Ave NE, Seattle, WA 98115, USA",20140625T000000,9024 5th Ave NE,Seattle,WA 98115,USA,98115
2014-06-25,595888.0,3.0,1.75,1870,9000,1.0,0,0,5,1870,0,1958,,"12521 3rd Ave NW, Seattle, WA 98177, USA",20140625T000000,12521 3rd Ave NW,Seattle,WA 98177,USA,98177
2014-06-25,454000.0,3.0,1.0,1970,22144,1.0,0,0,4,1970,0,1970,,"8527 374th Pl SE, Snoqualmie, WA 98065, USA",20140625T000000,8527 374th Pl SE,Snoqualmie,WA 98065,USA,98065
2014-06-25,299900.0,3.0,1.0,1110,8593,1.0,0,0,3,1110,0,1979,,"18021 24th Ave NE, Shoreline, WA 98155, USA",20140625T000000,18021 24th Ave NE,Shoreline,WA 98155,USA,98155
2014-06-25,200000.0,3.0,2.0,1190,6833,1.0,0,0,3,1190,0,1995,,"31519 121st Pl SE, Auburn, WA 98092, USA",20140625T000000,31519 121st Pl SE,Auburn,WA 98092,USA,98092
2014-06-25,346500.0,3.0,1.0,1150,11802,1.0,0,0,4,1150,0,1932,1958.0,"4533 21st Ave SW, Seattle, WA 98106, USA",20140625T000000,4533 21st Ave SW,Seattle,WA 98106,USA,98106
2014-06-25,585000.0,4.0,2.75,2890,6825,1.0,0,0,3,1560,1330,1973,,"11826 NE 145th St, Kirkland, WA 98034, USA",20140625T000000,11826 NE 145th St,Kirkland,WA 98034,USA,98034
2014-06-25,383000.0,3.0,1.75,1500,13430,1.0,0,0,3,1500,0,1977,,"19121 NE 173rd St, Woodinville, WA 98072, USA",20140625T000000,19121 NE 173rd St,Woodinville,WA 98072,USA,98072
2014-06-25,519000.0,4.0,2.5,1950,2617,1.5,0,0,4,1250,700,1910,,"1124 NW 56th St, Seattle, WA 98107, USA",20140625T000000,1124 NW 56th St,Seattle,WA 98107,USA,98107
2014-06-25,410000.0,3.0,1.5,1250,7700,1.0,0,0,5,1250,0,1968,,"7202 121st Pl SE, Newcastle, WA 98056, USA",20140625T000000,7202 121st Pl SE,Newcastle,WA 98056,USA,98056
2014-06-25,578000.0,4.0,2.5,2070,5415,2.0,0,0,3,2070,0,1996,,"25024 SE 41st Dr, Issaquah, WA 98029, USA",20140625T000000,25024 SE 41st Dr,Issaquah,WA 98029,USA,98029
2014-06-25,1280000.0,4.0,3.5,4660,17398,2.0,0,2,3,4660,0,2003,,"17069 SE 65th Pl, Bellevue, WA 98006, USA",20140625T000000,17069 SE 65th Pl,Bellevue,WA 98006,USA,98006
2014-06-25,395000.0,2.0,2.25,1350,1493,2.0,0,0,3,1050,300,2007,,"4313 SW Willow St, Seattle, WA 98136, USA",20140625T000000,4313 SW Willow St,Seattle,WA 98136,USA,98136
2014-06-25,364000.0,3.0,2.5,1800,2790,2.0,0,0,3,1800,0,2011,,"3011 SW Bataan St, Seattle, WA 98126, USA",20140625T000000,3011 SW Bataan St,Seattle,WA 98126,USA,98126
2014-06-25,240000.0,3.0,2.25,1481,2820,2.0,0,0,3,1481,0,2012,,"42 43rd Ct NE, Auburn, WA 98002, USA",20140625T000000,42 43rd Ct NE,Auburn,WA 98002,USA,98002
2014-06-25,328423.0,3.0,2.5,1730,3600,2.0,0,0,3,1730,0,2014,,"11341-11399 4th Pl SW, Seattle, WA 98146, USA",20140625T000000,11341-11399 4th Pl SW,Seattle,WA 98146,USA,98146
2014-06-25,594000.0,4.0,2.75,2720,4613,2.0,0,0,3,2720,0,2005,,"8827 NE 148th Pl, Kenmore, WA 98028, USA",20140625T000000,8827 NE 148th Pl,Kenmore,WA 98028,USA,98028
2014-06-25,425000.0,3.0,2.5,2320,2267,3.0,0,0,3,2320,0,2009,,"10134 Holman Rd NW, Seattle, WA 98177, USA",20140625T000000,10134 Holman Rd NW,Seattle,WA 98177,USA,98177
2014-06-25,309620.0,3.0,2.5,1860,3730,2.0,0,0,3,1860,0,2012,,"1 View Ln NE, Duvall, WA 98019, USA",20140625T000000,1 View Ln NE,Duvall,WA 98019,USA,98019
2014-06-25,260000.0,5.0,2.5,2025,7760,2.0,0,0,3,2025,0,2007,,"122 Greenlake Pl, Pacific, WA 98047, USA",20140625T000000,122 Greenlake Pl,Pacific,WA 98047,USA,98047
2014-06-25,563500.0,3.0,2.5,1400,1312,3.5,0,0,3,1400,0,2007,,"3637 Phinney Ave N, Seattle, WA 98103, USA",20140625T000000,3637 Phinney Ave N,Seattle,WA 98103,USA,98103
2014-06-25,975000.0,5.0,3.0,2620,5477,2.0,0,0,3,2620,0,2009,,"3655 NE 73rd St, Seattle, WA 98115, USA",20140625T000000,3655 NE 73rd St,Seattle,WA 98115,USA,98115
2014-06-26,937000.0,3.0,1.75,2450,2691,2.0,0,0,3,1750,700,1915,,"206 W Boston St, Seattle, WA 98119, USA",20140626T000000,206 W Boston St,Seattle,WA 98119,USA,98119
2014-06-26,518500.0,3.0,3.5,1590,1102,3.0,0,0,3,1590,0,2010,,"769 N 74th St, Seattle, WA 98103, USA",20140626T000000,769 N 74th St,Seattle,WA 98103,USA,98103
2014-06-26,563500.0,4.0,1.75,2085,174240,1.0,0,0,3,1610,475,1964,,"3707 295th Ave SE, Fall City, WA 98024, USA",20140626T000000,3707 295th Ave SE,Fall City,WA 98024,USA,98024
2014-06-26,1050000.0,4.0,3.5,3450,7832,2.0,0,0,3,3450,0,2007,,"4564 162nd Ln SE, Bellevue, WA 98006, USA",20140626T000000,4564 162nd Ln SE,Bellevue,WA 98006,USA,98006
2014-06-26,350000.0,3.0,2.25,1780,16290,2.0,0,0,4,1780,0,1987,,"15617 160th Ct SE, Renton, WA 98058, USA",20140626T000000,15617 160th Ct SE,Renton,WA 98058,USA,98058
2014-06-26,826000.0,4.0,2.5,3060,7140,2.0,0,0,3,3060,0,2006,,"2401 NE Daphne St, Issaquah, WA 98029, USA",20140626T000000,2401 NE Daphne St,Issaquah,WA 98029,USA,98029
2014-06-26,225000.0,3.0,2.0,1700,11475,1.0,0,0,5,970,730,1945,,"238 SW 132nd St, Burien, WA 98146, USA",20140626T000000,238 SW 132nd St,Burien,WA 98146,USA,98146
2014-06-26,235867.0,4.0,2.0,1330,5926,1.0,0,0,4,1330,0,1942,,"2109 NE 8th St, Renton, WA 98056, USA",20140626T000000,2109 NE 8th St,Renton,WA 98056,USA,98056
2014-06-26,399000.0,4.0,3.0,3060,5000,2.0,0,0,3,3060,0,2001,,"16126 SE 249th Pl, Covington, WA 98042, USA",20140626T000000,16126 SE 249th Pl,Covington,WA 98042,USA,98042
2014-06-26,177500.0,3.0,1.5,1220,6000,1.0,0,0,3,1220,0,1968,,"472-598 Lind Ave NW, Renton, WA 98057, USA",20140626T000000,472-598 Lind Ave NW,Renton,WA 98057,USA,98057
2014-06-26,224000.0,4.0,1.5,1600,9289,1.0,0,0,4,1600,0,1959,,"214-220 N St NE, Auburn, WA 98002, USA",20140626T000000,214-220 N St NE,Auburn,WA 98002,USA,98002
2014-06-26,302000.0,4.0,1.75,1530,17664,1.5,0,0,3,1530,0,1968,,"16411 139th Pl SE, Renton, WA 98058, USA",20140626T000000,16411 139th Pl SE,Renton,WA 98058,USA,98058
2014-06-26,760000.0,3.0,2.5,1980,13964,1.0,0,0,5,1980,0,1959,,"4201-4213 Island Crest Way, Mercer Island, WA 98040, USA",20140626T000000,4201-4213 Island Crest Way,Mercer Island,WA 98040,USA,98040
2014-06-26,460000.0,3.0,2.5,1730,8490,1.0,0,0,3,1210,520,1969,,"9037 NE 132nd Pl, Kirkland, WA 98034, USA",20140626T000000,9037 NE 132nd Pl,Kirkland,WA 98034,USA,98034
2014-06-26,415000.0,3.0,1.0,1170,6700,1.0,0,0,3,1170,0,1957,,"3510 NE 115th St, Seattle, WA 98125, USA",20140626T000000,3510 NE 115th St,Seattle,WA 98125,USA,98125
2014-06-26,669000.0,2.0,1.75,1950,10766,1.0,0,3,4,1160,790,1952,,"3533 SW 171st St, Burien, WA 98166, USA",20140626T000000,3533 SW 171st St,Burien,WA 98166,USA,98166
2014-06-26,254600.0,3.0,2.0,1470,20000,1.0,0,0,4,1470,0,1968,,"19627 SE Auburn-Black Diamond Rd, Auburn, WA 98092, USA",20140626T000000,19627 SE Auburn-Black Diamond Rd,Auburn,WA 98092,USA,98092
2014-06-26,357250.0,3.0,1.5,1400,8840,1.0,0,0,4,1400,0,1952,,"1721 NE 136th St, Seattle, WA 98125, USA",20140626T000000,1721 NE 136th St,Seattle,WA 98125,USA,98125
2014-06-26,910000.0,4.0,3.5,4040,50479,2.0,0,0,3,4040,0,1987,,"13417 218th Ave NE, Woodinville, WA 98077, USA",20140626T000000,13417 218th Ave NE,Woodinville,WA 98077,USA,98077
2014-06-26,725000.0,6.0,3.0,3110,5000,1.5,0,0,5,1810,1300,1921,,"812 N 47th St, Seattle, WA 98103, USA",20140626T000000,812 N 47th St,Seattle,WA 98103,USA,98103
2014-06-26,670000.0,3.0,1.5,1490,4400,1.5,0,0,4,1490,0,1906,,"933 32nd Ave, Seattle, WA 98122, USA",20140626T000000,933 32nd Ave,Seattle,WA 98122,USA,98122
2014-06-26,440000.0,4.0,1.5,1770,5750,2.0,0,0,3,1770,0,1947,,"4527 48th Ave SW, Seattle, WA 98116, USA",20140626T000000,4527 48th Ave SW,Seattle,WA 98116,USA,98116
2014-06-26,1025000.0,4.0,3.5,3320,19850,1.0,0,2,4,2040,1280,1977,,"8434 W Mercer Way, Mercer Island, WA 98040, USA",20140626T000000,8434 W Mercer Way,Mercer Island,WA 98040,USA,98040
2014-06-26,320000.0,2.0,1.0,950,5316,1.0,0,2,3,950,0,1948,,"3743 Belvidere Ave SW, Seattle, WA 98126, USA",20140626T000000,3743 Belvidere Ave SW,Seattle,WA 98126,USA,98126
2014-06-26,310000.0,4.0,2.5,2430,5499,2.0,0,0,3,2430,0,2002,,"16218 163rd Pl SE, Covington, WA 98042, USA",20140626T000000,16218 163rd Pl SE,Covington,WA 98042,USA,98042
2014-06-26,772650.0,4.0,2.5,2660,10800,1.0,0,0,3,2660,0,1955,2014.0,"12345 SE 23rd Pl, Bellevue, WA 98005, USA",20140626T000000,12345 SE 23rd Pl,Bellevue,WA 98005,USA,98005
2014-06-26,669950.0,4.0,2.5,2670,11877,2.0,0,0,3,2670,0,1996,,"2522 227th Pl NE, Sammamish, WA 98074, USA",20140626T000000,2522 227th Pl NE,Sammamish,WA 98074,USA,98074
2014-06-26,690000.0,5.0,3.5,2720,7598,2.0,0,0,3,1860,860,1993,,"8921 42nd Ave NE, Seattle, WA 98115, USA",20140626T000000,8921 42nd Ave NE,Seattle,WA 98115,USA,98115
2014-06-26,385000.0,4.0,2.5,3200,22651,1.0,0,0,5,1610,1590,1970,,"23310 118th Pl SE, Kent, WA 98031, USA",20140626T000000,23310 118th Pl SE,Kent,WA 98031,USA,98031
2014-06-26,663000.0,3.0,2.5,2480,37843,1.5,1,3,4,2480,0,1974,,"7030 SW Maury Park Rd, Vashon, WA 98070, USA",20140626T000000,7030 SW Maury Park Rd,Vashon,WA 98070,USA,98070
2014-06-26,300000.0,3.0,2.25,1780,10395,1.0,0,0,3,1780,0,1967,,"14229 SE 165th Pl, Renton, WA 98058, USA",20140626T000000,14229 SE 165th Pl,Renton,WA 98058,USA,98058
2014-06-26,225500.0,2.0,1.75,1590,11276,1.0,0,0,4,1590,0,1972,,"936 Pike Pl NE, Auburn, WA 98002, USA",20140626T000000,936 Pike Pl NE,Auburn,WA 98002,USA,98002
2014-06-26,320000.0,3.0,2.0,1550,34175,1.5,0,0,3,1550,0,1999,,"48115 SE Mt Si Rd, North Bend, WA 98045, USA",20140626T000000,48115 SE Mt Si Rd,North Bend,WA 98045,USA,98045
2014-06-26,775000.0,3.0,2.75,2850,14800,1.0,0,0,4,1920,930,1976,,"4904 145th Ave SE, Bellevue, WA 98006, USA",20140626T000000,4904 145th Ave SE,Bellevue,WA 98006,USA,98006
2014-06-26,805000.0,3.0,2.75,2600,5875,1.5,0,2,5,1600,1000,1929,,"5710 SW Admiral Way, Seattle, WA 98116, USA",20140626T000000,5710 SW Admiral Way,Seattle,WA 98116,USA,98116
2014-06-26,252750.0,4.0,1.0,1230,7410,1.5,0,0,3,1230,0,1944,,"650 SW 137th St, Burien, WA 98166, USA",20140626T000000,650 SW 137th St,Burien,WA 98166,USA,98166
2014-06-26,254000.0,5.0,2.0,2080,16117,1.0,0,0,5,1740,340,1959,,"28830 34th Ave S, Auburn, WA 98001, USA",20140626T000000,28830 34th Ave S,Auburn,WA 98001,USA,98001
2014-06-26,620000.0,6.0,3.5,3600,6875,2.0,0,0,3,2740,860,2004,,"6731 Silent Creek Ave SE, Snoqualmie, WA 98065, USA",20140626T000000,6731 Silent Creek Ave SE,Snoqualmie,WA 98065,USA,98065
2014-06-26,435000.0,4.0,2.75,2110,8751,1.0,0,0,3,1510,600,1962,,"18447-18509 94th Ave NE, Bothell, WA 98011, USA",20140626T000000,18447-18509 94th Ave NE,Bothell,WA 98011,USA,98011
2014-06-26,460000.0,4.0,2.5,2550,19017,1.0,0,0,4,1300,1250,1961,,"19259-19499 40th Pl NE, Lake Forest Park, WA 98155, USA",20140626T000000,19259-19499 40th Pl NE,Lake Forest Park,WA 98155,USA,98155
2014-06-26,268000.0,3.0,2.5,1650,6684,2.0,0,0,3,1650,0,1991,,"11813 SE 219th Pl, Kent, WA 98031, USA",20140626T000000,11813 SE 219th Pl,Kent,WA 98031,USA,98031
2014-06-26,446000.0,2.0,1.5,1370,1221,2.0,0,0,3,1080,290,2008,,"207 20th Ave, Seattle, WA 98122, USA",20140626T000000,207 20th Ave,Seattle,WA 98122,USA,98122
2014-06-26,285000.0,2.0,1.0,1010,7200,1.0,0,0,3,1010,0,1975,,"18716 35th Ave NE, Lake Forest Park, WA 98155, USA",20140626T000000,18716 35th Ave NE,Lake Forest Park,WA 98155,USA,98155
2014-06-26,530000.0,3.0,2.0,2330,26571,2.5,0,0,3,2330,0,1987,,"13607 SE 10th St, Bellevue, WA 98005, USA",20140626T000000,13607 SE 10th St,Bellevue,WA 98005,USA,98005
2014-06-26,402000.0,2.0,1.0,620,2475,1.0,0,0,5,620,0,1911,,"5001-5099 11th Ave NW, Seattle, WA 98107, USA",20140626T000000,5001-5099 11th Ave NW,Seattle,WA 98107,USA,98107
2014-06-26,358000.0,3.0,1.5,2450,12497,1.0,0,0,4,2450,0,1967,,"7670 10th Ave NW, Snoqualmie, WA 98065, USA",20140626T000000,7670 10th Ave NW,Snoqualmie,WA 98065,USA,98065
2014-06-26,354950.0,4.0,2.75,2530,7350,1.0,0,0,5,1280,1250,1977,,"32148-32298 33rd Ave SW, Federal Way, WA 98023, USA",20140626T000000,32148-32298 33rd Ave SW,Federal Way,WA 98023,USA,98023
2014-06-26,405000.0,4.0,2.5,2220,4652,2.0,0,0,3,2220,0,2001,,"4839 NE 5th St, Renton, WA 98059, USA",20140626T000000,4839 NE 5th St,Renton,WA 98059,USA,98059
2014-06-26,568000.0,4.0,1.75,2110,265716,1.0,0,0,4,2110,0,1979,,"5519 236th Ave NE, Redmond, WA 98053, USA",20140626T000000,5519 236th Ave NE,Redmond,WA 98053,USA,98053
2014-06-26,575000.0,5.0,3.0,3690,49709,1.0,0,2,3,2690,1000,1960,,"23444 10th Ave S, Des Moines, WA 98198, USA",20140626T000000,23444 10th Ave S,Des Moines,WA 98198,USA,98198
2014-06-26,315000.0,4.0,2.5,1940,10200,1.0,0,0,4,1140,800,1977,,"20825 135th Ave SE, Kent, WA 98042, USA",20140626T000000,20825 135th Ave SE,Kent,WA 98042,USA,98042
2014-06-26,280927.0,4.0,2.25,2070,7350,2.0,0,0,4,2070,0,1977,,"26732 Carnaby Way, Kent, WA 98032, USA",20140626T000000,26732 Carnaby Way,Kent,WA 98032,USA,98032
2014-06-26,440000.0,4.0,2.5,2160,7826,1.0,0,0,4,1390,770,1976,,"20111 47th Ave NE, Lake Forest Park, WA 98155, USA",20140626T000000,20111 47th Ave NE,Lake Forest Park,WA 98155,USA,98155
2014-06-26,270000.0,4.0,2.25,2600,9900,1.0,0,0,3,1600,1000,1965,,"7703 S 128th St, Seattle, WA 98178, USA",20140626T000000,7703 S 128th St,Seattle,WA 98178,USA,98178
2014-06-26,755000.0,4.0,2.75,2880,4000,1.5,0,0,3,2100,780,1912,2000.0,"2101 31st Ave S, Seattle, WA 98144, USA",20140626T000000,2101 31st Ave S,Seattle,WA 98144,USA,98144
2014-06-26,289659.0,4.0,2.25,2260,7200,2.0,0,0,4,2260,0,1984,,"21114-21120 119th Ave SE, Kent, WA 98031, USA",20140626T000000,21114-21120 119th Ave SE,Kent,WA 98031,USA,98031
2014-06-26,555000.0,5.0,3.0,3640,6930,2.0,0,0,3,3640,0,2004,,"24709 SE 278th St, Maple Valley, WA 98038, USA",20140626T000000,24709 SE 278th St,Maple Valley,WA 98038,USA,98038
2014-06-26,450000.0,3.0,1.5,1530,23660,1.0,0,0,3,1530,0,1952,,"3210 NE 163rd St, Lake Forest Park, WA 98155, USA",20140626T000000,3210 NE 163rd St,Lake Forest Park,WA 98155,USA,98155
2014-06-26,1145000.0,3.0,2.5,2490,4000,2.0,0,0,5,1670,820,1918,,"2407 4th Ave N, Seattle, WA 98109, USA",20140626T000000,2407 4th Ave N,Seattle,WA 98109,USA,98109
2014-06-26,495000.0,3.0,1.75,1440,11787,1.0,0,0,3,1440,0,1983,,"22913 NE 20th Pl, Sammamish, WA 98074, USA",20140626T000000,22913 NE 20th Pl,Sammamish,WA 98074,USA,98074
2014-06-26,1250000.0,3.0,3.0,3760,8500,2.5,0,3,4,3060,700,1910,,"5118 SW Waite St, Seattle, WA 98116, USA",20140626T000000,5118 SW Waite St,Seattle,WA 98116,USA,98116
2014-06-26,580000.0,4.0,1.75,1720,6975,1.0,0,0,3,1420,300,1975,,"4528 165th Ave NE, Redmond, WA 98052, USA",20140626T000000,4528 165th Ave NE,Redmond,WA 98052,USA,98052
2014-06-26,560000.0,4.0,2.5,2480,16360,1.0,0,0,5,1510,970,1959,,"18500-18560 58th Ave NE, Kenmore, WA 98028, USA",20140626T000000,18500-18560 58th Ave NE,Kenmore,WA 98028,USA,98028
2014-06-26,1080000.0,4.0,3.5,3990,5267,2.0,0,0,3,3990,0,2008,,"16141 SE 45th Pl, Bellevue, WA 98006, USA",20140626T000000,16141 SE 45th Pl,Bellevue,WA 98006,USA,98006
2014-06-26,450000.0,2.0,1.75,840,3340,1.0,0,0,3,700,140,1912,,"5516 2nd Ave NW, Seattle, WA 98107, USA",20140626T000000,5516 2nd Ave NW,Seattle,WA 98107,USA,98107
2014-06-26,815000.0,3.0,2.0,2270,11989,1.0,0,0,4,2270,0,1968,,"6600 mango St, Mercer Island, WA 98040, USA",20140626T000000,6600 mango St,Mercer Island,WA 98040,USA,98040
2014-06-26,354000.0,4.0,2.5,2580,5476,2.0,0,0,3,2580,0,2005,,"10125 SE 220th Pl, Kent, WA 98031, USA",20140626T000000,10125 SE 220th Pl,Kent,WA 98031,USA,98031
2014-06-26,279900.0,3.0,1.75,1580,6620,1.0,0,0,3,1580,0,1988,,"2401 S 359th St, Federal Way, WA 98003, USA",20140626T000000,2401 S 359th St,Federal Way,WA 98003,USA,98003
2014-06-26,339000.0,2.0,1.0,950,7954,1.0,0,0,4,950,0,1941,,"2016 S Pearl St, Seattle, WA 98108, USA",20140626T000000,2016 S Pearl St,Seattle,WA 98108,USA,98108
2014-06-26,1340000.0,4.0,3.5,3190,5040,2.0,0,3,3,2160,1030,2003,,"1120 33rd Ave S, Seattle, WA 98144, USA",20140626T000000,1120 33rd Ave S,Seattle,WA 98144,USA,98144
2014-06-26,710000.0,3.0,3.25,3740,136915,2.5,0,0,3,3100,640,1990,,"16469 Marine View Dr SW, Burien, WA 98166, USA",20140626T000000,16469 Marine View Dr SW,Burien,WA 98166,USA,98166
2014-06-26,815000.0,4.0,2.75,2620,4743,1.0,0,2,4,1310,1310,1949,,"3311 NW 75th St, Seattle, WA 98117, USA",20140626T000000,3311 NW 75th St,Seattle,WA 98117,USA,98117
2014-06-26,800000.0,3.0,1.75,2080,75794,1.0,0,0,3,2080,0,1958,,"11406 NE 112th St, Kirkland, WA 98033, USA",20140626T000000,11406 NE 112th St,Kirkland,WA 98033,USA,98033
2014-06-26,638000.0,3.0,2.0,1660,3729,1.0,0,0,5,970,690,1922,,"6318 SW Marguerite Ct, Seattle, WA 98116, USA",20140626T000000,6318 SW Marguerite Ct,Seattle,WA 98116,USA,98116
2014-06-26,475580.0,3.0,1.75,1520,11085,1.0,0,0,3,1520,0,1983,,"20331 NE 40th Ct, Sammamish, WA 98074, USA",20140626T000000,20331 NE 40th Ct,Sammamish,WA 98074,USA,98074
2014-06-26,243800.0,3.0,1.0,1140,27760,1.0,0,0,4,1140,0,1981,,"27529 SE High Point Way, Issaquah, WA 98027, USA",20140626T000000,27529 SE High Point Way,Issaquah,WA 98027,USA,98027
2014-06-26,600000.0,3.0,2.5,3240,8016,2.0,0,0,3,2910,330,2004,,"35019 SE Curtis Dr, Snoqualmie, WA 98065, USA",20140626T000000,35019 SE Curtis Dr,Snoqualmie,WA 98065,USA,98065
2014-06-26,620000.0,3.0,2.0,2460,41343,1.0,0,0,4,2460,0,1988,,"23857 SE 98th Pl, Issaquah, WA 98027, USA",20140626T000000,23857 SE 98th Pl,Issaquah,WA 98027,USA,98027
2014-06-26,750000.0,4.0,2.75,1750,5080,1.5,0,0,3,1750,0,1903,,"1447 21st Ave, Seattle, WA 98122, USA",20140626T000000,1447 21st Ave,Seattle,WA 98122,USA,98122
2014-06-26,626000.0,3.0,1.75,2430,5000,2.0,0,0,4,1760,670,1945,,"6723 12th Ave NW, Seattle, WA 98117, USA",20140626T000000,6723 12th Ave NW,Seattle,WA 98117,USA,98117
2014-06-26,230000.0,3.0,1.0,1060,9946,1.0,0,0,4,1060,0,1956,,"17736 41st Ave S, SeaTac, WA 98188, USA",20140626T000000,17736 41st Ave S,SeaTac,WA 98188,USA,98188
2014-06-26,537000.0,3.0,3.0,2410,7479,2.0,0,2,3,2410,0,1942,1988.0,"3715 NE 153rd St, Lake Forest Park, WA 98155, USA",20140626T000000,3715 NE 153rd St,Lake Forest Park,WA 98155,USA,98155
2014-06-26,210000.0,2.0,1.0,720,8040,1.0,0,0,3,720,0,1943,,"15252 20th Ave SW, Burien, WA 98166, USA",20140626T000000,15252 20th Ave SW,Burien,WA 98166,USA,98166
2014-06-26,200500.0,3.0,1.75,1260,9346,1.0,0,0,4,1260,0,1963,,"11612 SE 258th St, Kent, WA 98030, USA",20140626T000000,11612 SE 258th St,Kent,WA 98030,USA,98030
2014-06-26,253500.0,3.0,1.0,1640,12384,1.0,0,0,4,1090,550,1954,,"2628 S 309th St, Federal Way, WA 98003, USA",20140626T000000,2628 S 309th St,Federal Way,WA 98003,USA,98003
2014-06-26,150000.0,3.0,1.0,1310,9612,1.0,0,0,3,960,350,1962,,"34025 39th Ave S, Auburn, WA 98001, USA",20140626T000000,34025 39th Ave S,Auburn,WA 98001,USA,98001
2014-06-26,440000.0,3.0,1.5,2120,6290,1.0,0,0,4,1220,900,1949,,"4231 Powell Pl S, Seattle, WA 98108, USA",20140626T000000,4231 Powell Pl S,Seattle,WA 98108,USA,98108
2014-06-26,667000.0,3.0,1.75,3320,478288,1.5,0,3,4,2260,1060,1933,1982.0,"40201 292nd Ave SE, Enumclaw, WA 98022, USA",20140626T000000,40201 292nd Ave SE,Enumclaw,WA 98022,USA,98022
2014-06-26,660000.0,3.0,1.0,1210,9622,1.0,0,1,3,1210,0,1955,2009.0,"12016 SE 42nd St, Bellevue, WA 98006, USA",20140626T000000,12016 SE 42nd St,Bellevue,WA 98006,USA,98006
2014-06-26,695000.0,3.0,2.75,2590,12063,2.0,0,0,3,2590,0,1993,,"5633 165th Pl SE, Bellevue, WA 98006, USA",20140626T000000,5633 165th Pl SE,Bellevue,WA 98006,USA,98006
2014-06-26,440000.0,4.0,2.5,2250,7526,2.0,0,0,3,2250,0,1989,,"5120 NE 23rd St, Renton, WA 98059, USA",20140626T000000,5120 NE 23rd St,Renton,WA 98059,USA,98059
2014-06-26,1388000.0,4.0,3.0,4040,20001,1.0,0,0,3,2020,2020,1972,2001.0,"3418 96th Ave NE, Clyde Hill, WA 98004, USA",20140626T000000,3418 96th Ave NE,Clyde Hill,WA 98004,USA,98004
2014-06-26,219500.0,3.0,1.0,1090,6710,1.5,0,0,5,1090,0,1912,,"116 J St SE, Auburn, WA 98002, USA",20140626T000000,116 J St SE,Auburn,WA 98002,USA,98002
2014-06-26,220000.0,3.0,1.5,1660,15600,2.0,0,0,3,1660,0,1981,,"38205 45th Ave S, Auburn, WA 98001, USA",20140626T000000,38205 45th Ave S,Auburn,WA 98001,USA,98001
2014-06-26,270000.0,2.0,1.0,1780,81021,1.0,0,3,4,1780,0,1954,,"36816 55th Ave S, Auburn, WA 98001, USA",20140626T000000,36816 55th Ave S,Auburn,WA 98001,USA,98001
2014-06-26,900000.0,4.0,3.5,3370,5000,2.0,0,2,3,2470,900,2008,,"3460 38th Ave SW, Seattle, WA 98126, USA",20140626T000000,3460 38th Ave SW,Seattle,WA 98126,USA,98126
2014-06-26,1990000.0,5.0,3.0,4480,5000,2.5,0,0,5,3420,1060,1902,,"923 14th Ave E, Seattle, WA 98112, USA",20140626T000000,923 14th Ave E,Seattle,WA 98112,USA,98112
2014-06-26,800000.0,4.0,2.5,2990,16809,2.0,0,0,3,2990,0,1990,,"19745 NE 127th Pl, Woodinville, WA 98077, USA",20140626T000000,19745 NE 127th Pl,Woodinville,WA 98077,USA,98077
2014-06-26,365000.0,5.0,2.0,2280,19000,1.5,0,0,3,2280,0,1924,,"14937 20th Ave SW, Burien, WA 98166, USA",20140626T000000,14937 20th Ave SW,Burien,WA 98166,USA,98166
2014-06-26,1387800.0,3.0,3.0,2480,5500,2.0,0,3,3,1730,750,1950,2005.0,"2855 36th Ave W, Seattle, WA 98199, USA",20140626T000000,2855 36th Ave W,Seattle,WA 98199,USA,98199
2014-06-26,451000.0,5.0,2.75,2830,8925,1.5,0,0,3,2830,0,1967,,"12112 NE 143rd Pl, Kirkland, WA 98034, USA",20140626T000000,12112 NE 143rd Pl,Kirkland,WA 98034,USA,98034
2014-06-26,202000.0,2.0,1.0,920,7569,1.0,0,0,4,920,0,1950,,"12120-12198 24th Ave S, Burien, WA 98168, USA",20140626T000000,12120-12198 24th Ave S,Burien,WA 98168,USA,98168
2014-06-26,1410000.0,4.0,2.25,3250,16684,2.0,0,0,3,3250,0,1979,,"2520 Medina Cir, Medina, WA 98039, USA",20140626T000000,2520 Medina Cir,Medina,WA 98039,USA,98039
2014-06-26,471000.0,2.0,1.75,1240,6417,1.0,0,0,5,1240,0,1924,,"6528 37th Ave SW, Seattle, WA 98126, USA",20140626T000000,6528 37th Ave SW,Seattle,WA 98126,USA,98126
2014-06-26,827000.0,4.0,2.5,3230,12100,1.0,0,0,3,1870,1360,1977,,"4613 146th Pl SE, Bellevue, WA 98006, USA",20140626T000000,4613 146th Pl SE,Bellevue,WA 98006,USA,98006
2014-06-26,235000.0,5.0,2.5,2500,9583,1.0,0,0,3,1300,1200,1979,,"1630 S 231st Pl, Des Moines, WA 98198, USA",20140626T000000,1630 S 231st Pl,Des Moines,WA 98198,USA,98198
2014-06-26,216500.0,2.0,1.75,1390,4482,1.0,0,0,4,1390,0,1980,,"24801-24805 11th Ave S, Des Moines, WA 98198, USA",20140626T000000,24801-24805 11th Ave S,Des Moines,WA 98198,USA,98198
2014-06-26,359000.0,5.0,1.75,1940,6654,1.5,0,0,4,1940,0,1953,,"15212 20th Ave SW, Burien, WA 98166, USA",20140626T000000,15212 20th Ave SW,Burien,WA 98166,USA,98166
2014-06-26,252500.0,3.0,2.0,1900,8002,1.0,0,0,3,1900,0,1991,,"1209 SW 347th Pl, Federal Way, WA 98023, USA",20140626T000000,1209 SW 347th Pl,Federal Way,WA 98023,USA,98023
2014-06-26,370000.0,3.0,1.5,2380,14500,1.0,0,0,4,1850,530,1961,,"6340 NE 196th St, Kenmore, WA 98028, USA",20140626T000000,6340 NE 196th St,Kenmore,WA 98028,USA,98028
2014-06-26,663000.0,3.0,2.0,1480,3876,1.0,0,0,5,860,620,1928,,"7028 20th Ave NW, Seattle, WA 98117, USA",20140626T000000,7028 20th Ave NW,Seattle,WA 98117,USA,98117
2014-06-26,971971.0,4.0,3.75,3460,6738,2.0,0,0,3,3460,0,2013,,"14626 Renton Issaquah Rd SE, Renton, WA 98059, USA",20140626T000000,14626 Renton Issaquah Rd SE,Renton,WA 98059,USA,98059
2014-06-26,420000.0,3.0,1.75,1444,249126,1.5,0,0,3,1444,0,2008,,"21700-21712 119th Ave SW, Vashon, WA 98070, USA",20140626T000000,21700-21712 119th Ave SW,Vashon,WA 98070,USA,98070
2014-06-26,330675.0,4.0,3.0,1930,3031,1.0,0,0,3,1200,730,2006,,"26418 NE Anderson St, Duvall, WA 98019, USA",20140626T000000,26418 NE Anderson St,Duvall,WA 98019,USA,98019
2014-06-26,240000.0,4.0,1.0,1200,2171,1.5,0,0,3,1200,0,1933,,"10720 Stone Ave N, Seattle, WA 98133, USA",20140626T000000,10720 Stone Ave N,Seattle,WA 98133,USA,98133
2014-06-26,334888.0,3.0,2.5,1769,7324,2.0,0,0,3,1769,0,2012,,"11515 SE 302nd Ct, Auburn, WA 98092, USA",20140626T000000,11515 SE 302nd Ct,Auburn,WA 98092,USA,98092
2014-06-26,414000.0,3.0,2.5,2490,4540,2.5,0,0,3,2490,0,2012,,"4724 NE 14th St, Renton, WA 98059, USA",20140626T000000,4724 NE 14th St,Renton,WA 98059,USA,98059
2014-06-26,782900.0,4.0,3.25,3060,3898,2.0,0,0,3,2300,760,2014,,"2354 NW Harmony Way, Issaquah, WA 98027, USA",20140626T000000,2354 NW Harmony Way,Issaquah,WA 98027,USA,98027
2014-06-26,525000.0,4.0,2.75,3030,6625,2.0,0,0,3,3030,0,2011,,"4924 SE 2nd Pl, Renton, WA 98059, USA",20140626T000000,4924 SE 2nd Pl,Renton,WA 98059,USA,98059
2014-06-26,429900.0,3.0,2.5,2370,5353,2.0,0,0,3,2370,0,2009,,"14522 271st Ct NE, Duvall, WA 98019, USA",20140626T000000,14522 271st Ct NE,Duvall,WA 98019,USA,98019
2014-06-26,390000.0,3.0,3.25,1370,913,2.0,0,0,3,1100,270,2006,,"4438 44th Ave SW, Seattle, WA 98116, USA",20140626T000000,4438 44th Ave SW,Seattle,WA 98116,USA,98116
2014-06-26,224000.0,3.0,1.75,1500,11968,1.0,0,0,3,1500,0,2014,,"32428-32598 5th Ave, Black Diamond, WA 98010, USA",20140626T000000,32428-32598 5th Ave,Black Diamond,WA 98010,USA,98010
2014-06-27,257500.0,3.0,2.25,1715,6819,2.0,0,0,3,1715,0,1995,,"533 S 330th Pl, Federal Way, WA 98003, USA",20140627T000000,533 S 330th Pl,Federal Way,WA 98003,USA,98003
2014-06-27,665000.0,2.0,1.0,1110,3200,1.0,0,0,3,1110,0,1925,,"1604 1st Ave W, Seattle, WA 98119, USA",20140627T000000,1604 1st Ave W,Seattle,WA 98119,USA,98119
2014-06-27,327000.0,5.0,2.75,2400,8050,2.0,0,0,3,2400,0,1998,,"5020 Quincy Ave SE, Auburn, WA 98092, USA",20140627T000000,5020 Quincy Ave SE,Auburn,WA 98092,USA,98092
2014-06-27,425000.0,3.0,1.0,1520,213444,1.5,0,3,5,1520,0,1988,,"10500 185th Ave SE, Renton, WA 98059, USA",20140627T000000,10500 185th Ave SE,Renton,WA 98059,USA,98059
2014-06-27,687500.0,4.0,2.75,3190,10970,2.0,0,0,3,3190,0,1994,,"2632 232nd Pl SE, Sammamish, WA 98075, USA",20140627T000000,2632 232nd Pl SE,Sammamish,WA 98075,USA,98075
2014-06-27,672500.0,3.0,2.25,2400,5300,1.5,0,0,4,1250,1150,1939,,"8022 22nd Ave NW, Seattle, WA 98117, USA",20140627T000000,8022 22nd Ave NW,Seattle,WA 98117,USA,98117
2014-06-27,140000.0,3.0,1.0,1060,7473,1.0,0,0,3,1060,0,1959,,"25826 19th Ave S, Des Moines, WA 98198, USA",20140627T000000,25826 19th Ave S,Des Moines,WA 98198,USA,98198
2014-06-27,215500.0,2.0,1.75,1220,15600,1.0,0,0,3,1220,0,1972,,"35301-35323 56th Ave S, Auburn, WA 98001, USA",20140627T000000,35301-35323 56th Ave S,Auburn,WA 98001,USA,98001
2014-06-27,464900.0,4.0,2.25,2020,8424,1.0,0,0,4,1380,640,1979,,"14008 81st Ave NE, Kirkland, WA 98034, USA",20140627T000000,14008 81st Ave NE,Kirkland,WA 98034,USA,98034
2014-06-27,417000.0,4.0,2.25,2300,7700,1.0,0,0,3,1380,920,1959,,"535 NE 117th St, Seattle, WA 98125, USA",20140627T000000,535 NE 117th St,Seattle,WA 98125,USA,98125
2014-06-27,453000.0,4.0,2.75,2300,37533,1.0,0,3,5,1550,750,1979,,"7707 SW 259th St, Vashon, WA 98070, USA",20140627T000000,7707 SW 259th St,Vashon,WA 98070,USA,98070
2014-06-27,700000.0,3.0,2.5,1660,1545,2.0,0,2,3,1400,260,2002,,"813 2nd Ave N, Seattle, WA 98109, USA",20140627T000000,813 2nd Ave N,Seattle,WA 98109,USA,98109
2014-06-27,1619999.0,4.0,3.0,3900,9750,1.0,0,4,5,2520,1380,1972,,"4720 Somerset Ave SE, Bellevue, WA 98006, USA",20140627T000000,4720 Somerset Ave SE,Bellevue,WA 98006,USA,98006
2014-06-27,259500.0,3.0,1.75,1650,12349,1.0,0,0,3,1650,0,1957,,"4104 S 179th St, SeaTac, WA 98188, USA",20140627T000000,4104 S 179th St,SeaTac,WA 98188,USA,98188
2014-06-27,460000.0,4.0,2.5,2110,35091,1.0,0,0,4,1290,820,1985,,"24434 SE Mirrormont Blvd, Issaquah, WA 98027, USA",20140627T000000,24434 SE Mirrormont Blvd,Issaquah,WA 98027,USA,98027
2014-06-27,561500.0,3.0,1.75,1960,6380,1.0,0,0,4,980,980,1939,,"1035 NE 95th St, Seattle, WA 98115, USA",20140627T000000,1035 NE 95th St,Seattle,WA 98115,USA,98115
2014-06-27,641000.0,4.0,2.5,2770,63118,2.0,0,0,3,2770,0,1997,,"6338 284th Way NE, Carnation, WA 98014, USA",20140627T000000,6338 284th Way NE,Carnation,WA 98014,USA,98014
2014-06-27,330000.0,4.0,1.75,2440,7350,1.0,0,0,3,1610,830,1978,,"3716 S 253rd Pl, Kent, WA 98032, USA",20140627T000000,3716 S 253rd Pl,Kent,WA 98032,USA,98032
2014-06-27,447000.0,2.0,1.0,1320,8380,1.0,0,0,3,1320,0,1953,,"10356 Dibble Ave NW, Seattle, WA 98177, USA",20140627T000000,10356 Dibble Ave NW,Seattle,WA 98177,USA,98177
2014-06-27,320000.0,4.0,2.5,2570,4865,2.0,0,0,3,2570,0,2005,,"27102 227th Pl SE, Maple Valley, WA 98038, USA",20140627T000000,27102 227th Pl SE,Maple Valley,WA 98038,USA,98038
2014-06-27,212700.0,2.0,1.0,940,5040,1.0,0,0,3,940,0,1926,,"7157 32nd Ave SW, Seattle, WA 98126, USA",20140627T000000,7157 32nd Ave SW,Seattle,WA 98126,USA,98126
2014-06-27,260000.0,2.0,1.0,700,4800,1.0,0,0,3,700,0,1922,,"1518 25th Ave, Seattle, WA 98122, USA",20140627T000000,1518 25th Ave,Seattle,WA 98122,USA,98122
2014-06-27,410000.0,3.0,2.0,1400,45738,2.0,0,0,4,1400,0,1981,,"26907 94th Ave SW, Vashon, WA 98070, USA",20140627T000000,26907 94th Ave SW,Vashon,WA 98070,USA,98070
2014-06-27,355000.0,4.0,2.5,1890,7867,2.0,0,0,3,1890,0,1996,,"24920-24925 235th Way SE, Maple Valley, WA 98038, USA",20140627T000000,24920-24925 235th Way SE,Maple Valley,WA 98038,USA,98038
2014-06-27,275500.0,2.0,1.0,720,11400,1.0,0,0,5,720,0,1951,,"18529 Ashworth Ave N, Shoreline, WA 98133, USA",20140627T000000,18529 Ashworth Ave N,Shoreline,WA 98133,USA,98133
2014-06-27,415000.0,3.0,1.75,2410,8944,1.0,0,0,4,1860,550,1967,,"17051 151st Ave SE, Renton, WA 98058, USA",20140627T000000,17051 151st Ave SE,Renton,WA 98058,USA,98058
2014-06-27,279000.0,3.0,2.5,1630,7950,1.0,0,0,3,1320,310,1985,,"20101 137th Ave SE, Kent, WA 98042, USA",20140627T000000,20101 137th Ave SE,Kent,WA 98042,USA,98042
2014-06-27,350000.0,5.0,1.75,2330,14322,1.0,0,0,4,1180,1150,1968,,"13826 SE 141st St, Renton, WA 98059, USA",20140627T000000,13826 SE 141st St,Renton,WA 98059,USA,98059
2014-06-27,355000.0,2.0,2.25,1330,10838,2.0,0,0,3,1330,0,1985,,"19228 73rd Ave NE, Kenmore, WA 98028, USA",20140627T000000,19228 73rd Ave NE,Kenmore,WA 98028,USA,98028
2014-06-27,750000.0,4.0,2.25,3190,11597,2.0,0,0,3,2300,890,1984,,"2513 225th Pl NE, Sammamish, WA 98074, USA",20140627T000000,2513 225th Pl NE,Sammamish,WA 98074,USA,98074
2014-06-27,235000.0,3.0,1.75,1400,6300,1.0,0,0,3,1400,0,1998,,"1783 Loraine St, Enumclaw, WA 98022, USA",20140627T000000,1783 Loraine St,Enumclaw,WA 98022,USA,98022
2014-06-27,209950.0,3.0,1.0,970,9583,1.0,0,0,4,970,0,1967,,"33235 26th Ave SW, Federal Way, WA 98023, USA",20140627T000000,33235 26th Ave SW,Federal Way,WA 98023,USA,98023
2014-06-27,230000.0,3.0,1.75,1010,9600,1.0,0,0,5,1010,0,1969,,"18827 SE 244th Pl, Covington, WA 98042, USA",20140627T000000,18827 SE 244th Pl,Covington,WA 98042,USA,98042
2014-06-27,725000.0,3.0,2.5,3580,54450,1.5,0,0,3,3580,0,1990,,"23115 SE 222nd St, Maple Valley, WA 98038, USA",20140627T000000,23115 SE 222nd St,Maple Valley,WA 98038,USA,98038
2014-06-27,430000.0,2.0,1.0,1050,2570,1.0,0,0,5,850,200,1927,,"6520-6588 8th Ave NW, Seattle, WA 98117, USA",20140627T000000,6520-6588 8th Ave NW,Seattle,WA 98117,USA,98117
2014-06-27,661500.0,5.0,2.5,2500,7200,1.0,0,0,4,1490,1010,1977,,"16426 NE 107th Pl, Redmond, WA 98052, USA",20140627T000000,16426 NE 107th Pl,Redmond,WA 98052,USA,98052
2014-06-27,738000.0,3.0,3.0,2630,4896,2.0,0,0,3,2630,0,2006,,"10342 155th Ave NE, Redmond, WA 98052, USA",20140627T000000,10342 155th Ave NE,Redmond,WA 98052,USA,98052
2014-06-27,1820000.0,4.0,4.5,6640,53330,2.0,0,0,3,6640,0,1993,,"21909 NE 141st St, Woodinville, WA 98077, USA",20140627T000000,21909 NE 141st St,Woodinville,WA 98077,USA,98077
2014-06-27,221000.0,3.0,1.0,910,8789,1.0,0,0,3,910,0,1966,,"636 S 188th St, Seattle, WA 98148, USA",20140627T000000,636 S 188th St,Seattle,WA 98148,USA,98148
2014-06-27,665000.0,3.0,2.5,2610,35000,2.0,0,0,3,2610,0,1988,,"15325 179th Ave NE, Woodinville, WA 98072, USA",20140627T000000,15325 179th Ave NE,Woodinville,WA 98072,USA,98072
2014-06-27,255000.0,3.0,2.5,1720,6194,2.0,0,0,3,1720,0,1998,,"5130 Francis Ct SE, Auburn, WA 98092, USA",20140627T000000,5130 Francis Ct SE,Auburn,WA 98092,USA,98092
2014-06-27,1195000.0,5.0,2.75,3650,13297,2.0,0,0,5,2750,900,1969,,"5912 83rd Pl SE, Mercer Island, WA 98040, USA",20140627T000000,5912 83rd Pl SE,Mercer Island,WA 98040,USA,98040
2014-06-27,355000.0,3.0,1.75,2040,22693,1.0,0,0,4,2040,0,1980,,"15125 SE 278th Pl, Kent, WA 98042, USA",20140627T000000,15125 SE 278th Pl,Kent,WA 98042,USA,98042
2014-06-27,755000.0,5.0,2.5,3260,24300,1.5,0,1,4,2310,950,1950,,"5121 NE 180th St, Lake Forest Park, WA 98155, USA",20140627T000000,5121 NE 180th St,Lake Forest Park,WA 98155,USA,98155
2014-06-27,300000.0,3.0,1.5,1590,8911,1.0,0,0,3,1590,0,1956,,"6615 NE 154th St, Kenmore, WA 98028, USA",20140627T000000,6615 NE 154th St,Kenmore,WA 98028,USA,98028
2014-06-27,500000.0,4.0,1.0,1440,7100,1.5,0,0,3,1440,0,1906,,"3006 NW 60th St, Seattle, WA 98107, USA",20140627T000000,3006 NW 60th St,Seattle,WA 98107,USA,98107
2014-06-27,191000.0,2.0,1.0,900,3400,1.0,0,0,5,900,0,1905,,"8523 Dallas Ave S, Seattle, WA 98108, USA",20140627T000000,8523 Dallas Ave S,Seattle,WA 98108,USA,98108
2014-06-27,315000.0,6.0,4.0,3120,4240,2.0,0,2,4,2090,1030,1993,,"7945 14th Ave SW, Seattle, WA 98106, USA",20140627T000000,7945 14th Ave SW,Seattle,WA 98106,USA,98106
2014-06-27,415000.0,3.0,2.5,1060,1536,2.0,0,0,3,1060,0,2000,,"2922 NW 85th St, Seattle, WA 98117, USA",20140627T000000,2922 NW 85th St,Seattle,WA 98117,USA,98117
2014-06-27,394000.0,4.0,2.5,3000,9793,2.0,0,0,3,3000,0,2002,,"26309 235th Ave SE, Maple Valley, WA 98038, USA",20140627T000000,26309 235th Ave SE,Maple Valley,WA 98038,USA,98038
2014-06-27,490000.0,3.0,2.5,2230,5348,2.0,0,0,3,2230,0,2000,,"7325 Heather Ave SE, Snoqualmie, WA 98065, USA",20140627T000000,7325 Heather Ave SE,Snoqualmie,WA 98065,USA,98065
2014-06-27,523460.0,5.0,1.75,1890,5000,1.5,0,0,3,1090,800,1906,,"1126 NW 58th St, Seattle, WA 98107, USA",20140627T000000,1126 NW 58th St,Seattle,WA 98107,USA,98107
2014-06-27,550000.0,4.0,3.5,4150,16197,2.0,0,0,3,4150,0,2006,,"11824 SE 290th Pl, Auburn, WA 98092, USA",20140627T000000,11824 SE 290th Pl,Auburn,WA 98092,USA,98092
2014-06-27,342000.0,3.0,1.75,1780,10409,1.0,0,0,3,1280,500,1981,,"15634 129th Pl SE, Renton, WA 98058, USA",20140627T000000,15634 129th Pl SE,Renton,WA 98058,USA,98058
2014-06-27,560000.0,4.0,2.5,2710,6583,2.0,0,0,3,2710,0,2003,,"612 Orcas Ave NE, Renton, WA 98059, USA",20140627T000000,612 Orcas Ave NE,Renton,WA 98059,USA,98059
2014-06-27,1050000.0,4.0,4.25,4390,13833,2.0,0,3,3,3320,1070,2003,,"5160 235th Pl SE, Issaquah, WA 98029, USA",20140627T000000,5160 235th Pl SE,Issaquah,WA 98029,USA,98029
2014-06-27,710000.0,2.0,1.5,1640,4080,1.5,0,0,5,1540,100,1916,,"4532 Latona Ave NE, Seattle, WA 98105, USA",20140627T000000,4532 Latona Ave NE,Seattle,WA 98105,USA,98105
2014-06-27,1020000.0,3.0,2.25,1670,4800,1.5,0,3,3,1670,0,1903,,"715 W Howe St, Seattle, WA 98119, USA",20140627T000000,715 W Howe St,Seattle,WA 98119,USA,98119
2014-06-27,399950.0,3.0,2.5,2570,10431,2.0,0,0,3,2570,0,1989,,"9531 S 204th Pl, Kent, WA 98031, USA",20140627T000000,9531 S 204th Pl,Kent,WA 98031,USA,98031
2014-06-27,480000.0,2.0,1.0,1500,3420,1.0,0,0,3,1500,0,1902,,"4422 Woodlawn Ave N, Seattle, WA 98103, USA",20140627T000000,4422 Woodlawn Ave N,Seattle,WA 98103,USA,98103
2014-06-27,410000.0,3.0,1.0,2710,19000,2.0,0,3,4,2710,0,1950,,"17449 Sylvester Rd SW, Burien, WA 98166, USA",20140627T000000,17449 Sylvester Rd SW,Burien,WA 98166,USA,98166
2014-06-27,530000.0,4.0,1.75,2860,48351,1.0,0,0,3,1710,1150,1978,,"18926 NE 183rd St, Woodinville, WA 98077, USA",20140627T000000,18926 NE 183rd St,Woodinville,WA 98077,USA,98077
2014-06-27,528000.0,2.0,0.75,840,40642,1.0,1,4,4,840,0,1937,,"8907 SW Quartermaster Dr, Vashon, WA 98070, USA",20140627T000000,8907 SW Quartermaster Dr,Vashon,WA 98070,USA,98070
2014-06-27,469900.0,4.0,2.5,2990,8913,2.0,0,0,4,2990,0,1991,,"18626 136th Pl SE, Renton, WA 98058, USA",20140627T000000,18626 136th Pl SE,Renton,WA 98058,USA,98058
2014-06-27,397000.0,5.0,1.0,1170,6757,1.0,0,0,4,800,370,1944,,"14327 24th Ave NE, Seattle, WA 98125, USA",20140627T000000,14327 24th Ave NE,Seattle,WA 98125,USA,98125
2014-06-27,718500.0,3.0,1.5,1200,6240,1.0,0,0,3,1030,170,1952,,"326 36th Ave E, Seattle, WA 98112, USA",20140627T000000,326 36th Ave E,Seattle,WA 98112,USA,98112
2014-06-27,195000.0,2.0,1.0,1020,8100,1.0,0,0,3,1020,0,1940,,"11819 1st Avenue South, Seattle, WA 98168, USA",20140627T000000,11819 1st Avenue South,Seattle,WA 98168,USA,98168
2014-06-27,285000.0,2.0,1.0,910,8155,1.0,0,0,4,910,0,1948,,"15322 26th Ave NE, Shoreline, WA 98155, USA",20140627T000000,15322 26th Ave NE,Shoreline,WA 98155,USA,98155
2014-06-27,295000.0,1.0,1.0,700,2500,1.0,0,0,4,700,0,1907,,"4108 25th Ave SW, Seattle, WA 98106, USA",20140627T000000,4108 25th Ave SW,Seattle,WA 98106,USA,98106
2014-06-27,602000.0,4.0,1.75,2420,37800,1.0,0,0,4,1880,540,1981,,"23607 NE 72nd St, Redmond, WA 98053, USA",20140627T000000,23607 NE 72nd St,Redmond,WA 98053,USA,98053
2014-06-27,235000.0,3.0,1.75,1950,8712,1.0,0,0,3,1950,0,1960,,"18201-18223 114th Ave SE, Renton, WA 98055, USA",20140627T000000,18201-18223 114th Ave SE,Renton,WA 98055,USA,98055
2014-06-27,465000.0,4.0,2.5,3060,6000,2.0,0,0,3,3060,0,2012,,"21212 SE 260th St, Maple Valley, WA 98038, USA",20140627T000000,21212 SE 260th St,Maple Valley,WA 98038,USA,98038
2014-06-27,234000.0,4.0,1.0,1390,18000,1.0,0,0,3,1390,0,1955,2013.0,"3915 S 238th St, Kent, WA 98032, USA",20140627T000000,3915 S 238th St,Kent,WA 98032,USA,98032
2014-06-27,504200.0,2.0,1.5,1200,1687,3.0,0,0,3,1200,0,2008,,"3467 Meridian Ave N, Seattle, WA 98103, USA",20140627T000000,3467 Meridian Ave N,Seattle,WA 98103,USA,98103
2014-06-27,710000.0,3.0,2.5,2440,4153,2.0,0,0,3,2440,0,2003,,"6625 188th Pl NE, Redmond, WA 98052, USA",20140627T000000,6625 188th Pl NE,Redmond,WA 98052,USA,98052
2014-06-27,589500.0,3.0,3.25,2310,3075,2.0,0,0,3,1730,580,2005,,"4405 40th Ave SW, Seattle, WA 98116, USA",20140627T000000,4405 40th Ave SW,Seattle,WA 98116,USA,98116
2014-06-27,415000.0,3.0,2.75,2600,64626,1.5,0,0,3,2600,0,2009,,"69506 NE Money Creek Rd, Skykomish, WA 98288, USA",20140627T000000,69506 NE Money Creek Rd,Skykomish,WA 98288,USA,98288
2014-06-27,735000.0,3.0,2.25,1490,1212,2.0,0,0,3,1040,450,2011,,"425 15th Ave E, Seattle, WA 98112, USA",20140627T000000,425 15th Ave E,Seattle,WA 98112,USA,98112
2014-06-27,427000.0,3.0,2.5,2432,9391,2.0,0,2,3,2432,0,2005,,"28461 54th Ave S, Federal Way, WA 98001, USA",20140627T000000,28461 54th Ave S,Federal Way,WA 98001,USA,98001
2014-06-27,982000.0,4.0,2.75,3610,8580,2.0,0,0,3,3610,0,2014,,"12440 NE 73rd St, Kirkland, WA 98033, USA",20140627T000000,12440 NE 73rd St,Kirkland,WA 98033,USA,98033
2014-06-27,459000.0,4.0,3.0,2530,10000,2.0,0,0,3,2530,0,2013,,"111 S 192nd St, Burien, WA 98148, USA",20140627T000000,111 S 192nd St,Burien,WA 98148,USA,98148
2014-06-27,483453.0,4.0,2.75,2790,5527,2.0,0,0,3,2790,0,2014,,"897 SE 11th St, North Bend, WA 98045, USA",20140627T000000,897 SE 11th St,North Bend,WA 98045,USA,98045
2014-06-27,246950.0,3.0,3.0,1670,4440,1.0,0,0,3,1670,0,2014,,"495 Petersen Dr E, Enumclaw, WA 98022, USA",20140627T000000,495 Petersen Dr E,Enumclaw,WA 98022,USA,98022
2014-06-27,235000.0,1.0,1.5,1170,1456,2.0,0,0,3,1070,100,2007,,"3003 SW Cycle Ct, Seattle, WA 98126, USA",20140627T000000,3003 SW Cycle Ct,Seattle,WA 98126,USA,98126
2014-06-27,288790.0,4.0,2.0,1350,942,3.0,0,0,3,1350,0,2008,,"916 4th Ave NE, Issaquah, WA 98029, USA",20140627T000000,916 4th Ave NE,Issaquah,WA 98029,USA,98029
2014-06-27,229800.0,2.0,1.75,1110,1773,2.0,0,0,3,1110,0,2014,,"4217 Renton Ave S, Seattle, WA 98108, USA",20140627T000000,4217 Renton Ave S,Seattle,WA 98108,USA,98108
2014-06-27,516500.0,1.0,1.25,1100,638,3.0,0,0,3,1100,0,2014,,"416 19th Ave E, Seattle, WA 98112, USA",20140627T000000,416 19th Ave E,Seattle,WA 98112,USA,98112
2014-06-28,1600000.0,3.0,4.25,2820,7200,2.0,0,0,4,2460,360,1930,,"3221 E Morley Way, Seattle, WA 98112, USA",20140628T000000,3221 E Morley Way,Seattle,WA 98112,USA,98112
2014-06-28,234000.0,3.0,1.0,1040,8128,1.0,0,0,3,1040,0,1983,,"26720 NE Stewart St, Duvall, WA 98019, USA",20140628T000000,26720 NE Stewart St,Duvall,WA 98019,USA,98019
2014-06-28,230000.0,2.0,1.75,1910,3376,2.0,0,0,3,1910,0,1980,,"213th Ave SE, Maple Valley, WA 98038, USA",20140628T000000,213th Ave SE,Maple Valley,WA 98038,USA,98038
2014-06-28,300000.0,4.0,1.0,1370,8499,1.0,0,0,3,1370,0,1949,,"14709 26th Ave NE, Shoreline, WA 98155, USA",20140628T000000,14709 26th Ave NE,Shoreline,WA 98155,USA,98155
2014-06-28,470000.0,3.0,1.5,1500,5000,1.5,0,0,4,1140,360,1927,,"6737-6741 13th Ave NW, Seattle, WA 98117, USA",20140628T000000,6737-6741 13th Ave NW,Seattle,WA 98117,USA,98117
2014-06-28,339900.0,3.0,1.0,1200,9087,1.0,0,0,5,1200,0,1969,,"8860 122nd Ct SE, Newcastle, WA 98056, USA",20140628T000000,8860 122nd Ct SE,Newcastle,WA 98056,USA,98056
2014-06-28,650000.0,2.0,1.0,1050,2542,1.0,0,0,3,880,170,1904,,"1723 27th Ave, Seattle, WA 98122, USA",20140628T000000,1723 27th Ave,Seattle,WA 98122,USA,98122
2014-06-28,585000.0,5.0,2.5,2670,16777,1.5,0,0,4,1620,1050,1920,,"2500 NE 100th St, Seattle, WA 98125, USA",20140628T000000,2500 NE 100th St,Seattle,WA 98125,USA,98125
2014-06-28,699900.0,4.0,2.5,2190,11500,1.0,0,0,4,1430,760,1972,,"4421 145th Ave SE, Bellevue, WA 98006, USA",20140628T000000,4421 145th Ave SE,Bellevue,WA 98006,USA,98006
2014-06-28,598000.0,4.0,2.5,3130,40918,2.0,0,0,3,3130,0,1994,,"46300 SE 137th St, North Bend, WA 98045, USA",20140628T000000,46300 SE 137th St,North Bend,WA 98045,USA,98045
2014-06-28,475000.0,3.0,2.5,1700,9100,1.0,0,0,3,1160,540,1998,,"7318 36th Ave SW, Seattle, WA 98126, USA",20140628T000000,7318 36th Ave SW,Seattle,WA 98126,USA,98126
2014-06-28,314500.0,3.0,1.75,1700,17355,1.0,0,0,3,1200,500,1978,,"26522 214th Ave SE, Maple Valley, WA 98038, USA",20140628T000000,26522 214th Ave SE,Maple Valley,WA 98038,USA,98038
2014-06-29,397000.0,3.0,3.5,1360,1275,2.0,0,0,3,1240,120,2007,,"1337 14th Ave S, Seattle, WA 98144, USA",20140629T000000,1337 14th Ave S,Seattle,WA 98144,USA,98144
2014-06-29,345000.0,3.0,2.0,1610,15005,1.0,0,0,4,1610,0,1986,,"31907 NE 102nd Pl, Carnation, WA 98014, USA",20140629T000000,31907 NE 102nd Pl,Carnation,WA 98014,USA,98014
2014-06-29,325000.0,5.0,2.75,2130,6222,1.0,0,0,3,1300,830,1991,,"4443 S Camano Pl, Seattle, WA 98118, USA",20140629T000000,4443 S Camano Pl,Seattle,WA 98118,USA,98118
2014-06-29,265000.0,3.0,1.0,1800,7650,1.0,0,0,5,1800,0,1957,,"600 Jefferson Ave NE, Renton, WA 98056, USA",20140629T000000,600 Jefferson Ave NE,Renton,WA 98056,USA,98056
2014-06-29,402000.0,4.0,2.75,2950,15540,1.0,0,0,4,2120,830,1974,,"24204-24298 142nd Ave SE, Kent, WA 98042, USA",20140629T000000,24204-24298 142nd Ave SE,Kent,WA 98042,USA,98042
2014-06-29,835000.0,3.0,2.25,2120,54014,2.0,0,0,4,2120,0,1964,,"4204 134th Ave NE, Bellevue, WA 98005, USA",20140629T000000,4204 134th Ave NE,Bellevue,WA 98005,USA,98005
2014-06-30,780000.0,4.0,2.5,3500,7048,2.0,0,0,3,3500,0,2005,,"8906-8914 236th Ave NE, Redmond, WA 98053, USA",20140630T000000,8906-8914 236th Ave NE,Redmond,WA 98053,USA,98053
2014-06-30,250000.0,3.0,2.0,1440,9220,1.0,0,0,3,1440,0,1965,,"25816 13th Pl S, Des Moines, WA 98198, USA",20140630T000000,25816 13th Pl S,Des Moines,WA 98198,USA,98198
2014-06-30,1200000.0,4.0,2.0,2120,3360,2.0,0,0,3,2120,0,1905,,"420 17th Ave E, Seattle, WA 98112, USA",20140630T000000,420 17th Ave E,Seattle,WA 98112,USA,98112
2014-06-30,935000.0,2.0,2.5,1780,2067,2.0,0,0,5,1780,0,1974,,"223 98th Ave NE, Bellevue, WA 98004, USA",20140630T000000,223 98th Ave NE,Bellevue,WA 98004,USA,98004
2014-06-30,300000.0,2.0,1.0,960,8153,1.0,0,0,3,960,0,1947,,"2610 NE 145th St, Shoreline, WA 98155, USA",20140630T000000,2610 NE 145th St,Shoreline,WA 98155,USA,98155
2014-06-30,419000.0,2.0,1.75,1510,4980,1.0,0,0,3,1510,0,2006,,"13471 Adair Creek Way NE, Redmond, WA 98053, USA",20140630T000000,13471 Adair Creek Way NE,Redmond,WA 98053,USA,98053
2014-06-30,410000.0,1.0,1.5,1010,5750,1.0,0,0,3,1010,0,1911,1948.0,"4611 SW Maple Way, Seattle, WA 98136, USA",20140630T000000,4611 SW Maple Way,Seattle,WA 98136,USA,98136
2014-06-30,1165000.0,3.0,3.0,3790,5001,2.0,0,0,3,2810,980,1989,,"3809 E Alder St, Seattle, WA 98122, USA",20140630T000000,3809 E Alder St,Seattle,WA 98122,USA,98122
2014-06-30,461000.0,3.0,1.75,3600,8666,2.0,0,0,4,2400,1200,1948,,"13017 NE 100th St, Kirkland, WA 98033, USA",20140630T000000,13017 NE 100th St,Kirkland,WA 98033,USA,98033
2014-06-30,385000.0,3.0,1.75,1300,7030,1.0,0,0,3,1300,0,1968,,"13420 121st Ave NE, Kirkland, WA 98034, USA",20140630T000000,13420 121st Ave NE,Kirkland,WA 98034,USA,98034
2014-06-30,669500.0,4.0,2.25,2500,4046,1.5,0,0,4,1520,980,1940,,"8044 20th Ave NW, Seattle, WA 98117, USA",20140630T000000,8044 20th Ave NW,Seattle,WA 98117,USA,98117
2014-06-30,491950.0,3.0,2.25,2090,10733,1.0,0,0,3,1440,650,1958,,"4401 NE 95th St, Seattle, WA 98115, USA",20140630T000000,4401 NE 95th St,Seattle,WA 98115,USA,98115
2014-06-30,1230000.0,3.0,1.75,2200,14630,1.5,0,1,3,2200,0,1948,2003.0,"9329 SE Shoreland Dr, Bellevue, WA 98004, USA",20140630T000000,9329 SE Shoreland Dr,Bellevue,WA 98004,USA,98004
2014-06-30,560000.0,3.0,2.25,2070,15002,1.5,0,0,3,2070,0,1955,2013.0,"5121 NE 187th St, Lake Forest Park, WA 98155, USA",20140630T000000,5121 NE 187th St,Lake Forest Park,WA 98155,USA,98155
2014-06-30,370000.0,3.0,1.0,1320,7341,1.0,0,0,3,1320,0,1982,,"14744 31st Ave NE, Shoreline, WA 98155, USA",20140630T000000,14744 31st Ave NE,Shoreline,WA 98155,USA,98155
2014-06-30,263400.0,4.0,2.0,1360,60548,1.0,0,0,3,960,400,1960,,"36656 55th Pl S, Auburn, WA 98001, USA",20140630T000000,36656 55th Pl S,Auburn,WA 98001,USA,98001
2014-06-30,100000.0,2.0,1.0,930,7623,1.0,0,0,2,930,0,1942,,"1038 SW 152nd St, Burien, WA 98166, USA",20140630T000000,1038 SW 152nd St,Burien,WA 98166,USA,98166
2014-06-30,289950.0,3.0,2.5,1760,8584,1.5,0,0,5,1760,0,1937,,"15827 7th Pl S, Burien, WA 98148, USA",20140630T000000,15827 7th Pl S,Burien,WA 98148,USA,98148
2014-06-30,263000.0,3.0,1.75,1410,8100,2.0,0,0,3,1410,0,1985,,"22036 SE 268th St, Maple Valley, WA 98038, USA",20140630T000000,22036 SE 268th St,Maple Valley,WA 98038,USA,98038
2014-06-30,397500.0,4.0,2.5,2570,7859,2.0,0,0,3,2570,0,1992,,"22200 SE 255th St, Maple Valley, WA 98038, USA",20140630T000000,22200 SE 255th St,Maple Valley,WA 98038,USA,98038
2014-06-30,245000.0,3.0,2.75,1300,14197,1.0,0,0,3,860,440,1996,,"11748 SE 264th St, Kent, WA 98030, USA",20140630T000000,11748 SE 264th St,Kent,WA 98030,USA,98030
2014-06-30,535000.0,3.0,1.0,1580,6300,1.0,0,0,3,1180,400,1925,,"2108 W Bertona St, Seattle, WA 98199, USA",20140630T000000,2108 W Bertona St,Seattle,WA 98199,USA,98199
2014-06-30,449000.0,4.0,2.5,2960,6031,2.0,0,0,3,2960,0,2005,,"22614 SE 270th Pl, Maple Valley, WA 98038, USA",20140630T000000,22614 SE 270th Pl,Maple Valley,WA 98038,USA,98038
2014-06-30,490000.0,4.0,3.0,2330,3497,2.0,0,0,3,1920,410,2003,,"5294-5296 19th Pl S, Seattle, WA 98108, USA",20140630T000000,5294-5296 19th Pl S,Seattle,WA 98108,USA,98108
2014-06-30,445800.0,4.0,2.25,2070,39446,1.0,0,0,3,1470,600,1977,,"20143 47th Ave NE, Lake Forest Park, WA 98155, USA",20140630T000000,20143 47th Ave NE,Lake Forest Park,WA 98155,USA,98155
2014-06-30,345000.0,2.0,1.0,970,5750,1.0,0,0,4,970,0,1932,,"5601 29th Ave SW, Seattle, WA 98126, USA",20140630T000000,5601 29th Ave SW,Seattle,WA 98126,USA,98126
2014-06-30,327500.0,3.0,2.25,2310,7200,2.0,0,0,3,2310,0,1990,,"11103 SE 219th Pl, Kent, WA 98031, USA",20140630T000000,11103 SE 219th Pl,Kent,WA 98031,USA,98031
2014-06-30,436500.0,4.0,2.5,2290,11173,2.0,0,0,4,2290,0,1988,,"133rd Ave SE, Renton, WA 98058, USA",20140630T000000,133rd Ave SE,Renton,WA 98058,USA,98058
2014-06-30,550000.0,3.0,2.25,1720,9600,1.0,0,0,4,1220,500,1967,,"5606 160th Ave NE, Redmond, WA 98052, USA",20140630T000000,5606 160th Ave NE,Redmond,WA 98052,USA,98052
2014-06-30,441000.0,2.0,1.5,1190,3400,1.0,0,0,3,990,200,1919,,"6008 8th Ave NE, Seattle, WA 98115, USA",20140630T000000,6008 8th Ave NE,Seattle,WA 98115,USA,98115
2014-06-30,406500.0,2.0,1.0,870,5750,1.0,0,0,4,870,0,1947,,"4437 49th Ave SW, Seattle, WA 98116, USA",20140630T000000,4437 49th Ave SW,Seattle,WA 98116,USA,98116
2014-06-30,243000.0,2.0,1.5,1068,1758,2.0,0,0,3,1068,0,1990,,"7231 NE 171st Ln, Kenmore, WA 98028, USA",20140630T000000,7231 NE 171st Ln,Kenmore,WA 98028,USA,98028
2014-06-30,359500.0,4.0,2.75,2140,10316,2.0,0,0,3,2140,0,1993,,"27721 48th Ave S, Auburn, WA 98001, USA",20140630T000000,27721 48th Ave S,Auburn,WA 98001,USA,98001
2014-06-30,760000.0,4.0,2.5,3300,165528,2.0,0,0,3,3300,0,1984,,"19014 233rd Ave NE, Woodinville, WA 98077, USA",20140630T000000,19014 233rd Ave NE,Woodinville,WA 98077,USA,98077
2014-06-30,1925000.0,5.0,4.25,4830,8050,2.5,0,2,4,3710,1120,1914,,"2653 Cascadia Ave S, Seattle, WA 98144, USA",20140630T000000,2653 Cascadia Ave S,Seattle,WA 98144,USA,98144
2014-06-30,408000.0,5.0,3.25,2820,6589,1.5,0,0,3,2320,500,1906,2014.0,"7403 48th Ave S, Seattle, WA 98118, USA",20140630T000000,7403 48th Ave S,Seattle,WA 98118,USA,98118
2014-06-30,480000.0,4.0,3.0,2440,9664,2.0,0,0,3,1890,550,1981,,"18713 66th Ave NE, Kenmore, WA 98028, USA",20140630T000000,18713 66th Ave NE,Kenmore,WA 98028,USA,98028
2014-06-30,875000.0,4.0,1.5,1800,3245,1.5,0,0,4,1800,0,1929,,"2304 N 44th St, Seattle, WA 98103, USA",20140630T000000,2304 N 44th St,Seattle,WA 98103,USA,98103
2014-06-30,308000.0,3.0,1.0,1010,8800,1.0,0,0,4,1010,0,1954,,"5968 44th Ave S, Seattle, WA 98118, USA",20140630T000000,5968 44th Ave S,Seattle,WA 98118,USA,98118
2014-06-30,880000.0,4.0,2.75,3220,4392,1.5,0,0,4,2320,900,1931,,"5720 Princeton Ave NE, Seattle, WA 98105, USA",20140630T000000,5720 Princeton Ave NE,Seattle,WA 98105,USA,98105
2014-06-30,1730000.0,5.0,3.5,5000,26540,2.0,0,3,3,3410,1590,2008,,"4419 Ferncroft Rd, Mercer Island, WA 98040, USA",20140630T000000,4419 Ferncroft Rd,Mercer Island,WA 98040,USA,98040
2014-06-30,170000.0,2.0,1.0,1200,24792,2.0,0,0,2,1200,0,1976,,"3009 W Ames Lake Dr NE, Redmond, WA 98053, USA",20140630T000000,3009 W Ames Lake Dr NE,Redmond,WA 98053,USA,98053
2014-06-30,491500.0,3.0,2.25,1470,4322,2.0,0,0,3,1470,0,1985,,"4327 242nd Pl SE, Issaquah, WA 98029, USA",20140630T000000,4327 242nd Pl SE,Issaquah,WA 98029,USA,98029
2014-06-30,515000.0,3.0,2.5,2600,4506,2.0,0,0,3,2600,0,2003,,"14811 89th Pl NE, Kenmore, WA 98028, USA",20140630T000000,14811 89th Pl NE,Kenmore,WA 98028,USA,98028
2014-06-30,550000.0,4.0,1.5,2750,128502,1.0,0,0,2,1500,1250,1958,,"18647 108th Ave SE, Renton, WA 98055, USA",20140630T000000,18647 108th Ave SE,Renton,WA 98055,USA,98055
2014-06-30,255000.0,2.0,1.0,1320,9967,1.0,0,0,3,940,380,1919,,"3822 Martin Luther King Jr Way S, Seattle, WA 98108, USA",20140630T000000,3822 Martin Luther King Jr Way S,Seattle,WA 98108,USA,98108
2014-06-30,635000.0,3.0,2.5,3350,4007,2.0,0,0,3,2550,800,2005,,"10068 NE 142nd Pl, Kirkland, WA 98034, USA",20140630T000000,10068 NE 142nd Pl,Kirkland,WA 98034,USA,98034
2014-06-30,850000.0,3.0,2.5,2650,2387,2.0,0,0,3,1830,820,1920,,"408 W Lee St, Seattle, WA 98119, USA",20140630T000000,408 W Lee St,Seattle,WA 98119,USA,98119
2014-06-30,265000.0,2.0,2.0,1860,10856,1.0,0,0,3,1260,600,1952,,"11263-11611 Beacon Ave S, Seattle, WA 98178, USA",20140630T000000,11263-11611 Beacon Ave S,Seattle,WA 98178,USA,98178
2014-06-30,349810.0,3.0,1.0,960,8855,1.0,0,0,4,960,0,1958,,"137 NE 193rd St, Shoreline, WA 98155, USA",20140630T000000,137 NE 193rd St,Shoreline,WA 98155,USA,98155
2014-06-30,972000.0,4.0,1.75,2010,6300,1.0,0,2,5,1610,400,1937,,"2827 43rd Ave W, Seattle, WA 98199, USA",20140630T000000,2827 43rd Ave W,Seattle,WA 98199,USA,98199
2014-06-30,235000.0,2.0,1.0,900,28800,1.0,0,0,1,900,0,1928,,"8406 Railroad Ave, Snoqualmie, WA 98065, USA",20140630T000000,8406 Railroad Ave,Snoqualmie,WA 98065,USA,98065
2014-06-30,330000.0,4.0,2.5,2340,11784,2.0,0,0,3,2340,0,1997,,"24200-24498 144th Ave SE, Kent, WA 98042, USA",20140630T000000,24200-24498 144th Ave SE,Kent,WA 98042,USA,98042
2014-06-30,500000.0,4.0,3.0,3720,15048,3.0,0,0,3,3720,0,1979,2014.0,"10218 147th Ave SE, Renton, WA 98059, USA",20140630T000000,10218 147th Ave SE,Renton,WA 98059,USA,98059
2014-06-30,570000.0,3.0,2.0,1890,29185,1.0,0,0,3,1470,420,1949,2013.0,"12933 SE 46th Ln, Bellevue, WA 98006, USA",20140630T000000,12933 SE 46th Ln,Bellevue,WA 98006,USA,98006
2014-06-30,1309500.0,4.0,2.5,2680,12215,1.0,1,4,3,1590,1090,1956,,"18051 Normandy Terrace SW, Normandy Park, WA 98166, USA",20140630T000000,18051 Normandy Terrace SW,Normandy Park,WA 98166,USA,98166
2014-06-30,544000.0,3.0,2.5,1460,1613,2.0,0,0,3,1180,280,2007,,"6710 Alonzo Ave NW, Seattle, WA 98117, USA",20140630T000000,6710 Alonzo Ave NW,Seattle,WA 98117,USA,98117
2014-06-30,439000.0,3.0,2.5,3180,7904,1.0,0,0,3,1810,1370,2006,,"2813 NE 4th Ct, Renton, WA 98056, USA",20140630T000000,2813 NE 4th Ct,Renton,WA 98056,USA,98056
2014-06-30,530000.0,4.0,2.25,1980,15086,2.0,0,0,3,1980,0,1981,,"20703 NE 42nd Pl, Sammamish, WA 98074, USA",20140630T000000,20703 NE 42nd Pl,Sammamish,WA 98074,USA,98074
2014-06-30,427500.0,2.0,2.0,1090,934,3.0,0,0,3,1090,0,2008,,"1700 Dexter Ave N, Seattle, WA 98109, USA",20140630T000000,1700 Dexter Ave N,Seattle,WA 98109,USA,98109
2014-06-30,337000.0,4.0,2.5,2230,5970,2.0,0,0,4,2230,0,2002,,"15731 SE 253rd Pl, Covington, WA 98042, USA",20140630T000000,15731 SE 253rd Pl,Covington,WA 98042,USA,98042
2014-06-30,1095000.0,4.0,2.75,3330,9143,2.0,0,0,4,3330,0,1995,,"11217 NE 90th St, Kirkland, WA 98033, USA",20140630T000000,11217 NE 90th St,Kirkland,WA 98033,USA,98033
2014-06-30,435000.0,4.0,2.0,1880,3840,1.0,0,0,3,970,910,1904,,"1101 23rd Ave S, Seattle, WA 98144, USA",20140630T000000,1101 23rd Ave S,Seattle,WA 98144,USA,98144
2014-06-30,765000.0,5.0,3.0,2870,5700,1.0,0,0,3,1950,920,1964,,"4520 Sunnyside Ave N, Seattle, WA 98103, USA",20140630T000000,4520 Sunnyside Ave N,Seattle,WA 98103,USA,98103
2014-06-30,492650.0,4.0,1.75,2120,9786,1.0,0,0,3,1640,480,1967,,"520 NW 201st Pl, Shoreline, WA 98177, USA",20140630T000000,520 NW 201st Pl,Shoreline,WA 98177,USA,98177
2014-06-30,383962.0,4.0,2.5,2700,6998,2.0,0,0,3,2700,0,2001,,"14911 57th Ave S, Tukwila, WA 98168, USA",20140630T000000,14911 57th Ave S,Tukwila,WA 98168,USA,98168
2014-06-30,950000.0,4.0,2.5,3670,7680,2.5,0,0,3,3670,0,2007,,"2913 NE Davis Loop, Issaquah, WA 98029, USA",20140630T000000,2913 NE Davis Loop,Issaquah,WA 98029,USA,98029
2014-06-30,457000.0,3.0,2.5,1220,1330,2.0,0,0,3,1010,210,2008,,"8354 11th Ave NW, Seattle, WA 98117, USA",20140630T000000,8354 11th Ave NW,Seattle,WA 98117,USA,98117
2014-06-30,1510000.0,5.0,3.25,4390,11250,2.0,0,0,3,4390,0,2007,,"8442 SE 36th St, Mercer Island, WA 98040, USA",20140630T000000,8442 SE 36th St,Mercer Island,WA 98040,USA,98040
2014-06-30,882566.0,4.0,2.5,3560,5265,3.0,0,0,3,3560,0,2014,,"17122 NE 117th St, Redmond, WA 98052, USA",20140630T000000,17122 NE 117th St,Redmond,WA 98052,USA,98052
2014-06-30,963000.0,4.0,3.25,3530,8589,2.0,0,0,3,3530,0,2007,,"10815 110th Ave NE, Kirkland, WA 98033, USA",20140630T000000,10815 110th Ave NE,Kirkland,WA 98033,USA,98033
2014-06-30,345000.0,4.0,2.5,2280,5000,2.0,0,0,3,2280,0,2006,,"27019 228th Pl SE, Maple Valley, WA 98038, USA",20140630T000000,27019 228th Pl SE,Maple Valley,WA 98038,USA,98038
2014-06-30,2065000.0,4.0,3.75,4350,7965,2.0,0,0,3,4350,0,2013,,"2000-2098 102nd Ave NE, Bellevue, WA 98004, USA",20140630T000000,2000-2098 102nd Ave NE,Bellevue,WA 98004,USA,98004
2014-07-01,800000.0,3.0,3.5,3830,221284,2.0,0,0,3,3530,300,1993,,"18810 236th Ave NE, Woodinville, WA 98077, USA",20140701T000000,18810 236th Ave NE,Woodinville,WA 98077,USA,98077
2014-07-01,314500.0,3.0,2.0,2050,13303,1.0,0,0,3,2050,0,1993,,"37128 19th Way S, Federal Way, WA 98003, USA",20140701T000000,37128 19th Way S,Federal Way,WA 98003,USA,98003
2014-07-01,530000.0,3.0,2.5,3660,39478,2.0,0,2,4,3260,400,1989,,"27699 SE 401st St, Enumclaw, WA 98022, USA",20140701T000000,27699 SE 401st St,Enumclaw,WA 98022,USA,98022
2014-07-01,650000.0,4.0,2.5,3350,46748,2.0,0,0,3,3350,0,2004,,"28815 237th Pl SE, Black Diamond, WA 98010, USA",20140701T000000,28815 237th Pl SE,Black Diamond,WA 98010,USA,98010
2014-07-01,349500.0,3.0,2.0,1270,3600,1.0,0,0,3,1270,0,1963,,"2709 E Marion St, Seattle, WA 98122, USA",20140701T000000,2709 E Marion St,Seattle,WA 98122,USA,98122
2014-07-01,1198000.0,4.0,3.5,3400,3850,2.5,0,0,3,2790,610,2008,,"2303 E Valley St, Seattle, WA 98112, USA",20140701T000000,2303 E Valley St,Seattle,WA 98112,USA,98112
2014-07-01,165050.0,3.0,1.0,1200,8514,1.0,0,0,3,1200,0,1959,,"1419 Farrelly St, Enumclaw, WA 98022, USA",20140701T000000,1419 Farrelly St,Enumclaw,WA 98022,USA,98022
2014-07-01,580000.0,3.0,2.5,2200,11000,2.0,0,2,3,2200,0,1978,,"1430-1920 W Lake Sammamish Pkwy SE, Bellevue, WA 98008, USA",20140701T000000,1430-1920 W Lake Sammamish Pkwy SE,Bellevue,WA 98008,USA,98008
2014-07-01,330000.0,3.0,2.5,1680,11312,1.0,0,0,3,1080,600,1959,,"10843-10857 8th Ave SW, Seattle, WA 98146, USA",20140701T000000,10843-10857 8th Ave SW,Seattle,WA 98146,USA,98146
2014-07-01,875000.0,5.0,3.5,3840,8279,2.0,0,0,3,3840,0,2001,,"21033 SE 5th St, Sammamish, WA 98074, USA",20140701T000000,21033 SE 5th St,Sammamish,WA 98074,USA,98074
2014-07-01,500000.0,2.0,1.0,950,4500,1.0,0,2,3,850,100,1926,,"4024 Phinney Ave N, Seattle, WA 98103, USA",20140701T000000,4024 Phinney Ave N,Seattle,WA 98103,USA,98103
2014-07-01,445000.0,4.0,2.5,2280,42077,2.0,0,0,3,2280,0,1994,,"19901-19999 SE 290th Pl, Kent, WA 98042, USA",20140701T000000,19901-19999 SE 290th Pl,Kent,WA 98042,USA,98042
2014-07-01,274900.0,4.0,2.5,1970,6600,2.0,0,0,3,1970,0,1987,,"28206 130th Ave SE, Kent, WA 98030, USA",20140701T000000,28206 130th Ave SE,Kent,WA 98030,USA,98030
2014-07-01,219950.0,3.0,1.5,1620,9310,1.0,0,0,4,1620,0,1967,,"17459 SE 262nd St, Covington, WA 98042, USA",20140701T000000,17459 SE 262nd St,Covington,WA 98042,USA,98042
2014-07-01,691500.0,4.0,2.5,2600,7200,2.0,0,0,3,2600,0,1962,2002.0,"9041 49th Ave NE, Seattle, WA 98115, USA",20140701T000000,9041 49th Ave NE,Seattle,WA 98115,USA,98115
2014-07-01,459500.0,2.0,1.0,1250,3825,1.0,0,0,3,850,400,1929,,"7031 18th Ave NW, Seattle, WA 98117, USA",20140701T000000,7031 18th Ave NW,Seattle,WA 98117,USA,98117
2014-07-01,955500.0,4.0,1.75,2130,5080,1.5,0,0,3,2130,0,1914,1993.0,"2572 5th Ave W, Seattle, WA 98119, USA",20140701T000000,2572 5th Ave W,Seattle,WA 98119,USA,98119
2014-07-01,328950.0,4.0,1.75,2550,8976,1.0,0,0,5,1300,1250,1978,,"19254 121st Pl SE, Kent, WA 98031, USA",20140701T000000,19254 121st Pl SE,Kent,WA 98031,USA,98031
2014-07-01,307000.0,3.0,1.0,1150,6000,1.5,0,0,3,1150,0,1927,,"227 W 2nd St, North Bend, WA 98045, USA",20140701T000000,227 W 2nd St,North Bend,WA 98045,USA,98045
2014-07-01,382500.0,3.0,1.75,1040,9000,1.0,0,0,4,1040,0,1967,,"425-445 Mt Defiance Cir SW, Issaquah, WA 98027, USA",20140701T000000,425-445 Mt Defiance Cir SW,Issaquah,WA 98027,USA,98027
2014-07-01,1150000.0,4.0,2.5,3340,10422,2.0,0,0,3,3340,0,1996,,"10640 NE 46th St, Kirkland, WA 98033, USA",20140701T000000,10640 NE 46th St,Kirkland,WA 98033,USA,98033
2014-07-01,1297000.0,6.0,2.75,2630,9420,2.0,0,0,5,2510,120,1900,,"5529 Wallingford Ave N, Seattle, WA 98103, USA",20140701T000000,5529 Wallingford Ave N,Seattle,WA 98103,USA,98103
2014-07-01,478000.0,3.0,2.25,1640,3896,2.0,0,0,3,1640,0,1994,,"4235 250th Pl SE, Issaquah, WA 98029, USA",20140701T000000,4235 250th Pl SE,Issaquah,WA 98029,USA,98029
2014-07-01,260000.0,2.0,1.0,770,7906,1.0,0,0,4,770,0,1948,,"834 NE 189th St, Shoreline, WA 98155, USA",20140701T000000,834 NE 189th St,Shoreline,WA 98155,USA,98155
2014-07-01,850000.0,4.0,3.25,4350,112750,1.0,0,0,3,2200,2150,2006,,"6407 282nd Ave SE, Issaquah, WA 98027, USA",20140701T000000,6407 282nd Ave SE,Issaquah,WA 98027,USA,98027
2014-07-01,616000.0,4.0,1.75,1700,5846,1.0,0,0,3,1700,0,1957,,"4003 W Emerson St, Seattle, WA 98199, USA",20140701T000000,4003 W Emerson St,Seattle,WA 98199,USA,98199
2014-07-01,540000.0,3.0,1.75,2050,9580,1.0,0,0,3,1400,650,1984,,"22607 NE 14th Dr, Sammamish, WA 98074, USA",20140701T000000,22607 NE 14th Dr,Sammamish,WA 98074,USA,98074
2014-07-01,300000.0,3.0,2.25,1660,5128,2.0,0,0,3,1660,0,2001,,"278th Ave NE, Duvall, WA 98019, USA",20140701T000000,278th Ave NE,Duvall,WA 98019,USA,98019
2014-07-01,507500.0,3.0,1.75,1990,9594,1.0,0,0,3,1190,800,1977,,"15311 NE 62nd Ct, Redmond, WA 98052, USA",20140701T000000,15311 NE 62nd Ct,Redmond,WA 98052,USA,98052
2014-07-01,3800000.0,5.0,5.5,7050,42840,1.0,0,2,4,4320,2730,1978,,"1365 91st Ave NE, Clyde Hill, WA 98004, USA",20140701T000000,1365 91st Ave NE,Clyde Hill,WA 98004,USA,98004
2014-07-01,241000.0,3.0,2.0,1770,7000,1.0,0,0,3,1770,0,1986,,"30027 58th Pl S, Auburn, WA 98001, USA",20140701T000000,30027 58th Pl S,Auburn,WA 98001,USA,98001
2014-07-01,485000.0,3.0,2.25,2440,47916,2.0,0,0,3,2090,350,1991,,"3036 E Ames Lake Dr NE, Redmond, WA 98053, USA",20140701T000000,3036 E Ames Lake Dr NE,Redmond,WA 98053,USA,98053
2014-07-01,695000.0,3.0,2.5,2620,51354,2.0,0,0,3,2620,0,1998,,"23337 NE 138th Way, Woodinville, WA 98077, USA",20140701T000000,23337 NE 138th Way,Woodinville,WA 98077,USA,98077
2014-07-01,548000.0,4.0,2.5,2440,11005,2.0,0,0,3,2440,0,1994,,"12219 SE 80th Way, Newcastle, WA 98056, USA",20140701T000000,12219 SE 80th Way,Newcastle,WA 98056,USA,98056
2014-07-01,345000.0,2.0,1.0,1080,7775,1.0,0,0,3,1080,0,1955,,"6439 Marshall Ave SW, Seattle, WA 98136, USA",20140701T000000,6439 Marshall Ave SW,Seattle,WA 98136,USA,98136
2014-07-01,280000.0,3.0,1.0,1090,10710,1.0,0,0,4,1090,0,1962,,"1048 Redmond Ave NE, Renton, WA 98056, USA",20140701T000000,1048 Redmond Ave NE,Renton,WA 98056,USA,98056
2014-07-01,450000.0,3.0,1.75,1400,13775,1.0,0,0,3,1400,0,1963,,"6217 NE 156th St, Kenmore, WA 98028, USA",20140701T000000,6217 NE 156th St,Kenmore,WA 98028,USA,98028
2014-07-01,515000.0,3.0,2.5,2010,7200,2.0,0,0,3,2010,0,1994,,"8818 NE 150th St, Kenmore, WA 98028, USA",20140701T000000,8818 NE 150th St,Kenmore,WA 98028,USA,98028
2014-07-01,1014250.0,3.0,1.0,1640,12855,1.5,0,0,5,1500,140,1920,,"720 96th Ave NE, Bellevue, WA 98004, USA",20140701T000000,720 96th Ave NE,Bellevue,WA 98004,USA,98004
2014-07-01,739900.0,5.0,2.5,3290,5029,2.0,0,0,3,3290,0,2004,,"3602 212th Pl SE, Sammamish, WA 98075, USA",20140701T000000,3602 212th Pl SE,Sammamish,WA 98075,USA,98075
2014-07-01,600000.0,2.0,2.5,2510,14878,2.0,0,0,3,2510,0,1990,,"17221 102nd Ave NE, Bothell, WA 98011, USA",20140701T000000,17221 102nd Ave NE,Bothell,WA 98011,USA,98011
2014-07-01,370000.0,2.0,1.0,860,6050,1.0,0,0,3,860,0,1952,,"3818 53rd Ave SW, Seattle, WA 98116, USA",20140701T000000,3818 53rd Ave SW,Seattle,WA 98116,USA,98116
2014-07-01,729032.0,4.0,2.5,2840,12866,1.0,0,0,4,1780,1060,1977,,"3200 130th Ave NE, Bellevue, WA 98005, USA",20140701T000000,3200 130th Ave NE,Bellevue,WA 98005,USA,98005
2014-07-01,510000.0,3.0,1.75,1750,7020,2.0,0,0,3,1750,0,1934,1978.0,"30734 229th Pl SE, Black Diamond, WA 98010, USA",20140701T000000,30734 229th Pl SE,Black Diamond,WA 98010,USA,98010
2014-07-01,425000.0,3.0,1.5,1300,19163,1.0,0,0,3,1300,0,1964,,"14011 NE 71st Pl, Redmond, WA 98052, USA",20140701T000000,14011 NE 71st Pl,Redmond,WA 98052,USA,98052
2014-07-01,1080000.0,3.0,2.75,3890,7216,2.0,0,1,3,3260,630,1967,2010.0,"5226 S Morgan St, Seattle, WA 98118, USA",20140701T000000,5226 S Morgan St,Seattle,WA 98118,USA,98118
2014-07-01,337000.0,3.0,2.25,1460,941,3.0,0,0,3,1460,0,2006,,"11707 Greenwood Ave N, Seattle, WA 98133, USA",20140701T000000,11707 Greenwood Ave N,Seattle,WA 98133,USA,98133
2014-07-01,563000.0,4.0,1.0,1410,3376,1.5,0,0,5,1410,0,1911,,"621 NW 44th St, Seattle, WA 98107, USA",20140701T000000,621 NW 44th St,Seattle,WA 98107,USA,98107
2014-07-01,1695000.0,4.0,2.75,3770,10900,2.0,0,2,5,3070,700,1924,,"3333 S Plum St, Seattle, WA 98144, USA",20140701T000000,3333 S Plum St,Seattle,WA 98144,USA,98144
2014-07-01,245000.0,3.0,2.0,1190,4072,1.5,0,0,5,1190,0,1907,,"8301-8399 47th Ave S, Seattle, WA 98118, USA",20140701T000000,8301-8399 47th Ave S,Seattle,WA 98118,USA,98118
2014-07-01,590000.0,3.0,2.0,1410,6413,1.0,0,0,4,910,500,1947,,"7264 27th Ave NE, Seattle, WA 98115, USA",20140701T000000,7264 27th Ave NE,Seattle,WA 98115,USA,98115
2014-07-01,695000.0,3.0,2.0,2500,4080,1.5,0,0,5,1680,820,1922,,"922 N 72nd St, Seattle, WA 98103, USA",20140701T000000,922 N 72nd St,Seattle,WA 98103,USA,98103
2014-07-01,402500.0,2.0,1.0,800,2280,1.0,0,0,5,800,0,1946,,"4235 4th Ave NW, Seattle, WA 98107, USA",20140701T000000,4235 4th Ave NW,Seattle,WA 98107,USA,98107
2014-07-01,435000.0,3.0,2.5,2530,13446,2.0,0,0,3,2530,0,1993,,"28219 NE 149th Pl, Duvall, WA 98019, USA",20140701T000000,28219 NE 149th Pl,Duvall,WA 98019,USA,98019
2014-07-01,660000.0,3.0,2.0,2570,28500,1.0,0,0,3,1970,600,1983,,"15031 NE 144th St, Redmond, WA 98052, USA",20140701T000000,15031 NE 144th St,Redmond,WA 98052,USA,98052
2014-07-01,300000.0,3.0,2.75,2090,9620,1.0,0,0,3,1340,750,1987,,"36529 2nd Ave SW, Federal Way, WA 98023, USA",20140701T000000,36529 2nd Ave SW,Federal Way,WA 98023,USA,98023
2014-07-01,600000.0,5.0,2.25,2980,7781,1.0,0,0,3,1580,1400,1960,,"4531 NE 106th St, Seattle, WA 98125, USA",20140701T000000,4531 NE 106th St,Seattle,WA 98125,USA,98125
2014-07-01,205000.0,3.0,1.75,1170,8239,1.0,0,0,3,1170,0,1981,,"26118 189th Ct SE, Covington, WA 98042, USA",20140701T000000,26118 189th Ct SE,Covington,WA 98042,USA,98042
2014-07-01,357500.0,3.0,3.5,2080,5100,2.0,0,0,3,2080,0,2004,,"28121 Maple Ridge Way SE, Maple Valley, WA 98038, USA",20140701T000000,28121 Maple Ridge Way SE,Maple Valley,WA 98038,USA,98038
2014-07-01,1110000.0,5.0,3.25,3350,4000,2.0,0,0,4,2510,840,1997,,"4776 34th Ave NE, Seattle, WA 98105, USA",20140701T000000,4776 34th Ave NE,Seattle,WA 98105,USA,98105
2014-07-01,332888.0,2.0,2.5,1050,1029,2.0,0,0,3,950,100,2007,,"101-115 26th Ave, Seattle, WA 98122, USA",20140701T000000,101-115 26th Ave,Seattle,WA 98122,USA,98122
2014-07-01,174000.0,2.0,1.0,900,13531,1.0,0,0,3,900,0,1979,,"102-1/2 5th Ave SW, Pacific, WA 98047, USA",20140701T000000,102-1/2 5th Ave SW,Pacific,WA 98047,USA,98047
2014-07-01,515000.0,2.0,1.0,1050,5000,1.0,0,0,5,1050,0,1907,,"5609 9th Ave NW, Seattle, WA 98107, USA",20140701T000000,5609 9th Ave NW,Seattle,WA 98107,USA,98107
2014-07-01,392000.0,5.0,2.25,3740,32481,1.5,0,0,3,2240,1500,1958,,"22835 16th Ave S, Des Moines, WA 98198, USA",20140701T000000,22835 16th Ave S,Des Moines,WA 98198,USA,98198
2014-07-01,485000.0,4.0,1.75,1430,4096,2.0,0,0,3,1430,0,1900,,"216 20th Ave, Seattle, WA 98122, USA",20140701T000000,216 20th Ave,Seattle,WA 98122,USA,98122
2014-07-01,217500.0,3.0,1.75,1400,9546,1.0,0,0,4,1400,0,1984,,"230 S 317th Pl, Federal Way, WA 98003, USA",20140701T000000,230 S 317th Pl,Federal Way,WA 98003,USA,98003
2014-07-01,502000.0,3.0,2.25,1600,45613,2.0,0,0,4,1600,0,1983,,"17120 166th Pl NE, Woodinville, WA 98072, USA",20140701T000000,17120 166th Pl NE,Woodinville,WA 98072,USA,98072
2014-07-01,820000.0,3.0,2.25,2880,9750,2.0,0,0,3,2880,0,1989,,"16614 SE 50th Pl, Bellevue, WA 98006, USA",20140701T000000,16614 SE 50th Pl,Bellevue,WA 98006,USA,98006
2014-07-01,1640000.0,3.0,3.25,3140,5445,2.0,0,3,4,2240,900,1913,,"471 Wheeler St, Seattle, WA 98109, USA",20140701T000000,471 Wheeler St,Seattle,WA 98109,USA,98109
2014-07-01,102500.0,2.0,1.0,820,4320,1.0,0,0,3,820,0,1937,,"9852 20th Ave SW, Seattle, WA 98106, USA",20140701T000000,9852 20th Ave SW,Seattle,WA 98106,USA,98106
2014-07-01,925000.0,5.0,5.5,5190,12637,2.0,0,2,3,5190,0,2001,,"6525 Cascade Ave SE, Snoqualmie, WA 98065, USA",20140701T000000,6525 Cascade Ave SE,Snoqualmie,WA 98065,USA,98065
2014-07-01,540000.0,4.0,2.5,2180,10140,1.0,0,0,4,1180,1000,1968,,"9003 172nd Ave NE, Redmond, WA 98052, USA",20140701T000000,9003 172nd Ave NE,Redmond,WA 98052,USA,98052
2014-07-01,600000.0,2.0,1.0,910,2002,1.5,0,0,3,910,0,1900,,"100 20th Ave E, Seattle, WA 98112, USA",20140701T000000,100 20th Ave E,Seattle,WA 98112,USA,98112
2014-07-01,406000.0,4.0,1.0,1580,8475,1.5,0,2,4,1580,0,1928,,"10041 64th Ave S, Seattle, WA 98178, USA",20140701T000000,10041 64th Ave S,Seattle,WA 98178,USA,98178
2014-07-01,620000.0,4.0,3.0,2130,6325,1.0,0,0,5,1440,690,1948,,"4002 50th Ave SW, Seattle, WA 98116, USA",20140701T000000,4002 50th Ave SW,Seattle,WA 98116,USA,98116
2014-07-01,1060000.0,4.0,2.5,4570,16015,2.0,0,2,3,4570,0,1990,,"1630 204th Pl NE, Sammamish, WA 98074, USA",20140701T000000,1630 204th Pl NE,Sammamish,WA 98074,USA,98074
2014-07-01,401000.0,3.0,2.0,1240,11172,1.0,0,0,3,1000,240,1984,,"3027 230th Pl NE, Sammamish, WA 98074, USA",20140701T000000,3027 230th Pl NE,Sammamish,WA 98074,USA,98074
2014-07-01,725000.0,3.0,1.75,1860,6000,2.0,0,2,4,1860,0,1959,,"3450 S King St, Seattle, WA 98144, USA",20140701T000000,3450 S King St,Seattle,WA 98144,USA,98144
2014-07-01,276000.0,1.0,0.75,370,1801,1.0,0,0,5,370,0,1923,,"2508 NW 67th St, Seattle, WA 98117, USA",20140701T000000,2508 NW 67th St,Seattle,WA 98117,USA,98117
2014-07-01,500000.0,5.0,3.25,3130,12087,2.0,0,0,3,2180,950,1975,,"265 Almak Ct NW, Issaquah, WA 98027, USA",20140701T000000,265 Almak Ct NW,Issaquah,WA 98027,USA,98027
2014-07-01,375000.0,3.0,1.75,2530,35150,1.0,0,0,4,1800,730,1977,,"16621 SE 235th St, Kent, WA 98042, USA",20140701T000000,16621 SE 235th St,Kent,WA 98042,USA,98042
2014-07-01,2300000.0,4.0,4.75,3970,9778,2.0,0,2,4,3390,580,1928,,"1323 Willard Ave W, Seattle, WA 98119, USA",20140701T000000,1323 Willard Ave W,Seattle,WA 98119,USA,98119
2014-07-01,260000.0,3.0,2.25,1920,9680,1.0,0,0,4,1300,620,1961,,"10904 SE 212th St, Kent, WA 98031, USA",20140701T000000,10904 SE 212th St,Kent,WA 98031,USA,98031
2014-07-01,1565000.0,4.0,2.75,2970,12750,1.5,0,1,4,2130,840,1918,1986.0,"9563 NE 1st St, Bellevue, WA 98004, USA",20140701T000000,9563 NE 1st St,Bellevue,WA 98004,USA,98004
2014-07-01,431000.0,4.0,2.5,2300,6087,2.0,0,0,3,2300,0,2001,,"2309 Aberdeen Ave NE, Renton, WA 98056, USA",20140701T000000,2309 Aberdeen Ave NE,Renton,WA 98056,USA,98056
2014-07-01,321000.0,4.0,2.5,1830,9601,2.0,0,0,3,1830,0,2003,,"27619 245th Ave SE, Maple Valley, WA 98038, USA",20140701T000000,27619 245th Ave SE,Maple Valley,WA 98038,USA,98038
2014-07-01,433000.0,4.0,1.5,1550,5053,1.0,0,0,4,1180,370,1963,,"4702 S Juneau St, Seattle, WA 98118, USA",20140701T000000,4702 S Juneau St,Seattle,WA 98118,USA,98118
2014-07-01,920000.0,4.0,3.5,4080,10666,2.0,0,0,3,4080,0,2005,,"8950 237th Pl NE, Redmond, WA 98053, USA",20140701T000000,8950 237th Pl NE,Redmond,WA 98053,USA,98053
2014-07-01,482000.0,3.0,2.25,1710,21485,2.0,0,0,3,1710,0,1989,,"1022 215th Ave NE, Sammamish, WA 98074, USA",20140701T000000,1022 215th Ave NE,Sammamish,WA 98074,USA,98074
2014-07-01,712000.0,3.0,2.5,2375,4094,2.0,0,0,3,2375,0,2002,,"6248 189th Pl NE, Redmond, WA 98052, USA",20140701T000000,6248 189th Pl NE,Redmond,WA 98052,USA,98052
2014-07-01,505000.0,4.0,2.75,2200,9778,1.0,0,0,4,1100,1100,1962,,"12241 SE 62nd St, Bellevue, WA 98006, USA",20140701T000000,12241 SE 62nd St,Bellevue,WA 98006,USA,98006
2014-07-01,2367000.0,3.0,2.25,3530,17450,1.0,1,3,3,1840,1690,1930,1993.0,"7436 E Mercer Way, Mercer Island, WA 98040, USA",20140701T000000,7436 E Mercer Way,Mercer Island,WA 98040,USA,98040
2014-07-01,452000.0,3.0,1.75,1110,9012,1.0,0,0,4,1110,0,1966,,"5321-5327 156th Dr NE, Redmond, WA 98052, USA",20140701T000000,5321-5327 156th Dr NE,Redmond,WA 98052,USA,98052
2014-07-01,581000.0,4.0,1.0,1630,2566,1.5,0,0,3,1630,0,1921,,"1819-1827 25th Ave, Seattle, WA 98122, USA",20140701T000000,1819-1827 25th Ave,Seattle,WA 98122,USA,98122
2014-07-01,952500.0,4.0,1.5,2550,5055,2.0,0,0,4,2550,0,1910,,"1901 25th Ave E, Seattle, WA 98112, USA",20140701T000000,1901 25th Ave E,Seattle,WA 98112,USA,98112
2014-07-01,808000.0,4.0,2.25,2500,8866,2.0,0,0,4,2500,0,1987,,"14586 NE 58th St, Bellevue, WA 98007, USA",20140701T000000,14586 NE 58th St,Bellevue,WA 98007,USA,98007
2014-07-01,476000.0,4.0,3.0,2890,6885,1.0,0,0,3,1590,1300,1945,2013.0,"6516 43rd Ave NE, Seattle, WA 98115, USA",20140701T000000,6516 43rd Ave NE,Seattle,WA 98115,USA,98115
2014-07-01,535000.0,4.0,1.75,1420,5000,1.5,0,0,4,1420,0,1945,,"3027 NW 67th St, Seattle, WA 98117, USA",20140701T000000,3027 NW 67th St,Seattle,WA 98117,USA,98117
2014-07-01,1356925.0,4.0,3.5,4270,5800,2.0,0,3,5,3170,1100,1937,,"3017 42nd Ave W, Seattle, WA 98199, USA",20140701T000000,3017 42nd Ave W,Seattle,WA 98199,USA,98199
2014-07-01,629800.0,3.0,2.5,2390,1984,2.0,0,0,3,2220,170,2008,,"329 NE Eagle Way, Issaquah, WA 98029, USA",20140701T000000,329 NE Eagle Way,Issaquah,WA 98029,USA,98029
2014-07-01,417838.0,4.0,2.5,2530,5048,2.0,0,0,3,2530,0,2014,,"27416 208th Ave SE, Maple Valley, WA 98038, USA",20140701T000000,27416 208th Ave SE,Maple Valley,WA 98038,USA,98038
2014-07-01,399895.0,4.0,2.5,2701,4500,2.0,0,0,3,2701,0,2014,,"5535 Elaine Ave SE, Auburn, WA 98092, USA",20140701T000000,5535 Elaine Ave SE,Auburn,WA 98092,USA,98092
2014-07-01,825000.0,4.0,2.75,3990,6637,2.0,0,0,3,3990,0,2003,,"9342 221st PI NE, Redmond, WA 98053, USA",20140701T000000,9342 221st PI NE,Redmond,WA 98053,USA,98053
2014-07-01,300000.0,4.0,2.5,2303,3826,2.0,0,0,3,2303,0,2006,,"13328 SE 308 Ct, Auburn, WA 98092, USA",20140701T000000,13328 SE 308 Ct,Auburn,WA 98092,USA,98092
2014-07-01,640000.0,2.0,2.25,1540,965,3.0,0,0,3,1540,0,2007,,"1816 11th Ave, Seattle, WA 98122, USA",20140701T000000,1816 11th Ave,Seattle,WA 98122,USA,98122
2014-07-01,460000.0,3.0,2.5,1450,1053,2.0,0,0,3,940,510,2008,,"1406B NW 64th St, Seattle, WA 98107, USA",20140701T000000,1406B NW 64th St,Seattle,WA 98107,USA,98107
2014-07-01,525000.0,2.0,2.5,1160,1458,2.0,0,0,3,1040,120,2012,,"2067 Gilman Dr W, Seattle, WA 98119, USA",20140701T000000,2067 Gilman Dr W,Seattle,WA 98119,USA,98119
2014-07-01,499990.0,4.0,2.75,2910,6334,2.0,0,0,3,2910,0,2013,,"1141 SE 11th St, North Bend, WA 98045, USA",20140701T000000,1141 SE 11th St,North Bend,WA 98045,USA,98045
2014-07-01,1020000.0,4.0,3.5,3770,8501,2.0,0,0,3,3770,0,2008,,"104 6th St S, Kirkland, WA 98033, USA",20140701T000000,104 6th St S,Kirkland,WA 98033,USA,98033
2014-07-02,675000.0,5.0,2.25,2900,10300,1.0,0,0,3,1450,1450,1985,,"14301-14399 SE 63rd St, Bellevue, WA 98006, USA",20140702T000000,14301-14399 SE 63rd St,Bellevue,WA 98006,USA,98006
2014-07-02,512031.0,3.0,1.75,1540,3000,1.0,0,2,3,770,770,1920,,"6528 3rd Ave NW, Seattle, WA 98117, USA",20140702T000000,6528 3rd Ave NW,Seattle,WA 98117,USA,98117
2014-07-02,310000.0,2.0,1.0,700,3000,1.0,0,0,4,700,0,1918,,"929 N 77th St, Seattle, WA 98103, USA",20140702T000000,929 N 77th St,Seattle,WA 98103,USA,98103
2014-07-02,1075000.0,3.0,2.5,3280,10302,1.0,0,0,3,1680,1600,1970,,"3842 NE 92nd St, Seattle, WA 98115, USA",20140702T000000,3842 NE 92nd St,Seattle,WA 98115,USA,98115
2014-07-02,255000.0,4.0,2.0,2430,8960,1.0,0,0,3,1430,1000,1960,,"8019 S 117th St, Seattle, WA 98178, USA",20140702T000000,8019 S 117th St,Seattle,WA 98178,USA,98178
2014-07-02,435000.0,3.0,2.5,1900,7984,2.0,0,0,3,1900,0,1993,,"Tolt Pipeline Trail, Bothell, WA 98011, USA",20140702T000000,Tolt Pipeline Trail,Bothell,WA 98011,USA,98011
2014-07-02,453000.0,3.0,2.0,1660,15050,1.0,0,0,3,1260,400,1983,,"13417 110th Pl NE, Kirkland, WA 98034, USA",20140702T000000,13417 110th Pl NE,Kirkland,WA 98034,USA,98034
2014-07-02,260000.0,4.0,2.0,1620,7992,2.0,0,0,4,1620,0,1975,,"23109 125th Ave SE, Kent, WA 98031, USA",20140702T000000,23109 125th Ave SE,Kent,WA 98031,USA,98031
2014-07-02,659000.0,4.0,2.0,2090,10800,1.0,0,0,4,2090,0,1951,,"3738 86th Ave SE, Mercer Island, WA 98040, USA",20140702T000000,3738 86th Ave SE,Mercer Island,WA 98040,USA,98040
2014-07-02,223000.0,3.0,2.0,1110,7231,1.0,0,0,4,1110,0,1991,,"22124 112th Pl SE, Kent, WA 98031, USA",20140702T000000,22124 112th Pl SE,Kent,WA 98031,USA,98031
2014-07-02,851000.0,5.0,3.25,3760,9792,2.0,0,0,3,2550,1210,1984,,"4412 170th Ave SE, Bellevue, WA 98006, USA",20140702T000000,4412 170th Ave SE,Bellevue,WA 98006,USA,98006
2014-07-02,605000.0,3.0,2.25,2080,12134,1.0,0,0,4,1530,550,1973,,"2408 178th Ave NE, Redmond, WA 98052, USA",20140702T000000,2408 178th Ave NE,Redmond,WA 98052,USA,98052
2014-07-02,895000.0,4.0,2.25,1950,5950,1.0,0,0,3,1330,620,1947,,"2220 5th Ave N, Seattle, WA 98109, USA",20140702T000000,2220 5th Ave N,Seattle,WA 98109,USA,98109
2014-07-02,519000.0,5.0,2.25,2570,13054,1.0,0,1,3,1470,1100,1950,1992.0,"1316 SW 172nd St, Normandy Park, WA 98166, USA",20140702T000000,1316 SW 172nd St,Normandy Park,WA 98166,USA,98166
2014-07-02,535000.0,3.0,1.75,2330,12141,1.0,0,0,3,1390,940,1983,,"14506 NE 184th Pl, Woodinville, WA 98072, USA",20140702T000000,14506 NE 184th Pl,Woodinville,WA 98072,USA,98072
2014-07-02,489000.0,3.0,3.0,3700,10375,2.0,0,0,3,3700,0,1982,,"3309 S 194th St, SeaTac, WA 98188, USA",20140702T000000,3309 S 194th St,SeaTac,WA 98188,USA,98188
2014-07-02,250000.0,3.0,2.25,1920,7738,1.0,0,0,3,1520,400,1965,,"249 S 163rd Pl, Burien, WA 98148, USA",20140702T000000,249 S 163rd Pl,Burien,WA 98148,USA,98148
2014-07-02,580000.0,3.0,2.25,1900,3960,1.5,0,0,3,1200,700,1905,,"1121 27th Ave, Seattle, WA 98122, USA",20140702T000000,1121 27th Ave,Seattle,WA 98122,USA,98122
2014-07-02,1038000.0,4.0,1.75,1440,13296,1.0,0,0,4,1440,0,1967,,"10208 NE 26th St, Bellevue, WA 98004, USA",20140702T000000,10208 NE 26th St,Bellevue,WA 98004,USA,98004
2014-07-02,605000.0,4.0,2.25,2940,48788,1.0,0,0,5,1520,1420,1961,,"15611 72nd Ave NE, Kenmore, WA 98028, USA",20140702T000000,15611 72nd Ave NE,Kenmore,WA 98028,USA,98028
2014-07-02,599950.0,4.0,3.5,2500,3080,2.0,0,0,3,1810,690,2008,,"7928 150th Ct NE, Redmond, WA 98052, USA",20140702T000000,7928 150th Ct NE,Redmond,WA 98052,USA,98052
2014-07-02,700000.0,3.0,2.5,2490,23891,2.0,0,0,3,2490,0,1993,,"23203 NE 78th Way, Redmond, WA 98053, USA",20140702T000000,23203 NE 78th Way,Redmond,WA 98053,USA,98053
2014-07-02,480000.0,3.0,2.0,1470,10052,1.0,0,0,4,1470,0,1956,,"13341 12th Ave NE, Seattle, WA 98125, USA",20140702T000000,13341 12th Ave NE,Seattle,WA 98125,USA,98125
2014-07-02,329950.0,4.0,2.5,2120,4558,2.0,0,0,3,2120,0,2002,,"23834 SE 248th Pl, Maple Valley, WA 98038, USA",20140702T000000,23834 SE 248th Pl,Maple Valley,WA 98038,USA,98038
2014-07-02,250000.0,3.0,1.75,1200,24805,1.0,0,0,3,1200,0,1984,,"10858 SE 200th St, Kent, WA 98031, USA",20140702T000000,10858 SE 200th St,Kent,WA 98031,USA,98031
2014-07-02,345000.0,5.0,2.5,2450,6994,2.0,0,0,3,2450,0,2002,,"11207 SE 272nd Pl, Kent, WA 98030, USA",20140702T000000,11207 SE 272nd Pl,Kent,WA 98030,USA,98030
2014-07-02,175000.0,4.0,2.5,1780,6000,2.0,0,0,3,1780,0,1991,,"2401-2499 S 244th St, Des Moines, WA 98198, USA",20140702T000000,2401-2499 S 244th St,Des Moines,WA 98198,USA,98198
2014-07-02,185000.0,5.0,1.0,1590,6700,1.5,0,0,3,1090,500,1942,,"10626 12th Ave SW, Seattle, WA 98146, USA",20140702T000000,10626 12th Ave SW,Seattle,WA 98146,USA,98146
2014-07-02,411000.0,4.0,2.0,2370,76665,2.0,0,0,4,2370,0,1978,,"35516 44th Ave S, Auburn, WA 98001, USA",20140702T000000,35516 44th Ave S,Auburn,WA 98001,USA,98001
2014-07-02,690000.0,3.0,1.5,1760,4000,2.0,0,0,3,1760,0,1922,,"2314 10th Ave E, Seattle, WA 98102, USA",20140702T000000,2314 10th Ave E,Seattle,WA 98102,USA,98102
2014-07-02,265000.0,4.0,3.0,1940,8170,1.0,0,0,4,1940,0,1948,,"15022 25th Ave NE, Shoreline, WA 98155, USA",20140702T000000,15022 25th Ave NE,Shoreline,WA 98155,USA,98155
2014-07-02,720000.0,4.0,3.0,3550,12327,1.5,0,0,4,2180,1370,1990,,"17325 102nd Ave NE, Bothell, WA 98011, USA",20140702T000000,17325 102nd Ave NE,Bothell,WA 98011,USA,98011
2014-07-02,256000.0,4.0,2.5,2050,5787,2.0,0,0,3,2050,0,2002,,"1327 S 277th Pl, Des Moines, WA 98198, USA",20140702T000000,1327 S 277th Pl,Des Moines,WA 98198,USA,98198
2014-07-02,255000.0,4.0,2.25,1680,3179,2.0,0,0,3,1680,0,2002,,"11631 SE 308th Pl, Auburn, WA 98092, USA",20140702T000000,11631 SE 308th Pl,Auburn,WA 98092,USA,98092
2014-07-02,540000.0,3.0,2.25,1320,1800,2.0,0,0,3,1320,0,1994,,"3404 E Cherry St, Seattle, WA 98122, USA",20140702T000000,3404 E Cherry St,Seattle,WA 98122,USA,98122
2014-07-02,481015.0,3.0,2.25,1550,5511,2.0,0,0,3,1550,0,1987,,"10600-10650 117th Pl NE, Kirkland, WA 98033, USA",20140702T000000,10600-10650 117th Pl NE,Kirkland,WA 98033,USA,98033
2014-07-02,575000.0,3.0,1.75,2680,8625,1.0,0,0,5,1590,1090,1974,,"100 Mt Si Pl NW, Issaquah, WA 98027, USA",20140702T000000,100 Mt Si Pl NW,Issaquah,WA 98027,USA,98027
2014-07-02,339950.0,3.0,2.5,2390,34041,1.0,0,0,3,1840,550,1984,,"27622 195th Ave SE, Kent, WA 98042, USA",20140702T000000,27622 195th Ave SE,Kent,WA 98042,USA,98042
2014-07-02,475000.0,4.0,2.5,2040,7260,2.0,0,0,4,2040,0,1963,,"15320 Corliss Pl N, Shoreline, WA 98133, USA",20140702T000000,15320 Corliss Pl N,Shoreline,WA 98133,USA,98133
2014-07-02,732000.0,3.0,3.75,2670,6517,2.5,0,4,4,2020,650,1977,,"3741 Belvidere Ave SW, Seattle, WA 98126, USA",20140702T000000,3741 Belvidere Ave SW,Seattle,WA 98126,USA,98126
2014-07-02,860000.0,4.0,1.75,1880,3720,1.5,0,0,4,1880,0,1924,,"15 Raye St, Seattle, WA 98109, USA",20140702T000000,15 Raye St,Seattle,WA 98109,USA,98109
2014-07-02,389000.0,4.0,1.75,2400,7700,1.5,0,0,4,1500,900,1927,,"2148 N 115th St, Seattle, WA 98133, USA",20140702T000000,2148 N 115th St,Seattle,WA 98133,USA,98133
2014-07-02,645000.0,3.0,1.75,2270,11472,1.0,0,0,4,1370,900,1956,,"10514 14th Ave NW, Seattle, WA 98177, USA",20140702T000000,10514 14th Ave NW,Seattle,WA 98177,USA,98177
2014-07-02,475000.0,4.0,2.5,1850,5444,2.0,0,0,5,1850,0,1981,,"13617 135th Ave NE, Kirkland, WA 98034, USA",20140702T000000,13617 135th Ave NE,Kirkland,WA 98034,USA,98034
2014-07-02,550000.0,4.0,2.75,2160,5005,1.0,0,0,3,1430,730,1987,,"9417 25th Ave NE, Seattle, WA 98115, USA",20140702T000000,9417 25th Ave NE,Seattle,WA 98115,USA,98115
2014-07-02,305000.0,2.0,1.0,2160,12960,1.0,0,0,3,1360,800,1968,,"14717 58th Ave S, Tukwila, WA 98168, USA",20140702T000000,14717 58th Ave S,Tukwila,WA 98168,USA,98168
2014-07-02,782000.0,2.0,1.5,1570,3600,1.5,0,2,4,1320,250,1906,,"1922 5th Ave W, Seattle, WA 98119, USA",20140702T000000,1922 5th Ave W,Seattle,WA 98119,USA,98119
2014-07-02,545000.0,3.0,2.0,1340,7200,1.5,0,0,4,1340,0,1923,,"4714 54th Ave S, Seattle, WA 98118, USA",20140702T000000,4714 54th Ave S,Seattle,WA 98118,USA,98118
2014-07-02,394500.0,4.0,2.5,3002,6042,2.0,0,0,3,3002,0,2004,,"11619 SE 200th St, Kent, WA 98031, USA",20140702T000000,11619 SE 200th St,Kent,WA 98031,USA,98031
2014-07-02,600000.0,5.0,2.0,2190,9072,1.0,0,0,5,1110,1080,1965,,"14314 NE 72nd St, Redmond, WA 98052, USA",20140702T000000,14314 NE 72nd St,Redmond,WA 98052,USA,98052
2014-07-02,1300000.0,4.0,1.75,2610,21600,1.0,0,0,4,2610,0,1966,,"1509 85th Ave NE, Clyde Hill, WA 98004, USA",20140702T000000,1509 85th Ave NE,Clyde Hill,WA 98004,USA,98004
2014-07-02,300000.0,2.0,1.0,1010,11919,1.0,0,0,3,1010,0,1947,,"16036 6th Ave NE, Shoreline, WA 98155, USA",20140702T000000,16036 6th Ave NE,Shoreline,WA 98155,USA,98155
2014-07-02,330000.0,4.0,2.5,2105,6093,2.0,0,0,3,2105,0,2003,,"27631-27699 145th Pl SE, Kent, WA 98042, USA",20140702T000000,27631-27699 145th Pl SE,Kent,WA 98042,USA,98042
2014-07-02,723000.0,4.0,2.25,2430,4748,1.5,0,0,3,1630,800,1928,,"1503 45th Ave SW, Seattle, WA 98116, USA",20140702T000000,1503 45th Ave SW,Seattle,WA 98116,USA,98116
2014-07-02,2271150.0,4.0,3.25,4040,18916,1.0,0,0,4,4040,0,1954,,"7623 Overlake Dr W, Medina, WA 98039, USA",20140702T000000,7623 Overlake Dr W,Medina,WA 98039,USA,98039
2014-07-02,480000.0,5.0,2.5,2160,7737,2.0,0,0,3,2160,0,1998,,"7001 Autumn Ave SE, Snoqualmie, WA 98065, USA",20140702T000000,7001 Autumn Ave SE,Snoqualmie,WA 98065,USA,98065
2014-07-02,496000.0,2.0,1.0,900,9260,1.0,0,0,3,900,0,1946,,"219 NW 56th St, Seattle, WA 98107, USA",20140702T000000,219 NW 56th St,Seattle,WA 98107,USA,98107
2014-07-02,625000.0,3.0,3.0,1820,1641,3.0,0,0,3,1540,280,2006,,"10 W Etruria St, Seattle, WA 98119, USA",20140702T000000,10 W Etruria St,Seattle,WA 98119,USA,98119
2014-07-02,475000.0,4.0,2.0,2100,13468,1.0,0,0,5,1050,1050,1962,,"11719 33rd Pl NE, Seattle, WA 98125, USA",20140702T000000,11719 33rd Pl NE,Seattle,WA 98125,USA,98125
2014-07-02,275250.0,3.0,2.25,1520,7199,2.0,0,0,4,1520,0,1992,,"23017 SE 281st Ct, Maple Valley, WA 98038, USA",20140702T000000,23017 SE 281st Ct,Maple Valley,WA 98038,USA,98038
2014-07-02,253000.0,2.0,1.0,1310,7128,1.0,0,0,4,940,370,1980,,"11414 SE 230th Pl, Kent, WA 98031, USA",20140702T000000,11414 SE 230th Pl,Kent,WA 98031,USA,98031
2014-07-02,630000.0,4.0,2.5,2190,9880,1.0,0,0,4,1410,780,1979,,"11607 NE 103rd Pl, Kirkland, WA 98033, USA",20140702T000000,11607 NE 103rd Pl,Kirkland,WA 98033,USA,98033
2014-07-02,660500.0,5.0,2.5,2950,5500,1.5,0,0,5,1720,1230,1918,,"2739 31st Ave S, Seattle, WA 98144, USA",20140702T000000,2739 31st Ave S,Seattle,WA 98144,USA,98144
2014-07-02,262000.0,5.0,1.0,1870,7800,1.0,0,0,3,1580,290,1962,,"903 S 101st St, Seattle, WA 98168, USA",20140702T000000,903 S 101st St,Seattle,WA 98168,USA,98168
2014-07-02,2147500.0,3.0,3.5,4660,5500,2.0,0,4,5,3040,1620,1909,,"2826 10th Ave E, Seattle, WA 98102, USA",20140702T000000,2826 10th Ave E,Seattle,WA 98102,USA,98102
2014-07-02,552000.0,3.0,2.5,1840,9900,1.0,0,0,3,1840,0,1978,,"300 142nd Ave NE, Bellevue, WA 98007, USA",20140702T000000,300 142nd Ave NE,Bellevue,WA 98007,USA,98007
2014-07-02,1411600.0,2.0,2.5,3180,9400,2.0,0,4,5,2610,570,1985,,"4631 Somerset Ave SE, Bellevue, WA 98006, USA",20140702T000000,4631 Somerset Ave SE,Bellevue,WA 98006,USA,98006
2014-07-02,736000.0,2.0,1.0,1500,4000,1.0,0,0,3,1100,400,1933,,"2401-2599 Lorentz Pl N, Seattle, WA 98109, USA",20140702T000000,2401-2599 Lorentz Pl N,Seattle,WA 98109,USA,98109
2014-07-02,355000.0,3.0,1.75,1730,7416,1.5,0,0,3,1730,0,1954,,"18010 N Park Pl N, Shoreline, WA 98133, USA",20140702T000000,18010 N Park Pl N,Shoreline,WA 98133,USA,98133
2014-07-02,305000.0,3.0,1.0,1580,7424,1.0,0,0,3,1010,570,1962,,"12633 SE 158th St, Renton, WA 98058, USA",20140702T000000,12633 SE 158th St,Renton,WA 98058,USA,98058
2014-07-02,484998.0,4.0,2.5,1540,1870,2.0,0,0,3,1540,0,2014,,"2520 Mulberry Walk NE, Issaquah, WA 98029, USA",20140702T000000,2520 Mulberry Walk NE,Issaquah,WA 98029,USA,98029
2014-07-02,1054690.0,4.0,3.5,3390,3979,2.0,0,0,3,2610,780,2014,,"3906 W Briarcliff Ln, Seattle, WA 98199, USA",20140702T000000,3906 W Briarcliff Ln,Seattle,WA 98199,USA,98199
2014-07-02,334500.0,2.0,1.5,830,1858,2.0,0,0,3,830,0,2005,,"2300 14th Ave S, Seattle, WA 98144, USA",20140702T000000,2300 14th Ave S,Seattle,WA 98144,USA,98144
2014-07-02,475000.0,4.0,2.75,2620,6178,2.0,0,0,3,2620,0,2013,,"996 SE 12th St, North Bend, WA 98045, USA",20140702T000000,996 SE 12th St,North Bend,WA 98045,USA,98045
2014-07-02,309780.0,3.0,2.5,2242,4500,2.0,0,0,3,2242,0,2014,,"Bennett Ave SE, Auburn, WA 98092, USA",20140702T000000,Bennett Ave SE,Auburn,WA 98092,USA,98092
2014-07-02,795000.0,4.0,2.5,2890,7798,2.0,0,0,3,2890,0,2005,,"15941 SE Cougar Mountain Way, Bellevue, WA 98006, USA",20140702T000000,15941 SE Cougar Mountain Way,Bellevue,WA 98006,USA,98006
2014-07-02,274500.0,3.0,2.25,1450,4050,2.0,0,0,3,1450,0,2010,,"26133 242nd Ave SE, Maple Valley, WA 98038, USA",20140702T000000,26133 242nd Ave SE,Maple Valley,WA 98038,USA,98038
2014-07-02,265050.0,2.0,1.5,800,2119,2.0,0,0,3,800,0,2008,,"5257 23rd Ave SW, Seattle, WA 98106, USA",20140702T000000,5257 23rd Ave SW,Seattle,WA 98106,USA,98106
2014-07-02,567500.0,3.0,2.5,2280,2502,2.0,0,0,3,1880,400,2006,,"561 Mountain View Ln NW, Issaquah, WA 98027, USA",20140702T000000,561 Mountain View Ln NW,Issaquah,WA 98027,USA,98027
2014-07-02,915000.0,3.0,4.5,3850,62726,2.0,0,0,3,3120,730,2013,,"21101-21199 NE 78th St, Redmond, WA 98053, USA",20140702T000000,21101-21199 NE 78th St,Redmond,WA 98053,USA,98053
2014-07-03,285000.0,5.0,2.5,2270,6300,2.0,0,0,3,2270,0,1995,,"12840 SE 307th Pl, Auburn, WA 98092, USA",20140703T000000,12840 SE 307th Pl,Auburn,WA 98092,USA,98092
2014-07-03,445838.0,3.0,2.5,2250,5692,2.0,0,0,3,2250,0,2000,,"10010 37th Ave SW, Seattle, WA 98146, USA",20140703T000000,10010 37th Ave SW,Seattle,WA 98146,USA,98146
2014-07-03,304900.0,4.0,1.75,2600,11325,1.0,0,0,4,1610,990,1969,,"23030 100th Ave SE, Kent, WA 98031, USA",20140703T000000,23030 100th Ave SE,Kent,WA 98031,USA,98031
2014-07-03,940000.0,4.0,2.0,2490,9525,2.0,0,0,5,2490,0,1968,,"4558 91st Ave SE, Mercer Island, WA 98040, USA",20140703T000000,4558 91st Ave SE,Mercer Island,WA 98040,USA,98040
2014-07-03,1127000.0,4.0,2.5,3160,8281,2.0,0,0,4,3160,0,1995,,"709 7th St S, Kirkland, WA 98033, USA",20140703T000000,709 7th St S,Kirkland,WA 98033,USA,98033
2014-07-03,835000.0,4.0,4.25,4930,25714,2.0,0,0,3,4930,0,2005,,"32805 145th Pl SE, Auburn, WA 98092, USA",20140703T000000,32805 145th Pl SE,Auburn,WA 98092,USA,98092
2014-07-03,290000.0,3.0,1.0,1440,11250,1.0,0,0,3,1440,0,1967,,"1901 Shattuck Ave S, Renton, WA 98055, USA",20140703T000000,1901 Shattuck Ave S,Renton,WA 98055,USA,98055
2014-07-03,250000.0,3.0,1.75,1770,8868,1.0,0,0,4,1770,0,1959,,"1201-1215 O St NE, Auburn, WA 98002, USA",20140703T000000,1201-1215 O St NE,Auburn,WA 98002,USA,98002
2014-07-03,342000.0,4.0,2.5,2300,6448,2.0,0,0,3,2300,0,2001,,"24612 102nd Pl SE, Kent, WA 98030, USA",20140703T000000,24612 102nd Pl SE,Kent,WA 98030,USA,98030
2014-07-03,1012000.0,4.0,2.5,2980,16263,2.0,0,0,3,2980,0,1989,,"6410 141st Ave SE, Bellevue, WA 98006, USA",20140703T000000,6410 141st Ave SE,Bellevue,WA 98006,USA,98006
2014-07-03,400000.0,4.0,2.25,2230,7200,1.0,0,0,4,1300,930,1963,,"2357 N 187th St, Shoreline, WA 98133, USA",20140703T000000,2357 N 187th St,Shoreline,WA 98133,USA,98133
2014-07-03,312500.0,3.0,1.75,1830,7969,1.0,0,0,3,930,900,1950,2008.0,"306 S 15th St, Renton, WA 98055, USA",20140703T000000,306 S 15th St,Renton,WA 98055,USA,98055
2014-07-03,267000.0,3.0,1.0,1740,10875,1.0,0,0,4,1020,720,1962,,"4035 S 150th St, Tukwila, WA 98188, USA",20140703T000000,4035 S 150th St,Tukwila,WA 98188,USA,98188
2014-07-03,575000.0,3.0,1.75,1530,6743,1.0,0,0,3,1410,120,1955,,"4931 SW Forney St, Seattle, WA 98116, USA",20140703T000000,4931 SW Forney St,Seattle,WA 98116,USA,98116
2014-07-03,810000.0,3.0,1.5,1520,9041,1.0,0,0,4,1520,0,1954,,"9530 NE 5th St, Bellevue, WA 98004, USA",20140703T000000,9530 NE 5th St,Bellevue,WA 98004,USA,98004
2014-07-03,850000.0,3.0,2.5,3230,5000,2.0,0,2,5,2430,800,1945,,"2431 NW Neptune Pl, Seattle, WA 98117, USA",20140703T000000,2431 NW Neptune Pl,Seattle,WA 98117,USA,98117
2014-07-03,1015000.0,3.0,3.25,3620,4000,2.0,0,0,3,2730,890,2005,,"3505 W McGraw St, Seattle, WA 98199, USA",20140703T000000,3505 W McGraw St,Seattle,WA 98199,USA,98199
2014-07-03,1100000.0,4.0,3.75,5070,60123,2.0,0,0,3,5070,0,2000,,"5725 251st Ct NE, Redmond, WA 98053, USA",20140703T000000,5725 251st Ct NE,Redmond,WA 98053,USA,98053
2014-07-03,240000.0,3.0,1.75,1570,8750,1.0,0,0,3,1570,0,1960,,"17820 1st Avenue South, Burien, WA 98148, USA",20140703T000000,17820 1st Avenue South,Burien,WA 98148,USA,98148
2014-07-03,198000.0,4.0,1.75,2080,7200,1.0,0,0,4,1050,1030,1966,,"4114 S 294th St, Auburn, WA 98001, USA",20140703T000000,4114 S 294th St,Auburn,WA 98001,USA,98001
2014-07-03,565000.0,4.0,2.5,2230,8624,1.0,0,0,4,1430,800,1969,,"14021 NE 62nd St, Redmond, WA 98052, USA",20140703T000000,14021 NE 62nd St,Redmond,WA 98052,USA,98052
2014-07-03,1195000.0,5.0,3.0,3420,18129,2.0,0,0,3,2540,880,1952,2005.0,"7657-7801 E Mercer Way, Mercer Island, WA 98040, USA",20140703T000000,7657-7801 E Mercer Way,Mercer Island,WA 98040,USA,98040
2014-07-03,340000.0,8.0,2.75,2790,6695,1.0,0,0,3,1470,1320,1977,,"17512 Corliss Ave N, Shoreline, WA 98133, USA",20140703T000000,17512 Corliss Ave N,Shoreline,WA 98133,USA,98133
2014-07-03,815000.0,4.0,2.5,3150,4203,2.0,0,0,3,3150,0,2002,,"9714 132nd Ave NE, Kirkland, WA 98033, USA",20140703T000000,9714 132nd Ave NE,Kirkland,WA 98033,USA,98033
2014-07-03,1875000.0,4.0,3.25,3930,10929,2.0,0,0,3,3930,0,2006,,"10924 NE 18th Pl, Bellevue, WA 98004, USA",20140703T000000,10924 NE 18th Pl,Bellevue,WA 98004,USA,98004
2014-07-03,588000.0,5.0,3.0,2190,4900,2.0,0,0,5,1490,700,1940,,"8314 Jones Ave NW, Seattle, WA 98117, USA",20140703T000000,8314 Jones Ave NW,Seattle,WA 98117,USA,98117
2014-07-03,280500.0,4.0,2.5,1890,6962,2.0,0,0,3,1890,0,1997,,"30021 114th Way SE, Auburn, WA 98092, USA",20140703T000000,30021 114th Way SE,Auburn,WA 98092,USA,98092
2014-07-03,390000.0,4.0,2.0,1900,76877,1.0,0,0,3,1900,0,2004,,"17116 SE Covington Sawyer Rd, Kent, WA 98042, USA",20140703T000000,17116 SE Covington Sawyer Rd,Kent,WA 98042,USA,98042
2014-07-03,509000.0,2.0,1.5,1930,3521,2.0,0,0,3,1930,0,1989,,"78 145th Pl SE, Bellevue, WA 98007, USA",20140703T000000,78 145th Pl SE,Bellevue,WA 98007,USA,98007
2014-07-03,490600.0,3.0,2.5,3316,11447,2.0,0,0,3,3316,0,1986,,"33247-33248 2nd Pl SW, Federal Way, WA 98023, USA",20140703T000000,33247-33248 2nd Pl SW,Federal Way,WA 98023,USA,98023
2014-07-03,650000.0,3.0,1.5,1380,4500,1.0,0,0,5,1380,0,1960,,"2719 63rd Ave SE, Mercer Island, WA 98040, USA",20140703T000000,2719 63rd Ave SE,Mercer Island,WA 98040,USA,98040
2014-07-03,715000.0,3.0,4.0,2080,2250,3.0,0,4,3,2080,0,1997,,"4326 Greenwood Ave N, Seattle, WA 98103, USA",20140703T000000,4326 Greenwood Ave N,Seattle,WA 98103,USA,98103
2014-07-03,529950.0,3.0,1.0,1240,5000,1.5,0,0,5,1240,0,1909,,"820 NW 64th St, Seattle, WA 98107, USA",20140703T000000,820 NW 64th St,Seattle,WA 98107,USA,98107
2014-07-03,265000.0,3.0,1.0,1020,8610,1.0,0,0,5,1020,0,1959,,"3704 NE 9th Ct, Renton, WA 98056, USA",20140703T000000,3704 NE 9th Ct,Renton,WA 98056,USA,98056
2014-07-03,1755000.0,3.0,2.0,2360,4800,2.0,0,0,3,2360,0,1909,2014.0,"1242 15th Ave E, Seattle, WA 98112, USA",20140703T000000,1242 15th Ave E,Seattle,WA 98112,USA,98112
2014-07-03,1140000.0,3.0,2.5,2780,33503,1.5,0,1,4,2110,670,1969,,"2800-2998 194th Ave SE, Sammamish, WA 98075, USA",20140703T000000,2800-2998 194th Ave SE,Sammamish,WA 98075,USA,98075
2014-07-03,610000.0,3.0,2.0,2300,13418,1.0,0,0,3,1430,870,1955,,"335-345 105th Ave SE, Bellevue, WA 98004, USA",20140703T000000,335-345 105th Ave SE,Bellevue,WA 98004,USA,98004
2014-07-03,554729.0,4.0,2.5,2020,4350,2.0,0,0,5,1730,290,1943,,"4109 W Bertona St, Seattle, WA 98199, USA",20140703T000000,4109 W Bertona St,Seattle,WA 98199,USA,98199
2014-07-03,395000.0,5.0,1.75,1840,10453,1.0,0,2,3,1360,480,1948,,"2716 SW 170th St, Burien, WA 98166, USA",20140703T000000,2716 SW 170th St,Burien,WA 98166,USA,98166
2014-07-03,341000.0,3.0,1.0,1390,4814,1.5,0,0,3,1390,0,1908,,"8116 8th Ave NE, Seattle, WA 98115, USA",20140703T000000,8116 8th Ave NE,Seattle,WA 98115,USA,98115
2014-07-03,264500.0,4.0,2.25,2060,11385,1.0,0,0,4,1200,860,1962,,"2152 SW 323rd St, Federal Way, WA 98023, USA",20140703T000000,2152 SW 323rd St,Federal Way,WA 98023,USA,98023
2014-07-03,395000.0,4.0,2.75,2640,35070,1.5,0,0,3,2640,0,1963,,"19803 121st Ave SE, Kent, WA 98031, USA",20140703T000000,19803 121st Ave SE,Kent,WA 98031,USA,98031
2014-07-03,640000.0,3.0,2.25,1980,10115,1.0,0,0,3,1980,0,1959,,"3060 124th Ave NE, Bellevue, WA 98005, USA",20140703T000000,3060 124th Ave NE,Bellevue,WA 98005,USA,98005
2014-07-03,430000.0,3.0,1.5,1810,5080,1.0,0,0,3,1030,780,1958,,"7321 39th Ave NE, Seattle, WA 98115, USA",20140703T000000,7321 39th Ave NE,Seattle,WA 98115,USA,98115
2014-07-03,410000.0,4.0,2.5,1700,9000,1.0,0,0,5,1700,0,1972,,"14214 81st Ave NE, Kirkland, WA 98034, USA",20140703T000000,14214 81st Ave NE,Kirkland,WA 98034,USA,98034
2014-07-03,220000.0,4.0,1.0,1200,6000,1.5,0,0,3,1200,0,1923,,"7943 13th Ave SW, Seattle, WA 98106, USA",20140703T000000,7943 13th Ave SW,Seattle,WA 98106,USA,98106
2014-07-03,1625000.0,4.0,3.25,2980,3600,2.0,0,0,3,2150,830,1999,,"1820 38th Ave E, Seattle, WA 98112, USA",20140703T000000,1820 38th Ave E,Seattle,WA 98112,USA,98112
2014-07-03,405500.0,2.0,2.75,1350,1252,2.0,0,0,3,1120,230,2006,,"9126 45th Ave SW, Seattle, WA 98136, USA",20140703T000000,9126 45th Ave SW,Seattle,WA 98136,USA,98136
2014-07-03,633000.0,4.0,2.5,2360,10000,1.0,0,3,3,1980,380,1977,,"3323-3325 33rd Ave SW, Seattle, WA 98126, USA",20140703T000000,3323-3325 33rd Ave SW,Seattle,WA 98126,USA,98126
2014-07-03,295950.0,2.0,1.0,1190,6200,1.0,0,0,3,1190,0,1948,,"1610 N 185th St, Shoreline, WA 98133, USA",20140703T000000,1610 N 185th St,Shoreline,WA 98133,USA,98133
2014-07-03,1042031.0,4.0,5.0,4110,43560,2.0,0,0,4,4110,0,1978,,"2808 120th Ave NE, Bellevue, WA 98005, USA",20140703T000000,2808 120th Ave NE,Bellevue,WA 98005,USA,98005
2014-07-03,605000.0,4.0,2.5,2800,10786,1.0,0,0,3,1420,1380,1970,,"16674 SE 17th St, Bellevue, WA 98008, USA",20140703T000000,16674 SE 17th St,Bellevue,WA 98008,USA,98008
2014-07-03,255000.0,2.0,1.5,920,1598,2.0,0,0,3,920,0,1995,,"10740 Stone Ave N, Seattle, WA 98133, USA",20140703T000000,10740 Stone Ave N,Seattle,WA 98133,USA,98133
2014-07-03,474000.0,3.0,1.75,1530,8000,2.0,0,0,3,1530,0,1978,,"10828 157th Ave NE, Redmond, WA 98052, USA",20140703T000000,10828 157th Ave NE,Redmond,WA 98052,USA,98052
2014-07-03,370000.0,2.0,1.0,860,5040,1.0,0,0,3,860,0,1956,,"9257 7th Ave NW, Seattle, WA 98117, USA",20140703T000000,9257 7th Ave NW,Seattle,WA 98117,USA,98117
2014-07-03,288000.0,3.0,2.5,1520,3593,2.0,0,0,3,1520,0,2004,,"22412 SE 243rd St, Maple Valley, WA 98038, USA",20140703T000000,22412 SE 243rd St,Maple Valley,WA 98038,USA,98038
2014-07-03,100000.0,2.0,0.75,660,5240,1.0,0,0,4,660,0,1912,,"749 1st Ave N, Kent, WA 98032, USA",20140703T000000,749 1st Ave N,Kent,WA 98032,USA,98032
2014-07-03,1150000.0,5.0,2.5,3580,8921,2.0,0,0,3,3580,0,2000,,"409 20th Ave, Kirkland, WA 98033, USA",20140703T000000,409 20th Ave,Kirkland,WA 98033,USA,98033
2014-07-03,600000.0,5.0,2.25,3000,13899,2.0,0,0,4,3000,0,1975,,"17612 NE 30th Pl, Redmond, WA 98052, USA",20140703T000000,17612 NE 30th Pl,Redmond,WA 98052,USA,98052
2014-07-03,515000.0,5.0,3.25,2740,9629,1.0,0,0,5,1390,1350,1977,,"10723 NE 189th St, Bothell, WA 98011, USA",20140703T000000,10723 NE 189th St,Bothell,WA 98011,USA,98011
2014-07-03,345000.0,4.0,2.5,2040,5523,2.0,0,0,3,2040,0,1999,,"455 S 190th St, Burien, WA 98148, USA",20140703T000000,455 S 190th St,Burien,WA 98148,USA,98148
2014-07-03,975000.0,6.0,2.75,2520,54160,2.0,1,4,3,2520,0,1954,,"3405 SW Seola Ln, Seattle, WA 98146, USA",20140703T000000,3405 SW Seola Ln,Seattle,WA 98146,USA,98146
2014-07-03,850000.0,3.0,2.0,2470,8800,2.0,0,0,3,2470,0,1961,2004.0,"3914 88th Ave SE, Mercer Island, WA 98040, USA",20140703T000000,3914 88th Ave SE,Mercer Island,WA 98040,USA,98040
2014-07-03,439990.0,3.0,2.5,1930,1348,2.0,0,0,3,1300,630,2005,,"3433 21st Ave W, Seattle, WA 98199, USA",20140703T000000,3433 21st Ave W,Seattle,WA 98199,USA,98199
2014-07-03,554950.0,3.0,2.5,2950,10254,2.0,0,0,3,2950,0,2006,,"409 Pasco Pl NE, Renton, WA 98059, USA",20140703T000000,409 Pasco Pl NE,Renton,WA 98059,USA,98059
2014-07-03,605000.0,3.0,2.5,2610,6405,2.0,0,0,3,2610,0,2001,,"7102 Curtis Dr SE, Snoqualmie, WA 98065, USA",20140703T000000,7102 Curtis Dr SE,Snoqualmie,WA 98065,USA,98065
2014-07-03,609000.0,3.0,1.75,1630,1526,3.0,0,0,3,1630,0,2014,,"3644 Phinney Ave N, Seattle, WA 98103, USA",20140703T000000,3644 Phinney Ave N,Seattle,WA 98103,USA,98103
2014-07-03,425000.0,3.0,1.5,1400,1022,3.0,0,0,3,1400,0,2007,,"1018 NE 96th St, Seattle, WA 98115, USA",20140703T000000,1018 NE 96th St,Seattle,WA 98115,USA,98115
2014-07-03,399900.0,2.0,1.75,1410,1005,1.5,0,0,3,900,510,2011,,"932-968 NE High St, Issaquah, WA 98029, USA",20140703T000000,932-968 NE High St,Issaquah,WA 98029,USA,98029
2014-07-03,1025000.0,4.0,3.5,4370,10860,2.0,0,0,3,4370,0,2008,,"5350 NE 16th St, Renton, WA 98059, USA",20140703T000000,5350 NE 16th St,Renton,WA 98059,USA,98059
2014-07-03,2351956.0,4.0,4.25,5010,19412,2.0,0,1,3,4000,1010,2014,,"6410 E Mercer Way, Mercer Island, WA 98040, USA",20140703T000000,6410 E Mercer Way,Mercer Island,WA 98040,USA,98040
2014-07-03,519995.0,4.0,3.0,2590,6160,2.0,0,0,3,2590,0,2014,,"14012 163rd Pl SE, Renton, WA 98059, USA",20140703T000000,14012 163rd Pl SE,Renton,WA 98059,USA,98059
2014-07-04,625000.0,3.0,1.5,1300,7200,1.0,0,0,5,1300,0,1960,,"619 9th Ave, Kirkland, WA 98033, USA",20140704T000000,619 9th Ave,Kirkland,WA 98033,USA,98033
2014-07-04,600000.0,3.0,2.5,2320,7609,2.0,0,0,3,2320,0,2003,,"769-821 Big Tree Dr NW, Issaquah, WA 98027, USA",20140704T000000,769-821 Big Tree Dr NW,Issaquah,WA 98027,USA,98027
2014-07-05,1200000.0,4.0,2.5,2700,4275,2.0,0,0,3,2700,0,2004,,"124 NE 60th St, Seattle, WA 98115, USA",20140705T000000,124 NE 60th St,Seattle,WA 98115,USA,98115
2014-07-05,1738000.0,4.0,2.25,2920,6513,2.0,0,0,4,2260,660,1937,,"1987 Shenandoah Dr E, Seattle, WA 98112, USA",20140705T000000,1987 Shenandoah Dr E,Seattle,WA 98112,USA,98112
2014-07-05,671000.0,4.0,3.0,3130,5700,1.5,0,0,3,1750,1380,1953,,"4222 NE 72nd St, Seattle, WA 98115, USA",20140705T000000,4222 NE 72nd St,Seattle,WA 98115,USA,98115
2014-07-05,459500.0,3.0,1.75,1470,4950,1.0,0,0,3,1030,440,1984,,"14301 Wallingford Ave N, Seattle, WA 98133, USA",20140705T000000,14301 Wallingford Ave N,Seattle,WA 98133,USA,98133
2014-07-05,499000.0,3.0,2.5,1540,1326,3.0,0,0,3,1390,150,1995,,"2841 13th Ave W, Seattle, WA 98119, USA",20140705T000000,2841 13th Ave W,Seattle,WA 98119,USA,98119
2014-07-06,1280000.0,4.0,2.5,3160,4620,1.5,0,4,3,2020,1140,1917,2005.0,"1730 Walnut Ave SW, Seattle, WA 98116, USA",20140706T000000,1730 Walnut Ave SW,Seattle,WA 98116,USA,98116
2014-07-06,395000.0,3.0,1.75,1480,7700,1.0,0,0,3,1480,0,1975,,"13547 104th Pl NE, Kirkland, WA 98034, USA",20140706T000000,13547 104th Pl NE,Kirkland,WA 98034,USA,98034
2014-07-07,861990.0,5.0,2.75,3595,5639,2.0,0,0,3,3595,0,2014,,"9622 242nd Way NE, Redmond, WA 98053, USA",20140707T000000,9622 242nd Way NE,Redmond,WA 98053,USA,98053
2014-07-07,382500.0,2.0,1.0,1190,4440,1.0,0,0,3,1190,0,1981,,"3825 NE 117th St, Seattle, WA 98125, USA",20140707T000000,3825 NE 117th St,Seattle,WA 98125,USA,98125
2014-07-07,404950.0,4.0,2.25,2340,217014,1.0,0,0,4,2340,0,1982,,"19415 SE 342nd St, Auburn, WA 98092, USA",20140707T000000,19415 SE 342nd St,Auburn,WA 98092,USA,98092
2014-07-07,530000.0,3.0,1.75,1320,2500,1.0,0,0,3,870,450,1918,,"2108 NE 54th St, Seattle, WA 98105, USA",20140707T000000,2108 NE 54th St,Seattle,WA 98105,USA,98105
2014-07-07,195000.0,2.0,1.0,1190,27007,1.0,0,0,4,1190,0,1910,,"205 SW Gibson Ln, Issaquah, WA 98027, USA",20140707T000000,205 SW Gibson Ln,Issaquah,WA 98027,USA,98027
2014-07-07,747500.0,4.0,2.25,2350,18600,2.0,0,0,4,2350,0,1977,,"16327 Inglewood Pl NE, Kenmore, WA 98028, USA",20140707T000000,16327 Inglewood Pl NE,Kenmore,WA 98028,USA,98028
2014-07-07,199990.0,3.0,1.0,1100,8560,1.0,0,0,3,1100,0,1961,,"214 SW 305th St, Federal Way, WA 98023, USA",20140707T000000,214 SW 305th St,Federal Way,WA 98023,USA,98023
2014-07-07,548800.0,4.0,1.0,1660,4704,1.5,0,0,3,1260,400,1930,,"8612 8th Ave NE, Seattle, WA 98115, USA",20140707T000000,8612 8th Ave NE,Seattle,WA 98115,USA,98115
2014-07-07,870000.0,4.0,3.0,3040,36246,1.5,0,0,3,2680,360,1923,2014.0,"200 E Lake Sammamish Pkwy NE, Sammamish, WA 98074, USA",20140707T000000,200 E Lake Sammamish Pkwy NE,Sammamish,WA 98074,USA,98074
2014-07-07,588000.0,3.0,2.0,1860,4777,2.0,0,0,5,1860,0,1908,,"8222 16th Ave NE, Seattle, WA 98115, USA",20140707T000000,8222 16th Ave NE,Seattle,WA 98115,USA,98115
2014-07-07,775000.0,4.0,3.25,4100,241322,2.0,0,0,3,2500,1600,1981,,"18096-18162 NE 143rd Pl, Woodinville, WA 98072, USA",20140707T000000,18096-18162 NE 143rd Pl,Woodinville,WA 98072,USA,98072
2014-07-07,670000.0,6.0,3.0,4050,36171,2.0,0,0,4,2620,1430,1970,,"14717 245th Ave SE, Issaquah, WA 98027, USA",20140707T000000,14717 245th Ave SE,Issaquah,WA 98027,USA,98027
2014-07-07,445000.0,2.0,2.0,1240,2500,2.0,0,0,3,1240,0,1985,,"2847 NW 70th St, Seattle, WA 98117, USA",20140707T000000,2847 NW 70th St,Seattle,WA 98117,USA,98117
2014-07-07,300000.0,4.0,3.0,2200,10800,1.0,0,0,3,2200,0,1960,,"17237 129th Ave SE, Renton, WA 98058, USA",20140707T000000,17237 129th Ave SE,Renton,WA 98058,USA,98058
2014-07-07,480000.0,3.0,2.25,1680,9090,1.0,0,0,4,1130,550,1959,,"305 158th Pl SE, Bellevue, WA 98008, USA",20140707T000000,305 158th Pl SE,Bellevue,WA 98008,USA,98008
2014-07-07,300000.0,3.0,1.0,930,5160,1.5,0,0,5,930,0,1919,,"8631 17th Ave SW, Seattle, WA 98106, USA",20140707T000000,8631 17th Ave SW,Seattle,WA 98106,USA,98106
2014-07-07,360000.0,3.0,1.5,1800,22000,2.0,0,0,3,1800,0,1931,,"3714 S 128th St, Tukwila, WA 98168, USA",20140707T000000,3714 S 128th St,Tukwila,WA 98168,USA,98168
2014-07-07,527000.0,6.0,3.5,3000,8401,1.0,0,0,3,1500,1500,1979,,"12750 27th Ave NE, Seattle, WA 98125, USA",20140707T000000,12750 27th Ave NE,Seattle,WA 98125,USA,98125
2014-07-07,875000.0,3.0,1.5,1820,12686,1.0,0,0,4,1820,0,1952,,"2424 109th Ave SE, Bellevue, WA 98004, USA",20140707T000000,2424 109th Ave SE,Bellevue,WA 98004,USA,98004
2014-07-07,266000.0,4.0,2.25,1995,7102,2.0,0,0,4,1995,0,1981,,"33724 27th Pl SW, Federal Way, WA 98023, USA",20140707T000000,33724 27th Pl SW,Federal Way,WA 98023,USA,98023
2014-07-07,866000.0,4.0,3.25,3990,9786,2.0,0,0,3,3990,0,2004,,"Nuthatch Trail, Redmond, WA 98053, USA",20140707T000000,Nuthatch Trail,Redmond,WA 98053,USA,98053
2014-07-07,335950.0,2.0,1.5,800,5192,1.0,0,0,5,800,0,1951,,"10203 42nd Ave SW, Seattle, WA 98146, USA",20140707T000000,10203 42nd Ave SW,Seattle,WA 98146,USA,98146
2014-07-07,215000.0,3.0,1.0,960,9563,1.0,0,0,5,960,0,1967,,"1625 SW 351st St, Federal Way, WA 98023, USA",20140707T000000,1625 SW 351st St,Federal Way,WA 98023,USA,98023
2014-07-07,481000.0,4.0,2.5,2286,8269,2.0,0,0,3,2286,0,2002,,"1831 NE 29th Ct, Renton, WA 98056, USA",20140707T000000,1831 NE 29th Ct,Renton,WA 98056,USA,98056
2014-07-07,320000.0,3.0,1.75,2220,11646,1.0,0,0,3,1270,950,1950,,"5608 NE 204th St, Kenmore, WA 98028, USA",20140707T000000,5608 NE 204th St,Kenmore,WA 98028,USA,98028
2014-07-07,295000.0,3.0,1.75,1940,7500,1.5,0,0,4,1940,0,1918,1985.0,"1708 Franklin St, Enumclaw, WA 98022, USA",20140707T000000,1708 Franklin St,Enumclaw,WA 98022,USA,98022
2014-07-07,295000.0,3.0,1.5,1640,7222,2.0,0,0,4,1640,0,1908,,"9047 4th Ave S, Seattle, WA 98108, USA",20140707T000000,9047 4th Ave S,Seattle,WA 98108,USA,98108
2014-07-07,320000.0,3.0,1.0,1120,10576,1.0,0,0,4,1120,0,1969,,"17722 199th Ave NE, Woodinville, WA 98077, USA",20140707T000000,17722 199th Ave NE,Woodinville,WA 98077,USA,98077
2014-07-07,780000.0,4.0,2.0,2600,4800,1.0,0,2,3,1400,1200,1953,,"1937 10th Ave W, Seattle, WA 98119, USA",20140707T000000,1937 10th Ave W,Seattle,WA 98119,USA,98119
2014-07-07,437500.0,3.0,2.0,1490,4800,2.0,0,0,5,1490,0,1948,,"309 NW 89th St, Seattle, WA 98117, USA",20140707T000000,309 NW 89th St,Seattle,WA 98117,USA,98117
2014-07-07,443000.0,5.0,1.75,1650,3000,1.5,0,0,3,1650,0,1902,,"814 20th Ave S, Seattle, WA 98144, USA",20140707T000000,814 20th Ave S,Seattle,WA 98144,USA,98144
2014-07-07,575000.0,4.0,2.5,2400,6137,2.0,0,0,3,2400,0,1990,,"22447 NE 9th Dr, Sammamish, WA 98074, USA",20140707T000000,22447 NE 9th Dr,Sammamish,WA 98074,USA,98074
2014-07-07,245000.0,2.0,1.0,1500,6685,1.0,0,0,3,1190,310,1926,,"12226 Phinney Ave N, Seattle, WA 98133, USA",20140707T000000,12226 Phinney Ave N,Seattle,WA 98133,USA,98133
2014-07-07,450000.0,3.0,2.5,1990,12793,2.0,0,0,3,1990,0,1993,,"14543 86th Pl NE, Kenmore, WA 98028, USA",20140707T000000,14543 86th Pl NE,Kenmore,WA 98028,USA,98028
2014-07-07,536000.0,2.0,1.5,1130,746,2.0,0,0,3,1030,100,2009,,"5412 6th Ave NW, Seattle, WA 98107, USA",20140707T000000,5412 6th Ave NW,Seattle,WA 98107,USA,98107
2014-07-07,685000.0,3.0,3.25,2030,11070,2.0,0,0,4,2030,0,1980,,"16725 NE 42nd Ct, Redmond, WA 98052, USA",20140707T000000,16725 NE 42nd Ct,Redmond,WA 98052,USA,98052
2014-07-07,373000.0,4.0,1.75,1590,7920,2.0,0,0,4,1590,0,1960,,"16016 Burke Ave N, Shoreline, WA 98133, USA",20140707T000000,16016 Burke Ave N,Shoreline,WA 98133,USA,98133
2014-07-07,450000.0,3.0,1.75,1480,8394,1.0,0,0,4,1480,0,1971,,"6201 147th Ct NE, Redmond, WA 98052, USA",20140707T000000,6201 147th Ct NE,Redmond,WA 98052,USA,98052
2014-07-07,645000.0,4.0,2.5,2690,18653,2.0,0,0,3,2690,0,1985,,"4117 211th Pl NE, Sammamish, WA 98074, USA",20140707T000000,4117 211th Pl NE,Sammamish,WA 98074,USA,98074
2014-07-07,1275000.0,3.0,2.5,3870,46609,2.0,0,3,3,3870,0,1997,,"17002 SE 14th Ln, Bellevue, WA 98008, USA",20140707T000000,17002 SE 14th Ln,Bellevue,WA 98008,USA,98008
2014-07-07,230000.0,3.0,1.0,1390,6000,1.0,0,0,3,1390,0,1954,,"880 Monroe Ave NE, Renton, WA 98056, USA",20140707T000000,880 Monroe Ave NE,Renton,WA 98056,USA,98056
2014-07-07,593000.0,3.0,2.75,1830,1850,2.0,0,0,3,1690,140,2011,,"2101-2499 NW Stoney Creek Dr, Issaquah, WA 98027, USA",20140707T000000,2101-2499 NW Stoney Creek Dr,Issaquah,WA 98027,USA,98027
2014-07-07,558000.0,2.0,2.0,1580,5750,1.0,0,0,5,790,790,1910,,"4052 41st Ave SW, Seattle, WA 98116, USA",20140707T000000,4052 41st Ave SW,Seattle,WA 98116,USA,98116
2014-07-07,538250.0,3.0,2.25,2590,15229,2.0,0,3,3,2590,0,1984,,"23105 Marine View Dr S, Des Moines, WA 98198, USA",20140707T000000,23105 Marine View Dr S,Des Moines,WA 98198,USA,98198
2014-07-07,475000.0,5.0,2.5,2510,8050,1.0,0,0,4,1490,1020,1977,,"12608 NE 134th Pl, Kirkland, WA 98034, USA",20140707T000000,12608 NE 134th Pl,Kirkland,WA 98034,USA,98034
2014-07-07,209950.0,3.0,1.5,1180,7300,1.0,0,0,4,1180,0,1968,,"2601-2667 Alpine St SE, Auburn, WA 98002, USA",20140707T000000,2601-2667 Alpine St SE,Auburn,WA 98002,USA,98002
2014-07-07,410000.0,3.0,2.25,1450,19206,2.0,0,0,3,1450,0,1989,,"1107 216th Ave NE, Sammamish, WA 98074, USA",20140707T000000,1107 216th Ave NE,Sammamish,WA 98074,USA,98074
2014-07-07,1636000.0,3.0,2.5,3110,6765,2.0,0,1,4,2550,560,1946,,"8240 Fairway Dr NE, Seattle, WA 98115, USA",20140707T000000,8240 Fairway Dr NE,Seattle,WA 98115,USA,98115
2014-07-07,670000.0,5.0,2.5,2860,68519,2.0,0,0,5,2860,0,1958,,"37927 SE 82nd Pl, Snoqualmie, WA 98065, USA",20140707T000000,37927 SE 82nd Pl,Snoqualmie,WA 98065,USA,98065
2014-07-07,821000.0,3.0,2.75,2760,8476,1.0,0,0,4,1690,1070,1967,,"6950 93rd Ave SE, Mercer Island, WA 98040, USA",20140707T000000,6950 93rd Ave SE,Mercer Island,WA 98040,USA,98040
2014-07-07,665000.0,5.0,2.0,2800,17788,1.0,0,0,4,1400,1400,1963,,"7502 132nd Ave NE, Kirkland, WA 98033, USA",20140707T000000,7502 132nd Ave NE,Kirkland,WA 98033,USA,98033
2014-07-07,339000.0,3.0,2.5,1450,3748,2.0,0,0,3,1450,0,2004,,"7621 Orchard Ave SE, Snoqualmie, WA 98065, USA",20140707T000000,7621 Orchard Ave SE,Snoqualmie,WA 98065,USA,98065
2014-07-07,631500.0,4.0,2.0,2530,5650,1.5,0,0,4,1910,620,1910,,"2900-2998 Fairmount Ave SW, Seattle, WA 98116, USA",20140707T000000,2900-2998 Fairmount Ave SW,Seattle,WA 98116,USA,98116
2014-07-07,570000.0,3.0,2.0,1640,2808,1.0,0,3,4,820,820,1924,,"3209 S Charles St, Seattle, WA 98144, USA",20140707T000000,3209 S Charles St,Seattle,WA 98144,USA,98144
2014-07-07,437000.0,3.0,1.75,2220,17568,1.0,0,0,4,2220,0,1967,,"16527 191st Pl NE, Woodinville, WA 98072, USA",20140707T000000,16527 191st Pl NE,Woodinville,WA 98072,USA,98072
2014-07-07,542500.0,3.0,2.5,2040,10086,2.0,0,0,3,2040,0,1987,,"8511 170th Ct NE, Redmond, WA 98052, USA",20140707T000000,8511 170th Ct NE,Redmond,WA 98052,USA,98052
2014-07-07,229500.0,3.0,1.0,1230,6000,1.0,0,0,4,1230,0,1967,,"1605 21st St NE, Auburn, WA 98002, USA",20140707T000000,1605 21st St NE,Auburn,WA 98002,USA,98002
2014-07-07,170500.0,2.0,1.0,1060,7700,1.0,0,0,3,820,240,1981,,"1019 S 22nd Ct, Renton, WA 98055, USA",20140707T000000,1019 S 22nd Ct,Renton,WA 98055,USA,98055
2014-07-07,391500.0,3.0,2.5,1920,9625,2.0,0,0,3,1920,0,1993,,"955 11th Ct SW, North Bend, WA 98045, USA",20140707T000000,955 11th Ct SW,North Bend,WA 98045,USA,98045
2014-07-07,296475.0,3.0,2.5,1520,4170,2.0,0,0,3,1520,0,2004,,"24312 226th Ave SE, Maple Valley, WA 98038, USA",20140707T000000,24312 226th Ave SE,Maple Valley,WA 98038,USA,98038
2014-07-07,1450000.0,4.0,3.25,3770,4103,2.0,0,0,5,2710,1060,1925,,"410 Wheeler St, Seattle, WA 98109, USA",20140707T000000,410 Wheeler St,Seattle,WA 98109,USA,98109
2014-07-07,888550.0,3.0,2.5,3540,38322,2.0,0,0,3,3540,0,1989,,"21837 NE 102nd St, Redmond, WA 98053, USA",20140707T000000,21837 NE 102nd St,Redmond,WA 98053,USA,98053
2014-07-07,1360000.0,4.0,3.0,5430,108900,2.0,0,0,4,5430,0,1987,,"22701 NE 57th Ct, Redmond, WA 98053, USA",20140707T000000,22701 NE 57th Ct,Redmond,WA 98053,USA,98053
2014-07-07,328000.0,3.0,2.0,2250,7904,1.5,0,0,3,2250,0,1998,,"1512 10th Ct NW, Auburn, WA 98001, USA",20140707T000000,1512 10th Ct NW,Auburn,WA 98001,USA,98001
2014-07-07,300000.0,4.0,2.5,2090,5195,2.0,0,0,3,2090,0,2007,,"22736 129th Pl SE, Kent, WA 98031, USA",20140707T000000,22736 129th Pl SE,Kent,WA 98031,USA,98031
2014-07-07,500000.0,3.0,2.5,1720,3012,2.0,0,0,3,1720,0,2011,,"14020 Meridian Ave N, Seattle, WA 98133, USA",20140707T000000,14020 Meridian Ave N,Seattle,WA 98133,USA,98133
2014-07-07,494815.0,3.0,2.5,1910,2091,2.0,0,0,3,1910,0,2014,,"1273 NE Hickory Ln, Issaquah, WA 98029, USA",20140707T000000,1273 NE Hickory Ln,Issaquah,WA 98029,USA,98029
2014-07-07,378000.0,3.0,2.5,1601,2491,3.0,0,0,3,1536,65,2007,,"12341 10th Pl NE, Seattle, WA 98125, USA",20140707T000000,12341 10th Pl NE,Seattle,WA 98125,USA,98125
2014-07-07,505000.0,2.0,2.25,1060,1209,2.0,0,0,3,940,120,2006,,"2000 Yale Ave E, Seattle, WA 98102, USA",20140707T000000,2000 Yale Ave E,Seattle,WA 98102,USA,98102
2014-07-07,680000.0,4.0,2.75,2330,3920,2.0,0,0,3,2330,0,2005,,"3440 NE Marion Ln, Issaquah, WA 98029, USA",20140707T000000,3440 NE Marion Ln,Issaquah,WA 98029,USA,98029
2014-07-07,351999.0,3.0,2.5,2370,4200,2.0,0,0,3,2370,0,2014,,"25828 243rd Ave SE, Maple Valley, WA 98038, USA",20140707T000000,25828 243rd Ave SE,Maple Valley,WA 98038,USA,98038
2014-07-07,510000.0,3.0,2.5,1420,1237,3.0,0,0,3,1420,0,2014,,"2252 NW 62nd St, Seattle, WA 98107, USA",20140707T000000,2252 NW 62nd St,Seattle,WA 98107,USA,98107
2014-07-07,1300000.0,4.0,2.25,2360,4000,2.0,0,0,3,2360,0,2013,,"186 34th Ave E, Seattle, WA 98112, USA",20140707T000000,186 34th Ave E,Seattle,WA 98112,USA,98112
2014-07-07,374000.0,2.0,1.5,1260,1575,2.0,0,0,3,1260,0,2001,,"2900-2948 S Irving St, Seattle, WA 98144, USA",20140707T000000,2900-2948 S Irving St,Seattle,WA 98144,USA,98144
2014-07-07,509900.0,3.0,2.5,3030,9053,2.0,0,0,3,3030,0,2009,,"5221 NE 7th Pl, Renton, WA 98059, USA",20140707T000000,5221 NE 7th Pl,Renton,WA 98059,USA,98059
2014-07-07,230000.0,3.0,1.75,1140,1201,2.0,0,0,3,1140,0,2014,,"4424-4438 Martin Luther King Jr Way S, Seattle, WA 98108, USA",20140707T000000,4424-4438 Martin Luther King Jr Way S,Seattle,WA 98108,USA,98108
2014-07-08,527700.0,5.0,2.5,2820,9375,1.0,0,0,4,1550,1270,1968,,"15910 SE 42nd Pl, Bellevue, WA 98006, USA",20140708T000000,15910 SE 42nd Pl,Bellevue,WA 98006,USA,98006
2014-07-08,438000.0,2.0,2.0,1270,1372,3.0,0,0,3,1270,0,2000,,"848 NE 67th St, Seattle, WA 98115, USA",20140708T000000,848 NE 67th St,Seattle,WA 98115,USA,98115
2014-07-08,900000.0,3.0,2.5,3180,12600,2.0,0,0,4,3180,0,1978,,"3004 211th Ave NE, Sammamish, WA 98074, USA",20140708T000000,3004 211th Ave NE,Sammamish,WA 98074,USA,98074
2014-07-08,1131000.0,3.0,2.25,2790,13791,1.0,0,3,3,2790,0,2006,,"18125 Brittany Dr SW, Normandy Park, WA 98166, USA",20140708T000000,18125 Brittany Dr SW,Normandy Park,WA 98166,USA,98166
2014-07-08,439000.0,4.0,2.25,2570,9503,2.0,0,0,3,2570,0,1980,,"18719 129th Ct NE, Bothell, WA 98011, USA",20140708T000000,18719 129th Ct NE,Bothell,WA 98011,USA,98011
2014-07-08,315000.0,2.0,1.0,1080,2674,1.0,0,0,4,720,360,1919,,"4820 12th Ave S, Seattle, WA 98108, USA",20140708T000000,4820 12th Ave S,Seattle,WA 98108,USA,98108
2014-07-08,765000.0,4.0,4.0,3010,7221,2.0,0,0,3,3010,0,2004,,"2828 277th Terrace SE, Sammamish, WA 98075, USA",20140708T000000,2828 277th Terrace SE,Sammamish,WA 98075,USA,98075
2014-07-08,332000.0,3.0,2.25,2120,14915,1.0,0,0,3,1720,400,1979,,"27840 38th Pl S, Auburn, WA 98001, USA",20140708T000000,27840 38th Pl S,Auburn,WA 98001,USA,98001
2014-07-08,600000.0,3.0,2.25,1900,46609,1.5,0,0,4,1440,460,1969,,"17308 167th Ave NE, Woodinville, WA 98072, USA",20140708T000000,17308 167th Ave NE,Woodinville,WA 98072,USA,98072
2014-07-08,378500.0,3.0,2.5,2860,43821,2.0,0,0,4,2860,0,1990,,"14921 SE Auburn-Black Diamond Rd, Auburn, WA 98092, USA",20140708T000000,14921 SE Auburn-Black Diamond Rd,Auburn,WA 98092,USA,98092
2014-07-08,190000.0,3.0,1.0,910,10575,1.0,0,0,4,910,0,1968,,"2536 S 365th Pl, Federal Way, WA 98003, USA",20140708T000000,2536 S 365th Pl,Federal Way,WA 98003,USA,98003
2014-07-08,645000.0,4.0,2.5,2850,37522,2.0,0,0,3,2850,0,1987,,"26007 SE 27th St, Sammamish, WA 98075, USA",20140708T000000,26007 SE 27th St,Sammamish,WA 98075,USA,98075
2014-07-08,780000.0,2.0,2.5,2560,2500,2.0,0,0,5,1690,870,1901,,"419 25th Ave E, Seattle, WA 98112, USA",20140708T000000,419 25th Ave E,Seattle,WA 98112,USA,98112
2014-07-08,370000.0,3.0,1.75,1570,16817,2.0,0,0,3,1570,0,1982,,"43719 SE 142nd St, North Bend, WA 98045, USA",20140708T000000,43719 SE 142nd St,North Bend,WA 98045,USA,98045
2014-07-08,875000.0,4.0,3.5,3110,108464,2.0,0,2,4,3110,0,1979,,"24119 SE 18th Pl, Sammamish, WA 98075, USA",20140708T000000,24119 SE 18th Pl,Sammamish,WA 98075,USA,98075
2014-07-08,1049000.0,4.0,3.75,4740,126759,2.0,0,0,4,4740,0,1991,,"27125-27131 SE 175th Pl, Issaquah, WA 98027, USA",20140708T000000,27125-27131 SE 175th Pl,Issaquah,WA 98027,USA,98027
2014-07-08,479000.0,3.0,1.0,1340,13750,1.0,0,0,4,1340,0,1955,,"14211 SE 37th St, Bellevue, WA 98006, USA",20140708T000000,14211 SE 37th St,Bellevue,WA 98006,USA,98006
2014-07-08,245000.0,4.0,2.25,2600,6390,1.0,0,0,3,1390,1210,1978,,"26th Ave SW, Federal Way, WA 98023, USA",20140708T000000,26th Ave SW,Federal Way,WA 98023,USA,98023
2014-07-08,542000.0,3.0,1.75,1070,8030,1.0,0,0,3,1070,0,1966,2014.0,"13820 NE 72nd Pl, Redmond, WA 98052, USA",20140708T000000,13820 NE 72nd Pl,Redmond,WA 98052,USA,98052
2014-07-08,557500.0,3.0,2.25,1820,9670,2.0,0,0,3,1820,0,1984,,"17213 NE 32nd St, Redmond, WA 98052, USA",20140708T000000,17213 NE 32nd St,Redmond,WA 98052,USA,98052
2014-07-08,480000.0,2.0,1.0,1060,3040,1.0,0,0,3,860,200,1924,,"2342 N 60th St, Seattle, WA 98103, USA",20140708T000000,2342 N 60th St,Seattle,WA 98103,USA,98103
2014-07-08,330000.0,3.0,2.25,2220,4060,1.0,0,0,3,1330,890,1993,,"5401 S Fletcher St, Seattle, WA 98118, USA",20140708T000000,5401 S Fletcher St,Seattle,WA 98118,USA,98118
2014-07-08,160000.0,3.0,1.0,1350,8700,1.5,0,0,3,1350,0,1942,,"17052 34th Ave S, SeaTac, WA 98188, USA",20140708T000000,17052 34th Ave S,SeaTac,WA 98188,USA,98188
2014-07-08,695500.0,5.0,2.75,2510,9180,1.0,0,1,4,1600,910,1975,,"3312 181st Pl NE, Redmond, WA 98052, USA",20140708T000000,3312 181st Pl NE,Redmond,WA 98052,USA,98052
2014-07-08,235500.0,5.0,2.5,2340,13713,1.0,0,0,2,1670,670,1967,,"30221 8th Ave S, Federal Way, WA 98003, USA",20140708T000000,30221 8th Ave S,Federal Way,WA 98003,USA,98003
2014-07-08,326500.0,3.0,1.0,1060,7920,1.0,0,0,4,1060,0,1968,,"4149-4399 19th Ave SW, Seattle, WA 98106, USA",20140708T000000,4149-4399 19th Ave SW,Seattle,WA 98106,USA,98106
2014-07-08,300000.0,4.0,2.5,2200,8065,2.0,0,0,3,2200,0,1998,,"9526 S 221st Pl, Kent, WA 98031, USA",20140708T000000,9526 S 221st Pl,Kent,WA 98031,USA,98031
2014-07-08,267000.0,3.0,1.0,1400,8100,1.5,0,0,3,1400,0,1944,,"11520 36th Ave NE, Seattle, WA 98125, USA",20140708T000000,11520 36th Ave NE,Seattle,WA 98125,USA,98125
2014-07-08,292600.0,3.0,1.5,1520,7123,1.0,0,0,4,1520,0,1959,,"1012 Lynnwood Ave NE, Renton, WA 98056, USA",20140708T000000,1012 Lynnwood Ave NE,Renton,WA 98056,USA,98056
2014-07-08,362000.0,5.0,3.0,1810,3000,2.0,0,0,3,1810,0,1998,,"4519 33rd Ave S, Seattle, WA 98118, USA",20140708T000000,4519 33rd Ave S,Seattle,WA 98118,USA,98118
2014-07-08,1087500.0,2.0,2.0,2360,11340,1.5,0,0,3,2360,0,1997,,"3063-3103 84th Ave SE, Mercer Island, WA 98040, USA",20140708T000000,3063-3103 84th Ave SE,Mercer Island,WA 98040,USA,98040
2014-07-08,357562.0,2.0,1.75,1210,1032,2.0,0,0,3,1210,0,2014,,"2520 Mulberry Walk NE, Issaquah, WA 98029, USA",20140708T000000,2520 Mulberry Walk NE,Issaquah,WA 98029,USA,98029
2014-07-08,789900.0,3.0,2.5,3420,25150,1.0,0,0,4,1750,1670,1987,,"14102 SE 42nd St, Bellevue, WA 98006, USA",20140708T000000,14102 SE 42nd St,Bellevue,WA 98006,USA,98006
2014-07-08,513000.0,3.0,2.5,1810,4592,2.0,0,0,3,1810,0,1992,,"25744 SE 37th St, Issaquah, WA 98029, USA",20140708T000000,25744 SE 37th St,Issaquah,WA 98029,USA,98029
2014-07-08,336000.0,3.0,2.25,2760,10160,1.0,0,0,3,2760,0,1969,,"14213 SE 170th St, Renton, WA 98058, USA",20140708T000000,14213 SE 170th St,Renton,WA 98058,USA,98058
2014-07-08,560000.0,4.0,2.25,1950,9800,1.0,0,0,3,1330,620,1968,,"12034 NE 67th St, Kirkland, WA 98033, USA",20140708T000000,12034 NE 67th St,Kirkland,WA 98033,USA,98033
2014-07-08,1150000.0,3.0,2.5,3830,48743,2.0,0,0,3,3830,0,1991,,"16123 SE 44th Way, Bellevue, WA 98006, USA",20140708T000000,16123 SE 44th Way,Bellevue,WA 98006,USA,98006
2014-07-08,410000.0,4.0,2.25,2060,7283,1.0,0,0,3,1220,840,1963,2013.0,"15568 11th Ave NE, Shoreline, WA 98155, USA",20140708T000000,15568 11th Ave NE,Shoreline,WA 98155,USA,98155
2014-07-08,371500.0,3.0,1.0,1650,6400,1.0,0,0,4,980,670,1954,,"9233 25th Ave SW, Seattle, WA 98106, USA",20140708T000000,9233 25th Ave SW,Seattle,WA 98106,USA,98106
2014-07-08,368000.0,4.0,1.75,2100,11942,1.0,0,0,3,1030,1070,1964,,"5901-5909 17th Ave SW, Seattle, WA 98106, USA",20140708T000000,5901-5909 17th Ave SW,Seattle,WA 98106,USA,98106
2014-07-08,650000.0,4.0,3.0,3720,57499,1.0,0,0,3,1880,1840,2003,,"4316 331st Ave NE, Carnation, WA 98014, USA",20140708T000000,4316 331st Ave NE,Carnation,WA 98014,USA,98014
2014-07-08,308950.0,4.0,2.5,1920,8562,2.0,0,2,4,1920,0,1994,,"203 Farrelly St, Enumclaw, WA 98022, USA",20140708T000000,203 Farrelly St,Enumclaw,WA 98022,USA,98022
2014-07-08,440000.0,3.0,2.0,1860,217800,2.0,0,2,3,1860,0,1998,,"9700 174th Ave SE, Renton, WA 98059, USA",20140708T000000,9700 174th Ave SE,Renton,WA 98059,USA,98059
2014-07-08,630000.0,2.0,2.5,2290,3507,2.0,0,0,3,2290,0,2005,,"2598 NE Natalie Way, Issaquah, WA 98029, USA",20140708T000000,2598 NE Natalie Way,Issaquah,WA 98029,USA,98029
2014-07-08,228950.0,3.0,1.75,1200,9085,1.0,0,0,4,1200,0,1968,,"35839 14th Ave SW, Federal Way, WA 98023, USA",20140708T000000,35839 14th Ave SW,Federal Way,WA 98023,USA,98023
2014-07-08,782000.0,4.0,3.5,5270,53428,2.0,0,0,3,3440,1830,2004,,"18603 E Spring Lake Dr SE, Renton, WA 98058, USA",20140708T000000,18603 E Spring Lake Dr SE,Renton,WA 98058,USA,98058
2014-07-08,245000.0,3.0,2.5,1600,2788,2.0,0,0,4,1600,0,1992,,"11539 SE 221st Pl, Kent, WA 98031, USA",20140708T000000,11539 SE 221st Pl,Kent,WA 98031,USA,98031
2014-07-08,410000.0,4.0,2.5,2560,4020,2.0,0,0,3,2560,0,2006,,"27645 236th Ct SE, Maple Valley, WA 98038, USA",20140708T000000,27645 236th Ct SE,Maple Valley,WA 98038,USA,98038
2014-07-08,427550.0,2.0,1.0,880,4000,1.0,0,0,3,880,0,1940,,"7554 Jones Ave NW, Seattle, WA 98117, USA",20140708T000000,7554 Jones Ave NW,Seattle,WA 98117,USA,98117
2014-07-08,235000.0,2.0,1.0,1020,7920,1.0,0,0,3,1020,0,1939,,"1712 S Dawson St, Seattle, WA 98108, USA",20140708T000000,1712 S Dawson St,Seattle,WA 98108,USA,98108
2014-07-08,210000.0,3.0,2.0,960,9380,1.0,0,0,3,960,0,1949,,"13045 6th Pl SW, Seattle, WA 98146, USA",20140708T000000,13045 6th Pl SW,Seattle,WA 98146,USA,98146
2014-07-08,485000.0,4.0,2.25,1900,7200,1.0,0,0,3,1370,530,1977,,"11042 31st Ave SW, Seattle, WA 98146, USA",20140708T000000,11042 31st Ave SW,Seattle,WA 98146,USA,98146
2014-07-08,410000.0,3.0,2.0,1320,6000,1.5,0,0,4,1320,0,1920,,"2200 S Hanford St, Seattle, WA 98144, USA",20140708T000000,2200 S Hanford St,Seattle,WA 98144,USA,98144
2014-07-08,435000.0,4.0,2.75,2230,9640,1.0,0,0,3,1320,910,1998,,"13362 3rd Ave NE, Seattle, WA 98125, USA",20140708T000000,13362 3rd Ave NE,Seattle,WA 98125,USA,98125
2014-07-08,300000.0,3.0,1.0,1150,7314,1.0,0,0,3,1150,0,1960,,"16940 NE 16th Pl, Bellevue, WA 98008, USA",20140708T000000,16940 NE 16th Pl,Bellevue,WA 98008,USA,98008
2014-07-08,455000.0,4.0,3.5,3440,6000,2.0,0,0,4,3440,0,2002,,"21625 4th Ave S, Normandy Park, WA 98198, USA",20140708T000000,21625 4th Ave S,Normandy Park,WA 98198,USA,98198
2014-07-08,210000.0,3.0,1.0,1070,8179,1.0,0,0,3,1070,0,1949,,"11247 11th Ave SW, Seattle, WA 98146, USA",20140708T000000,11247 11th Ave SW,Seattle,WA 98146,USA,98146
2014-07-08,1050000.0,4.0,2.75,2250,3433,1.5,0,0,3,1500,750,1927,2013.0,"2052 Boyer Ave E, Seattle, WA 98112, USA",20140708T000000,2052 Boyer Ave E,Seattle,WA 98112,USA,98112
2014-07-08,458400.0,4.0,2.5,1910,10300,1.0,0,0,3,1910,0,1921,1968.0,"105 NW 178th St, Shoreline, WA 98177, USA",20140708T000000,105 NW 178th St,Shoreline,WA 98177,USA,98177
2014-07-08,390000.0,3.0,1.75,1180,16552,1.0,0,0,4,1180,0,1967,,"16714 NE 158th St, Woodinville, WA 98072, USA",20140708T000000,16714 NE 158th St,Woodinville,WA 98072,USA,98072
2014-07-08,148226.0,3.0,1.0,1400,7360,1.0,0,0,4,1400,0,1968,,"11626-11630 SE 323rd Pl, Auburn, WA 98092, USA",20140708T000000,11626-11630 SE 323rd Pl,Auburn,WA 98092,USA,98092
2014-07-08,711600.0,4.0,3.0,3580,9316,2.5,0,0,3,2370,1210,1991,,"15502 SE 18th St, Bellevue, WA 98007, USA",20140708T000000,15502 SE 18th St,Bellevue,WA 98007,USA,98007
2014-07-08,819000.0,3.0,2.75,3176,13391,2.0,0,3,4,2726,450,1985,,"401 S 289th St, Federal Way, WA 98003, USA",20140708T000000,401 S 289th St,Federal Way,WA 98003,USA,98003
2014-07-08,613000.0,2.0,2.0,1170,1890,1.5,0,1,4,1170,0,1927,,"2425 Westview Dr W, Seattle, WA 98119, USA",20140708T000000,2425 Westview Dr W,Seattle,WA 98119,USA,98119
2014-07-08,592350.0,2.0,2.0,1570,4665,1.0,0,0,3,1570,0,2006,,"Adair Creek Trail, Redmond, WA 98053, USA",20140708T000000,Adair Creek Trail,Redmond,WA 98053,USA,98053
2014-07-08,232000.0,3.0,1.5,1460,15000,1.0,0,0,3,1460,0,1966,,"31605-31625 51st Ave S, Auburn, WA 98001, USA",20140708T000000,31605-31625 51st Ave S,Auburn,WA 98001,USA,98001
2014-07-08,250000.0,3.0,1.75,1140,10400,1.0,0,0,4,1140,0,1983,,"1705 Douglas Ct, Milton, WA 98354, USA",20140708T000000,1705 Douglas Ct,Milton,WA 98354,USA,98354
2014-07-08,115000.0,1.0,2.0,1150,9812,1.0,0,0,4,1150,0,1962,,"34215 40th Ave S, Auburn, WA 98001, USA",20140708T000000,34215 40th Ave S,Auburn,WA 98001,USA,98001
2014-07-08,1115000.0,4.0,2.5,3180,31931,1.0,0,0,4,2390,790,1978,,"3108 142nd Pl NE, Bellevue, WA 98007, USA",20140708T000000,3108 142nd Pl NE,Bellevue,WA 98007,USA,98007
2014-07-08,585000.0,4.0,2.5,2630,6185,2.0,0,0,3,2630,0,1999,,"3505 Monterey Ct NE, Renton, WA 98056, USA",20140708T000000,3505 Monterey Ct NE,Renton,WA 98056,USA,98056
2014-07-08,580000.0,3.0,2.25,1940,5980,1.0,0,0,3,1520,420,1987,,"1130 Oak Hill Pl NW, Issaquah, WA 98027, USA",20140708T000000,1130 Oak Hill Pl NW,Issaquah,WA 98027,USA,98027
2014-07-08,165000.0,1.0,1.0,850,8050,1.0,0,0,2,850,0,1906,,"3510 S Holly St, Seattle, WA 98118, USA",20140708T000000,3510 S Holly St,Seattle,WA 98118,USA,98118
2014-07-08,430000.0,3.0,2.0,1550,6039,1.0,0,0,5,830,720,1942,,"6537 36th Ave SW, Seattle, WA 98126, USA",20140708T000000,6537 36th Ave SW,Seattle,WA 98126,USA,98126
2014-07-08,383000.0,3.0,2.25,2090,15000,1.0,0,0,3,2090,0,1961,,"608 Riverside Dr SE, North Bend, WA 98045, USA",20140708T000000,608 Riverside Dr SE,North Bend,WA 98045,USA,98045
2014-07-08,1195000.0,4.0,3.5,3960,6654,2.0,0,0,3,2850,1110,2006,,"2905 25th Ave W, Seattle, WA 98199, USA",20140708T000000,2905 25th Ave W,Seattle,WA 98199,USA,98199
2014-07-08,201500.0,3.0,1.0,1320,5000,1.5,0,0,3,1320,0,1912,,"4207 SW Manning St, Seattle, WA 98116, USA",20140708T000000,4207 SW Manning St,Seattle,WA 98116,USA,98116
2014-07-08,690000.0,4.0,2.5,3220,35400,2.0,0,0,3,3220,0,1991,,"16831 NE 176th St, Woodinville, WA 98072, USA",20140708T000000,16831 NE 176th St,Woodinville,WA 98072,USA,98072
2014-07-08,325000.0,2.0,1.0,800,7260,1.0,0,0,3,800,0,1953,,"7354 27th Ave SW, Seattle, WA 98126, USA",20140708T000000,7354 27th Ave SW,Seattle,WA 98126,USA,98126
2014-07-08,375000.0,3.0,1.75,1660,9673,1.0,0,0,3,1130,530,1976,,"13300 NE 186th St, Woodinville, WA 98072, USA",20140708T000000,13300 NE 186th St,Woodinville,WA 98072,USA,98072
2014-07-08,600000.0,4.0,2.5,2250,11370,2.0,0,0,3,2250,0,1991,,"12362 76th Ct NE, Kirkland, WA 98034, USA",20140708T000000,12362 76th Ct NE,Kirkland,WA 98034,USA,98034
2014-07-08,340000.0,3.0,2.25,2120,13090,1.0,0,0,3,2120,0,1997,,"1310 G St SE, Auburn, WA 98002, USA",20140708T000000,1310 G St SE,Auburn,WA 98002,USA,98002
2014-07-08,890000.0,4.0,2.75,2310,4020,3.0,0,0,5,2310,0,1979,,"1602 32nd Ave, Seattle, WA 98122, USA",20140708T000000,1602 32nd Ave,Seattle,WA 98122,USA,98122
2014-07-08,415000.0,4.0,1.75,1920,7700,2.0,0,0,4,1920,0,1970,,"7209 SE 70th St, Newcastle, WA 98056, USA",20140708T000000,7209 SE 70th St,Newcastle,WA 98056,USA,98056
2014-07-08,255000.0,3.0,1.75,1550,9720,1.0,0,0,3,1050,500,1976,,"22821 SE 288th St, Black Diamond, WA 98010, USA",20140708T000000,22821 SE 288th St,Black Diamond,WA 98010,USA,98010
2014-07-08,530000.0,2.0,2.5,1785,779,2.0,0,0,3,1595,190,1975,,"1600-1718 107th Ave SE, Bellevue, WA 98004, USA",20140708T000000,1600-1718 107th Ave SE,Bellevue,WA 98004,USA,98004
2014-07-08,468000.0,3.0,1.5,1830,9848,1.0,0,0,5,1830,0,1962,,"12000-12098 SE 71st Pl, Newcastle, WA 98056, USA",20140708T000000,12000-12098 SE 71st Pl,Newcastle,WA 98056,USA,98056
2014-07-08,970000.0,5.0,2.75,3500,5040,2.0,0,2,3,2950,550,1927,2007.0,"5433 37th Ave SW, Seattle, WA 98126, USA",20140708T000000,5433 37th Ave SW,Seattle,WA 98126,USA,98126
2014-07-08,599000.0,3.0,2.0,2560,14680,1.0,0,0,3,1330,1230,1987,,"16604 NE 42nd Ct, Redmond, WA 98052, USA",20140708T000000,16604 NE 42nd Ct,Redmond,WA 98052,USA,98052
2014-07-08,399500.0,4.0,1.75,1360,4840,1.5,0,0,4,1360,0,1928,,"5048 35th Ave SW, Seattle, WA 98126, USA",20140708T000000,5048 35th Ave SW,Seattle,WA 98126,USA,98126
2014-07-08,2458000.0,4.0,5.25,6500,14986,2.0,0,0,3,5180,1320,2001,,"2205 78th Ave NE, Medina, WA 98039, USA",20140708T000000,2205 78th Ave NE,Medina,WA 98039,USA,98039
2014-07-08,1205000.0,4.0,3.5,3150,5500,2.0,0,0,3,3150,0,2014,,"4908 32nd Ave NE, Seattle, WA 98105, USA",20140708T000000,4908 32nd Ave NE,Seattle,WA 98105,USA,98105
2014-07-08,325000.0,2.0,1.0,810,4080,1.0,0,0,4,810,0,1941,,"3620 SW Holden St, Seattle, WA 98126, USA",20140708T000000,3620 SW Holden St,Seattle,WA 98126,USA,98126
2014-07-08,1135250.0,5.0,4.0,7320,217800,2.0,0,0,3,7320,0,1992,,"19100 SE 174th St, Renton, WA 98058, USA",20140708T000000,19100 SE 174th St,Renton,WA 98058,USA,98058
2014-07-08,568000.0,4.0,1.75,2790,17476,1.0,0,2,3,1450,1340,1956,,"2714 SW 164th Pl, Burien, WA 98166, USA",20140708T000000,2714 SW 164th Pl,Burien,WA 98166,USA,98166
2014-07-08,517000.0,2.0,1.5,1920,3408,1.0,0,0,4,960,960,1912,,"1103 26th Ave, Seattle, WA 98122, USA",20140708T000000,1103 26th Ave,Seattle,WA 98122,USA,98122
2014-07-08,469950.0,4.0,2.75,2530,14178,2.0,0,0,3,2530,0,1997,,"15200 287th Ave NE, Duvall, WA 98019, USA",20140708T000000,15200 287th Ave NE,Duvall,WA 98019,USA,98019
2014-07-08,1675000.0,3.0,2.5,3490,8343,2.0,1,4,4,2150,1340,1939,1991.0,"Burke-Gilman Trail, Seattle, WA 98125, USA",20140708T000000,Burke-Gilman Trail,Seattle,WA 98125,USA,98125
2014-07-08,2180000.0,6.0,2.75,4710,11000,2.0,0,3,3,3690,1020,1931,,"4530 51st Ave NE, Seattle, WA 98105, USA",20140708T000000,4530 51st Ave NE,Seattle,WA 98105,USA,98105
2014-07-08,623000.0,3.0,1.75,2050,16313,1.0,0,0,2,2050,0,1973,,"4009 97th Ave SE, Mercer Island, WA 98040, USA",20140708T000000,4009 97th Ave SE,Mercer Island,WA 98040,USA,98040
2014-07-08,720000.0,4.0,2.25,2410,8400,2.0,0,0,5,2410,0,1965,,"16451 NE 18th St, Bellevue, WA 98008, USA",20140708T000000,16451 NE 18th St,Bellevue,WA 98008,USA,98008
2014-07-08,205000.0,3.0,1.0,1180,8240,1.0,0,0,4,1180,0,1967,,"30105 10th Ave S, Federal Way, WA 98003, USA",20140708T000000,30105 10th Ave S,Federal Way,WA 98003,USA,98003
2014-07-08,148000.0,2.0,1.0,630,4200,1.0,0,0,3,630,0,1930,,"7760 10th Ave SW, Seattle, WA 98106, USA",20140708T000000,7760 10th Ave SW,Seattle,WA 98106,USA,98106
2014-07-08,950000.0,3.0,2.5,3480,7800,1.0,0,0,4,1750,1730,1941,1998.0,"10323 Valmay Ave NW, Seattle, WA 98177, USA",20140708T000000,10323 Valmay Ave NW,Seattle,WA 98177,USA,98177
2014-07-08,405000.0,3.0,1.5,1010,7683,1.5,0,0,5,1010,0,1953,,"12500-12578 10th Ave NE, Seattle, WA 98125, USA",20140708T000000,12500-12578 10th Ave NE,Seattle,WA 98125,USA,98125
2014-07-08,293000.0,3.0,2.25,1910,3481,2.0,0,0,3,1910,0,2009,,"19358 114th Pl SE, Kent, WA 98031, USA",20140708T000000,19358 114th Pl SE,Kent,WA 98031,USA,98031
2014-07-08,550000.0,3.0,3.5,2490,3582,2.0,0,0,3,1720,770,2005,,"320 NW Boulder Pl, Issaquah, WA 98027, USA",20140708T000000,320 NW Boulder Pl,Issaquah,WA 98027,USA,98027
2014-07-08,435000.0,4.0,2.5,2150,3143,2.0,0,0,3,2150,0,2010,,"1356 Elma Pl NE, Renton, WA 98059, USA",20140708T000000,1356 Elma Pl NE,Renton,WA 98059,USA,98059
2014-07-08,355000.0,4.0,2.75,3000,5470,2.0,0,0,3,3000,0,2005,,"22710 SE 268th Pl, Maple Valley, WA 98038, USA",20140708T000000,22710 SE 268th Pl,Maple Valley,WA 98038,USA,98038
2014-07-08,673000.0,3.0,2.75,2830,3496,2.0,0,0,3,2830,0,2012,,"24588-24638 SE Issaquah-Fall City Rd, Issaquah, WA 98029, USA",20140708T000000,24588-24638 SE Issaquah-Fall City Rd,Issaquah,WA 98029,USA,98029
2014-07-08,449990.0,4.0,2.5,2680,5539,2.0,0,0,3,2680,0,2013,,"13800 453rd Ave SE, North Bend, WA 98045, USA",20140708T000000,13800 453rd Ave SE,North Bend,WA 98045,USA,98045
2014-07-08,249000.0,2.0,1.5,1090,2686,2.0,0,0,3,1090,0,1982,,"13124 113th Pl NE, Kirkland, WA 98034, USA",20140708T000000,13124 113th Pl NE,Kirkland,WA 98034,USA,98034
2014-07-08,380000.0,4.0,2.5,1984,32400,1.0,0,0,3,1564,420,1962,,"26856 12th Ave S, Des Moines, WA 98198, USA",20140708T000000,26856 12th Ave S,Des Moines,WA 98198,USA,98198
2014-07-08,760005.0,4.0,2.75,3090,5859,2.0,0,0,3,3090,0,2010,,"384 218th Pl SE, Sammamish, WA 98074, USA",20140708T000000,384 218th Pl SE,Sammamish,WA 98074,USA,98074
2014-07-08,674600.0,4.0,2.5,2610,5140,2.0,0,0,3,2610,0,2006,,"922 N 91st St, Seattle, WA 98103, USA",20140708T000000,922 N 91st St,Seattle,WA 98103,USA,98103
2014-07-08,812000.0,4.0,3.5,3370,3634,2.0,0,0,3,2750,620,2007,,"2154 NE Morgan Ln, Issaquah, WA 98029, USA",20140708T000000,2154 NE Morgan Ln,Issaquah,WA 98029,USA,98029
2014-07-08,333490.0,4.0,2.5,2250,3916,2.0,0,0,3,2250,0,2014,,"29024 121st Way SE, Auburn, WA 98092, USA",20140708T000000,29024 121st Way SE,Auburn,WA 98092,USA,98092
2014-07-08,320000.0,3.0,3.25,1450,1387,2.0,0,0,3,1180,270,2013,,"5107 Puget Blvd SW, Seattle, WA 98106, USA",20140708T000000,5107 Puget Blvd SW,Seattle,WA 98106,USA,98106
2014-07-08,999000.0,4.0,2.5,3130,10849,2.0,0,0,3,3130,0,2013,,"9006 116th Ave NE, Kirkland, WA 98033, USA",20140708T000000,9006 116th Ave NE,Kirkland,WA 98033,USA,98033
2014-07-08,810000.0,2.0,2.75,2700,8572,1.0,0,0,3,2700,0,2007,,"22857 NE 138th Ct, Redmond, WA 98053, USA",20140708T000000,22857 NE 138th Ct,Redmond,WA 98053,USA,98053
2014-07-09,399950.0,5.0,2.75,1970,5400,1.0,0,0,3,1320,650,1986,,"1770 19th Ave S, Seattle, WA 98144, USA",20140709T000000,1770 19th Ave S,Seattle,WA 98144,USA,98144
2014-07-09,550000.0,3.0,2.0,1970,4166,2.0,0,3,5,1270,700,1929,,"3608 34th Ave SW, Seattle, WA 98126, USA",20140709T000000,3608 34th Ave SW,Seattle,WA 98126,USA,98126
2014-07-09,290000.0,3.0,1.5,1950,15954,1.0,0,0,4,1950,0,1959,,"1020 S 299th Pl, Federal Way, WA 98003, USA",20140709T000000,1020 S 299th Pl,Federal Way,WA 98003,USA,98003
2014-07-09,232500.0,3.0,1.5,1940,9887,1.0,0,0,4,1140,800,1969,,"450 S 305th St, Federal Way, WA 98003, USA",20140709T000000,450 S 305th St,Federal Way,WA 98003,USA,98003
2014-07-09,1355000.0,4.0,3.5,3550,11000,1.0,0,2,3,2260,1290,1999,,"15317 SE 58th St, Bellevue, WA 98006, USA",20140709T000000,15317 SE 58th St,Bellevue,WA 98006,USA,98006
2014-07-09,565000.0,3.0,2.5,2500,7394,2.0,0,0,3,2500,0,1990,,"12440 NE 160th St, Woodinville, WA 98072, USA",20140709T000000,12440 NE 160th St,Woodinville,WA 98072,USA,98072
2014-07-09,749950.0,4.0,2.75,2910,18700,1.0,0,0,3,2210,700,1957,1995.0,"821 NW 175th St, Shoreline, WA 98177, USA",20140709T000000,821 NW 175th St,Shoreline,WA 98177,USA,98177
2014-07-09,720500.0,4.0,2.5,3350,35298,2.0,0,0,4,3350,0,1985,,"22720 NE 46th St, Redmond, WA 98053, USA",20140709T000000,22720 NE 46th St,Redmond,WA 98053,USA,98053
2014-07-09,507000.0,3.0,1.75,2140,40098,1.0,0,0,5,1490,650,1950,,"17295-17403 SE 192nd Dr, Renton, WA 98058, USA",20140709T000000,17295-17403 SE 192nd Dr,Renton,WA 98058,USA,98058
2014-07-09,989000.0,5.0,4.5,4030,13474,2.0,0,0,3,4030,0,2000,,"25758 SE 31st Pl, Sammamish, WA 98075, USA",20140709T000000,25758 SE 31st Pl,Sammamish,WA 98075,USA,98075
2014-07-09,463000.0,4.0,2.5,1980,6660,2.0,0,0,4,1980,0,1974,,"12812 130th Ct NE, Kirkland, WA 98034, USA",20140709T000000,12812 130th Ct NE,Kirkland,WA 98034,USA,98034
2014-07-09,310000.0,3.0,1.5,1460,9908,1.0,0,0,3,1460,0,1952,,"19539 4th Ave S, Des Moines, WA 98148, USA",20140709T000000,19539 4th Ave S,Des Moines,WA 98148,USA,98148
2014-07-09,284000.0,4.0,1.75,1880,8800,1.0,0,0,3,1130,750,1960,,"10000-10026 S 100th St, Seattle, WA 98168, USA",20140709T000000,10000-10026 S 100th St,Seattle,WA 98168,USA,98168
2014-07-09,737500.0,3.0,1.75,2320,10900,2.0,0,0,3,2320,0,1935,1974.0,"8038 42nd Ave NE, Seattle, WA 98115, USA",20140709T000000,8038 42nd Ave NE,Seattle,WA 98115,USA,98115
2014-07-09,569000.0,3.0,3.25,2220,8227,1.5,0,0,5,1770,450,1929,,"4123 13th Ave S, Seattle, WA 98108, USA",20140709T000000,4123 13th Ave S,Seattle,WA 98108,USA,98108
2014-07-09,700000.0,3.0,1.0,1410,7200,2.0,0,0,4,1410,0,1901,,"1122A 23rd Ave S, Seattle, WA 98144, USA",20140709T000000,1122A 23rd Ave S,Seattle,WA 98144,USA,98144
2014-07-09,660000.0,3.0,1.0,1240,3500,1.0,0,0,4,1240,0,1927,,"768 N 75th St, Seattle, WA 98103, USA",20140709T000000,768 N 75th St,Seattle,WA 98103,USA,98103
2014-07-09,275000.0,4.0,2.0,2030,8426,2.0,0,0,3,2030,0,1944,,"3515 S 137th St, Tukwila, WA 98168, USA",20140709T000000,3515 S 137th St,Tukwila,WA 98168,USA,98168
2014-07-09,570000.0,6.0,3.75,4000,6015,2.0,0,2,3,3080,920,2004,,"16638 SE 167th St, Renton, WA 98058, USA",20140709T000000,16638 SE 167th St,Renton,WA 98058,USA,98058
2014-07-09,150000.0,3.0,0.75,490,38500,1.5,0,0,4,490,0,1959,,"11881 Tye River Rd NE, Skykomish, WA 98288, USA",20140709T000000,11881 Tye River Rd NE,Skykomish,WA 98288,USA,98288
2014-07-09,356000.0,3.0,2.5,1590,3411,2.0,0,0,3,1590,0,2000,,"7828 Douglas Ave SE, Snoqualmie, WA 98065, USA",20140709T000000,7828 Douglas Ave SE,Snoqualmie,WA 98065,USA,98065
2014-07-09,610000.0,3.0,2.5,2630,5827,2.0,0,0,3,2630,0,2001,,"9954 227th Way NE, Redmond, WA 98053, USA",20140709T000000,9954 227th Way NE,Redmond,WA 98053,USA,98053
2014-07-09,498800.0,2.0,1.75,1350,4614,1.0,0,0,3,1350,0,2008,,"12412 243rd Terrace NE, Redmond, WA 98053, USA",20140709T000000,12412 243rd Terrace NE,Redmond,WA 98053,USA,98053
2014-07-09,226550.0,3.0,1.0,990,4440,1.0,0,0,3,990,0,1943,,"9025 15th Ave SW, Seattle, WA 98106, USA",20140709T000000,9025 15th Ave SW,Seattle,WA 98106,USA,98106
2014-07-09,692500.0,4.0,2.75,3710,7984,2.0,0,0,3,3710,0,1999,,"7313 Chanticleer Ave SE, Snoqualmie, WA 98065, USA",20140709T000000,7313 Chanticleer Ave SE,Snoqualmie,WA 98065,USA,98065
2014-07-09,250000.0,3.0,1.0,990,8062,1.0,0,0,4,990,0,1960,,"20824-20836 Occidental Ave S, Des Moines, WA 98198, USA",20140709T000000,20824-20836 Occidental Ave S,Des Moines,WA 98198,USA,98198
2014-07-09,660000.0,4.0,2.5,2510,4543,2.0,0,0,3,2510,0,2002,,"22518 SE 15th Pl, Sammamish, WA 98075, USA",20140709T000000,22518 SE 15th Pl,Sammamish,WA 98075,USA,98075
2014-07-09,295000.0,2.0,1.0,800,6500,1.0,0,0,4,800,0,1953,,"108 N 183rd St, Shoreline, WA 98133, USA",20140709T000000,108 N 183rd St,Shoreline,WA 98133,USA,98133
2014-07-09,154950.0,4.0,1.0,1600,10183,1.0,0,0,4,1600,0,1966,,"3516 O St SE, Auburn, WA 98002, USA",20140709T000000,3516 O St SE,Auburn,WA 98002,USA,98002
2014-07-09,409124.0,5.0,3.25,3320,11340,2.0,0,0,4,2480,840,1999,,"14014 SE 236th Pl, Kent, WA 98042, USA",20140709T000000,14014 SE 236th Pl,Kent,WA 98042,USA,98042
2014-07-09,287000.0,5.0,1.5,1730,9230,1.0,0,0,3,1010,720,1962,,"1724 Edmonds Way SE, Renton, WA 98058, USA",20140709T000000,1724 Edmonds Way SE,Renton,WA 98058,USA,98058
2014-07-09,810000.0,4.0,1.75,2000,3988,1.0,0,4,4,1000,1000,1958,,"1322 Alki Ave SW, Seattle, WA 98116, USA",20140709T000000,1322 Alki Ave SW,Seattle,WA 98116,USA,98116
2014-07-09,525000.0,4.0,2.75,2910,6308,1.0,0,0,3,1640,1270,1985,,"14812 104th Ave NE, Bothell, WA 98011, USA",20140709T000000,14812 104th Ave NE,Bothell,WA 98011,USA,98011
2014-07-09,525000.0,4.0,1.75,1710,10440,1.0,0,0,4,1710,0,1955,,"3834 136th Ave SE, Bellevue, WA 98006, USA",20140709T000000,3834 136th Ave SE,Bellevue,WA 98006,USA,98006
2014-07-09,275000.0,3.0,1.0,1200,7800,1.0,0,0,4,1200,0,1954,,"9246 30th Ave SW, Seattle, WA 98126, USA",20140709T000000,9246 30th Ave SW,Seattle,WA 98126,USA,98126
2014-07-09,583000.0,3.0,2.5,2600,5100,2.0,0,1,3,2600,0,1998,,"1007 N 29th St, Renton, WA 98056, USA",20140709T000000,1007 N 29th St,Renton,WA 98056,USA,98056
2014-07-09,237950.0,2.0,1.75,1460,7926,1.0,0,0,4,1460,0,1987,,"26231 187th Pl SE, Covington, WA 98042, USA",20140709T000000,26231 187th Pl SE,Covington,WA 98042,USA,98042
2014-07-09,1065000.0,4.0,3.75,4260,9800,2.0,0,0,3,4260,0,2008,,"7811 126th Ave NE, Kirkland, WA 98033, USA",20140709T000000,7811 126th Ave NE,Kirkland,WA 98033,USA,98033
2014-07-09,679000.0,4.0,2.75,2100,4480,1.5,0,0,4,1780,320,1928,,"5519 31st Ave NE, Seattle, WA 98105, USA",20140709T000000,5519 31st Ave NE,Seattle,WA 98105,USA,98105
2014-07-09,1465000.0,6.0,4.5,4230,6420,2.0,0,3,4,2360,1870,1916,,"1206 9th Ave W, Seattle, WA 98119, USA",20140709T000000,1206 9th Ave W,Seattle,WA 98119,USA,98119
2014-07-09,410000.0,3.0,1.75,1660,6250,1.0,0,0,3,830,830,1980,,"1919 42nd Ave SW, Seattle, WA 98116, USA",20140709T000000,1919 42nd Ave SW,Seattle,WA 98116,USA,98116
2014-07-09,306000.0,3.0,1.0,1450,7200,1.0,0,0,3,1010,440,1969,,"10606 NE 143rd Pl, Kirkland, WA 98034, USA",20140709T000000,10606 NE 143rd Pl,Kirkland,WA 98034,USA,98034
2014-07-09,215000.0,4.0,1.5,1860,5040,1.5,0,0,5,1860,0,1920,,"1730 Washington Ave, Enumclaw, WA 98022, USA",20140709T000000,1730 Washington Ave,Enumclaw,WA 98022,USA,98022
2014-07-09,594950.0,4.0,2.5,2720,10006,2.0,0,0,3,2720,0,1989,,"2201 223rd Pl NE, Sammamish, WA 98074, USA",20140709T000000,2201 223rd Pl NE,Sammamish,WA 98074,USA,98074
2014-07-09,1250000.0,4.0,2.5,2920,5500,1.0,0,3,3,2030,890,1957,,"2440 Magnolia Blvd W, Seattle, WA 98199, USA",20140709T000000,2440 Magnolia Blvd W,Seattle,WA 98199,USA,98199
2014-07-09,305000.0,3.0,1.5,1800,12196,1.0,0,0,4,1800,0,1966,,"30002 8th Ave SW, Federal Way, WA 98023, USA",20140709T000000,30002 8th Ave SW,Federal Way,WA 98023,USA,98023
2014-07-09,425000.0,2.0,1.0,1320,8830,1.0,0,0,3,1020,300,1939,,"2603 36th Ave W, Seattle, WA 98199, USA",20140709T000000,2603 36th Ave W,Seattle,WA 98199,USA,98199
2014-07-09,215000.0,3.0,1.75,1770,29004,1.0,0,0,3,1770,0,1959,,"2253 SW 313th St, Federal Way, WA 98023, USA",20140709T000000,2253 SW 313th St,Federal Way,WA 98023,USA,98023
2014-07-09,480000.0,5.0,2.75,2550,7725,1.0,0,0,5,1390,1160,1967,,"12570 SE 72nd St, Newcastle, WA 98056, USA",20140709T000000,12570 SE 72nd St,Newcastle,WA 98056,USA,98056
2014-07-09,550000.0,4.0,1.75,2150,9000,1.0,0,0,4,1110,1040,1966,,"17010 NE 88th St, Redmond, WA 98052, USA",20140709T000000,17010 NE 88th St,Redmond,WA 98052,USA,98052
2014-07-09,750000.0,4.0,2.5,3020,7465,2.0,0,0,3,3020,0,2004,,"1125 270th Pl SE, Sammamish, WA 98075, USA",20140709T000000,1125 270th Pl SE,Sammamish,WA 98075,USA,98075
2014-07-09,137124.0,3.0,1.0,960,27442,1.0,0,0,4,960,0,1970,,"15416 SE Jones Rd, Renton, WA 98058, USA",20140709T000000,15416 SE Jones Rd,Renton,WA 98058,USA,98058
2014-07-09,840000.0,3.0,2.0,2783,11177,2.0,0,0,3,2783,0,1910,1999.0,"3672 SW Orchard St, Seattle, WA 98126, USA",20140709T000000,3672 SW Orchard St,Seattle,WA 98126,USA,98126
2014-07-09,624800.0,3.0,2.0,2250,14274,1.0,0,0,4,1500,750,1964,,"3726 Gallagher Hill Rd, Mercer Island, WA 98040, USA",20140709T000000,3726 Gallagher Hill Rd,Mercer Island,WA 98040,USA,98040
2014-07-09,630000.0,3.0,1.75,1710,8767,1.0,0,0,4,1710,0,1986,,"10515 115th Pl NE, Kirkland, WA 98033, USA",20140709T000000,10515 115th Pl NE,Kirkland,WA 98033,USA,98033
2014-07-09,590000.0,3.0,2.5,2650,9380,1.0,0,0,5,1680,970,1975,,"4765 NE 203rd St, Lake Forest Park, WA 98155, USA",20140709T000000,4765 NE 203rd St,Lake Forest Park,WA 98155,USA,98155
2014-07-09,599950.0,3.0,3.25,1830,1804,3.0,0,0,3,1830,0,2014,,"1501 NW 90th St, Seattle, WA 98117, USA",20140709T000000,1501 NW 90th St,Seattle,WA 98117,USA,98117
2014-07-09,299880.0,3.0,2.5,1460,3044,2.0,0,0,3,1460,0,2000,,"6511 29th Ave S, Seattle, WA 98108, USA",20140709T000000,6511 29th Ave S,Seattle,WA 98108,USA,98108
2014-07-09,400000.0,3.0,2.0,1760,6875,1.0,0,0,4,1760,0,1967,,"Brooktrails Trail 14, Woodinville, WA 98072, USA",20140709T000000,Brooktrails Trail 14,Woodinville,WA 98072,USA,98072
2014-07-09,560000.0,3.0,2.5,1960,6058,2.0,0,0,3,1960,0,2002,,"2501-2507 248th Terrace NE, Sammamish, WA 98074, USA",20140709T000000,2501-2507 248th Terrace NE,Sammamish,WA 98074,USA,98074
2014-07-09,229000.0,4.0,2.25,2010,7688,1.0,0,0,3,1170,840,1979,,"32701-32911 49th Pl SW, Federal Way, WA 98023, USA",20140709T000000,32701-32911 49th Pl SW,Federal Way,WA 98023,USA,98023
2014-07-09,525000.0,4.0,2.5,3670,9958,2.0,0,0,3,3670,0,2005,,"13559 SE 159th Pl, Renton, WA 98058, USA",20140709T000000,13559 SE 159th Pl,Renton,WA 98058,USA,98058
2014-07-09,737000.0,2.0,2.25,2290,9772,1.0,0,0,3,2290,0,2007,,"13555 Adair Creek Way NE, Redmond, WA 98053, USA",20140709T000000,13555 Adair Creek Way NE,Redmond,WA 98053,USA,98053
2014-07-09,680000.0,3.0,2.0,1780,5720,1.0,0,0,5,980,800,1925,,"537 N 70th St, Seattle, WA 98103, USA",20140709T000000,537 N 70th St,Seattle,WA 98103,USA,98103
2014-07-09,635000.0,4.0,2.5,3080,35430,2.0,0,0,3,3080,0,1997,,"9788-16090 NE Quail Creek Dr, Redmond, WA 98053, USA",20140709T000000,9788-16090 NE Quail Creek Dr,Redmond,WA 98053,USA,98053
2014-07-09,740000.0,4.0,2.5,3360,15091,2.0,0,0,3,3360,0,1997,,"6520 154th Ave NE, Redmond, WA 98052, USA",20140709T000000,6520 154th Ave NE,Redmond,WA 98052,USA,98052
2014-07-09,335500.0,3.0,1.0,1370,6780,2.0,0,0,3,1370,0,1930,,"12008 35th Ave NE, Seattle, WA 98125, USA",20140709T000000,12008 35th Ave NE,Seattle,WA 98125,USA,98125
2014-07-09,270000.0,4.0,2.5,1660,8063,1.0,0,0,4,1660,0,1978,,"25139 11th Ave S, Des Moines, WA 98198, USA",20140709T000000,25139 11th Ave S,Des Moines,WA 98198,USA,98198
2014-07-09,1037000.0,4.0,3.5,4440,10660,2.0,0,0,3,4440,0,2003,,"15124 SE 82nd Ct, Newcastle, WA 98059, USA",20140709T000000,15124 SE 82nd Ct,Newcastle,WA 98059,USA,98059
2014-07-09,450000.0,5.0,2.5,2850,209523,1.0,0,0,4,1930,920,1925,1968.0,"23211 190th Ave SE, Renton, WA 98058, USA",20140709T000000,23211 190th Ave SE,Renton,WA 98058,USA,98058
2014-07-09,379000.0,3.0,2.5,1530,2913,2.0,0,0,4,1530,0,1986,,"11807 NE 105th Ct, Kirkland, WA 98033, USA",20140709T000000,11807 NE 105th Ct,Kirkland,WA 98033,USA,98033
2014-07-09,468000.0,4.0,2.5,2100,8400,1.0,0,0,4,1240,860,1976,,"14634 128th Ave NE, Woodinville, WA 98072, USA",20140709T000000,14634 128th Ave NE,Woodinville,WA 98072,USA,98072
2014-07-09,321500.0,1.0,1.0,730,1942,1.0,0,0,3,730,0,2008,,"924 26th Ave S, Seattle, WA 98144, USA",20140709T000000,924 26th Ave S,Seattle,WA 98144,USA,98144
2014-07-09,443000.0,3.0,2.25,1920,8223,2.0,0,0,4,1920,0,1989,,"14808 104th Ave NE, Bothell, WA 98011, USA",20140709T000000,14808 104th Ave NE,Bothell,WA 98011,USA,98011
2014-07-09,340000.0,3.0,1.0,1600,7324,1.0,0,0,4,1600,0,1958,,"1496 Aberdeen Ave NE, Renton, WA 98056, USA",20140709T000000,1496 Aberdeen Ave NE,Renton,WA 98056,USA,98056
2014-07-09,470000.0,4.0,2.25,2380,17199,2.0,0,0,3,1530,850,1979,,"5504 NE 190th St, Kenmore, WA 98028, USA",20140709T000000,5504 NE 190th St,Kenmore,WA 98028,USA,98028
2014-07-09,545000.0,3.0,2.5,2760,17377,2.0,0,0,3,2760,0,2002,,"615 Bronson Pl NE, Renton, WA 98056, USA",20140709T000000,615 Bronson Pl NE,Renton,WA 98056,USA,98056
2014-07-09,415000.0,4.0,1.5,1840,11367,1.5,0,0,4,1840,0,1950,,"18820 1st Ave NW, Shoreline, WA 98177, USA",20140709T000000,18820 1st Ave NW,Shoreline,WA 98177,USA,98177
2014-07-09,599000.0,7.0,2.5,2580,5750,1.0,0,0,4,1880,700,1901,,"125 30th Ave, Seattle, WA 98122, USA",20140709T000000,125 30th Ave,Seattle,WA 98122,USA,98122
2014-07-09,759000.0,4.0,1.75,2100,4750,1.0,0,0,3,1340,760,1975,,"5626 Keystone Pl N, Seattle, WA 98103, USA",20140709T000000,5626 Keystone Pl N,Seattle,WA 98103,USA,98103
2014-07-09,300000.0,4.0,1.75,1820,5015,1.0,0,0,4,1190,630,1926,,"1714 S Pearl St, Seattle, WA 98108, USA",20140709T000000,1714 S Pearl St,Seattle,WA 98108,USA,98108
2014-07-09,1681000.0,5.0,5.25,4830,18707,2.0,0,1,5,3930,900,1952,1998.0,"6702 SE 28th St, Mercer Island, WA 98040, USA",20140709T000000,6702 SE 28th St,Mercer Island,WA 98040,USA,98040
2014-07-09,359000.0,3.0,1.5,1550,4980,1.0,0,0,3,1080,470,1978,,"10304 Interlake Ave N, Seattle, WA 98133, USA",20140709T000000,10304 Interlake Ave N,Seattle,WA 98133,USA,98133
2014-07-09,550000.0,4.0,1.0,1440,3600,1.5,0,0,4,1440,0,1924,,"3822 42nd Ave SW, Seattle, WA 98116, USA",20140709T000000,3822 42nd Ave SW,Seattle,WA 98116,USA,98116
2014-07-09,395000.0,2.0,1.0,930,6380,1.0,0,0,4,930,0,1940,,"548 NE 86th St, Seattle, WA 98115, USA",20140709T000000,548 NE 86th St,Seattle,WA 98115,USA,98115
2014-07-09,486000.0,4.0,2.5,3560,12047,2.0,0,0,3,3560,0,1988,,"509 SW 335th St, Federal Way, WA 98023, USA",20140709T000000,509 SW 335th St,Federal Way,WA 98023,USA,98023
2014-07-09,187000.0,2.0,1.0,840,11600,1.0,0,0,3,840,0,1952,,"12314-12426 24th Ave S, Burien, WA 98168, USA",20140709T000000,12314-12426 24th Ave S,Burien,WA 98168,USA,98168
2014-07-09,734950.0,4.0,3.25,4280,47179,2.0,0,0,3,3050,1230,2002,,"33518 161st Ln SE, Auburn, WA 98092, USA",20140709T000000,33518 161st Ln SE,Auburn,WA 98092,USA,98092
2014-07-09,284000.0,3.0,1.5,1500,10018,1.0,0,0,4,1500,0,1957,,"15012 133rd Ave SE, Renton, WA 98058, USA",20140709T000000,15012 133rd Ave SE,Renton,WA 98058,USA,98058
2014-07-09,696000.0,4.0,3.5,3650,38546,2.0,0,0,3,2550,1100,1996,,"45804 SE 137th St, North Bend, WA 98045, USA",20140709T000000,45804 SE 137th St,North Bend,WA 98045,USA,98045
2014-07-09,380000.0,2.0,1.0,780,3910,1.0,0,0,3,780,0,1918,,"4112 38th Ave SW, Seattle, WA 98126, USA",20140709T000000,4112 38th Ave SW,Seattle,WA 98126,USA,98126
2014-07-09,625000.0,4.0,1.0,1600,5500,1.5,0,0,4,1600,0,1946,,"9510 28th Ave NW, Seattle, WA 98117, USA",20140709T000000,9510 28th Ave NW,Seattle,WA 98117,USA,98117
2014-07-09,252000.0,4.0,1.75,1120,8250,1.0,0,0,4,1120,0,1966,,"12224 SE 165th St, Renton, WA 98058, USA",20140709T000000,12224 SE 165th St,Renton,WA 98058,USA,98058
2014-07-09,560000.0,2.0,1.0,1010,9219,1.0,0,0,4,1010,0,1960,,"1641-1699 4th St, Kirkland, WA 98033, USA",20140709T000000,1641-1699 4th St,Kirkland,WA 98033,USA,98033
2014-07-09,395000.0,4.0,2.75,1970,37026,1.0,0,0,4,1970,0,1961,,"18625 Ridge Rd SW, Vashon, WA 98070, USA",20140709T000000,18625 Ridge Rd SW,Vashon,WA 98070,USA,98070
2014-07-09,900000.0,4.0,2.5,2230,4372,2.0,0,0,5,1540,690,1935,,"5641 Keystone Pl N, Seattle, WA 98103, USA",20140709T000000,5641 Keystone Pl N,Seattle,WA 98103,USA,98103
2014-07-09,2680000.0,5.0,3.0,4290,20445,2.0,0,0,4,4290,0,1985,,"1209 Evergreen Point Rd, Medina, WA 98039, USA",20140709T000000,1209 Evergreen Point Rd,Medina,WA 98039,USA,98039
2014-07-09,625000.0,3.0,1.75,3160,76230,1.0,0,0,4,2160,1000,1978,,"3297 S 366th St, Auburn, WA 98001, USA",20140709T000000,3297 S 366th St,Auburn,WA 98001,USA,98001
2014-07-09,580000.0,3.0,1.75,1850,5100,1.0,0,0,3,1020,830,1909,,"4408 Thackeray Pl NE, Seattle, WA 98105, USA",20140709T000000,4408 Thackeray Pl NE,Seattle,WA 98105,USA,98105
2014-07-09,309000.0,3.0,2.25,1980,8755,1.0,0,0,4,1300,680,1963,,"23300-23306 10th Ave S, Des Moines, WA 98198, USA",20140709T000000,23300-23306 10th Ave S,Des Moines,WA 98198,USA,98198
2014-07-09,412000.0,4.0,3.5,3360,9767,2.0,0,0,3,2450,910,1990,,"32648-33020 10th Ave SW, Federal Way, WA 98023, USA",20140709T000000,32648-33020 10th Ave SW,Federal Way,WA 98023,USA,98023
2014-07-09,495000.0,3.0,2.0,2660,192099,1.0,0,0,4,2660,0,1964,,"43600-43610 244th Ave SE, Enumclaw, WA 98022, USA",20140709T000000,43600-43610 244th Ave SE,Enumclaw,WA 98022,USA,98022
2014-07-09,215000.0,3.0,1.0,1200,7280,1.0,0,0,4,1200,0,1967,,"4503 S 256th St, Kent, WA 98032, USA",20140709T000000,4503 S 256th St,Kent,WA 98032,USA,98032
2014-07-09,741500.0,2.0,2.5,2150,5760,1.0,0,0,3,2150,0,2010,,"12468 240th Pl NE, Redmond, WA 98053, USA",20140709T000000,12468 240th Pl NE,Redmond,WA 98053,USA,98053
2014-07-09,749000.0,3.0,2.75,2820,5348,2.0,0,0,3,2820,0,2008,,"12070 166th Pl NE, Redmond, WA 98052, USA",20140709T000000,12070 166th Pl NE,Redmond,WA 98052,USA,98052
2014-07-09,659950.0,4.0,2.75,3510,9400,2.0,0,0,3,3510,0,2014,,"6504-6618 NE 1st St, Renton, WA 98059, USA",20140709T000000,6504-6618 NE 1st St,Renton,WA 98059,USA,98059
2014-07-09,530000.0,3.0,2.5,1790,3078,2.0,0,0,3,1790,0,2010,,"4528 W Lake Sammamish Pkwy SE, Issaquah, WA 98027, USA",20140709T000000,4528 W Lake Sammamish Pkwy SE,Issaquah,WA 98027,USA,98027
2014-07-09,749000.0,4.0,2.75,2700,6000,2.0,0,0,4,2100,600,1910,,"1925 Walnut Ave SW, Seattle, WA 98116, USA",20140709T000000,1925 Walnut Ave SW,Seattle,WA 98116,USA,98116
2014-07-09,2321000.0,5.0,4.75,5780,17004,2.0,0,0,3,4260,1520,2006,,"9403 SE 33rd St, Mercer Island, WA 98040, USA",20140709T000000,9403 SE 33rd St,Mercer Island,WA 98040,USA,98040
2014-07-09,595000.0,4.0,3.25,3730,4560,2.0,0,0,3,2760,970,2013,,"2318 N 60th St, Seattle, WA 98103, USA",20140709T000000,2318 N 60th St,Seattle,WA 98103,USA,98103
2014-07-09,487000.0,4.0,2.5,2540,5001,2.0,0,0,3,2540,0,2005,,"6732 Mars Ave S, Seattle, WA 98108, USA",20140709T000000,6732 Mars Ave S,Seattle,WA 98108,USA,98108
2014-07-09,760000.0,4.0,2.25,3300,8365,3.0,0,0,3,3300,0,2014,,"7335 35th Ave SW, Seattle, WA 98126, USA",20140709T000000,7335 35th Ave SW,Seattle,WA 98126,USA,98126
2014-07-09,1240000.0,5.0,3.5,5430,10327,2.0,0,2,3,4010,1420,2007,,"6151 168th Pl SE, Bellevue, WA 98006, USA",20140709T000000,6151 168th Pl SE,Bellevue,WA 98006,USA,98006
2014-07-09,435000.0,4.0,2.5,2550,5200,2.0,0,0,3,2550,0,2009,,"576 Field Pl NE, Renton, WA 98059, USA",20140709T000000,576 Field Pl NE,Renton,WA 98059,USA,98059
2014-07-09,374950.0,3.0,2.25,1390,1484,3.0,0,0,3,1390,0,2007,,"8548 Nesbit Ave N, Seattle, WA 98103, USA",20140709T000000,8548 Nesbit Ave N,Seattle,WA 98103,USA,98103
2014-07-09,440000.0,3.0,1.5,1270,1413,3.0,0,0,3,1270,0,2007,,"1018 NE 96th St, Seattle, WA 98115, USA",20140709T000000,1018 NE 96th St,Seattle,WA 98115,USA,98115
2014-07-10,360000.0,4.0,2.5,2380,5000,2.0,0,0,3,2380,0,2005,,"22840 SE 269th St, Maple Valley, WA 98038, USA",20140710T000000,22840 SE 269th St,Maple Valley,WA 98038,USA,98038
2014-07-10,879000.0,4.0,2.5,3360,22111,2.0,0,0,3,3360,0,1994,,"24142 SE 18th Pl, Sammamish, WA 98075, USA",20140710T000000,24142 SE 18th Pl,Sammamish,WA 98075,USA,98075
2014-07-10,1550000.0,5.0,4.25,6070,171626,2.0,0,0,3,6070,0,1999,,"29433 SE 15th Pl, Fall City, WA 98024, USA",20140710T000000,29433 SE 15th Pl,Fall City,WA 98024,USA,98024
2014-07-10,505000.0,2.0,1.0,1240,57000,1.0,0,0,3,1240,0,1962,,"21014 SE 14th Pl, Sammamish, WA 98075, USA",20140710T000000,21014 SE 14th Pl,Sammamish,WA 98075,USA,98075
2014-07-10,545000.0,2.0,2.0,2930,14057,1.0,0,2,4,1680,1250,1980,,"22514 101st Ln SW, Vashon, WA 98070, USA",20140710T000000,22514 101st Ln SW,Vashon,WA 98070,USA,98070
2014-07-10,600000.0,2.0,2.5,2410,102366,1.0,0,0,4,1940,470,1912,1989.0,"31600-31726 SE Issaquah-Fall City Rd, Fall City, WA 98024, USA",20140710T000000,31600-31726 SE Issaquah-Fall City Rd,Fall City,WA 98024,USA,98024
2014-07-10,775000.0,6.0,2.75,2980,5000,1.5,0,0,3,2480,500,1916,,"5428 Kirkwood Pl N, Seattle, WA 98103, USA",20140710T000000,5428 Kirkwood Pl N,Seattle,WA 98103,USA,98103
2014-07-10,725000.0,2.0,1.75,1950,2719,1.0,0,0,5,1010,940,1919,,"3609-3615 Whitman Ave N, Seattle, WA 98103, USA",20140710T000000,3609-3615 Whitman Ave N,Seattle,WA 98103,USA,98103
2014-07-10,610000.0,4.0,2.75,2600,36583,1.0,0,0,5,1580,1020,1976,,"21301-21399 SE 19th St, Sammamish, WA 98075, USA",20140710T000000,21301-21399 SE 19th St,Sammamish,WA 98075,USA,98075
2014-07-10,350000.0,4.0,1.0,1170,8147,1.5,0,0,3,1170,0,1959,,"3611 NE 137th St, Seattle, WA 98125, USA",20140710T000000,3611 NE 137th St,Seattle,WA 98125,USA,98125
2014-07-10,410000.0,3.0,1.0,1470,6500,1.0,0,0,4,1470,0,1953,,"14429 22nd Ave SW, Burien, WA 98166, USA",20140710T000000,14429 22nd Ave SW,Burien,WA 98166,USA,98166
2014-07-10,639000.0,4.0,2.0,1840,5419,1.0,0,0,4,920,920,1942,,"3051 36th Ave W, Seattle, WA 98199, USA",20140710T000000,3051 36th Ave W,Seattle,WA 98199,USA,98199
2014-07-10,439000.0,4.0,2.0,1560,7500,1.0,0,0,4,1560,0,1968,,"14206 119th Ave NE, Kirkland, WA 98034, USA",20140710T000000,14206 119th Ave NE,Kirkland,WA 98034,USA,98034
2014-07-10,499950.0,4.0,1.75,1520,7700,1.0,0,0,4,1520,0,1967,,"14812 113th Ave NE, Kirkland, WA 98034, USA",20140710T000000,14812 113th Ave NE,Kirkland,WA 98034,USA,98034
2014-07-10,800000.0,3.0,2.75,2220,4000,2.0,0,0,3,1700,520,1914,2000.0,"1718 32nd Ave, Seattle, WA 98122, USA",20140710T000000,1718 32nd Ave,Seattle,WA 98122,USA,98122
2014-07-10,350000.0,4.0,2.5,2800,9538,2.0,0,0,3,2800,0,1993,,"2110 S 373rd Ct, Federal Way, WA 98003, USA",20140710T000000,2110 S 373rd Ct,Federal Way,WA 98003,USA,98003
2014-07-10,279000.0,2.0,1.0,670,6300,1.0,0,0,5,670,0,1942,,"9716 33rd Ave SW, Seattle, WA 98126, USA",20140710T000000,9716 33rd Ave SW,Seattle,WA 98126,USA,98126
2014-07-10,290256.0,3.0,2.25,1720,7885,2.0,0,0,3,1720,0,1983,,"32237 7th Ave SW, Federal Way, WA 98023, USA",20140710T000000,32237 7th Ave SW,Federal Way,WA 98023,USA,98023
2014-07-10,355000.0,3.0,2.5,2110,4038,2.0,0,0,4,2110,0,1989,,"23884 140th Ln SE, Kent, WA 98042, USA",20140710T000000,23884 140th Ln SE,Kent,WA 98042,USA,98042
2014-07-10,263000.0,3.0,1.75,1580,9187,1.0,0,0,3,1180,400,1993,,"27621 221st Ave SE, Maple Valley, WA 98038, USA",20140710T000000,27621 221st Ave SE,Maple Valley,WA 98038,USA,98038
2014-07-10,880000.0,6.0,2.5,2640,3680,2.0,0,0,5,1760,880,1922,,"3008 38th Ave SW, Seattle, WA 98126, USA",20140710T000000,3008 38th Ave SW,Seattle,WA 98126,USA,98126
2014-07-10,426500.0,4.0,2.5,2700,6515,2.0,0,0,3,2700,0,1998,,"18563 173rd Way SE, Renton, WA 98058, USA",20140710T000000,18563 173rd Way SE,Renton,WA 98058,USA,98058
2014-07-10,735000.0,3.0,2.5,2820,8159,2.0,0,0,3,2820,0,2004,,"3243 NE Mulberry St, Issaquah, WA 98029, USA",20140710T000000,3243 NE Mulberry St,Issaquah,WA 98029,USA,98029
2014-07-10,720000.0,4.0,2.5,3340,8930,2.0,0,2,3,3340,0,1999,,"35505 SE English St, Snoqualmie, WA 98065, USA",20140710T000000,35505 SE English St,Snoqualmie,WA 98065,USA,98065
2014-07-10,265000.0,3.0,2.5,1530,6000,2.0,0,0,4,1530,0,1991,,"22923 SE 282nd St, Maple Valley, WA 98038, USA",20140710T000000,22923 SE 282nd St,Maple Valley,WA 98038,USA,98038
2014-07-10,840000.0,4.0,3.5,3840,85728,2.0,0,0,3,3840,0,1998,,"615 289th Ave NE, Carnation, WA 98014, USA",20140710T000000,615 289th Ave NE,Carnation,WA 98014,USA,98014
2014-07-10,657500.0,3.0,2.0,2320,10960,1.0,0,0,3,1510,810,1956,,"12423 NE 6th Pl, Bellevue, WA 98005, USA",20140710T000000,12423 NE 6th Pl,Bellevue,WA 98005,USA,98005
2014-07-10,850000.0,5.0,2.0,2310,13430,1.5,0,0,4,2310,0,1966,,"3200 102nd Ave NE, Bellevue, WA 98004, USA",20140710T000000,3200 102nd Ave NE,Bellevue,WA 98004,USA,98004
2014-05-02,436110.0,3.0,2.5,1770,1235,3.0,0,0,3,1600,170,2007,,"1156 N 93rd St, seattle, WA 98103, USA",20140502T000000,1156 N 93rd St,seattle,WA 98103,USA,98103
2014-05-08,589900.0,2.0,3.0,3160,66646,2.0,0,0,3,3160,0,1993,,"22819 NE 166th St, Woodenville, WA 98077, USA",20140508T000000,22819 NE 166th St,Woodenville,WA 98077,USA,98077
2014-05-12,620000.0,3.0,1.5,1620,6630,1.0,0,0,3,1280,340,1954,,"2822 NW 90th Pl, Seatle, WA 98117, USA",20140512T000000,2822 NW 90th Pl,Seatle,WA 98117,USA,98117
2014-05-16,254000.0,4.0,2.0,1510,4235,1.0,0,0,3,1510,0,1955,,"3015 S Graham St, Seaattle, WA 98108, USA",20140516T000000,3015 S Graham St,Seaattle,WA 98108,USA,98108
2014-06-05,375000.0,3.0,1.75,960,8106,1.0,0,0,3,960,0,1962,,"13780 NE 77th Pl, Redmund, WA 98052, USA",20140605T000000,13780 NE 77th Pl,Redmund,WA 98052,USA,98052
2014-06-06,455000.0,4.0,2.25,1740,8449,1.0,0,0,4,1170,570,1958,,"16204 SE 2nd St, Belleview, WA 98008, USA",20140606T000000,16204 SE 2nd St,Belleview,WA 98008,USA,98008
2014-06-06,445000.0,4.0,2.0,1470,8395,1.0,0,0,4,1470,0,1965,,"16720 NE 23rd Pl, Bellvue, WA 98008, USA",20140606T000000,16720 NE 23rd Pl,Bellvue,WA 98008,USA,98008
2014-06-07,568500.0,4.0,2.5,2460,4200,2.0,0,0,3,2460,0,1998,,"547 240th Ave SE, Samamish, WA 98074, USA",20140607T000000,547 240th Ave SE,Samamish,WA 98074,USA,98074
2014-06-11,352500.0,3.0,1.75,1170,8182,1.0,0,0,3,1170,0,1962,,"14737 28th Ave NE, Sureline, WA 98155, USA",20140611T000000,14737 28th Ave NE,Sureline,WA 98155,USA,98155
2014-06-24,342500.0,2.0,1.75,1210,7507,1.0,0,0,3,1210,0,1982,,"8101 NE 120th St, Kirklund, WA 98034, USA",20140624T000000,8101 NE 120th St,Kirklund,WA 98034,USA,98034
2014-06-25,299950.0,3.0,2.5,1870,7942,2.0,0,0,3,1870,0,1990,,"4313 S 289th Pl, Auburnt, WA 98001, USA",20140625T000000,4313 S 289th Pl,Auburnt,WA 98001,USA,98001
2014-07-01,425000.0,3.0,2.5,1950,5689,2.0,0,0,3,1950,0,2009,,"9416 Templeton Ave SE, Snogualmie, WA 98065, USA",20140701T000000,9416 Templeton Ave SE,Snogualmie,WA 98065,USA,98065
2014-07-09,561000.0,4.0,2.5,2570,5250,2.0,0,0,3,2570,0,1990,,"3654 254th Ave SE, Issaguah, WA 98029, USA",20140709T000000,3654 254th Ave SE,Issaguah,WA 98029,USA,98029
2014-05-27,455500.0,3.0,2.0,1460,10311,1.0,0,0,4,1460,0,1975,,"8208 138th Ave NE, Redmonde, WA 98052, USA",20140527T000000,8208 138th Ave NE,Redmonde,WA 98052,USA,98052
2014-06-24,400000.0,3.0,2.5,2970,23100,1.0,0,0,3,1510,1460,1967,,"15351 NE 202nd St, Woodenville, WA 98072, USA",20140624T000000,15351 NE 202nd St,Woodenville,WA 98072,USA,98072
2014-06-20,443500.0,4.0,2.5,2040,21781,2.0,0,0,3,2040,0,1994,,"4290 326th Ave NE, Coronation, WA 98014, USA",20140620T000000,4290 326th Ave NE,Coronation,WA 98014,USA,98014
2014-06-20,1234582.0,5.0,3.25,3240,6551,1.5,0,4,4,2500,740,1939,,"6851 51st Ave NE, seattle, WA 98115, USA",20140620T000000,6851 51st Ave NE,seattle,WA 98115,USA,98115
2014-05-22,370000.0,4.0,2.75,3150,67518,1.0,0,0,4,2250,900,1965,,"10867-11003 SE 295th St, auburn, WA 98092, USA",20140522T000000,10867-11003 SE 295th St,auburn,WA 98092,USA,98092
2014-05-22,475000.0,3.0,2.25,1820,8008,1.0,0,0,3,1240,580,1981,,"17202 NE 134th Pl, redmond, WA 98052, USA",20140522T000000,17202 NE 134th Pl,redmond,WA 98052,USA,98052
2014-07-08,580000.0,4.0,2.5,2130,35752,1.0,0,0,3,1490,640,1980,,"3814 231st Ave SE, sammamish, WA 98075, USA",20140708T000000,3814 231st Ave SE,sammamish,WA 98075,USA,98075
2014-05-06,518000.0,3.0,1.05,1430,8000,1.0,0,0,4,1430,0,1956,,"2527 154th Ave SE, Bellevue, WA 98007, USA",20140506T000000,2527 154th Ave SE,Bellevue,WA 98007,USA,98007
2014-05-09,525000.0,3.0,2.55,2030,6970,2.0,0,0,4,2030,0,1991,,"3913 255th Pl SE, Issaquah, WA 98029, USA",20140509T000000,3913 255th Pl SE,Issaquah,WA 98029,USA,98029
2014-06-24,236000.0,4.0,2.57,2000,5827,2.0,0,0,3,2000,0,1997,,"26546 236th Pl SE, Maple Valley, WA 98038, USA",20140624T000000,26546 236th Pl SE,Maple Valley,WA 98038,USA,98038
2014-06-10,278500.0,4.0,2.3,1940,6206,2.0,0,0,3,1940,0,1990,,"32900 19th Ave SW, Federal Way, WA 98023, USA",20140610T000000,32900 19th Ave SW,Federal Way,WA 98023,USA,98023
2014-06-23,205425.0,2.0,1.7,880,6780,1.0,0,0,4,880,0,1945,,"11440 69th Pl S, Seattle, WA 98178, USA",20140623T000000,11440 69th Pl S,Seattle,WA 98178,USA,98178
,248000.0,3.0,1.0,950,9400,1.0,0,0,4,950,0,1954,,"3920 153rd Ave SE, Bellevue, WA 98006, USA",20140631T000000,3920 153rd Ave SE,Bellevue,WA 98006,USA,98006
,505000.0,3.0,2.25,1670,1596,2.0,0,0,3,1220,450,2002,,"3019 30th Ave W, Seattle, WA 98199, USA",23052014T000000,3019 30th Ave W,Seattle,WA 98199,USA,98199
2014-05-22,657500.0,3.0,2.5,2670,10496,2.0,0,0,3,2670,0,1989,,"1917 235th Ct NE, Sammamish, WA 98074, USA",20140522T000000,1917 235th Ct NE,Sammamish,WA 98074,USA,98074
2014-05-22,657500.0,3.0,2.5,2670,10496,2.0,0,0,3,2670,0,1989,,"1917 235th Ct NE, Sammamish, WA 98074, USA",20140522T000000,1917 235th Ct NE,Sammamish,WA 98074,USA,98074
2014-07-10,670000.0,3.0,2.5,1280,1438,2.0,0,0,3,1280,1420,2003,,"746 Boylston Ave E, Seattle, WA 98102, USA",20140710T000000,746 Boylston Ave E,Seattle,WA 98102,USA,98102
2014-07-01,202000.0,1.0,1.0,890,833,1.0,0,0,4,590,0,1926,,"701-711 26th Ave, Seattle, WA 98122, USA",20140701T000000,701-711 26th Ave,Seattle,WA 98122,USA,98122
2014-05-02,440000.0,4.0,2.25,2160,8119,1.0,0,0,3,1080,1080,1966,1913.0,"12211 SE 65th St, Bellevue, WA 98006, USA",20140502T000000,12211 SE 65th St,Bellevue,WA 98006,USA,98006
2014-05-26,690000.0,4.0,2.5,2700,8810,2.0,0,0,3,2700,0,2004,2003.0,"11659 168th Ct NE, Redmond, WA 98052, USA",20140526T000000,11659 168th Ct NE,Redmond,WA 98052,USA,98052
2014-05-08,375000.0,6.0,2.25,3206,5793,2.0,0,0,3,3206,0,2012,1912.0,"25921-25929 35th Pl S, Kent, WA 98032, USA",20140508T000000,25921-25929 35th Pl S,Kent,WA 98032,USA,98032
2014-05-20,291000.0,3.0,1.75,1560,9788,1.0,0,0,3,1560,0,1964,2000.0,"12816 84th Ave S, Seattle, WA 98178, USA",20140520T000000,12816 84th Ave S,Seattle,WA 98178,USA,98178
2014-06-16,230000.0,3.0,1.75,1400,6956,1.0,0,0,4,1400,0,1957,2001.0,"10642 SE 200th St, Kent, WA 98031, USA",20140616T000000,10642 SE 200th St,Kent,WA 98031,USA,98031
2014-05-22,850000.0,4.0,3.25,3090,6744,2.0,0,4,3,3090,0,2013,1923.0,"19117-19123 Richmond Beach Dr NW, Shoreline, WA 98177, USA",20140522T000000,19117-19123 Richmond Beach Dr NW,Shoreline,WA 98177,USA,98177
2014-06-01,84350.0,4.0,2.0,2630,16475,2.0,0,0,4,2630,0,1953,,"9033 NE 32nd St, Yarrow Point, WA 98004, USA",20140601T000000,9033 NE 32nd St,Yarrow Point,WA 98004,USA,98004
2014-06-23,12899000.0,3.0,2.5,2190,11394,1.0,0,0,3,1550,640,1956,,"5426 40th Ave W, Seattle, WA 98199, USA",20140623T000000,5426 40th Ave W,Seattle,WA 98199,USA,98199
2014-05-08,2110000.0,4.0,1.0,2100,9200,1.0,0,0,3,1050,1050,1959,,"14070 Military Rd S, Tukwila, WA 98168, USA",20140508T000000,14070 Military Rd S,Tukwila,WA 98168,USA,98168
2014-05-05,2199900.0,4.0,1.5,1120,5427,1.0,0,0,3,1120,0,1969,2014.0,"19009-19021 SE 266th St, Covington, WA 98042, USA",20140505T000000,19009-19021 SE 266th St,Covington,WA 98042,USA,98042
2014-05-14,188000.0,4.0,2.75,3260,19542,1.0,0,0,4,2170,1090,1968,,"1525 79th Pl NE, Medina, WA 98039, USA",20140514T000000,1525 79th Pl NE,Medina,WA 98039,USA,98039
2014-07-03,26590000.0,3.0,2.0,1180,7793,1.0,0,0,4,1180,0,1992,,"12005 SE 219th Ct, Kent, WA 98031, USA",20140703T000000,12005 SE 219th Ct,Kent,WA 98031,USA,98031
2014-05-06,7800.0,2.0,1.0,780,16344,1.0,0,0,1,780,0,1942,,"4229 S 144th St, Tukwila, WA 98168, USA",20140506T000000,4229 S 144th St,Tukwila,WA 98168,USA,98168
2014-05-02,0.0,4.0,2.5,2200,9397,2.0,0,0,3,2200,0,1987,,"5214 S 292nd St, Auburn, WA 98001, USA",20140502T000000,5214 S 292nd St,Auburn,WA 98001,USA,98001
2014-05-05,0.0,3.0,1.0,1340,306848,1.0,0,0,3,1340,0,1953,,"17827 Mountain View Rd NE, Duvall, WA 98019, USA",20140505T000000,17827 Mountain View Rd NE,Duvall,WA 98019,USA,98019
2014-05-05,0.0,3.0,1.75,1490,10125,1.0,0,0,4,1490,0,1962,,"3911 S 328th St, Federal Way, WA 98001, USA",20140505T000000,3911 S 328th St,Federal Way,WA 98001,USA,98001
2014-05-05,0.0,4.0,2.5,2800,5900,1.0,0,0,3,1660,1140,1963,,"7052 39th Ave NE, Seattle, WA 98115, USA",20140505T000000,7052 39th Ave NE,Seattle,WA 98115,USA,98115
2014-05-05,0.0,4.0,2.75,2600,5390,1.0,0,0,4,1300,1300,1960,,"2120 31st Ave W, Seattle, WA 98199, USA",20140505T000000,2120 31st Ave W,Seattle,WA 98199,USA,98199
2014-05-05,0.0,6.0,2.75,3200,9200,1.0,0,2,4,1600,1600,1953,,"12271 Marine View Dr SW, Burien, WA 98146, USA",20140505T000000,12271 Marine View Dr SW,Burien,WA 98146,USA,98146
2014-05-06,0.0,5.0,3.5,3480,36615,2.0,0,0,4,2490,990,1983,,"21809 SE 38th Pl, Issaquah, WA 98075, USA",20140506T000000,21809 SE 38th Pl,Issaquah,WA 98075,USA,98075
2014-05-06,0.0,3.0,3.5,3020,4082,2.0,0,0,3,2080,940,1954,2004.0,"3401-3599 Arapahoe Pl W, Seattle, WA 98199, USA",20140506T000000,3401-3599 Arapahoe Pl W,Seattle,WA 98199,USA,98199
2014-05-06,0.0,3.0,2.25,1970,11088,1.0,0,0,4,1180,790,1967,,"18738-18798 49th Pl NE, Lake Forest Park, WA 98155, USA",20140506T000000,18738-18798 49th Pl NE,Lake Forest Park,WA 98155,USA,98155
2014-05-07,0.0,5.0,1.5,1500,7112,1.0,0,0,5,760,740,1920,,"14901-14999 12th Ave SW, Burien, WA 98166, USA",20140507T000000,14901-14999 12th Ave SW,Burien,WA 98166,USA,98166
2014-05-07,0.0,4.0,4.0,3680,18804,2.0,0,0,3,3680,0,1990,,"1223-1237 244th Ave NE, Sammamish, WA 98074, USA",20140507T000000,1223-1237 244th Ave NE,Sammamish,WA 98074,USA,98074
2014-05-07,0.0,3.0,2.0,1570,7200,1.0,0,0,4,1570,0,1952,,"1249 NE 168th St, Shoreline, WA 98155, USA",20140507T000000,1249 NE 168th St,Shoreline,WA 98155,USA,98155
2014-05-07,0.0,3.0,2.5,2280,2289,2.0,0,0,3,1880,400,2006,,"579 Alpine Ridge Pl NW, Issaquah, WA 98027, USA",20140507T000000,579 Alpine Ridge Pl NW,Issaquah,WA 98027,USA,98027
2014-05-07,0.0,3.0,2.5,1600,3573,2.0,0,0,3,1600,0,2013,,"2821 NE 16th St, Renton, WA 98056, USA",20140507T000000,2821 NE 16th St,Renton,WA 98056,USA,98056
2014-05-07,0.0,3.0,3.0,1680,1570,3.0,0,0,3,1680,0,2014,,"4117 Whitman Ave N, Seattle, WA 98103, USA",20140507T000000,4117 Whitman Ave N,Seattle,WA 98103,USA,98103
2014-05-08,0.0,3.0,1.75,1890,13860,1.0,0,0,5,1890,0,1966,,"14405 SE 208th St, Kent, WA 98042, USA",20140508T000000,14405 SE 208th St,Kent,WA 98042,USA,98042
2014-05-08,0.0,2.0,1.0,520,22334,1.0,0,0,2,520,0,1951,,"2802-2804 S 138th St, SeaTac, WA 98168, USA",20140508T000000,2802-2804 S 138th St,SeaTac,WA 98168,USA,98168
2014-05-08,0.0,3.0,2.25,1780,191228,2.0,0,2,3,1780,0,1988,,"44400 SE 159th St, North Bend, WA 98045, USA",20140508T000000,44400 SE 159th St,North Bend,WA 98045,USA,98045
2014-05-08,0.0,4.0,3.0,2920,33976,1.0,0,3,5,1460,1460,1964,,"645 West Lake Sammamish Pkwy NE, Bellevue, WA 98008, USA",20140508T000000,645 West Lake Sammamish Pkwy NE,Bellevue,WA 98008,USA,98008
2014-05-08,0.0,3.0,2.25,2430,73151,1.0,0,0,3,2430,0,1974,,"14221 W Lake Kathleen Dr SE, Renton, WA 98059, USA",20140508T000000,14221 W Lake Kathleen Dr SE,Renton,WA 98059,USA,98059
2014-05-08,0.0,3.0,2.75,3010,1842,2.0,0,0,3,3010,0,2011,,"2868 258th Pl SE, Sammamish, WA 98075, USA",20140508T000000,2868 258th Pl SE,Sammamish,WA 98075,USA,98075
2014-05-09,0.0,3.0,1.0,1620,30736,1.5,0,0,4,1620,0,1911,1977.0,"16528 SE Newport Way, Bellevue, WA 98006, USA",20140509T000000,16528 SE Newport Way,Bellevue,WA 98006,USA,98006
2014-05-09,0.0,2.0,2.5,2200,188200,1.0,0,3,3,2200,0,2007,,"39612 254th Ave SE, Enumclaw, WA 98022, USA",20140509T000000,39612 254th Ave SE,Enumclaw,WA 98022,USA,98022
2014-05-09,0.0,3.0,2.25,2950,78843,1.5,0,0,3,2950,0,2006,,"1918 202nd Pl SE, Sammamish, WA 98075, USA",20140509T000000,1918 202nd Pl SE,Sammamish,WA 98075,USA,98075
2014-05-09,0.0,4.0,2.25,2170,10500,1.0,0,2,4,1270,900,1960,,"216 SW 183rd St, Normandy Park, WA 98166, USA",20140509T000000,216 SW 183rd St,Normandy Park,WA 98166,USA,98166
2014-05-12,0.0,3.0,1.5,1770,17208,1.0,0,0,3,1160,610,1959,,"16726 SE 45th St, Bellevue, WA 98006, USA",20140512T000000,16726 SE 45th St,Bellevue,WA 98006,USA,98006
2014-05-12,0.0,3.0,1.0,1830,8209,1.0,0,0,3,1830,0,1942,,"15765 Simonds Rd NE, Kenmore, WA 98028, USA",20140512T000000,15765 Simonds Rd NE,Kenmore,WA 98028,USA,98028
2014-05-12,0.0,4.0,2.5,2380,7066,2.0,0,0,4,2380,0,1997,,"12625 SE 228th Ct, Kent, WA 98031, USA",20140512T000000,12625 SE 228th Ct,Kent,WA 98031,USA,98031
2014-05-12,0.0,4.0,2.5,2550,10000,1.0,0,0,3,1290,1260,1964,,"15003 NE 12th St, Bellevue, WA 98007, USA",20140512T000000,15003 NE 12th St,Bellevue,WA 98007,USA,98007
2014-05-12,0.0,3.0,2.5,3720,11610,2.0,0,0,3,3720,0,1982,,"21730 NE 29th St, Sammamish, WA 98074, USA",20140512T000000,21730 NE 29th St,Sammamish,WA 98074,USA,98074
2014-05-12,0.0,5.0,4.5,4630,6324,2.0,0,0,3,3210,1420,2006,,"6925 Oakmont Ave SE, Snoqualmie, WA 98065, USA",20140512T000000,6925 Oakmont Ave SE,Snoqualmie,WA 98065,USA,98065
2014-05-13,0.0,5.0,4.0,4430,9000,2.0,0,0,3,4430,0,2013,,"9235 NE 5th St, Bellevue, WA 98004, USA",20140513T000000,9235 NE 5th St,Bellevue,WA 98004,USA,98004
2014-05-13,0.0,3.0,2.5,1490,1709,3.0,0,0,3,1490,0,2004,,"2703 NE 123rd St, Seattle, WA 98125, USA",20140513T000000,2703 NE 123rd St,Seattle,WA 98125,USA,98125
2014-05-13,0.0,4.0,4.5,5030,11023,2.0,0,2,3,3250,1780,2008,,"4140 Boulevard Pl, Mercer Island, WA 98040, USA",20140513T000000,4140 Boulevard Pl,Mercer Island,WA 98040,USA,98040
2014-05-13,0.0,4.0,1.5,2180,22870,1.0,0,0,4,1280,900,1954,1975.0,"31603 E Lake Morton Dr SE, Kent, WA 98042, USA",20140513T000000,31603 E Lake Morton Dr SE,Kent,WA 98042,USA,98042
2014-05-14,0.0,4.0,1.5,1590,131551,1.0,0,3,4,1590,0,1966,,"23819 SE 384th St, Enumclaw, WA 98022, USA",20140514T000000,23819 SE 384th St,Enumclaw,WA 98022,USA,98022
2014-05-15,0.0,3.0,2.0,1510,7066,1.0,0,2,3,1230,280,1973,,"10516 Victory Ln NE, Seattle, WA 98125, USA",20140515T000000,10516 Victory Ln NE,Seattle,WA 98125,USA,98125
2014-05-15,0.0,4.0,3.5,4210,10308,2.0,0,0,3,4210,0,2006,,"2234 167th Ave SE, Bellevue, WA 98008, USA",20140515T000000,2234 167th Ave SE,Bellevue,WA 98008,USA,98008
2014-05-15,0.0,3.0,2.0,1640,9972,1.0,0,0,4,1640,0,1977,,"25218 SE 31st Pl, Sammamish, WA 98075, USA",20140515T000000,25218 SE 31st Pl,Sammamish,WA 98075,USA,98075
2014-05-15,0.0,4.0,2.5,1840,1562,2.0,0,0,3,1400,440,2004,,"2414 SW Holden St, Seattle, WA 98106, USA",20140515T000000,2414 SW Holden St,Seattle,WA 98106,USA,98106
2014-05-15,0.0,3.0,1.0,1040,5000,1.0,0,0,3,1040,0,1959,,"10050 19th Ave SW, Seattle, WA 98146, USA",20140515T000000,10050 19th Ave SW,Seattle,WA 98146,USA,98146
2014-05-16,0.0,3.0,1.0,1250,4800,1.0,0,0,4,1250,0,1951,,"3809 SW Findlay St, Seattle, WA 98126, USA",20140516T000000,3809 SW Findlay St,Seattle,WA 98126,USA,98126
2014-05-16,0.0,5.0,3.25,3690,12353,2.0,0,0,5,3690,0,1977,,"19055 35th Ave NE, Lake Forest Park, WA 98155, USA",20140516T000000,19055 35th Ave NE,Lake Forest Park,WA 98155,USA,98155
2014-05-16,0.0,4.0,1.0,1530,7200,1.5,0,0,3,1400,130,1948,,"5602 S Avon St, Seattle, WA 98178, USA",20140516T000000,5602 S Avon St,Seattle,WA 98178,USA,98178
2014-05-16,0.0,4.0,2.5,2110,3750,2.0,0,0,3,2110,0,2000,,"6737 5th Ave NW, Seattle, WA 98117, USA",20140516T000000,6737 5th Ave NW,Seattle,WA 98117,USA,98117
2014-05-16,0.0,3.0,1.75,2150,4333,1.0,0,0,3,1200,950,1956,,"4319 SW Brandon St, Seattle, WA 98136, USA",20140516T000000,4319 SW Brandon St,Seattle,WA 98136,USA,98136
2014-05-19,0.0,5.0,3.75,5340,10655,2.5,0,3,4,3740,1600,1912,,"2601-2649 Shoreland Dr S, Seattle, WA 98144, USA",20140519T000000,2601-2649 Shoreland Dr S,Seattle,WA 98144,USA,98144
2014-05-19,0.0,4.0,1.75,2420,7672,1.0,0,0,3,1480,940,1979,,"4473 192nd Ave SE, Issaquah, WA 98027, USA",20140519T000000,4473 192nd Ave SE,Issaquah,WA 98027,USA,98027
2014-05-19,0.0,4.0,3.25,5010,34460,2.0,0,0,3,5010,0,1988,,"6265 160th Ave SE, Bellevue, WA 98006, USA",20140519T000000,6265 160th Ave SE,Bellevue,WA 98006,USA,98006
2014-05-19,0.0,2.0,1.0,910,9612,1.0,0,0,4,910,0,1981,,"14116 SE 193rd St, Renton, WA 98058, USA",20140519T000000,14116 SE 193rd St,Renton,WA 98058,USA,98058
2014-05-19,0.0,3.0,1.5,2200,5000,1.5,0,0,3,2200,0,1932,,"2356 Rosemont Pl W, Seattle, WA 98199, USA",20140519T000000,2356 Rosemont Pl W,Seattle,WA 98199,USA,98199
2014-05-19,0.0,4.0,2.5,3430,64441,2.0,0,0,3,3430,0,2013,,"19585-19799 204th Ave NE, Woodinville, WA 98077, USA",20140519T000000,19585-19799 204th Ave NE,Woodinville,WA 98077,USA,98077
2014-05-20,0.0,4.0,2.5,1860,6687,1.0,0,0,4,1220,640,1983,,"22027 117th Ave SE, Kent, WA 98031, USA",20140520T000000,22027 117th Ave SE,Kent,WA 98031,USA,98031
2014-05-20,0.0,4.0,3.75,3300,4545,1.5,0,4,3,2600,700,1926,1999.0,"3665 50th Ave NE, Seattle, WA 98105, USA",20140520T000000,3665 50th Ave NE,Seattle,WA 98105,USA,98105
2014-05-20,0.0,3.0,1.75,1280,10716,1.0,0,0,4,1280,0,1969,,"14201-14211 146th Pl SE, Renton, WA 98059, USA",20140520T000000,14201-14211 146th Pl SE,Renton,WA 98059,USA,98059
2014-05-20,0.0,3.0,2.0,1490,7770,1.0,0,0,4,1490,0,1990,,"26017 189th Ave SE, Covington, WA 98042, USA",20140520T000000,26017 189th Ave SE,Covington,WA 98042,USA,98042
2014-05-21,0.0,5.0,2.25,2880,11965,2.0,0,0,4,2880,0,1990,,"25437 163rd Pl SE, Covington, WA 98042, USA",20140521T000000,25437 163rd Pl SE,Covington,WA 98042,USA,98042
2014-05-21,0.0,4.0,1.0,1310,5200,1.5,0,0,3,1160,150,1945,,"7127 29th Ave SW, Seattle, WA 98126, USA",20140521T000000,7127 29th Ave SW,Seattle,WA 98126,USA,98126
2014-05-22,0.0,4.0,2.5,1980,7403,2.0,0,0,3,1980,0,1988,,"3002 SW 349th Pl, Federal Way, WA 98023, USA",20140522T000000,3002 SW 349th Pl,Federal Way,WA 98023,USA,98023
2014-05-22,0.0,5.0,2.25,2000,7900,1.0,0,0,4,1300,700,1986,,"3202 S 194th St, SeaTac, WA 98188, USA",20140522T000000,3202 S 194th St,SeaTac,WA 98188,USA,98188
2014-05-22,0.0,3.0,3.0,1860,7440,1.0,0,0,5,1040,820,1954,,"10744 62nd Ave S, Seattle, WA 98178, USA",20140522T000000,10744 62nd Ave S,Seattle,WA 98178,USA,98178
2014-05-22,0.0,4.0,3.0,1990,6180,2.0,0,0,3,1990,0,1990,,"32706 20th Ave SW, Federal Way, WA 98023, USA",20140522T000000,32706 20th Ave SW,Federal Way,WA 98023,USA,98023
2014-05-22,0.0,4.0,2.25,1720,8300,1.0,0,0,4,1720,0,1973,,"31510 41st Ave SW, Federal Way, WA 98023, USA",20140522T000000,31510 41st Ave SW,Federal Way,WA 98023,USA,98023
2014-05-23,0.0,3.0,2.0,1370,78408,1.0,0,0,5,1370,0,1964,,"24007 196th Ave SE, Covington, WA 98042, USA",20140523T000000,24007 196th Ave SE,Covington,WA 98042,USA,98042
2014-05-23,0.0,4.0,3.0,4060,35621,1.0,0,0,3,2030,2030,1989,,"32915 176th Ave SE, Auburn, WA 98092, USA",20140523T000000,32915 176th Ave SE,Auburn,WA 98092,USA,98092
2014-05-23,0.0,4.0,2.5,1960,9898,2.0,0,0,3,1960,0,2001,,"24330 130th Ave SE, Kent, WA 98030, USA",20140523T000000,24330 130th Ave SE,Kent,WA 98030,USA,98030
2014-05-27,0.0,4.0,2.5,1720,9600,1.0,0,0,3,1120,600,1961,,"1915 Ginko St SE, Auburn, WA 98092, USA",20140527T000000,1915 Ginko St SE,Auburn,WA 98092,USA,98092
2014-05-27,0.0,4.0,2.5,2740,12899,2.0,0,0,4,2740,0,1990,,"3148 234th Ct SE, Sammamish, WA 98075, USA",20140527T000000,3148 234th Ct SE,Sammamish,WA 98075,USA,98075
2014-05-27,0.0,4.0,1.0,1360,13372,1.0,0,0,3,1360,0,1955,,"18423 61st Pl NE, Kenmore, WA 98028, USA",20140527T000000,18423 61st Pl NE,Kenmore,WA 98028,USA,98028
2014-05-27,0.0,3.0,2.5,1870,5449,2.0,0,0,3,1870,0,2003,,"9032 NE 176th St, Bothell, WA 98011, USA",20140527T000000,9032 NE 176th St,Bothell,WA 98011,USA,98011
2014-05-28,0.0,2.0,1.0,720,4222,1.0,0,0,4,720,0,1942,,"821 Edmonds Ave NE, Renton, WA 98056, USA",20140528T000000,821 Edmonds Ave NE,Renton,WA 98056,USA,98056
2014-05-28,0.0,3.0,2.25,2180,7741,2.0,0,0,3,2180,0,1986,,"4315 201st Ave NE, Sammamish, WA 98074, USA",20140528T000000,4315 201st Ave NE,Sammamish,WA 98074,USA,98074
2014-05-28,0.0,3.0,1.5,1430,8960,1.0,0,0,4,1430,0,1953,,"14219-14231 11th Ave SW, Burien, WA 98166, USA",20140528T000000,14219-14231 11th Ave SW,Burien,WA 98166,USA,98166
2014-05-28,0.0,2.0,1.0,780,6685,1.0,0,0,4,780,0,1948,,"311 L St SE, Auburn, WA 98002, USA",20140528T000000,311 L St SE,Auburn,WA 98002,USA,98002
2014-05-28,0.0,3.0,1.0,1180,5002,1.5,0,0,3,1180,0,1946,,"17022 5th Ave NE, Shoreline, WA 98155, USA",20140528T000000,17022 5th Ave NE,Shoreline,WA 98155,USA,98155
2014-05-28,0.0,3.0,2.0,1300,3731,1.0,0,0,3,900,400,1993,,"7250 Rainier Ave S, Seattle, WA 98118, USA",20140528T000000,7250 Rainier Ave S,Seattle,WA 98118,USA,98118
2014-05-28,0.0,4.0,3.0,4260,18000,2.0,0,2,3,4260,0,2000,,"7436 SE 76th St, Mercer Island, WA 98040, USA",20140528T000000,7436 SE 76th St,Mercer Island,WA 98040,USA,98040
2014-05-28,0.0,2.0,1.75,2050,11900,1.0,0,0,4,2050,0,1950,,"1149-1199 91st Ave NE, Bellevue, WA 98004, USA",20140528T000000,1149-1199 91st Ave NE,Bellevue,WA 98004,USA,98004
2014-05-29,0.0,3.0,1.75,2930,19876,1.0,0,0,3,2030,900,1993,,"12542 NE 160th Pl, Woodinville, WA 98072, USA",20140529T000000,12542 NE 160th Pl,Woodinville,WA 98072,USA,98072
2014-05-29,0.0,2.0,1.0,1500,4120,1.5,0,0,3,880,620,1928,,"220 Garden Ave N, Renton, WA 98057, USA",20140529T000000,220 Garden Ave N,Renton,WA 98057,USA,98057
2014-05-29,0.0,5.0,3.5,5960,13703,2.0,0,2,3,4770,1190,1984,,"510 175th Pl NE, Bellevue, WA 98008, USA",20140529T000000,510 175th Pl NE,Bellevue,WA 98008,USA,98008
2014-05-29,0.0,2.0,1.0,810,4800,1.0,0,0,3,810,0,1919,,"4611 51st Ave S, Seattle, WA 98118, USA",20140529T000000,4611 51st Ave S,Seattle,WA 98118,USA,98118
2014-05-29,0.0,4.0,2.75,2320,4344,2.0,0,0,3,2320,0,2012,,"4242 NE 2nd Ct, Renton, WA 98059, USA",20140529T000000,4242 NE 2nd Ct,Renton,WA 98059,USA,98059
2014-05-30,0.0,2.0,1.0,1090,5000,1.0,0,0,4,730,360,1942,,"8607 36th Ave SW, Seattle, WA 98126, USA",20140530T000000,8607 36th Ave SW,Seattle,WA 98126,USA,98126
2014-05-30,0.0,2.0,1.0,1000,4776,1.0,0,0,4,1000,0,1942,,"4557 14th Ave S, Seattle, WA 98108, USA",20140530T000000,4557 14th Ave S,Seattle,WA 98108,USA,98108
2014-05-30,0.0,3.0,2.5,2260,19821,2.0,0,0,3,2260,0,1994,,"17207 190th Ave SE, Renton, WA 98058, USA",20140530T000000,17207 190th Ave SE,Renton,WA 98058,USA,98058
2014-05-30,0.0,4.0,1.0,1290,5000,1.5,0,0,3,1290,0,1957,,"10022 19th Ave SW, Seattle, WA 98146, USA",20140530T000000,10022 19th Ave SW,Seattle,WA 98146,USA,98146
2014-05-30,0.0,3.0,2.0,2120,7560,1.0,0,0,3,2120,0,1991,,"18600 135th Pl SE, Renton, WA 98058, USA",20140530T000000,18600 135th Pl SE,Renton,WA 98058,USA,98058
2014-05-30,0.0,3.0,2.25,1490,4522,2.0,0,0,3,1490,0,2009,,"8008 NE 183rd St, Kenmore, WA 98028, USA",20140530T000000,8008 NE 183rd St,Kenmore,WA 98028,USA,98028
2014-05-30,0.0,4.0,2.5,2310,5100,2.0,0,0,3,2310,0,2013,,"144 NW 103rd St, Seattle, WA 98177, USA",20140530T000000,144 NW 103rd St,Seattle,WA 98177,USA,98177
2014-06-02,0.0,1.0,1.0,720,6000,1.0,0,0,3,720,0,1940,,"1236 S Cloverdale St, Seattle, WA 98108, USA",20140602T000000,1236 S Cloverdale St,Seattle,WA 98108,USA,98108
2014-06-02,0.0,3.0,2.5,1840,3035,1.0,0,0,3,920,920,1926,,"4003 2nd Ave NE, Seattle, WA 98105, USA",20140602T000000,4003 2nd Ave NE,Seattle,WA 98105,USA,98105
2014-06-02,0.0,5.0,2.75,2910,36250,1.0,0,0,3,1590,1320,1977,,"19720 SE 21st St, Sammamish, WA 98075, USA",20140602T000000,19720 SE 21st St,Sammamish,WA 98075,USA,98075
2014-06-02,0.0,4.0,2.75,3270,12880,2.0,0,0,3,3270,0,2014,,"6839 126th Ave NE, Kirkland, WA 98033, USA",20140602T000000,6839 126th Ave NE,Kirkland,WA 98033,USA,98033
2014-06-03,0.0,5.0,2.75,3040,10257,2.0,0,0,3,3040,0,1993,,"5627 167th Pl SE, Bellevue, WA 98006, USA",20140603T000000,5627 167th Pl SE,Bellevue,WA 98006,USA,98006
2014-06-03,0.0,3.0,1.0,1200,9936,1.0,0,0,4,1200,0,1969,,"23414 SE 269th St, Maple Valley, WA 98038, USA",20140603T000000,23414 SE 269th St,Maple Valley,WA 98038,USA,98038
2014-06-03,0.0,5.0,2.75,2740,5616,1.5,0,0,5,1670,1070,1925,,"1013 NE 80th St, Seattle, WA 98115, USA",20140603T000000,1013 NE 80th St,Seattle,WA 98115,USA,98115
2014-06-03,0.0,4.0,2.25,2290,5350,2.0,0,0,4,2120,170,1958,,"2523 42nd Ave W, Seattle, WA 98199, USA",20140603T000000,2523 42nd Ave W,Seattle,WA 98199,USA,98199
2014-06-03,0.0,4.0,2.0,2580,6000,1.0,0,0,5,1300,1280,1950,,"3449 Magnolia Blvd W, Seattle, WA 98199, USA",20140603T000000,3449 Magnolia Blvd W,Seattle,WA 98199,USA,98199
2014-06-03,0.0,3.0,1.75,1590,27200,1.5,0,0,4,1590,0,1926,,"19827 SE Maple Valley Hwy, Maple Valley, WA 98038, USA",20140603T000000,19827 SE Maple Valley Hwy,Maple Valley,WA 98038,USA,98038
2014-06-03,0.0,3.0,1.0,1040,6860,2.0,0,0,3,1040,0,1942,,"10120-10198 34th Ave SW, Seattle, WA 98146, USA",20140603T000000,10120-10198 34th Ave SW,Seattle,WA 98146,USA,98146
2014-06-03,0.0,3.0,1.0,1300,6710,1.0,0,0,4,1300,0,1952,,"2760 72nd Ave SE, Mercer Island, WA 98040, USA",20140603T000000,2760 72nd Ave SE,Mercer Island,WA 98040,USA,98040
2014-06-03,0.0,5.0,2.5,2090,4698,2.0,0,0,3,2090,0,1998,,"27622 237th Pl SE, Maple Valley, WA 98038, USA",20140603T000000,27622 237th Pl SE,Maple Valley,WA 98038,USA,98038
2014-06-03,0.0,5.0,2.75,2670,3800,2.0,0,0,3,2670,0,2014,,"16301 SE 139th Ct, Renton, WA 98059, USA",20140603T000000,16301 SE 139th Ct,Renton,WA 98059,USA,98059
2014-06-04,0.0,4.0,1.0,1540,115434,1.5,0,0,4,1540,0,1923,,"9138 S 208th St, Kent, WA 98031, USA",20140604T000000,9138 S 208th St,Kent,WA 98031,USA,98031
2014-06-04,0.0,4.0,2.75,3370,12447,2.0,0,0,3,3370,0,1991,,"14257 212th Dr NE, Woodinville, WA 98077, USA",20140604T000000,14257 212th Dr NE,Woodinville,WA 98077,USA,98077
2014-06-04,0.0,3.0,1.75,1730,11325,1.0,0,0,5,1730,0,1972,,"23403 120th Ave SE, Kent, WA 98031, USA",20140604T000000,23403 120th Ave SE,Kent,WA 98031,USA,98031
2014-06-05,0.0,3.0,2.5,1640,29970,2.0,0,0,3,1640,0,1992,,"3040 273rd Ave NE, Redmond, WA 98053, USA",20140605T000000,3040 273rd Ave NE,Redmond,WA 98053,USA,98053
2014-06-05,0.0,4.0,2.25,2980,8051,1.5,0,2,4,2020,960,1935,,"2550 Westmont Way W, Seattle, WA 98199, USA",20140605T000000,2550 Westmont Way W,Seattle,WA 98199,USA,98199
2014-06-05,0.0,3.0,2.0,1330,8100,1.0,0,0,4,1330,0,1969,,"13817 125th Ave NE, Kirkland, WA 98034, USA",20140605T000000,13817 125th Ave NE,Kirkland,WA 98034,USA,98034
2014-06-05,0.0,4.0,2.25,2192,12128,2.0,0,0,3,2192,0,2006,,"26429 106th Ave SE, Kent, WA 98030, USA",20140605T000000,26429 106th Ave SE,Kent,WA 98030,USA,98030
2014-06-05,0.0,4.0,2.5,2068,7242,2.0,0,0,4,2068,0,1976,,"30036-30116 42nd Pl S, Auburn, WA 98001, USA",20140605T000000,30036-30116 42nd Pl S,Auburn,WA 98001,USA,98001
2014-06-05,0.0,3.0,1.75,1980,6250,1.0,0,1,5,1090,890,1910,,"5256 42nd Ave SW, Seattle, WA 98136, USA",20140605T000000,5256 42nd Ave SW,Seattle,WA 98136,USA,98136
2014-06-05,0.0,3.0,2.5,1710,1664,2.0,0,0,5,1300,410,2003,,"2826 21st Ave W, Seattle, WA 98199, USA",20140605T000000,2826 21st Ave W,Seattle,WA 98199,USA,98199
2014-06-06,0.0,2.0,1.0,890,4590,1.0,0,0,3,890,0,1923,,"332 NW 84th St, Seattle, WA 98117, USA",20140606T000000,332 NW 84th St,Seattle,WA 98117,USA,98117
2014-06-06,0.0,4.0,3.5,4280,9583,2.0,0,0,3,4280,0,2005,,"1415 108th Ave SE, Bellevue, WA 98004, USA",20140606T000000,1415 108th Ave SE,Bellevue,WA 98004,USA,98004
2014-06-06,0.0,3.0,2.5,3080,12476,2.0,0,0,3,3080,0,1990,,"25221 235th Way SE, Maple Valley, WA 98038, USA",20140606T000000,25221 235th Way SE,Maple Valley,WA 98038,USA,98038
2014-06-06,0.0,4.0,2.25,2070,7500,2.0,0,0,4,2070,0,1977,,"14025 93rd Ave NE, Kirkland, WA 98034, USA",20140606T000000,14025 93rd Ave NE,Kirkland,WA 98034,USA,98034
2014-06-06,0.0,4.0,2.75,3010,7215,2.0,0,0,3,3010,0,2014,,"10611 Slater Ave NE, Kirkland, WA 98033, USA",20140606T000000,10611 Slater Ave NE,Kirkland,WA 98033,USA,98033
2014-06-09,0.0,4.0,2.0,2030,9300,1.0,0,0,4,2030,0,1976,,"14218 NE 67th Ct, Redmond, WA 98052, USA",20140609T000000,14218 NE 67th Ct,Redmond,WA 98052,USA,98052
2014-06-09,0.0,4.0,3.75,4060,19290,2.0,0,0,3,4060,0,2002,,"21418 SE 5th Pl, Sammamish, WA 98074, USA",20140609T000000,21418 SE 5th Pl,Sammamish,WA 98074,USA,98074
2014-06-10,0.0,3.0,2.75,2340,16500,1.0,0,0,4,1500,840,1972,,"21600 SE 18th Pl, Sammamish, WA 98075, USA",20140610T000000,21600 SE 18th Pl,Sammamish,WA 98075,USA,98075
2014-06-10,0.0,3.0,2.5,2340,5957,2.0,0,0,3,2340,0,1995,,"7821 NE 147th St, Kenmore, WA 98028, USA",20140610T000000,7821 NE 147th St,Kenmore,WA 98028,USA,98028
2014-06-10,0.0,2.0,1.0,1470,7137,1.0,0,0,3,1020,450,1941,,"9736 Dayton Ave N, Seattle, WA 98103, USA",20140610T000000,9736 Dayton Ave N,Seattle,WA 98103,USA,98103
2014-06-10,0.0,4.0,2.5,3700,21755,1.0,0,4,3,2620,1080,1988,,"4462 175th Pl SE, Bellevue, WA 98006, USA",20140610T000000,4462 175th Pl SE,Bellevue,WA 98006,USA,98006
2014-06-10,0.0,4.0,1.0,1200,7200,1.5,0,0,3,1200,0,1944,,"6815 S 120th Pl, Seattle, WA 98178, USA",20140610T000000,6815 S 120th Pl,Seattle,WA 98178,USA,98178
2014-06-11,0.0,5.0,2.75,2910,53898,1.0,0,0,5,1510,1400,1979,,"13505 208th Ave NE, Woodinville, WA 98077, USA",20140611T000000,13505 208th Ave NE,Woodinville,WA 98077,USA,98077
2014-06-11,0.0,5.0,2.0,1910,7200,1.0,0,0,4,1110,800,1951,,"11620-11698 57th Ave S, Seattle, WA 98178, USA",20140611T000000,11620-11698 57th Ave S,Seattle,WA 98178,USA,98178
2014-06-11,0.0,3.0,2.5,2880,13500,1.0,0,4,5,1520,1360,1950,,"9243 NE 20th St, Clyde Hill, WA 98004, USA",20140611T000000,9243 NE 20th St,Clyde Hill,WA 98004,USA,98004
2014-06-11,0.0,5.0,2.75,3240,6863,2.0,0,0,3,3240,0,2013,,"1301-1303 Monterey Ave NE, Renton, WA 98056, USA",20140611T000000,1301-1303 Monterey Ave NE,Renton,WA 98056,USA,98056
2014-06-12,0.0,3.0,1.75,1590,8219,1.5,0,0,5,970,620,1938,,"12632 93rd Pl NE, Kirkland, WA 98034, USA",20140612T000000,12632 93rd Pl NE,Kirkland,WA 98034,USA,98034
2014-06-12,0.0,5.0,3.5,3690,11928,2.0,0,0,3,2540,1150,2006,,"114 210th Ave NE, Sammamish, WA 98074, USA",20140612T000000,114 210th Ave NE,Sammamish,WA 98074,USA,98074
2014-06-12,0.0,3.0,2.5,2480,5137,2.0,0,0,3,2480,0,2000,,"13202 NE 92nd Way, Redmond, WA 98052, USA",20140612T000000,13202 NE 92nd Way,Redmond,WA 98052,USA,98052
2014-06-12,0.0,4.0,2.5,2683,40386,2.0,0,0,4,2683,0,1987,,"10821 151st Ave NE, Redmond, WA 98052, USA",20140612T000000,10821 151st Ave NE,Redmond,WA 98052,USA,98052
2014-06-12,0.0,2.0,1.0,1100,8281,1.0,0,0,4,1100,0,1947,,"1206 NE 155th St, Shoreline, WA 98155, USA",20140612T000000,1206 NE 155th St,Shoreline,WA 98155,USA,98155
2014-06-12,0.0,4.0,1.0,2080,3500,1.5,0,0,5,1260,820,1926,,"6506 40th Ave SW, Seattle, WA 98136, USA",20140612T000000,6506 40th Ave SW,Seattle,WA 98136,USA,98136
2014-06-12,0.0,3.0,2.5,2210,10119,1.0,0,0,4,1450,760,1966,,"1121 E Guiberson St, Kent, WA 98030, USA",20140612T000000,1121 E Guiberson St,Kent,WA 98030,USA,98030
2014-06-12,0.0,4.0,3.25,2420,4000,1.5,0,0,5,1870,550,1911,,"4039 4th Ave NE, Seattle, WA 98105, USA",20140612T000000,4039 4th Ave NE,Seattle,WA 98105,USA,98105
2014-06-12,0.0,3.0,3.5,1240,1666,2.0,0,0,3,1000,240,2008,,"5922 44th Ave SW, Seattle, WA 98136, USA",20140612T000000,5922 44th Ave SW,Seattle,WA 98136,USA,98136
2014-06-13,0.0,3.0,2.5,2300,3060,1.5,0,0,3,1510,790,1930,2002.0,"7349 17th Ave NE, Seattle, WA 98115, USA",20140613T000000,7349 17th Ave NE,Seattle,WA 98115,USA,98115
2014-06-13,0.0,3.0,1.75,1760,12874,1.0,0,0,4,1230,530,1967,,"12926 SE 23rd St, Bellevue, WA 98005, USA",20140613T000000,12926 SE 23rd St,Bellevue,WA 98005,USA,98005
2014-06-13,0.0,3.0,2.0,2020,8555,1.0,0,0,4,1220,800,1957,,"13545 39th Ave NE, Seattle, WA 98125, USA",20140613T000000,13545 39th Ave NE,Seattle,WA 98125,USA,98125
2014-06-15,0.0,4.0,3.25,2500,5801,1.5,0,0,3,1960,540,1926,,"1502 Parkside Dr E, Seattle, WA 98112, USA",20140615T000000,1502 Parkside Dr E,Seattle,WA 98112,USA,98112
2014-06-16,0.0,2.0,1.0,760,5500,1.5,0,0,3,760,0,1947,,"11023 4th Ave S, Seattle, WA 98168, USA",20140616T000000,11023 4th Ave S,Seattle,WA 98168,USA,98168
2014-06-16,0.0,4.0,1.75,1580,5340,1.0,0,0,3,1130,450,1947,,"214 20th Ave S, Seattle, WA 98144, USA",20140616T000000,214 20th Ave S,Seattle,WA 98144,USA,98144
2014-06-17,0.0,3.0,2.5,2670,10481,2.0,0,0,3,2670,0,2003,,"6901 123rd Ave NE, Kirkland, WA 98033, USA",20140617T000000,6901 123rd Ave NE,Kirkland,WA 98033,USA,98033
2014-06-17,0.0,3.0,1.0,1140,8366,1.0,0,0,5,1140,0,1943,,"3108 SE 6th St, Renton, WA 98058, USA",20140617T000000,3108 SE 6th St,Renton,WA 98058,USA,98058
2014-06-17,0.0,5.0,3.75,3870,8225,2.0,0,0,3,3870,0,1998,,"101-127 247th Ave SE, Sammamish, WA 98074, USA",20140617T000000,101-127 247th Ave SE,Sammamish,WA 98074,USA,98074
2014-06-17,0.0,3.0,2.75,2750,18029,1.0,0,2,5,1810,940,1978,,"4708 154th Pl SE, Bellevue, WA 98006, USA",20140617T000000,4708 154th Pl SE,Bellevue,WA 98006,USA,98006
2014-06-17,0.0,3.0,2.0,1570,7000,2.0,0,2,4,1050,520,1971,,"429 Randolph Ave, Seattle, WA 98122, USA",20140617T000000,429 Randolph Ave,Seattle,WA 98122,USA,98122
2014-06-17,0.0,3.0,1.75,1160,22470,1.0,0,0,4,1160,0,1976,,"18124-18204 83rd Ave NE, Kenmore, WA 98028, USA",20140617T000000,18124-18204 83rd Ave NE,Kenmore,WA 98028,USA,98028
2014-06-17,0.0,3.0,2.25,2110,7665,1.0,0,0,4,1360,750,1973,,"32744 30th Ave SW, Federal Way, WA 98023, USA",20140617T000000,32744 30th Ave SW,Federal Way,WA 98023,USA,98023
2014-06-17,0.0,3.0,2.5,1270,2509,2.0,0,0,3,1270,0,2004,,"2492 SW Webster St, Seattle, WA 98106, USA",20140617T000000,2492 SW Webster St,Seattle,WA 98106,USA,98106
2014-06-17,0.0,4.0,2.5,3250,4500,2.0,0,0,3,3250,0,2009,,"5221 NE 7th Pl, Renton, WA 98059, USA",20140617T000000,5221 NE 7th Pl,Renton,WA 98059,USA,98059
2014-06-18,0.0,2.0,1.0,940,9839,1.0,0,0,3,940,0,1910,,"4100 SW Othello St, Seattle, WA 98136, USA",20140618T000000,4100 SW Othello St,Seattle,WA 98136,USA,98136
2014-06-18,0.0,4.0,1.5,2310,68824,2.0,0,0,4,2310,0,1968,,"29656 232nd Ave SE, Black Diamond, WA 98010, USA",20140618T000000,29656 232nd Ave SE,Black Diamond,WA 98010,USA,98010
2014-06-18,0.0,3.0,1.0,1130,12519,1.0,0,0,3,1130,0,1958,,"834 Lynnwood Ave NE, Renton, WA 98056, USA",20140618T000000,834 Lynnwood Ave NE,Renton,WA 98056,USA,98056
2014-06-18,0.0,6.0,3.0,3020,13783,2.0,0,0,3,3020,0,1952,2002.0,"4115 85th Ave SE, Mercer Island, WA 98040, USA",20140618T000000,4115 85th Ave SE,Mercer Island,WA 98040,USA,98040
2014-06-18,0.0,4.0,2.5,3210,14910,2.0,0,0,3,3210,0,1995,,"110-112 209th Pl SE, Sammamish, WA 98074, USA",20140618T000000,110-112 209th Pl SE,Sammamish,WA 98074,USA,98074
2014-06-19,0.0,3.0,2.5,2650,40705,2.0,0,0,3,2650,0,1994,,"7047 208th Ave NE, Redmond, WA 98053, USA",20140619T000000,7047 208th Ave NE,Redmond,WA 98053,USA,98053
2014-06-19,0.0,3.0,1.75,1150,8079,1.0,0,0,4,1150,0,1983,,"12021 SE 251 Pl, Kent, WA 98030, USA",20140619T000000,12021 SE 251 Pl,Kent,WA 98030,USA,98030
2014-06-19,0.0,3.0,3.0,3910,19023,2.0,0,0,3,3910,0,1985,,"31751 NE 110th St, Carnation, WA 98014, USA",20140619T000000,31751 NE 110th St,Carnation,WA 98014,USA,98014
2014-06-19,0.0,4.0,2.5,3490,5000,2.0,0,0,3,3490,0,2003,,"16102 SE 251 St, Covington, WA 98042, USA",20140619T000000,16102 SE 251 St,Covington,WA 98042,USA,98042
2014-06-19,0.0,5.0,3.0,3330,19126,2.0,0,0,4,2610,720,1977,,"6100 93rd Ave SE, Mercer Island, WA 98040, USA",20140619T000000,6100 93rd Ave SE,Mercer Island,WA 98040,USA,98040
2014-06-19,0.0,4.0,1.0,1940,5753,1.5,0,0,3,1940,0,1947,,"12234 1st Ave NW, Seattle, WA 98177, USA",20140619T000000,12234 1st Ave NW,Seattle,WA 98177,USA,98177
2014-06-19,0.0,3.0,2.5,1800,2700,2.0,0,0,3,1800,0,2011,,"2803 SW Bataan St, Seattle, WA 98126, USA",20140619T000000,2803 SW Bataan St,Seattle,WA 98126,USA,98126
2014-06-20,0.0,3.0,1.75,1880,11249,1.0,0,0,3,1330,550,1985,,"2431 T St NW, Auburn, WA 98001, USA",20140620T000000,2431 T St NW,Auburn,WA 98001,USA,98001
2014-06-20,0.0,4.0,2.25,2870,6280,1.5,0,0,4,1980,890,1905,,"1517-1519 17th Ave E, Seattle, WA 98112, USA",20140620T000000,1517-1519 17th Ave E,Seattle,WA 98112,USA,98112
2014-06-20,0.0,4.0,2.5,1960,11600,1.0,0,0,5,980,980,1931,,"506 21st St SE, Auburn, WA 98002, USA",20140620T000000,506 21st St SE,Auburn,WA 98002,USA,98002
2014-06-20,0.0,4.0,1.0,1810,7500,1.0,0,0,2,1410,400,1959,,"12231 Occidental Ave S, Seattle, WA 98168, USA",20140620T000000,12231 Occidental Ave S,Seattle,WA 98168,USA,98168
2014-06-22,0.0,2.0,2.25,1490,6770,1.5,0,0,3,1490,0,1926,,"4921 28th Ave S, Seattle, WA 98108, USA",20140622T000000,4921 28th Ave S,Seattle,WA 98108,USA,98108
2014-06-23,0.0,3.0,4.5,5230,17826,2.0,1,4,3,3740,1490,2005,,"7455 W Mercer Way, Mercer Island, WA 98040, USA",20140623T000000,7455 W Mercer Way,Mercer Island,WA 98040,USA,98040
2014-06-23,0.0,5.0,2.5,3390,9760,1.0,0,0,5,1750,1640,1978,,"15224 SE 175th Pl, Renton, WA 98058, USA",20140623T000000,15224 SE 175th Pl,Renton,WA 98058,USA,98058
2014-06-23,0.0,2.0,1.0,880,6413,1.0,0,0,3,880,0,1950,,"3429 49th Ave SW, Seattle, WA 98116, USA",20140623T000000,3429 49th Ave SW,Seattle,WA 98116,USA,98116
2014-06-23,0.0,2.0,1.0,2550,21675,1.0,0,1,4,1610,940,1958,,"22320 11th Ave S, Des Moines, WA 98198, USA",20140623T000000,22320 11th Ave S,Des Moines,WA 98198,USA,98198
2014-06-23,0.0,4.0,2.5,3160,13194,2.0,0,0,5,3160,0,1965,,"6135 79th Ave SE, Mercer Island, WA 98040, USA",20140623T000000,6135 79th Ave SE,Mercer Island,WA 98040,USA,98040
2014-06-24,0.0,4.0,5.0,4550,18641,1.0,1,4,3,2600,1950,2002,,"425 E Lake Sammamish Pkwy SE, Sammamish, WA 98074, USA",20140624T000000,425 E Lake Sammamish Pkwy SE,Sammamish,WA 98074,USA,98074
2014-06-24,0.0,5.0,2.75,3831,13800,2.0,1,4,3,3831,0,1959,1980.0,"6208 SE 22nd St, Mercer Island, WA 98040, USA",20140624T000000,6208 SE 22nd St,Mercer Island,WA 98040,USA,98040
2014-06-24,0.0,2.0,1.75,1240,3000,1.5,0,0,3,1240,0,1906,,"150 NE 55th St, Seattle, WA 98105, USA",20140624T000000,150 NE 55th St,Seattle,WA 98105,USA,98105
2014-06-24,0.0,4.0,2.75,2520,14021,2.0,0,0,3,2520,0,1999,,"28509 NE 149th Pl, Duvall, WA 98019, USA",20140624T000000,28509 NE 149th Pl,Duvall,WA 98019,USA,98019
2014-06-24,0.0,4.0,2.25,2420,10200,2.0,0,0,4,2420,0,1973,,"8516 SE 78th St, Mercer Island, WA 98040, USA",20140624T000000,8516 SE 78th St,Mercer Island,WA 98040,USA,98040
2014-06-24,0.0,4.0,1.75,1250,7400,1.0,0,0,5,1250,0,1959,,"1039 165th Pl NE, Bellevue, WA 98008, USA",20140624T000000,1039 165th Pl NE,Bellevue,WA 98008,USA,98008
2014-06-24,0.0,3.0,2.75,1310,7300,1.0,0,0,3,1310,0,1957,,"16232 SE 10th St, Bellevue, WA 98008, USA",20140624T000000,16232 SE 10th St,Bellevue,WA 98008,USA,98008
2014-06-24,0.0,3.0,1.0,1410,8053,1.0,0,0,4,1410,0,1951,,"10320 Dibble Ave NW, Seattle, WA 98177, USA",20140624T000000,10320 Dibble Ave NW,Seattle,WA 98177,USA,98177
2014-06-24,0.0,3.0,1.0,990,9798,1.0,0,0,3,990,0,1968,,"13101 NE 193rd Pl, Woodinville, WA 98072, USA",20140624T000000,13101 NE 193rd Pl,Woodinville,WA 98072,USA,98072
2014-06-24,0.0,3.0,1.0,1000,8512,1.0,0,0,3,1000,0,1991,,"3402 261st Pl SE, Enumclaw, WA 98022, USA",20140624T000000,3402 261st Pl SE,Enumclaw,WA 98022,USA,98022
2014-06-24,0.0,3.0,1.75,2000,7560,1.0,0,0,4,1300,700,1968,,"12621 SE 187th Pl, Renton, WA 98058, USA",20140624T000000,12621 SE 187th Pl,Renton,WA 98058,USA,98058
2014-06-25,0.0,2.0,1.0,1120,5650,1.0,0,0,3,1120,0,1944,,"7414 S 118th Pl, Seattle, WA 98178, USA",20140625T000000,7414 S 118th Pl,Seattle,WA 98178,USA,98178
2014-06-25,0.0,5.0,3.25,3370,7947,2.0,0,0,3,3370,0,2001,,"1826 4th St, Kirkland, WA 98033, USA",20140625T000000,1826 4th St,Kirkland,WA 98033,USA,98033
2014-06-25,0.0,3.0,2.75,2210,4000,2.0,0,0,3,2210,0,2008,,"10915 243rd Ave NE, Redmond, WA 98053, USA",20140625T000000,10915 243rd Ave NE,Redmond,WA 98053,USA,98053
2014-06-25,0.0,5.0,3.5,2640,6895,2.0,0,0,3,2640,0,2001,,"34529 SE Jay Ct, Snoqualmie, WA 98065, USA",20140625T000000,34529 SE Jay Ct,Snoqualmie,WA 98065,USA,98065
2014-06-25,0.0,3.0,2.5,1150,887,3.0,0,0,3,1150,0,2007,,"10703 Greenwood Ave N, Seattle, WA 98133, USA",20140625T000000,10703 Greenwood Ave N,Seattle,WA 98133,USA,98133
2014-06-26,0.0,4.0,2.5,2150,27540,2.0,0,0,3,2150,0,1997,,"3046 Quail Creek Way NE, Redmond, WA 98053, USA",20140626T000000,3046 Quail Creek Way NE,Redmond,WA 98053,USA,98053
2014-06-26,0.0,4.0,2.75,4230,31747,2.0,0,0,4,4230,0,1985,,"14323-14347 155th Ave NE, Woodinville, WA 98072, USA",20140626T000000,14323-14347 155th Ave NE,Woodinville,WA 98072,USA,98072
2014-06-26,0.0,3.0,1.75,1570,15330,1.0,0,0,3,1080,490,1956,,"15821 4th Ave SW, Burien, WA 98166, USA",20140626T000000,15821 4th Ave SW,Burien,WA 98166,USA,98166
2014-06-26,0.0,3.0,2.5,1630,7700,1.0,0,0,3,1120,510,1978,,"9812 S 239th Pl, Kent, WA 98031, USA",20140626T000000,9812 S 239th Pl,Kent,WA 98031,USA,98031
2014-06-26,0.0,4.0,2.5,2770,10274,2.0,0,0,3,2770,0,1989,,"3823 242nd Ave SE, Issaquah, WA 98029, USA",20140626T000000,3823 242nd Ave SE,Issaquah,WA 98029,USA,98029
2014-06-26,0.0,3.0,1.0,1750,7800,1.0,0,0,4,1150,600,1956,,"16004 7th Ave SW, Burien, WA 98166, USA",20140626T000000,16004 7th Ave SW,Burien,WA 98166,USA,98166
2014-06-26,0.0,3.0,1.5,1090,8160,1.0,0,0,3,1090,0,1967,2014.0,"16430 125th Ave SE, Renton, WA 98058, USA",20140626T000000,16430 125th Ave SE,Renton,WA 98058,USA,98058
2014-06-26,0.0,2.0,1.0,930,7740,1.0,0,0,3,930,0,1924,,"11020 34th Ave NE, Seattle, WA 98125, USA",20140626T000000,11020 34th Ave NE,Seattle,WA 98125,USA,98125
2014-06-26,0.0,4.0,2.0,2100,4857,2.0,0,0,3,2100,0,1965,1984.0,"4500 NE 171st St, Lake Forest Park, WA 98155, USA",20140626T000000,4500 NE 171st St,Lake Forest Park,WA 98155,USA,98155
2014-06-27,0.0,4.0,2.5,2540,38677,2.0,0,0,3,2540,0,1987,,"7238 221st Ave NE, Redmond, WA 98053, USA",20140627T000000,7238 221st Ave NE,Redmond,WA 98053,USA,98053
2014-06-27,0.0,2.0,1.0,810,8424,1.0,0,0,4,810,0,1959,,"30401-30499 8th Ave SW, Federal Way, WA 98023, USA",20140627T000000,30401-30499 8th Ave SW,Federal Way,WA 98023,USA,98023
2014-06-27,0.0,2.0,1.5,1520,8040,1.0,0,0,5,1520,0,1951,,"11533 22nd Ave NE, Seattle, WA 98125, USA",20140627T000000,11533 22nd Ave NE,Seattle,WA 98125,USA,98125
2014-06-27,0.0,1.0,1.0,690,1950,1.0,0,0,3,690,0,1928,,"7554 14th Ave NW, Seattle, WA 98117, USA",20140627T000000,7554 14th Ave NW,Seattle,WA 98117,USA,98117
2014-06-27,0.0,4.0,3.0,2370,3672,1.5,0,0,5,1650,720,1916,,"6811 16th Ave NE, Seattle, WA 98115, USA",20140627T000000,6811 16th Ave NE,Seattle,WA 98115,USA,98115
2014-06-28,0.0,4.0,4.25,3500,8750,1.0,0,4,5,2140,1360,1951,,"12725 8th Ave NW, Seattle, WA 98177, USA",20140628T000000,12725 8th Ave NW,Seattle,WA 98177,USA,98177
2014-06-29,0.0,2.0,1.0,840,3400,1.0,0,2,4,840,0,1924,,"2423 11th Ave W, Seattle, WA 98119, USA",20140629T000000,2423 11th Ave W,Seattle,WA 98119,USA,98119
2014-06-30,0.0,4.0,2.25,1830,8734,2.0,0,0,4,1830,0,1991,,"12116 SE 261st Ct, Kent, WA 98030, USA",20140630T000000,12116 SE 261st Ct,Kent,WA 98030,USA,98030
2014-06-30,0.0,3.0,2.25,1370,1524,3.0,0,0,3,1370,0,2005,,"902 N 95th St, Seattle, WA 98103, USA",20140630T000000,902 N 95th St,Seattle,WA 98103,USA,98103
2014-06-30,0.0,5.0,2.75,2520,16100,1.0,0,3,4,1570,950,1960,,"8336 Avalon Dr, Mercer Island, WA 98040, USA",20140630T000000,8336 Avalon Dr,Mercer Island,WA 98040,USA,98040
2014-07-01,0.0,2.0,2.25,2130,4920,1.5,0,4,4,1530,600,1941,,"3428 60th Ave SW, Seattle, WA 98116, USA",20140701T000000,3428 60th Ave SW,Seattle,WA 98116,USA,98116
2014-07-01,0.0,4.0,2.5,2590,8483,2.0,0,0,3,2590,0,1991,,"8917 NE 151st Pl, Bothell, WA 98011, USA",20140701T000000,8917 NE 151st Pl,Bothell,WA 98011,USA,98011
2014-07-01,0.0,4.0,2.5,1820,20011,2.0,0,0,3,1820,0,1987,,"22101 SE 28th St, Sammamish, WA 98075, USA",20140701T000000,22101 SE 28th St,Sammamish,WA 98075,USA,98075
2014-07-01,0.0,3.0,2.5,1530,3210,1.5,0,0,5,1010,520,1928,,"8519 28th Ave NW, Seattle, WA 98117, USA",20140701T000000,8519 28th Ave NW,Seattle,WA 98117,USA,98117
2014-07-02,0.0,4.0,2.5,4080,18362,2.0,0,2,4,4080,0,1983,,"2710 95th Ave NE, Clyde Hill, WA 98004, USA",20140702T000000,2710 95th Ave NE,Clyde Hill,WA 98004,USA,98004
2014-07-02,0.0,2.0,1.0,1050,6600,1.5,0,0,3,1050,0,1964,,"13407 8th Ave S, Burien, WA 98168, USA",20140702T000000,13407 8th Ave S,Burien,WA 98168,USA,98168
2014-07-02,0.0,4.0,2.5,1954,4805,2.0,0,0,3,1954,0,2005,,"19320 113th Ave SE, Kent, WA 98031, USA",20140702T000000,19320 113th Ave SE,Kent,WA 98031,USA,98031
2014-07-02,0.0,2.0,1.75,1530,3503,1.0,0,1,4,830,700,1916,,"1922 11th Ave W, Seattle, WA 98119, USA",20140702T000000,1922 11th Ave W,Seattle,WA 98119,USA,98119
2014-07-02,0.0,4.0,2.0,1660,4800,1.5,0,0,3,1660,0,1922,,"4007 Woodland Park Ave N, Seattle, WA 98103, USA",20140702T000000,4007 Woodland Park Ave N,Seattle,WA 98103,USA,98103
2014-07-02,0.0,6.0,4.5,3830,4800,3.0,0,0,3,3050,780,1919,2004.0,"2425 3rd Ave W, Seattle, WA 98119, USA",20140702T000000,2425 3rd Ave W,Seattle,WA 98119,USA,98119
2014-07-02,0.0,3.0,1.75,1490,1036,2.0,0,0,3,1090,400,2008,,"4304B 36th Ave W, Seattle, WA 98199, USA",20140702T000000,4304B 36th Ave W,Seattle,WA 98199,USA,98199
2014-07-02,0.0,3.0,1.0,1520,9030,1.0,0,0,3,1520,0,1956,,"2533 155th Pl SE, Bellevue, WA 98007, USA",20140702T000000,2533 155th Pl SE,Bellevue,WA 98007,USA,98007
2014-07-02,0.0,5.0,6.25,8020,21738,2.0,0,0,3,8020,0,2001,,"2 Crescent Key, Bellevue, WA 98006, USA",20140702T000000,2 Crescent Key,Bellevue,WA 98006,USA,98006
2014-07-02,0.0,3.0,3.0,2470,7410,2.0,0,0,5,1860,610,1977,,"8833 Earl Ave NW, Seattle, WA 98117, USA",20140702T000000,8833 Earl Ave NW,Seattle,WA 98117,USA,98117
2014-07-03,0.0,2.0,1.0,870,4600,1.0,0,0,4,870,0,1942,,"8506 37th Ave SW, Seattle, WA 98126, USA",20140703T000000,8506 37th Ave SW,Seattle,WA 98126,USA,98126
2014-07-05,0.0,4.0,2.25,2110,12653,2.0,0,0,4,2110,0,1972,,"7490 85th Ave SE, Mercer Island, WA 98040, USA",20140705T000000,7490 85th Ave SE,Mercer Island,WA 98040,USA,98040
2014-07-06,0.0,2.0,1.75,1990,4000,1.0,0,0,5,1090,900,1952,,"8215 Stone Ave N, Seattle, WA 98103, USA",20140706T000000,8215 Stone Ave N,Seattle,WA 98103,USA,98103
2014-07-07,0.0,3.0,1.0,1560,7552,1.0,0,0,4,910,650,1948,,"228 NE 174th St, Shoreline, WA 98155, USA",20140707T000000,228 NE 174th St,Shoreline,WA 98155,USA,98155
2014-07-07,0.0,3.0,1.5,1740,4200,1.5,0,0,4,1640,100,1920,,"6714 4th Ave NW, Seattle, WA 98117, USA",20140707T000000,6714 4th Ave NW,Seattle,WA 98117,USA,98117
2014-07-07,0.0,2.0,1.0,1290,4650,1.0,0,0,4,1290,0,1906,,"312 NE 81st St, Seattle, WA 98115, USA",20140707T000000,312 NE 81st St,Seattle,WA 98115,USA,98115
2014-07-07,0.0,4.0,2.0,1700,8640,1.0,0,0,3,850,850,1955,2010.0,"3706 140th Ave SE, Bellevue, WA 98006, USA",20140707T000000,3706 140th Ave SE,Bellevue,WA 98006,USA,98006
2014-07-07,0.0,3.0,1.75,1880,10032,1.0,0,0,4,1880,0,1984,,"13345 SE 55th Pl, Bellevue, WA 98006, USA",20140707T000000,13345 SE 55th Pl,Bellevue,WA 98006,USA,98006
2014-07-07,0.0,3.0,1.0,1890,3330,1.5,0,0,4,1390,500,1901,,"4324 Dayton Ave N, Seattle, WA 98103, USA",20140707T000000,4324 Dayton Ave N,Seattle,WA 98103,USA,98103
2014-07-07,0.0,3.0,2.25,1620,1075,3.0,0,0,3,1540,80,2009,,"972 4th Ave NE, Issaquah, WA 98029, USA",20140707T000000,972 4th Ave NE,Issaquah,WA 98029,USA,98029
2014-07-08,0.0,2.0,1.0,770,8149,1.0,0,0,3,770,0,1948,,"16040 28th Ave NE, Shoreline, WA 98155, USA",20140708T000000,16040 28th Ave NE,Shoreline,WA 98155,USA,98155
2014-07-08,0.0,4.0,2.25,2890,18226,3.0,1,4,3,2890,0,1984,,"3227-3399 Mountain View Ave N, Renton, WA 98056, USA",20140708T000000,3227-3399 Mountain View Ave N,Renton,WA 98056,USA,98056
2014-07-08,0.0,3.0,1.0,1040,8892,1.0,0,0,4,800,240,1958,,"1028 SW 307th St, Federal Way, WA 98023, USA",20140708T000000,1028 SW 307th St,Federal Way,WA 98023,USA,98023
2014-07-08,0.0,4.0,2.5,2620,8331,2.0,0,0,3,2620,0,1991,,"13602 SE 186th Pl, Renton, WA 98058, USA",20140708T000000,13602 SE 186th Pl,Renton,WA 98058,USA,98058
2014-07-08,0.0,3.0,1.75,1880,5752,1.0,0,0,4,940,940,1945,,"3529 SW Webster St, Seattle, WA 98126, USA",20140708T000000,3529 SW Webster St,Seattle,WA 98126,USA,98126
2014-07-08,0.0,4.0,2.5,2530,8169,2.0,0,0,3,2530,0,1993,,"37654 18th Pl S, Federal Way, WA 98003, USA",20140708T000000,37654 18th Pl S,Federal Way,WA 98003,USA,98003
2014-07-08,0.0,3.0,2.5,2538,4600,2.0,0,0,3,2538,0,2013,,"5703 Charlotte Ave SE, Auburn, WA 98092, USA",20140708T000000,5703 Charlotte Ave SE,Auburn,WA 98092,USA,98092
2014-07-09,0.0,3.0,2.5,1610,7223,2.0,0,0,3,1610,0,1994,,"26306 127th Ave SE, Kent, WA 98030, USA",20140709T000000,26306 127th Ave SE,Kent,WA 98030,USA,98030
2014-07-09,0.0,3.0,1.75,1510,6360,1.0,0,0,4,1510,0,1954,,"501 N 143rd St, Seattle, WA 98133, USA",20140709T000000,501 N 143rd St,Seattle,WA 98133,USA,98133
2014-07-09,0.0,3.0,2.5,1460,7573,2.0,0,0,3,1460,0,1983,,"14855 SE 10th Pl, Bellevue, WA 98007, USA",20140709T000000,14855 SE 10th Pl,Bellevue,WA 98007,USA,98007
2014-07-09,0.0,3.0,2.5,3010,7014,2.0,0,0,3,3010,0,2009,,"759 Ilwaco Pl NE, Renton, WA 98059, USA",20140709T000000,759 Ilwaco Pl NE,Renton,WA 98059,USA,98059
2014-07-10,0.0,4.0,2.0,2090,6630,1.0,0,0,3,1070,1020,1974,,"5148 S Creston St, Seattle, WA 98178, USA",20140710T000000,5148 S Creston St,Seattle,WA 98178,USA,98178
2014-07-10,0.0,3.0,2.5,1490,8102,2.0,0,0,4,1490,0,1990,,"18717 SE 258th St, Covington, WA 98042, USA",20140710T000000,18717 SE 258th St,Covington,WA 98042,USA,98042
