price,bedrooms,bathrooms,sqft_living,sqft_lot,floors,waterfront,view,condition,sqft_above,sqft_basement,yr_built,yr_renovated,city,zipcode,was_renovated,effective_year,house_age,age_effective,price_per_sqft,years_since_reno,has_basement,basement_ratio,bath_per_bed,sqft_per_room,log_sqft_living,log_sqft_lot,cluster,split,segment
313000.0,3.0,1.5,1340,7912,1.5,0,0,3,1340,0,1955,,Shoreline,98133,0,1955,59,59.0,233.5820895522388,59.0,0,0.0,0.5,297.77777777777777,7.201170883281678,8.976262255609193,1,train,Compact Entry-Level
2384000.0,5.0,2.5,3650,9050,2.0,0,4,5,3370,280,1921,,Seattle,98119,0,1921,93,93.0,653.1506849315068,93.0,1,0.07671232876712329,0.5,486.6666666666667,8.202756381655638,9.11063052782717,2,train,Premium View Property
342000.0,3.0,2.0,1930,11947,1.0,0,0,4,1930,0,1966,,Kent,98042,0,1966,48,48.0,177.2020725388601,48.0,0,0.0,0.6666666666666666,386.0,7.565793282428515,9.388319179336001,1,train,Compact Entry-Level
420000.0,3.0,2.25,2000,8030,1.0,0,0,4,1000,1000,1963,,Bellevue,98008,0,1963,51,51.0,210.0,51.0,1,0.5,0.75,380.95238095238096,7.601402334583733,8.991064332188461,0,train,Established Family Home
550000.0,4.0,2.5,1940,10500,1.0,0,0,4,1140,800,1976,,Redmond,98052,0,1976,38,38.0,283.50515463917526,38.0,1,0.41237113402061853,0.625,298.46153846153845,7.57095858316901,9.259225769705994,0,train,Established Family Home
490000.0,2.0,1.0,880,6380,1.0,0,0,3,880,0,1938,1994.0,Seattle,98115,1,1994,76,20.0,556.8181818181819,20.0,0,0.0,0.5,293.3333333333333,6.78105762593618,8.761080103868347,1,train,Compact Entry-Level
335000.0,2.0,2.0,1350,2560,1.0,0,0,3,1350,0,1976,,Redmond,98052,0,1976,38,38.0,248.14814814814812,38.0,0,0.0,1.0,337.5,7.208600337960199,7.848153086199526,1,train,Compact Entry-Level
482000.0,4.0,2.5,2710,35868,2.0,0,0,3,2710,0,1989,,Maple Valley,98038,0,1989,25,25.0,177.85977859778598,25.0,0,0.0,0.625,416.9230769230769,7.905072849498666,10.487628691687759,3,train,New-Build Suburban Family
452500.0,3.0,2.5,2430,88426,1.0,0,0,4,1570,860,1985,,North Bend,98045,0,1985,29,29.0,186.2139917695473,29.0,1,0.35390946502057613,0.8333333333333334,441.8181818181818,7.796057974316123,11.389932631855782,0,test,Established Family Home
640000.0,4.0,2.0,1520,6200,1.5,0,0,3,1520,0,1945,,Seattle,98115,0,1945,69,69.0,421.05263157894734,69.0,0,0.0,0.5,253.33333333333334,7.327123292259293,8.732465848349879,1,train,Compact Entry-Level
463000.0,3.0,1.75,1710,7320,1.0,0,0,3,1710,0,1948,,Lake Forest Park,98155,0,1948,66,66.0,270.7602339181287,66.0,0,0.0,0.5833333333333334,360.0,7.444833273892193,8.898502209646642,1,train,Compact Entry-Level
1400000.0,4.0,2.5,2920,4000,1.5,0,0,5,1910,1010,1909,,Seattle,98105,0,1909,105,105.0,479.45205479452056,105.0,1,0.3458904109589041,0.625,449.2307692307692,7.979681302387741,8.294299608857235,0,train,Established Family Home
588500.0,3.0,1.75,2330,14892,1.0,0,0,3,1970,360,1980,,Sammamish,98074,0,1980,34,34.0,252.57510729613733,34.0,1,0.15450643776824036,0.5833333333333334,490.5263157894737,7.754052639035757,9.608646582885868,0,test,Established Family Home
365000.0,3.0,1.0,1090,6435,1.0,0,0,4,1090,0,1955,,Seattle,98106,0,1955,59,59.0,334.86238532110093,59.0,0,0.0,0.3333333333333333,272.5,6.994849985833071,8.769662508112274,1,train,Compact Entry-Level
1200000.0,5.0,2.75,2910,9480,1.5,0,0,3,2910,0,1939,,Seattle,98105,0,1939,75,75.0,412.37113402061857,75.0,0,0.0,0.55,375.48387096774195,7.976251943745623,9.15704507491796,3,test,New-Build Suburban Family
242500.0,3.0,1.5,1200,9720,1.0,0,0,4,1200,0,1965,,Kent,98042,0,1965,49,49.0,202.08333333333331,49.0,0,0.0,0.5,266.6666666666667,7.0909098220799835,9.18204377282107,1,train,Compact Entry-Level
419000.0,3.0,1.5,1570,6700,1.0,0,0,4,1570,0,1956,,Bellevue,98007,0,1956,58,58.0,266.8789808917197,58.0,0,0.0,0.5,348.8888888888889,7.359467638255621,8.81001204797317,1,train,Compact Entry-Level
367500.0,4.0,3.0,3110,7231,2.0,0,0,3,3110,0,1997,,Auburn,98092,0,1997,17,17.0,118.16720257234726,17.0,0,0.0,0.75,444.2857142857143,8.042699496897637,8.886270902072013,3,test,New-Build Suburban Family
257950.0,3.0,1.75,1370,5858,1.0,0,0,3,1370,0,1987,,Des Moines,98198,0,1987,27,27.0,188.28467153284672,27.0,0,0.0,0.5833333333333334,288.42105263157896,7.223295679562314,8.675734219544788,1,train,Compact Entry-Level
275000.0,3.0,1.5,1180,10277,1.0,0,0,3,1180,0,1983,,North Bend,98045,0,1983,31,31.0,233.05084745762716,31.0,0,0.0,0.5,262.22222222222223,7.074116816197362,9.237760967552175,1,train,Compact Entry-Level
750000.0,3.0,1.75,2240,10578,2.0,0,0,5,1550,690,1923,,Seattle,98115,0,1923,91,91.0,334.82142857142856,91.0,1,0.3080357142857143,0.5833333333333334,471.57894736842104,7.714677473800927,9.266626182986775,0,train,Established Family Home
435000.0,4.0,1.0,1450,8800,1.0,0,0,4,1450,0,1954,,Bellevue,98006,0,1954,60,60.0,300.0,60.0,0,0.0,0.25,290.0,7.280008252884188,9.082620630373812,1,train,Compact Entry-Level
626000.0,3.0,2.25,1750,1572,2.5,0,0,3,1470,280,2005,,Seattle,98102,0,2005,9,9.0,357.7142857142857,9.0,1,0.16,0.75,333.3333333333333,7.467942332285852,7.360739903058278,3,train,New-Build Suburban Family
612500.0,4.0,2.5,2730,12261,2.0,0,0,3,2730,0,1991,,Bothell,98011,0,1991,23,23.0,224.3589743589744,23.0,0,0.0,0.625,420.0,7.912423121473705,9.414260328322634,3,test,New-Build Suburban Family
495000.0,4.0,1.75,1600,6380,1.0,0,0,3,1130,470,1959,,Seattle,98125,0,1959,55,55.0,309.375,55.0,1,0.29375,0.4375,278.2608695652174,7.3783837129967145,8.761080103868347,0,train,Established Family Home
285000.0,3.0,2.5,2090,10834,1.0,0,0,4,1360,730,1987,,Federal Way,98003,0,1987,27,27.0,136.36363636363637,27.0,1,0.3492822966507177,0.8333333333333334,380.0,7.645397699428633,9.29053691397046,0,train,Established Family Home
615000.0,3.0,1.75,2360,7291,1.0,0,0,4,1360,1000,1948,,Seattle,98136,0,1948,66,66.0,260.59322033898303,66.0,1,0.423728813559322,0.5833333333333334,496.8421052631579,7.766840537085513,8.894533135798554,0,test,Established Family Home
698000.0,4.0,2.25,2200,11250,1.5,0,0,5,1300,900,1920,,Kirkland,98033,0,1920,94,94.0,317.27272727272725,94.0,1,0.4090909090909091,0.5625,352.0,7.696667081526462,9.328212292571072,0,train,Established Family Home
675000.0,5.0,2.5,2820,67518,2.0,0,0,3,2820,0,1979,,Issaquah,98029,0,1979,35,35.0,239.3617021276596,35.0,0,0.0,0.5,376.0,7.944846711001996,11.120164318733623,3,train,New-Build Suburban Family
790000.0,3.0,2.5,2600,4750,1.0,0,0,4,1700,900,1951,,Seattle,98117,0,1951,63,63.0,303.84615384615387,63.0,1,0.34615384615384615,0.8333333333333334,472.72727272727275,7.8636512654486515,8.46611040118692,0,test,Established Family Home
382500.0,4.0,1.75,1560,8700,1.0,0,0,4,1560,0,1967,,Kirkland,98034,0,1967,47,47.0,245.19230769230768,47.0,0,0.0,0.4375,271.30434782608694,7.353081920515432,9.071193240566025,1,test,Compact Entry-Level
499950.0,4.0,2.5,2860,3345,2.0,0,0,3,2190,670,2004,,Woodinville,98072,0,2004,10,10.0,174.80769230769232,10.0,1,0.23426573426573427,0.625,440.0,7.95892649305011,8.11552088154677,3,train,New-Build Suburban Family
650000.0,4.0,2.0,1820,5000,1.5,0,1,3,1640,180,1945,,Seattle,98115,0,1945,69,69.0,357.1428571428572,69.0,1,0.0989010989010989,0.5,303.3333333333333,7.507141079727608,8.517393171418904,0,test,Established Family Home
625000.0,4.0,2.5,2820,8408,2.0,0,0,3,2820,0,2014,,Shoreline,98155,0,2014,0,0.0,221.63120567375887,0.0,0,0.0,0.625,433.84615384615387,7.944846711001996,9.037057839832897,3,test,New-Build Suburban Family
400000.0,4.0,2.5,3630,42884,1.5,0,0,3,2300,1330,1979,,Auburn,98092,0,1979,35,35.0,110.19283746556474,35.0,1,0.36639118457300274,0.625,558.4615384615385,8.197263371414335,10.666277393424522,0,train,Established Family Home
604000.0,3.0,2.5,3240,33151,2.0,0,2,3,3240,0,1995,,Federal Way,98023,0,1995,19,19.0,186.41975308641972,19.0,0,0.0,0.8333333333333334,589.0909090909091,8.083637203141548,10.408858325619155,2,train,Premium View Property
440000.0,2.0,1.0,800,4850,1.0,0,0,4,800,0,1944,,Seattle,98107,0,1944,70,70.0,550.0,70.0,0,0.0,0.5,266.6666666666667,6.68586094706836,8.486940148245216,1,train,Compact Entry-Level
287200.0,3.0,3.0,1850,19966,1.0,0,0,4,1090,760,1992,,Maple Valley,98038,0,1992,22,22.0,155.24324324324326,22.0,1,0.41081081081081083,1.0,308.3333333333333,7.523481312573497,9.901836189786897,0,train,Established Family Home
403000.0,3.0,2.0,1960,13100,1.0,0,2,5,1650,310,1957,,Normandy Park,98166,0,1957,57,57.0,205.6122448979592,57.0,1,0.15816326530612246,0.6666666666666666,392.0,7.581209826196346,9.48044384215367,2,train,Premium View Property
750000.0,3.0,2.5,2390,6550,1.0,0,2,4,1440,950,1955,,Seattle,98116,0,1955,59,59.0,313.8075313807531,59.0,1,0.39748953974895396,0.8333333333333334,434.54545454545456,7.779466967458324,8.787372988731876,2,train,Premium View Property
335000.0,3.0,2.25,1580,16215,1.0,0,0,4,1580,0,1978,,Fall City,98024,0,1978,36,36.0,212.0253164556962,36.0,0,0.0,0.75,300.95238095238096,7.365812837209472,9.693753688131835,1,train,Compact Entry-Level
260000.0,4.0,2.0,1480,8625,1.0,0,0,4,1480,0,1974,,Renton,98055,0,1974,40,40.0,175.67567567567568,40.0,0,0.0,0.5,246.66666666666666,7.300472814267799,9.062536177207788,1,train,Compact Entry-Level
308500.0,2.0,1.0,850,6174,1.0,0,0,4,850,0,1950,,Shoreline,98155,0,1950,64,64.0,362.9411764705882,64.0,0,0.0,0.5,283.3333333333333,6.7464121285733745,8.728264161496178,1,train,Compact Entry-Level
439950.0,3.0,2.5,1770,2875,2.0,0,0,3,1770,0,1990,,Seattle,98116,0,1990,24,24.0,248.5593220338983,24.0,0,0.0,0.8333333333333334,321.8181818181818,7.479299637782834,7.964155718840937,3,test,New-Build Suburban Family
235000.0,2.0,1.0,1210,9400,1.0,0,0,2,1210,0,1949,,Seattle,98106,0,1949,65,65.0,194.21487603305783,65.0,0,0.0,0.5,403.3333333333333,7.099201743553092,9.148571345578551,1,test,Compact Entry-Level
315000.0,3.0,1.0,1160,9180,1.0,0,0,3,1160,0,1968,,Woodinville,98077,0,1968,46,46.0,271.55172413793105,46.0,0,0.0,0.3333333333333333,290.0,7.057036981697891,9.1248914101437,1,test,Compact Entry-Level
437500.0,3.0,2.25,1970,35100,2.0,0,0,4,1970,0,1977,,Issaquah,98027,0,1977,37,37.0,222.08121827411168,37.0,0,0.0,0.75,375.23809523809524,7.58629630715272,10.465984899076615,3,train,New-Build Suburban Family
407500.0,3.0,2.5,1930,10460,2.0,0,0,3,1930,0,1996,,Renton,98059,0,1996,18,18.0,211.13989637305696,18.0,0,0.0,0.8333333333333334,350.90909090909093,7.565793282428515,9.25540933534376,3,train,New-Build Suburban Family
445700.0,3.0,2.5,1270,1180,3.0,0,0,3,1270,0,2001,,Seattle,98107,0,2001,13,13.0,350.9448818897638,13.0,0,0.0,0.8333333333333334,230.9090909090909,7.147559271189454,7.074116816197362,3,train,New-Build Suburban Family
838000.0,4.0,2.5,3310,42998,2.0,0,0,3,3310,0,2001,,Redmond,98052,0,2001,13,13.0,253.17220543806647,13.0,0,0.0,0.625,509.2307692307692,8.105005537547246,10.668932138591325,3,train,New-Build Suburban Family
630000.0,4.0,2.75,2710,37277,2.0,0,0,3,2710,0,2000,,Issaquah,98027,0,2000,14,14.0,232.47232472324723,14.0,0,0.0,0.6875,401.48148148148147,7.905072849498666,10.52615861929175,3,train,New-Build Suburban Family
550000.0,3.0,1.75,2910,35200,1.5,0,0,3,2910,0,1979,,Sammamish,98075,0,1979,35,35.0,189.00343642611685,35.0,0,0.0,0.5833333333333334,612.6315789473684,7.976251943745623,10.468829770273567,3,test,New-Build Suburban Family
805000.0,3.0,2.0,2710,4500,1.5,0,0,4,1880,830,1929,,Seattle,98115,0,1929,85,85.0,297.0479704797048,85.0,1,0.3062730627306273,0.6666666666666666,542.0,7.905072849498666,8.412054873292933,0,test,Established Family Home
284000.0,3.0,1.75,1800,23103,1.0,0,0,3,1800,0,1968,,Carnation,98014,0,1968,46,46.0,157.77777777777777,46.0,0,0.0,0.5833333333333334,378.94736842105266,7.496097345175956,10.047761041692553,1,train,Compact Entry-Level
470000.0,5.0,2.5,2210,9655,1.0,0,0,3,1460,750,1976,,Bothell,98011,0,1976,38,38.0,212.66968325791856,38.0,1,0.3393665158371041,0.5,294.6666666666667,7.701200180857446,9.175334762777368,0,train,Established Family Home
430000.0,4.0,1.5,1920,10000,1.0,0,0,4,1070,850,1954,,Bellevue,98006,0,1954,60,60.0,223.95833333333331,60.0,1,0.4427083333333333,0.375,349.09090909090907,7.560601162768557,9.210440366976517,0,train,Established Family Home
491500.0,4.0,1.75,2190,125452,1.0,0,2,3,2190,0,1968,,Auburn,98092,0,1968,46,46.0,224.42922374429224,46.0,0,0.0,0.4375,380.8695652173913,7.692113339595466,11.73968646541856,2,test,Premium View Property
785000.0,5.0,3.25,3660,11995,2.0,0,2,3,3660,0,2006,,Snoqualmie,98065,0,2006,8,8.0,214.4808743169399,8.0,0,0.0,0.65,443.6363636363636,8.205491613120236,9.392328539868899,2,train,Premium View Property
385000.0,3.0,3.25,1320,1327,2.0,0,0,3,1040,280,2008,,Seattle,98199,0,2008,6,6.0,291.6666666666667,6.0,1,0.21212121212121213,1.0833333333333333,211.2,7.186144304522325,7.191429330036379,3,train,New-Build Suburban Family
295000.0,2.0,2.5,1630,1368,2.0,0,0,3,1280,350,2009,,Seattle,98106,0,2009,5,5.0,180.98159509202452,5.0,1,0.2147239263803681,1.25,362.22222222222223,7.396948602621014,7.221835825288449,3,train,New-Build Suburban Family
555000.0,4.0,2.5,3310,6500,2.0,0,0,3,3310,0,2012,,Snoqualmie,98065,0,2012,2,2.0,167.67371601208458,2.0,0,0.0,0.625,509.2307692307692,8.105005537547246,8.77971129020447,3,train,New-Build Suburban Family
459990.0,3.0,2.5,2680,5539,2.0,0,0,3,2680,0,2013,,North Bend,98045,0,2013,1,1.0,171.63805970149255,1.0,0,0.0,0.8333333333333334,487.27272727272725,7.893945138235959,8.61974977974133,3,test,New-Build Suburban Family
625000.0,4.0,3.25,2730,54014,1.0,0,0,3,1560,1170,2007,,Renton,98059,0,2007,7,7.0,228.9377289377289,7.0,1,0.42857142857142855,0.8125,376.55172413793105,7.912423121473705,10.897017064751084,0,train,Established Family Home
300000.0,3.0,2.5,2540,5050,2.0,0,0,3,2540,0,2006,,Kent,98042,0,2006,8,8.0,118.11023622047244,8.0,0,0.0,0.8333333333333334,461.8181818181818,7.840312983320164,8.527341522468053,3,train,New-Build Suburban Family
625000.0,4.0,2.75,2920,6605,2.0,0,0,3,2920,0,2012,,Renton,98059,0,2012,2,2.0,214.04109589041096,2.0,0,0.0,0.6875,432.5925925925926,7.979681302387741,8.795733605950735,3,train,New-Build Suburban Family
553000.0,2.0,1.0,900,5000,1.0,0,0,3,900,0,1944,,Seattle,98117,0,1944,70,70.0,614.4444444444445,70.0,0,0.0,0.5,300.0,6.803505257608338,8.517393171418904,1,train,Compact Entry-Level
379880.0,3.0,2.5,1650,14054,1.0,0,0,4,1130,520,1986,,Issaquah,98027,0,1986,28,28.0,230.23030303030305,28.0,1,0.3151515151515151,0.8333333333333334,300.0,7.409136443920128,9.550733483340633,0,train,Established Family Home
310000.0,3.0,1.0,1010,9945,1.0,0,0,4,1010,0,1973,,Snoqualmie,98065,0,1973,41,41.0,306.9306930693069,41.0,0,0.0,0.3333333333333333,252.5,6.918695219020472,9.204925739274683,1,train,Compact Entry-Level
775000.0,2.0,2.5,2680,7392,1.0,0,0,3,2680,0,2004,,Redmond,98053,0,2004,10,10.0,289.179104477612,10.0,0,0.0,1.25,595.5555555555555,7.893945138235959,8.9082888855571,3,train,New-Build Suburban Family
365000.0,3.0,2.5,2200,7350,1.0,0,0,5,1570,630,1988,,Renton,98058,0,1988,26,26.0,165.9090909090909,26.0,1,0.2863636363636364,0.8333333333333334,400.0,7.696667081526462,8.902591637374087,0,test,Established Family Home
331950.0,4.0,2.5,2530,9933,2.0,0,2,3,2010,520,1990,,Auburn,98092,0,1990,24,24.0,131.20553359683794,24.0,1,0.20553359683794467,0.625,389.2307692307692,7.836369760545124,9.203718495667296,2,test,Premium View Property
783500.0,3.0,2.5,2850,7130,2.0,0,0,3,1990,860,1980,,Seattle,98122,0,1980,34,34.0,274.9122807017544,34.0,1,0.3017543859649123,0.8333333333333334,518.1818181818181,7.955425088912672,8.872206756028303,3,train,New-Build Suburban Family
628000.0,4.0,2.0,2280,6010,1.0,0,0,3,1140,1140,1900,,Seattle,98122,0,1900,114,114.0,275.43859649122805,114.0,1,0.5,0.5,380.0,7.732369222284388,8.701346403039162,0,train,Established Family Home
560000.0,3.0,2.5,1900,8744,2.0,0,0,3,1900,0,1987,,Sammamish,98074,0,1987,27,27.0,294.7368421052632,27.0,0,0.0,0.8333333333333334,345.45454545454544,7.550135342488429,9.076237387452702,3,test,New-Build Suburban Family
900000.0,3.0,1.0,1330,77972,1.0,0,0,3,1330,0,1928,1954.0,Kirkland,98033,1,1954,86,60.0,676.6917293233083,60.0,0,0.0,0.3333333333333333,332.5,7.193685818395112,11.264117891900502,1,train,Compact Entry-Level
531000.0,2.0,3.0,1270,1175,2.0,0,0,3,1110,160,2000,,Seattle,98103,0,2000,14,14.0,418.1102362204724,14.0,1,0.12598425196850394,1.5,254.0,7.147559271189454,7.069874128458572,3,train,New-Build Suburban Family
831000.0,4.0,3.0,2170,4000,2.0,0,0,4,1610,560,1982,2011.0,Seattle,98112,1,2011,32,3.0,382.94930875576034,3.0,1,0.25806451612903225,0.75,310.0,7.682943169878292,8.294299608857235,0,train,Established Family Home
780000.0,4.0,2.5,2730,10281,2.0,0,2,3,2730,0,1996,,Sammamish,98074,0,1996,18,18.0,285.7142857142857,18.0,0,0.0,0.625,420.0,7.912423121473705,9.23815007261545,2,train,Premium View Property
755000.0,4.0,2.5,2120,10202,1.0,0,0,4,1620,500,1960,,Bellevue,98005,0,1960,54,54.0,356.1320754716981,54.0,1,0.2358490566037736,0.625,326.15384615384613,7.659642954564682,9.230437073675304,0,train,Established Family Home
705380.0,3.0,2.5,2490,4343,2.0,0,0,3,2490,0,2003,,Issaquah,98029,0,2003,11,11.0,283.285140562249,11.0,0,0.0,0.8333333333333334,452.72727272727275,7.820439515262181,8.37655086161377,3,train,New-Build Suburban Family
627000.0,4.0,2.25,1990,7712,1.0,0,0,3,1210,780,1973,,Issaquah,98027,0,1973,41,41.0,315.0753768844221,41.0,1,0.39195979899497485,0.5625,318.4,7.596392304064196,8.950662495933999,0,test,Established Family Home
865000.0,4.0,3.0,3690,9892,2.0,0,0,3,3690,0,1998,,Sammamish,98075,0,1998,16,16.0,234.41734417344173,16.0,0,0.0,0.75,527.1428571428571,8.213652703029998,9.199582715323222,3,train,New-Build Suburban Family
580000.0,2.0,1.0,2540,7000,1.0,0,0,5,1320,1220,1942,,Seattle,98118,0,1942,72,72.0,228.3464566929134,72.0,1,0.48031496062992124,0.5,846.6666666666666,7.840312983320164,8.853808274977197,0,train,Established Family Home
410000.0,3.0,2.25,1800,36704,1.0,0,0,4,1360,440,1978,,Issaquah,98027,0,1978,36,36.0,227.77777777777777,36.0,1,0.24444444444444444,0.75,342.85714285714283,7.496097345175956,10.510668264544881,0,train,Established Family Home
485000.0,4.0,3.0,2340,7048,1.0,0,0,4,1340,1000,1979,,Kirkland,98034,0,1979,35,35.0,207.26495726495727,35.0,1,0.42735042735042733,0.75,334.2857142857143,7.75833346749091,8.860641041773876,0,test,Established Family Home
400000.0,2.0,1.75,2110,9519,1.0,0,0,2,2110,0,1948,,Shoreline,98155,0,1948,66,66.0,189.5734597156398,66.0,0,0.0,0.875,562.6666666666666,7.65491704784832,9.161150127785412,1,train,Compact Entry-Level
549000.0,2.0,1.0,1140,5400,1.0,0,0,5,1140,0,1908,,Seattle,98112,0,1908,106,106.0,481.578947368421,106.0,0,0.0,0.5,380.0,7.039660349862076,8.594339400592892,1,train,Compact Entry-Level
620000.0,3.0,1.75,1480,2185,2.5,0,0,3,1480,0,2005,,Kirkland,98033,0,2005,9,9.0,418.9189189189189,9.0,0,0.0,0.5833333333333334,311.57894736842104,7.300472814267799,7.689828668736484,3,train,New-Build Suburban Family
405000.0,2.0,3.0,1410,1240,2.0,0,0,3,1140,270,2006,,Seattle,98136,0,2006,8,8.0,287.2340425531915,8.0,1,0.19148936170212766,1.5,282.0,7.252053951852814,7.123672785204607,3,train,New-Build Suburban Family
232000.0,2.0,1.0,1200,8063,1.0,0,0,4,1200,0,1958,,Des Moines,98198,0,1958,56,56.0,193.33333333333331,56.0,0,0.0,0.5,400.0,7.0909098220799835,8.99516499031115,1,train,Compact Entry-Level
800866.0,5.0,2.5,3180,13806,2.0,0,0,4,3180,0,1990,,Kirkland,98033,0,1990,24,24.0,251.8446540880503,24.0,0,0.0,0.5,424.0,8.064950891749143,9.532930988916153,3,train,New-Build Suburban Family
650000.0,3.0,1.5,2160,9000,1.0,0,2,4,1400,760,1949,,Seattle,98177,0,1949,65,65.0,300.9259259259259,65.0,1,0.35185185185185186,0.5,480.0,7.6783263565068856,9.105090961257085,2,train,Premium View Property
823000.0,6.0,1.75,2920,5000,2.5,0,0,4,2780,140,1908,,Seattle,98122,0,1908,106,106.0,281.8493150684931,106.0,1,0.04794520547945205,0.2916666666666667,376.7741935483871,7.979681302387741,8.517393171418904,0,train,Established Family Home
770000.0,3.0,2.0,2350,5700,1.5,0,0,4,1810,540,1939,,Seattle,98112,0,1939,75,75.0,327.6595744680851,75.0,1,0.2297872340425532,0.6666666666666666,470.0,7.762596048540069,8.648396877031582,0,test,Established Family Home
524000.0,3.0,1.75,1560,5520,1.0,0,0,4,780,780,1944,,Seattle,98199,0,1944,70,70.0,335.8974358974359,70.0,1,0.5,0.5833333333333334,328.42105263157896,7.353081920515432,8.616314282284044,0,train,Established Family Home
541125.0,5.0,2.75,2740,8426,1.0,0,0,4,1370,1370,1960,,Bellevue,98006,0,1960,54,54.0,197.4908759124088,54.0,1,0.5,0.55,353.5483870967742,7.916078096302786,9.039196115772354,0,test,Established Family Home
670000.0,3.0,2.5,1680,2000,3.0,0,0,3,1680,0,1909,1998.0,Seattle,98105,1,1998,105,16.0,398.8095238095238,16.0,0,0.0,0.8333333333333334,305.45454545454544,7.427144133408616,7.601402334583733,3,test,New-Build Suburban Family
384900.0,5.0,2.5,3090,12750,1.0,0,0,3,1750,1340,1968,,Federal Way,98023,0,1968,46,46.0,124.5631067961165,46.0,1,0.4336569579288026,0.5,412.0,8.036249942132116,9.453364978883542,0,train,Established Family Home
406100.0,3.0,2.25,1410,1332,3.0,0,0,3,1410,0,2005,,Seattle,98103,0,2005,9,9.0,288.01418439716315,9.0,0,0.0,0.75,268.57142857142856,7.252053951852814,7.195187320178709,3,train,New-Build Suburban Family
1395000.0,5.0,3.5,4010,8510,2.0,0,1,5,2850,1160,1971,,Seattle,98105,0,1971,43,43.0,347.8802992518703,43.0,1,0.2892768079800499,0.7,471.7647058823529,8.296795865770052,9.049114723476961,2,test,Premium View Property
736500.0,4.0,2.5,3180,21904,2.0,0,3,3,3180,0,2000,,Renton,98059,0,2000,14,14.0,231.60377358490567,14.0,0,0.0,0.625,489.2307692307692,8.064950891749143,9.994470200248,2,train,Premium View Property
570000.0,3.0,2.25,2010,6000,1.0,0,0,3,1330,680,1975,,Redmond,98052,0,1975,39,39.0,283.5820895522388,39.0,1,0.3383084577114428,0.75,382.85714285714283,7.606387389772652,8.699681400989514,0,train,Established Family Home
787000.0,3.0,1.75,1330,7500,1.0,0,0,3,1330,0,1961,,Bellevue,98004,0,1961,53,53.0,591.7293233082706,53.0,0,0.0,0.5833333333333334,280.0,7.193685818395112,8.922791623969637,1,train,Compact Entry-Level
328000.0,4.0,2.5,2370,6500,2.0,0,0,3,2370,0,1998,,Auburn,98092,0,1998,16,16.0,138.39662447257385,16.0,0,0.0,0.625,364.61538461538464,7.771067086065406,8.77971129020447,3,train,New-Build Suburban Family
435000.0,5.0,2.0,1840,9240,1.0,0,0,4,1540,300,1942,1958.0,Seattle,98133,1,1958,72,56.0,236.41304347826087,56.0,1,0.16304347826086957,0.4,262.85714285714283,7.518064181233078,9.13140538388804,0,train,Established Family Home
499000.0,4.0,2.5,2910,6479,2.0,0,0,3,2910,0,2006,,Snoqualmie,98065,0,2006,8,8.0,171.47766323024055,8.0,0,0.0,0.625,447.6923076923077,7.976251943745623,8.776475789346321,3,train,New-Build Suburban Family
501000.0,4.0,1.0,2070,7519,1.0,0,0,3,1160,910,1963,,Bellevue,98008,0,1963,51,51.0,242.0289855072464,51.0,1,0.4396135265700483,0.25,414.0,7.635786861395585,8.925321416943886,0,train,Established Family Home
1090000.0,4.0,2.5,4340,141570,2.5,0,0,3,4340,0,1992,,Redmond,98053,0,1992,22,22.0,251.1520737327189,22.0,0,0.0,0.625,667.6923076923077,8.375860015299594,11.860556637007022,3,train,New-Build Suburban Family
400000.0,2.0,1.0,840,5510,1.0,0,0,3,840,0,1955,,Seattle,98136,0,1955,59,59.0,476.1904761904762,59.0,0,0.0,0.5,280.0,6.734591659972948,8.614501373883236,1,train,Compact Entry-Level
220000.0,4.0,1.5,1240,9600,1.0,0,0,3,1240,0,1971,,Federal Way,98023,0,1971,43,43.0,177.4193548387097,43.0,0,0.0,0.375,225.45454545454547,7.123672785204607,9.169622538697624,1,test,Compact Entry-Level
657100.0,4.0,1.0,1390,4240,1.0,0,0,3,1050,340,1924,,Seattle,98103,0,1924,90,90.0,472.7338129496403,90.0,1,0.2446043165467626,0.25,278.0,7.237778191923443,8.352554369474591,0,train,Established Family Home
309950.0,4.0,2.75,2310,5000,2.0,0,0,3,2310,0,2006,,Maple Valley,98038,0,2006,8,8.0,134.17748917748918,8.0,0,0.0,0.6875,342.22222222222223,7.745435610274381,8.517393171418904,3,train,New-Build Suburban Family
300000.0,3.0,2.0,1050,10072,1.0,0,0,3,1050,0,1986,,Duvall,98019,0,1986,28,28.0,285.7142857142857,28.0,0,0.0,0.6666666666666666,210.0,6.957497370876951,9.21761385594268,1,train,Compact Entry-Level
525888.0,5.0,1.75,2550,71874,1.0,0,0,5,1810,740,1960,,Issaquah,98027,0,1960,54,54.0,206.2305882352941,54.0,1,0.2901960784313726,0.35,377.77777777777777,7.844240718141811,11.182683778099651,0,test,Established Family Home
740000.0,4.0,1.75,2010,3600,1.5,0,0,3,2010,0,1902,,Seattle,98119,0,1902,112,112.0,368.1592039800995,112.0,0,0.0,0.4375,349.5652173913044,7.606387389772652,8.188966863648876,1,train,Compact Entry-Level
340000.0,5.0,1.0,1120,9022,1.5,0,0,4,1120,0,1962,,Kirkland,98034,0,1962,52,52.0,303.57142857142856,52.0,0,0.0,0.2,186.66666666666666,7.02197642307216,9.107532151994501,1,train,Compact Entry-Level
398750.0,3.0,2.5,2230,4000,2.0,0,0,3,2230,0,1954,,Seattle,98144,0,1954,60,60.0,178.81165919282512,60.0,0,0.0,0.8333333333333334,405.45454545454544,7.7102051944325325,8.294299608857235,3,train,New-Build Suburban Family
206000.0,2.0,1.0,810,7158,1.0,0,0,5,810,0,1944,,Burien,98168,0,1944,70,70.0,254.320987654321,70.0,0,0.0,0.5,270.0,6.698268054115413,8.876125585396185,1,train,Compact Entry-Level
1030000.0,5.0,2.75,3190,16920,1.0,0,3,3,1690,1500,1976,,Bellevue,98006,0,1976,38,38.0,322.88401253918494,38.0,1,0.4702194357366771,0.55,411.61290322580646,8.068089626278244,9.736310733068626,2,train,Premium View Property
600000.0,3.0,1.75,1670,39639,1.0,0,0,4,1670,0,1976,1992.0,Sammamish,98075,1,1992,38,22.0,359.2814371257485,22.0,0,0.0,0.5833333333333334,351.57894736842104,7.421177528595393,10.587593988443924,1,train,Compact Entry-Level
379950.0,4.0,1.75,1970,9389,1.0,0,0,5,1140,830,1960,,Shoreline,98133,0,1960,54,54.0,192.8680203045685,54.0,1,0.4213197969543147,0.4375,342.60869565217394,7.58629630715272,9.147400572202308,0,test,Established Family Home
287000.0,3.0,1.0,1450,6000,1.0,0,0,4,1450,0,1953,,Seattle,98118,0,1953,61,61.0,197.93103448275863,61.0,0,0.0,0.3333333333333333,362.5,7.280008252884188,8.699681400989514,1,train,Compact Entry-Level
2280000.0,7.0,8.0,13540,307752,3.0,0,4,3,9410,4130,1999,,Redmond,98053,0,1999,15,15.0,168.38995568685377,15.0,1,0.3050221565731167,1.1428571428571428,902.6666666666666,9.513477398982824,12.637052792171405,2,test,Premium View Property
309950.0,3.0,2.5,1880,7838,2.0,0,0,3,1880,0,1994,,Renton,98055,0,1994,20,20.0,164.86702127659575,20.0,0,0.0,0.8333333333333334,341.8181818181818,7.53955882930103,8.966866554188723,3,train,New-Build Suburban Family
600000.0,3.0,1.75,1880,6360,1.0,0,0,4,1040,840,1945,,Seattle,98115,0,1945,69,69.0,319.1489361702128,69.0,1,0.44680851063829785,0.5833333333333334,395.7894736842105,7.53955882930103,8.757940876678804,0,train,Established Family Home
418000.0,3.0,2.0,1410,6030,1.5,0,0,4,1410,0,1930,,Seattle,98103,0,1930,84,84.0,296.45390070921985,84.0,0,0.0,0.6666666666666666,282.0,7.252053951852814,8.704668113450987,1,train,Compact Entry-Level
449250.0,4.0,2.0,1480,3844,1.5,0,0,5,1480,0,1928,,Seattle,98133,0,1928,86,86.0,303.5472972972973,86.0,0,0.0,0.5,246.66666666666666,7.300472814267799,8.254528881939745,1,train,Compact Entry-Level
329950.0,2.0,1.0,1140,5250,1.5,0,0,4,1140,0,1949,,Seattle,98133,0,1949,65,65.0,289.4298245614035,65.0,0,0.0,0.5,380.0,7.039660349862076,8.566173813637858,1,train,Compact Entry-Level
245000.0,3.0,1.75,1920,9306,1.0,0,0,3,1000,920,1984,,Auburn,98001,0,1984,30,30.0,127.60416666666669,30.0,1,0.4791666666666667,0.5833333333333334,404.2105263157895,7.560601162768557,9.13852208418571,0,train,Established Family Home
549000.0,4.0,2.5,2910,6338,2.0,0,0,3,2910,0,2008,,Renton,98059,0,2008,6,6.0,188.659793814433,6.0,0,0.0,0.625,447.6923076923077,7.976251943745623,8.754476306284166,3,train,New-Build Suburban Family
800000.0,3.0,2.5,3240,7857,2.0,0,0,3,3240,0,1994,,Sammamish,98075,0,1994,20,20.0,246.9135802469136,20.0,0,0.0,0.8333333333333334,589.0909090909091,8.083637203141548,8.969287400118406,3,train,New-Build Suburban Family
249950.0,3.0,2.0,1550,15040,1.0,0,0,4,1550,0,1958,,Renton,98059,0,1958,56,56.0,161.25806451612902,56.0,0,0.0,0.6666666666666666,310.0,7.346655163176539,9.618535084655214,1,train,Compact Entry-Level
210000.0,5.0,2.0,2050,10200,1.0,0,0,3,1430,620,1956,,Des Moines,98198,0,1956,58,58.0,102.4390243902439,58.0,1,0.3024390243902439,0.4,292.85714285714283,7.62608275807238,9.23024103368252,0,test,Established Family Home
1425000.0,2.0,2.5,2220,4000,2.0,0,0,3,2220,0,2000,,Seattle,98112,0,2000,14,14.0,641.8918918918919,14.0,0,0.0,1.25,493.3333333333333,7.7057128238944275,8.294299608857235,3,train,New-Build Suburban Family
585000.0,2.0,1.0,1770,8640,1.5,0,0,3,1520,250,1949,,Seattle,98117,0,1949,65,65.0,330.5084745762712,65.0,1,0.14124293785310735,0.5,590.0,7.479299637782834,9.0642735958414,1,test,Compact Entry-Level
615000.0,4.0,1.75,2300,11700,1.0,0,0,4,1960,340,1977,,Redmond,98052,0,1977,37,37.0,267.39130434782606,37.0,1,0.14782608695652175,0.4375,400.0,7.741099090035366,9.367429587218957,0,train,Established Family Home
618500.0,3.0,2.0,1800,5000,1.0,0,0,4,1080,720,1942,,Seattle,98115,0,1942,72,72.0,343.6111111111111,72.0,1,0.4,0.6666666666666666,360.0,7.496097345175956,8.517393171418904,0,train,Established Family Home
487585.0,4.0,1.75,2010,9211,1.0,0,0,3,1470,540,1977,,Kirkland,98034,0,1977,37,37.0,242.57960199004972,37.0,1,0.26865671641791045,0.4375,349.5652173913044,7.606387389772652,9.128262260940575,0,train,Established Family Home
509900.0,3.0,2.5,1790,2700,2.0,0,0,3,1790,0,2010,,Issaquah,98027,0,2010,4,4.0,284.86033519553075,4.0,0,0.0,0.8333333333333334,325.45454545454544,7.490529402060711,7.901377353792616,3,train,New-Build Suburban Family
631625.0,4.0,2.5,2440,6651,2.0,0,0,3,2440,0,2014,,Seattle,98117,0,2014,0,0.0,258.8627049180328,0.0,0,0.0,0.625,375.38461538461536,7.80016307039296,8.802672840312818,3,train,New-Build Suburban Family
555000.0,3.0,2.5,1940,3211,2.0,0,0,3,1940,0,2009,,Issaquah,98027,0,2009,5,5.0,286.0824742268041,5.0,0,0.0,0.8333333333333334,352.72727272727275,7.57095858316901,8.074649075066652,3,train,New-Build Suburban Family
340000.0,2.0,1.5,1160,1438,2.0,0,0,3,1160,0,2001,,Seattle,98144,0,2001,13,13.0,293.1034482758621,13.0,0,0.0,0.75,331.42857142857144,7.057036981697891,7.271703706887368,1,train,Compact Entry-Level
830000.0,4.0,2.5,3400,9692,2.0,0,0,3,3400,0,2007,,Redmond,98052,0,2007,7,7.0,244.11764705882356,7.0,0,0.0,0.625,523.0769230769231,8.131824785007195,9.179159254492609,3,train,New-Build Suburban Family
890000.0,4.0,4.25,4420,5750,2.0,0,0,3,3410,1010,2006,,Issaquah,98027,0,2006,8,8.0,201.35746606334845,8.0,1,0.22850678733031674,1.0625,535.7575757575758,8.394121193826242,8.657129031713755,3,train,New-Build Suburban Family
366750.0,3.0,3.0,1571,2017,3.0,0,0,3,1571,0,2008,,Seattle,98125,0,2008,6,6.0,233.45003182686187,6.0,0,0.0,1.0,261.8333333333333,7.360103972989152,7.609862200913554,3,test,New-Build Suburban Family
415000.0,3.0,2.25,1620,998,2.5,0,0,3,1540,80,2010,,Issaquah,98029,0,2010,4,4.0,256.17283950617286,4.0,1,0.04938271604938271,0.75,308.57142857142856,7.390798521735676,6.906754778648554,3,train,New-Build Suburban Family
416286.0,3.0,2.5,1408,989,3.0,0,0,3,1408,0,2005,,Seattle,98115,0,2005,9,9.0,295.65767045454544,9.0,0,0.0,0.8333333333333334,256.0,7.25063551189868,6.897704943128636,3,train,New-Build Suburban Family
478000.0,3.0,2.5,3040,4535,2.0,0,0,3,3040,0,2007,,Renton,98056,0,2007,7,7.0,157.23684210526315,7.0,0,0.0,0.8333333333333334,552.7272727272727,8.019941687677365,8.419800845407588,3,train,New-Build Suburban Family
890000.0,5.0,3.5,4490,6000,2.0,0,0,3,3200,1290,2006,,Issaquah,98027,0,2006,8,8.0,198.21826280623608,8.0,1,0.2873051224944321,0.7,528.2352941176471,8.409830673087738,8.699681400989514,3,train,New-Build Suburban Family
419190.0,2.0,2.5,1590,1426,2.0,0,0,3,1590,0,2014,,Issaquah,98029,0,2014,0,0.0,263.64150943396226,0.0,0,0.0,1.25,353.3333333333333,7.372118028337787,7.2633296174768365,3,test,New-Build Suburban Family
712198.0,4.0,2.5,2450,4247,2.0,0,0,3,2450,0,2013,,Redmond,98052,0,2013,1,1.0,290.6930612244898,1.0,0,0.0,0.625,376.9230769230769,7.804251383528112,8.354203562921775,3,test,New-Build Suburban Family
397000.0,4.0,2.0,1440,7680,1.0,0,0,3,1200,240,1971,,Kirkland,98034,0,1971,43,43.0,275.69444444444446,43.0,1,0.16666666666666666,0.5,240.0,7.273092595999522,8.946505025998682,0,test,Established Family Home
450000.0,2.0,2.0,1100,3000,1.5,0,0,3,1100,0,1912,2005.0,Seattle,98117,1,2005,102,9.0,409.09090909090907,9.0,0,0.0,1.0,275.0,7.00397413672268,8.006700845440367,1,test,Compact Entry-Level
353000.0,3.0,1.0,1350,7740,1.0,0,0,4,860,490,1947,,Seattle,98125,0,1947,67,67.0,261.48148148148147,67.0,1,0.362962962962963,0.3333333333333333,337.5,7.208600337960199,8.954286157204713,1,train,Compact Entry-Level
609000.0,4.0,2.5,2150,37981,2.0,0,0,3,2150,0,1985,,Redmond,98052,0,1985,29,29.0,283.2558139534884,29.0,0,0.0,0.625,330.7692307692308,7.67368812926773,10.544867642274191,3,train,New-Build Suburban Family
234000.0,3.0,1.75,1490,8366,1.0,0,0,4,1010,480,1975,,Covington,98042,0,1975,39,39.0,157.04697986577182,39.0,1,0.3221476510067114,0.5833333333333334,313.6842105263158,7.307202314764738,9.032050676295599,0,train,Established Family Home
561000.0,3.0,2.0,2000,7000,2.0,0,0,3,2000,0,1916,1986.0,Seattle,98136,1,1986,98,28.0,280.5,28.0,0,0.0,0.6666666666666666,400.0,7.601402334583733,8.853808274977197,1,test,Compact Entry-Level
469000.0,2.0,1.0,1030,4400,1.0,0,0,3,1030,0,1924,,Seattle,98117,0,1924,90,90.0,455.3398058252427,90.0,0,0.0,0.5,343.3333333333333,6.93828448401696,8.38958706681109,1,test,Compact Entry-Level
329350.0,2.0,1.0,720,6687,1.0,0,0,3,720,0,1942,,Seattle,98117,0,1942,72,72.0,457.43055555555554,72.0,0,0.0,0.5,240.0,6.580639137284949,8.808070154764538,1,train,Compact Entry-Level
488000.0,5.0,2.0,2020,5000,1.5,0,0,4,2020,0,1938,,Seattle,98117,0,1938,76,76.0,241.5841584158416,76.0,0,0.0,0.4,288.57142857142856,7.611347717403621,8.517393171418904,0,train,Established Family Home
279900.0,3.0,1.75,1580,8151,1.0,0,1,4,1100,480,1962,,Des Moines,98198,0,1962,52,52.0,177.15189873417722,52.0,1,0.3037974683544304,0.5833333333333334,332.63157894736844,7.365812837209472,9.00601857490256,0,train,Established Family Home
606000.0,4.0,2.5,2110,13850,2.0,0,0,3,2110,0,1987,,Issaquah,98027,0,1987,27,27.0,287.2037914691943,27.0,0,0.0,0.625,324.61538461538464,7.65491704784832,9.536112711175099,3,train,New-Build Suburban Family
312000.0,4.0,2.0,1300,7054,1.0,0,0,3,1300,0,1950,2013.0,Seattle,98146,1,2013,64,1.0,240.0,1.0,0,0.0,0.5,216.66666666666666,7.170888478512505,8.861491864286915,1,train,Compact Entry-Level
650000.0,3.0,1.5,1630,7475,1.0,0,1,3,1160,470,1940,,Seattle,98115,0,1940,74,74.0,398.7730061349693,74.0,1,0.2883435582822086,0.5,362.22222222222223,7.396948602621014,8.919453168575453,0,train,Established Family Home
1135000.0,4.0,2.75,3370,8103,1.0,0,3,3,1970,1400,1970,2014.0,Seattle,98136,1,2014,44,0.0,336.7952522255193,0.0,1,0.41543026706231456,0.6875,499.25925925925924,8.12296471523406,9.000113045928519,2,train,Premium View Property
325000.0,4.0,2.5,1890,6156,1.0,0,0,3,980,910,1980,,Seattle,98106,0,1980,34,34.0,171.95767195767195,34.0,1,0.48148148148148145,0.625,290.7692307692308,7.544861068658458,8.72534492491121,0,train,Established Family Home
425000.0,4.0,2.0,1520,7983,1.0,0,0,5,1520,0,1967,,Inglewood-Finn Hill,98034,0,1967,47,47.0,279.60526315789474,47.0,0,0.0,0.5,253.33333333333334,7.327123292259293,8.9851948179913,0,test,Established Family Home
219000.0,2.0,1.0,900,5160,1.0,0,0,3,900,0,1952,,Seattle,98106,0,1952,62,62.0,243.33333333333331,62.0,0,0.0,0.5,300.0,6.803505257608338,8.548885638148727,1,train,Compact Entry-Level
250000.0,3.0,1.0,1050,6874,1.0,0,0,3,1050,0,1954,,Shoreline,98133,0,1954,60,60.0,238.0952380952381,60.0,0,0.0,0.3333333333333333,262.5,6.957497370876951,8.835646922534773,1,train,Compact Entry-Level
390000.0,3.0,1.75,1260,6500,1.0,0,0,4,1260,0,1966,,Bellevue,98008,0,1966,48,48.0,309.5238095238095,48.0,0,0.0,0.5833333333333334,265.2631578947368,7.13966033596492,8.77971129020447,1,train,Compact Entry-Level
475000.0,6.0,3.0,3470,117612,1.5,0,0,3,3470,0,1924,,Kenmore,98028,0,1924,90,90.0,136.88760806916426,90.0,0,0.0,0.5,385.55555555555554,8.152198015861787,11.675154852554789,0,test,Established Family Home
736000.0,4.0,2.5,2290,12047,2.0,0,0,4,2290,0,1988,,Bellevue,98006,0,1988,26,26.0,321.3973799126638,26.0,0,0.0,0.625,352.3076923076923,7.736743682453495,9.396653950039674,3,train,New-Build Suburban Family
407000.0,4.0,2.25,2810,23400,1.0,0,1,3,1710,1100,1958,,Des Moines,98198,0,1958,56,56.0,144.83985765124555,56.0,1,0.3914590747330961,0.5625,449.6,7.941295570906532,10.060534035475412,0,train,Established Family Home
272000.0,3.0,2.5,1650,13816,2.0,0,0,3,1650,0,1998,,Carnation,98014,0,1998,16,16.0,164.84848484848484,16.0,0,0.0,0.8333333333333334,300.0,7.409136443920128,9.53365499705667,3,train,New-Build Suburban Family
362000.0,3.0,2.25,1640,14374,1.0,0,0,4,1140,500,1963,,Burien,98148,0,1963,51,51.0,220.7317073170732,51.0,1,0.3048780487804878,0.75,312.3809523809524,7.403061091090091,9.573245865665552,0,test,Established Family Home
535000.0,3.0,2.5,1850,10109,2.0,0,0,3,1850,0,1991,,Kirkland,98034,0,1991,23,23.0,289.1891891891892,23.0,0,0.0,0.8333333333333334,336.3636363636364,7.523481312573497,9.221280312014517,3,test,New-Build Suburban Family
284000.0,4.0,2.5,2000,5390,2.0,0,0,3,2000,0,2003,,Kent,98042,0,2003,11,11.0,142.0,11.0,0,0.0,0.625,307.6923076923077,7.601402334583733,8.592486175451668,3,train,New-Build Suburban Family
367500.0,3.0,1.5,1410,9647,1.0,0,0,3,1410,0,1961,,Shoreline,98177,0,1961,53,53.0,260.63829787234044,53.0,0,0.0,0.5,313.3333333333333,7.252053951852814,9.174505918966966,1,test,Compact Entry-Level
379900.0,4.0,1.75,1500,11600,1.0,0,0,4,1000,500,1955,,Kenmore,98028,0,1955,59,59.0,253.26666666666668,59.0,1,0.3333333333333333,0.4375,260.8695652173913,7.313886831633462,9.358846580275406,0,train,Established Family Home
520000.0,3.0,2.5,2460,54885,2.0,0,0,4,2460,0,1980,,Renton,98059,0,1980,34,34.0,211.3821138211382,34.0,0,0.0,0.8333333333333334,447.27272727272725,7.8083230503910555,10.913013585869802,3,test,New-Build Suburban Family
175000.0,3.0,1.0,1010,7034,1.0,0,0,3,1010,0,1954,,Renton,98057,0,1954,60,60.0,173.26732673267327,60.0,0,0.0,0.3333333333333333,252.5,6.918695219020472,8.858652969548489,1,test,Compact Entry-Level
460000.0,2.0,2.25,1230,929,2.0,0,0,3,1020,210,2004,,Seattle,98112,0,2004,10,10.0,373.9837398373984,10.0,1,0.17073170731707318,1.125,289.4117647058824,7.115582126184454,6.835184586147301,3,train,New-Build Suburban Family
345000.0,4.0,2.5,2331,3826,2.0,0,0,3,2331,0,2007,,Renton,98058,0,2007,7,7.0,148.00514800514802,7.0,0,0.0,0.625,358.61538461538464,7.754481547470383,8.249836485425702,3,train,New-Build Suburban Family
455000.0,5.0,2.5,2240,7770,1.0,0,0,3,1340,900,1978,,Kirkland,98034,0,1978,36,36.0,203.125,36.0,1,0.4017857142857143,0.5,298.6666666666667,7.714677473800927,8.958154135209242,0,train,Established Family Home
610000.0,4.0,3.0,2450,10117,1.0,0,0,5,1580,870,1967,,Bellevue,98006,0,1967,47,47.0,248.9795918367347,47.0,1,0.3551020408163265,0.75,350.0,7.804251383528112,9.222071294851881,0,test,Established Family Home
563000.0,4.0,3.0,3100,15480,2.0,0,0,3,2400,700,1996,,Kenmore,98028,0,1996,18,18.0,181.6129032258065,18.0,1,0.22580645161290322,0.75,442.85714285714283,8.03947991910045,9.647368744540465,3,train,New-Build Suburban Family
612500.0,4.0,2.0,2060,5000,1.0,0,0,3,1030,1030,1949,2013.0,Seattle,98117,1,2013,65,1.0,297.33009708737865,1.0,1,0.5,0.5,343.3333333333333,7.630946580890459,8.517393171418904,0,train,Established Family Home
218000.0,3.0,1.75,1850,7684,1.0,0,0,3,1320,530,1979,,Federal Way,98023,0,1979,35,35.0,117.83783783783784,35.0,1,0.2864864864864865,0.5833333333333334,389.4736842105263,7.523481312573497,8.947025655972697,0,train,Established Family Home
404000.0,4.0,1.75,1840,10720,1.0,0,0,3,960,880,1958,,Bellevue,98008,0,1958,56,56.0,219.56521739130437,56.0,1,0.4782608695652174,0.4375,320.0,7.518064181233078,9.27995971385624,0,test,Established Family Home
860000.0,4.0,2.0,3740,32417,2.0,0,0,3,3740,0,2000,,Redmond,98053,0,2000,14,14.0,229.94652406417111,14.0,0,0.0,0.5,623.3333333333334,8.227108234348146,10.386469103072121,3,train,New-Build Suburban Family
136500.0,3.0,1.5,1420,8580,1.0,0,0,3,1420,0,1962,,Federal Way,98023,0,1962,52,52.0,96.12676056338027,52.0,0,0.0,0.5,315.55555555555554,7.259116128097101,9.057305735807121,1,train,Compact Entry-Level
313950.0,3.0,1.0,1510,6083,1.0,0,0,4,860,650,1940,,Seattle,98115,0,1940,74,74.0,207.9139072847682,74.0,1,0.4304635761589404,0.3333333333333333,377.5,7.32052696227274,8.713417653379183,0,train,Established Family Home
575000.0,3.0,1.75,2130,6500,1.0,0,2,3,1170,960,1954,,Seattle,98199,0,1954,60,60.0,269.9530516431925,60.0,1,0.4507042253521127,0.5833333333333334,448.42105263157896,7.664346632098617,8.77971129020447,2,test,Premium View Property
1225000.0,4.0,2.25,3490,6906,2.0,0,0,4,2280,1210,1928,,Seattle,98199,0,1928,86,86.0,351.0028653295129,86.0,1,0.3467048710601719,0.5625,558.4,8.157943507105037,8.840290669088972,0,train,Established Family Home
280000.0,3.0,1.75,1630,11800,1.0,0,0,4,1630,0,1971,,North Bend,98045,0,1971,43,43.0,171.77914110429447,43.0,0,0.0,0.5833333333333334,343.1578947368421,7.396948602621014,9.375939552625749,1,train,Compact Entry-Level
515000.0,3.0,2.5,1790,7167,2.0,0,0,3,1790,0,1989,,Sammamish,98074,0,1989,25,25.0,287.709497206704,25.0,0,0.0,0.8333333333333334,325.45454545454544,7.490529402060711,8.877381954654766,3,train,New-Build Suburban Family
513000.0,4.0,2.5,2000,5684,2.0,0,0,3,2000,0,1996,,Kenmore,98028,0,1996,18,18.0,256.5,18.0,0,0.0,0.625,307.6923076923077,7.601402334583733,8.645586406184636,3,test,New-Build Suburban Family
599000.0,4.0,2.25,2260,29930,2.0,0,0,4,1400,860,1977,,Bellevue,98006,0,1977,37,37.0,265.04424778761063,37.0,1,0.3805309734513274,0.5625,361.6,7.72356247227797,10.306650011581617,0,train,Established Family Home
685000.0,4.0,2.5,3030,7864,2.0,0,0,3,3030,0,1999,,Sammamish,98074,0,1999,15,15.0,226.07260726072607,15.0,0,0.0,0.625,466.15384615384613,8.016647877057803,8.970177815492379,3,train,New-Build Suburban Family
365000.0,3.0,1.5,1310,8160,1.0,0,0,3,1310,0,1950,,Seattle,98133,0,1950,64,64.0,278.62595419847327,64.0,0,0.0,0.5,291.1111111111111,7.1785454837637,9.007121989469242,1,train,Compact Entry-Level
762300.0,4.0,2.5,3880,14550,2.0,0,0,3,3880,0,1987,,Sammamish,98074,0,1987,27,27.0,196.46907216494844,27.0,0,0.0,0.625,596.9230769230769,8.263848131368906,9.585414998760278,3,train,New-Build Suburban Family
1580000.0,4.0,3.25,3760,10920,1.5,0,0,5,2400,1360,1950,,Seattle,98105,0,1950,64,64.0,420.2127659574468,64.0,1,0.3617021276595745,0.8125,518.6206896551724,8.232440158470336,9.298442820197728,0,train,Established Family Home
562000.0,5.0,2.25,3040,8111,2.0,0,0,3,3040,0,1984,,Redmond,98052,0,1984,30,30.0,184.8684210526316,30.0,0,0.0,0.45,419.3103448275862,8.019941687677365,9.001099725830965,3,train,New-Build Suburban Family
530000.0,5.0,2.5,2910,9636,1.0,0,0,4,1690,1220,1964,,Bellevue,98008,0,1964,50,50.0,182.13058419243987,50.0,1,0.41924398625429554,0.5,388.0,7.976251943745623,9.173365135851288,0,test,Established Family Home
525000.0,3.0,2.5,2970,11985,1.0,0,0,3,1770,1200,1995,,Sammamish,98074,0,1995,19,19.0,176.76767676767676,19.0,1,0.40404040404040403,0.8333333333333334,540.0,7.9966538754626075,9.391494581018131,0,train,Established Family Home
484000.0,2.0,1.75,1660,6000,1.0,0,0,3,1160,500,1942,,Seattle,98105,0,1942,72,72.0,291.56626506024094,72.0,1,0.30120481927710846,0.875,442.6666666666667,7.415175109613295,8.699681400989514,1,test,Compact Entry-Level
725126.0,4.0,2.5,3200,12369,2.0,0,0,3,3200,0,1998,,Newcastle,98059,0,1998,16,16.0,226.601875,16.0,0,0.0,0.625,492.3076923076923,8.071218539969863,9.423029465386534,3,train,New-Build Suburban Family
360000.0,4.0,2.0,2680,18768,1.0,0,0,5,2680,0,1965,,Auburn,98001,0,1965,49,49.0,134.32835820895522,49.0,0,0.0,0.5,446.6666666666667,7.893945138235959,9.83996185165625,0,train,Established Family Home
387000.0,3.0,1.0,1230,9568,1.0,0,0,5,1230,0,1962,,Newcastle,98056,0,1962,52,52.0,314.6341463414634,52.0,0,0.0,0.3333333333333333,307.5,7.115582126184454,9.166283985779263,1,train,Compact Entry-Level
483500.0,4.0,2.5,2740,45732,2.0,0,0,3,2740,0,1995,,Woodinville,98077,0,1995,19,19.0,176.45985401459853,19.0,0,0.0,0.625,421.53846153846155,7.916078096302786,10.730575416949513,3,train,New-Build Suburban Family
655500.0,4.0,3.5,3380,8330,2.0,0,0,3,3380,0,2000,,Shoreline,98177,0,2000,14,14.0,193.9349112426036,14.0,0,0.0,0.875,450.6666666666667,8.125926802707886,9.027738775974909,3,train,New-Build Suburban Family
345000.0,3.0,1.0,1110,6250,1.0,0,0,3,1110,0,1956,,Seattle,98115,0,1956,58,58.0,310.81081081081084,58.0,0,0.0,0.3333333333333333,277.5,7.01301578963963,8.740496729931813,1,test,Compact Entry-Level
533000.0,5.0,2.75,1800,3780,1.5,0,0,3,1400,400,1926,,Seattle,98103,0,1926,88,88.0,296.1111111111111,88.0,1,0.2222222222222222,0.55,232.25806451612902,7.496097345175956,8.237743803890933,0,train,Established Family Home
385000.0,3.0,1.75,1900,5520,1.0,0,0,3,1280,620,1982,,Seattle,98118,0,1982,32,32.0,202.6315789473684,32.0,1,0.3263157894736842,0.5833333333333334,400.0,7.550135342488429,8.616314282284044,0,train,Established Family Home
675000.0,2.0,1.0,930,36478,1.0,0,2,3,930,0,1951,,Bellevue,98006,0,1951,63,63.0,725.8064516129032,63.0,0,0.0,0.5,310.0,6.836259277277067,10.504492031531843,1,test,Compact Entry-Level
197000.0,3.0,1.75,1690,7735,1.0,0,0,4,1060,630,1976,,Auburn,98001,0,1976,38,38.0,116.5680473372781,38.0,1,0.3727810650887574,0.5833333333333334,355.7894736842105,7.43307534889858,8.95364003713313,0,train,Established Family Home
485000.0,3.0,2.0,1420,4080,1.5,0,0,3,1420,0,1905,2013.0,Seattle,98103,1,2013,109,1.0,341.5492957746479,1.0,0,0.0,0.6666666666666666,284.0,7.259116128097101,8.314097335405807,1,train,Compact Entry-Level
1870000.0,5.0,4.0,4510,15175,2.0,0,0,3,4510,0,1969,2002.0,Mercer Island,98040,1,2002,45,12.0,414.6341463414634,12.0,0,0.0,0.8,501.1111111111111,8.414274137408396,9.62747051161485,3,test,New-Build Suburban Family
295000.0,3.0,2.25,1980,8000,1.0,0,0,4,1560,420,1974,,Federal Way,98023,0,1974,40,40.0,148.989898989899,40.0,1,0.21212121212121213,0.75,377.14285714285717,7.591357046698551,8.987321812850125,0,train,Established Family Home
499000.0,2.0,1.75,1170,2400,1.0,0,0,4,740,430,1903,,Seattle,98103,0,1903,111,111.0,426.4957264957265,111.0,1,0.36752136752136755,0.875,312.0,7.065613363597717,7.783640596221253,1,train,Compact Entry-Level
1050000.0,3.0,2.5,2200,1970,2.0,0,0,3,1610,590,2008,,Seattle,98102,0,2008,6,6.0,477.27272727272725,6.0,1,0.2681818181818182,0.8333333333333334,400.0,7.696667081526462,7.58629630715272,3,test,New-Build Suburban Family
191000.0,3.0,1.5,800,8850,1.0,0,0,4,800,0,1959,,Federal Way,98023,0,1959,55,55.0,238.75,55.0,0,0.0,0.5,177.77777777777777,6.68586094706836,9.088285725968877,1,train,Compact Entry-Level
500000.0,3.0,2.5,1480,1171,3.0,0,0,3,1480,0,2006,,Seattle,98112,0,2006,8,8.0,337.8378378378378,8.0,0,0.0,0.8333333333333334,269.09090909090907,7.300472814267799,7.066466970136958,3,train,New-Build Suburban Family
390000.0,5.0,3.75,2890,5000,1.0,0,0,3,1310,1580,2006,,Seattle,98144,0,2006,8,8.0,134.94809688581316,8.0,1,0.5467128027681661,0.75,330.2857142857143,7.969357742016346,8.517393171418904,0,train,Established Family Home
979000.0,3.0,2.5,2690,4047,3.0,0,0,3,2690,0,2014,,Seattle,98117,0,2014,0,0.0,363.9405204460966,0.0,0,0.0,0.8333333333333334,489.09090909090907,7.897668150726906,8.305978210967302,3,train,New-Build Suburban Family
580000.0,4.0,3.25,3569,8327,2.0,0,0,3,3569,0,2013,,Renton,98055,0,2013,1,1.0,162.5105071448585,1.0,0,0.0,0.8125,492.2758620689655,8.180320874773685,9.027378610294805,3,train,New-Build Suburban Family
369950.0,3.0,2.0,1270,1320,3.0,0,0,3,1270,0,2006,,Seattle,98103,0,2006,8,8.0,291.2992125984252,8.0,0,0.0,0.6666666666666666,254.0,7.147559271189454,7.186144304522325,3,train,New-Build Suburban Family
1800000.0,5.0,5.0,4490,10279,2.0,0,0,3,3930,560,2013,,Bellevue,98004,0,2013,1,1.0,400.89086859688194,1.0,1,0.12472160356347439,1.0,449.0,8.409830673087738,9.237955539009157,3,train,New-Build Suburban Family
776000.0,4.0,2.5,3040,6425,2.0,0,0,3,3040,0,2008,,Redmond,98052,0,2008,6,6.0,255.26315789473685,6.0,0,0.0,0.625,467.6923076923077,8.019941687677365,8.768107539675803,3,train,New-Build Suburban Family
519950.0,3.0,2.25,1170,1249,3.0,0,0,3,1170,0,2014,,Seattle,98107,0,2014,0,0.0,444.4017094017094,0.0,0,0.0,0.75,222.85714285714286,7.065613363597717,7.1308988302963465,3,test,New-Build Suburban Family
255000.0,5.0,2.25,2060,8632,1.0,0,0,3,1030,1030,1962,,Burien,98146,0,1962,52,52.0,123.7864077669903,52.0,1,0.5,0.45,284.13793103448273,7.630946580890459,9.063347348235522,0,train,Established Family Home
495000.0,3.0,1.0,990,6000,1.0,0,0,3,990,0,1943,,Seattle,98105,0,1943,71,71.0,500.0,71.0,0,0.0,0.3333333333333333,247.5,6.898714534329988,8.699681400989514,1,train,Compact Entry-Level
510000.0,4.0,2.5,2430,5203,2.0,0,0,3,2430,0,2003,,Shoreline,98155,0,2003,11,11.0,209.87654320987653,11.0,0,0.0,0.625,373.84615384615387,7.796057974316123,8.557182839632397,3,train,New-Build Suburban Family
1150000.0,4.0,4.0,4460,103382,2.0,0,0,3,4460,0,2001,,Redmond,98053,0,2001,13,13.0,257.84753363228697,13.0,0,0.0,1.0,557.5,8.403128235128264,11.546195817481623,3,train,New-Build Suburban Family
253000.0,3.0,1.75,1250,10122,1.0,0,0,3,1250,0,1994,,Black Diamond,98010,0,1994,20,20.0,202.4,20.0,0,0.0,0.5833333333333334,263.1578947368421,7.1316985104669115,9.222565341598752,1,train,Compact Entry-Level
503000.0,3.0,2.75,1540,6760,1.0,0,0,5,1210,330,1980,,Kirkland,98034,0,1980,34,34.0,326.6233766233766,34.0,1,0.21428571428571427,0.9166666666666666,267.82608695652175,7.340186835320115,8.818926087090677,0,train,Established Family Home
275000.0,3.0,2.5,1600,7000,2.0,0,0,4,1600,0,1993,,Maple Valley,98038,0,1993,21,21.0,171.875,21.0,0,0.0,0.8333333333333334,290.90909090909093,7.3783837129967145,8.853808274977197,3,train,New-Build Suburban Family
249000.0,3.0,1.0,1110,8423,1.0,0,0,3,1110,0,1952,,Burien,98166,0,1952,62,62.0,224.32432432432432,62.0,0,0.0,0.3333333333333333,277.5,7.01301578963963,9.03884005381381,1,train,Compact Entry-Level
310000.0,3.0,1.75,1840,10723,1.0,0,0,4,1220,620,1974,,Renton,98058,0,1974,40,40.0,168.47826086956522,40.0,1,0.33695652173913043,0.5833333333333334,387.36842105263156,7.518064181233078,9.28023949935585,0,test,Established Family Home
750000.0,3.0,2.75,2520,5401,1.0,0,0,4,1360,1160,1946,,Seattle,98119,0,1946,68,68.0,297.6190476190476,68.0,1,0.4603174603174603,0.9166666666666666,438.2608695652174,7.83241092718792,8.59452453435256,0,test,Established Family Home
630000.0,3.0,2.5,2680,327135,2.0,0,0,3,2680,0,1995,,Ravensdale,98051,0,1995,19,19.0,235.07462686567163,19.0,0,0.0,0.8333333333333334,487.27272727272725,7.893945138235959,12.698131265556741,3,test,New-Build Suburban Family
599999.0,9.0,4.5,3830,6988,2.5,0,0,3,2450,1380,1938,,Seattle,98103,0,1938,76,76.0,156.65770234986945,76.0,1,0.360313315926893,0.5,283.7037037037037,8.25088114470065,8.85209276347713,3,train,New-Build Suburban Family
758000.0,4.0,2.75,2410,9549,1.0,0,0,4,1780,630,1956,,Kirkland,98033,0,1956,58,58.0,314.5228215767635,58.0,1,0.26141078838174275,0.6875,357.037037037037,7.787796878181171,9.164296433474776,0,train,Established Family Home
248500.0,4.0,1.75,1720,10018,1.0,0,0,5,1720,0,1960,,Covington,98042,0,1960,54,54.0,144.47674418604652,54.0,0,0.0,0.4375,299.1304347826087,7.450660796211539,9.212238569259263,0,train,Established Family Home
310000.0,3.0,1.75,2070,37904,1.0,0,0,4,1420,650,1973,,Kent,98031,0,1973,41,41.0,149.7584541062802,41.0,1,0.3140096618357488,0.5833333333333334,435.7894736842105,7.635786861395585,10.542838308490404,0,train,Established Family Home
460000.0,3.0,2.0,1760,9055,2.0,0,0,4,1760,0,1985,,Redmond,98052,0,1985,29,29.0,261.3636363636364,29.0,0,0.0,0.6666666666666666,352.0,7.473637108496206,9.111182800442965,3,train,New-Build Suburban Family
675000.0,3.0,1.75,1680,10500,1.0,0,0,4,1680,0,1959,,Bellevue,98005,0,1959,55,55.0,401.7857142857143,55.0,0,0.0,0.5833333333333334,353.6842105263158,7.427144133408616,9.259225769705994,1,train,Compact Entry-Level
526000.0,2.0,2.0,1550,2400,1.5,0,0,4,1550,0,1900,,Seattle,98103,0,1900,114,114.0,339.35483870967744,114.0,0,0.0,1.0,387.5,7.346655163176539,7.783640596221253,1,train,Compact Entry-Level
560000.0,3.0,3.0,4120,60392,2.0,0,2,3,3180,940,1994,,Carnation,98014,0,1994,20,20.0,135.92233009708738,20.0,1,0.22815533980582525,1.0,686.6666666666666,8.323851131338817,11.008628483166937,2,train,Premium View Property
415000.0,4.0,3.0,1830,9548,2.0,0,0,3,1830,0,1991,,Bothell,98028,0,1991,23,23.0,226.775956284153,23.0,0,0.0,0.75,261.42857142857144,7.5126175446745105,9.164191715950203,3,train,New-Build Suburban Family
246000.0,3.0,1.0,1400,7410,1.0,0,0,3,1400,0,1944,,Burien,98166,0,1944,70,70.0,175.71428571428572,70.0,0,0.0,0.3333333333333333,350.0,7.244941546337007,8.910720661951359,1,train,Compact Entry-Level
314500.0,3.0,1.75,1870,12381,1.0,0,0,4,1870,0,1957,,Federal Way,98003,0,1957,57,57.0,168.1818181818182,57.0,0,0.0,0.5833333333333334,393.6842105263158,7.534228326274089,9.423999084079178,1,test,Compact Entry-Level
3200000.0,7.0,4.5,6210,8856,2.5,0,2,5,4760,1450,1910,,Seattle,98109,0,1910,104,104.0,515.2979066022544,104.0,1,0.23349436392914655,0.6428571428571429,540.0,8.734077192559303,9.088963385809583,2,train,Premium View Property
420000.0,2.0,1.5,1040,3500,1.5,0,0,4,1040,0,1904,,Seattle,98144,0,1904,110,110.0,403.84615384615387,110.0,0,0.0,0.75,297.14285714285717,6.947937068614969,8.160803920954665,1,train,Compact Entry-Level
535000.0,3.0,1.75,2720,149410,1.5,0,0,3,2720,0,1988,,Carnation,98014,0,1988,26,26.0,196.69117647058823,26.0,0,0.0,0.5833333333333334,572.6315789473684,7.908754738783246,11.91445617681517,3,test,New-Build Suburban Family
350000.0,3.0,1.0,1010,9360,1.0,0,0,3,1010,0,1981,,Kirkland,98033,0,1981,33,33.0,346.53465346534654,33.0,0,0.0,0.3333333333333333,252.5,6.918695219020472,9.144307401371744,1,train,Compact Entry-Level
515000.0,3.0,1.75,1580,9147,1.0,0,1,4,1210,370,1967,,Bellevue,98008,0,1967,47,47.0,325.9493670886076,47.0,1,0.23417721518987342,0.5833333333333334,332.63157894736844,7.365812837209472,9.121290555142672,0,test,Established Family Home
749950.0,4.0,2.75,2600,6050,2.0,0,0,5,1960,640,1949,,Seattle,98116,0,1949,65,65.0,288.4423076923077,65.0,1,0.24615384615384617,0.6875,385.18518518518516,7.8636512654486515,8.707978826622321,0,train,Established Family Home
230000.0,3.0,2.5,1920,9180,2.0,0,0,3,1920,0,1988,,Renton,98057,0,1988,26,26.0,119.79166666666669,26.0,0,0.0,0.8333333333333334,349.09090909090907,7.560601162768557,9.1248914101437,3,train,New-Build Suburban Family
568000.0,3.0,2.0,2350,5080,1.5,0,0,3,1780,570,1929,,Seattle,98118,0,1929,85,85.0,241.70212765957447,85.0,1,0.2425531914893617,0.6666666666666666,470.0,7.762596048540069,8.533263371593732,0,train,Established Family Home
250000.0,1.0,1.0,1100,4373,1.0,0,0,2,820,280,1947,,Burien,98166,0,1947,67,67.0,227.27272727272728,67.0,1,0.2545454545454545,1.0,550.0,7.00397413672268,8.383433201236713,1,train,Compact Entry-Level
581000.0,4.0,2.0,2510,13695,1.0,0,0,4,1280,1230,1961,2001.0,Kirkland,98033,1,2001,53,13.0,231.47410358565736,13.0,1,0.4900398406374502,0.5,418.3333333333333,7.828436359157585,9.524859098381523,0,train,Established Family Home
651000.0,3.0,2.5,3240,108366,2.0,0,0,4,3240,0,1991,,Kent,98042,0,1991,23,23.0,200.92592592592592,23.0,0,0.0,0.8333333333333334,589.0909090909091,8.083637203141548,11.593278893595778,3,train,New-Build Suburban Family
600000.0,3.0,2.5,2460,108900,1.0,0,0,4,1860,600,1977,,Issaquah,98027,0,1977,37,37.0,243.90243902439025,37.0,1,0.24390243902439024,0.8333333333333334,447.27272727272725,7.8083230503910555,11.598194491615347,0,test,Established Family Home
500000.0,2.0,1.0,1010,3885,1.5,0,0,4,1010,0,1906,1990.0,Seattle,98112,1,1990,108,24.0,495.0495049504951,24.0,0,0.0,0.5,336.6666666666667,6.918695219020472,8.265135629937385,1,train,Compact Entry-Level
475000.0,2.0,1.0,820,2723,1.0,0,0,3,820,0,1921,,Seattle,98103,0,1921,93,93.0,579.2682926829268,93.0,0,0.0,0.5,273.3333333333333,6.710523109452428,7.909856667269403,1,train,Compact Entry-Level
352000.0,5.0,2.5,2420,8560,1.0,0,2,3,1620,800,1978,,Seattle,98118,0,1978,36,36.0,145.45454545454547,36.0,1,0.3305785123966942,0.5,322.6666666666667,7.791935956938058,9.054972284742485,2,train,Premium View Property
420000.0,3.0,2.25,1770,8165,2.0,0,0,3,1770,0,1977,,Kirkland,98034,0,1977,37,37.0,237.28813559322035,37.0,0,0.0,0.75,337.14285714285717,7.479299637782834,9.007734471879521,3,train,New-Build Suburban Family
428000.0,2.0,2.0,1350,3900,1.0,0,0,3,1350,0,2003,,Redmond,98053,0,2003,11,11.0,317.037037037037,11.0,0,0.0,1.0,337.5,7.208600337960199,8.268988209506656,1,train,Compact Entry-Level
599000.0,3.0,1.75,1960,4788,1.0,0,0,4,1090,870,1920,,Seattle,98115,0,1920,94,94.0,305.6122448979592,94.0,1,0.44387755102040816,0.5833333333333334,412.63157894736844,7.581209826196346,8.47407690034261,0,train,Established Family Home
492000.0,4.0,2.5,3305,16164,1.5,0,0,5,2245,1060,1922,1956.0,Shoreline,98133,1,1956,92,58.0,148.86535552193646,58.0,1,0.3207261724659607,0.625,508.46153846153845,8.10349427838097,9.690603690159534,0,test,Established Family Home
630000.0,2.0,2.25,2550,5663,1.0,0,0,3,1720,830,2011,,Renton,98056,0,2011,3,3.0,247.05882352941177,3.0,1,0.3254901960784314,1.125,600.0,7.844240718141811,8.641885635373555,0,train,Established Family Home
900000.0,5.0,3.75,4130,226076,2.0,0,0,3,3170,960,1985,,Woodinville,98077,0,1985,29,29.0,217.91767554479415,29.0,1,0.2324455205811138,0.75,472.0,8.326274787396764,12.328630928191247,3,train,New-Build Suburban Family
1110000.0,4.0,1.5,2310,13300,1.0,0,0,3,1890,420,1950,,Clyde Hill,98004,0,1950,64,64.0,480.5194805194805,64.0,1,0.18181818181818182,0.375,420.0,7.745435610274381,9.495594499353297,0,train,Established Family Home
575000.0,4.0,2.0,1650,5000,1.0,0,0,3,1650,0,1955,,Seattle,98117,0,1955,59,59.0,348.4848484848485,59.0,0,0.0,0.5,275.0,7.409136443920128,8.517393171418904,1,test,Compact Entry-Level
705000.0,4.0,2.5,2650,4316,1.5,0,0,3,1520,1130,1905,2013.0,Seattle,98116,1,2013,109,1.0,266.0377358490566,1.0,1,0.42641509433962266,0.625,407.6923076923077,7.8826922062890254,8.370315995555478,0,train,Established Family Home
940000.0,4.0,2.25,1890,5940,1.0,0,1,3,1470,420,1963,,Seattle,98112,0,1963,51,51.0,497.35449735449737,51.0,1,0.2222222222222222,0.5625,302.4,7.544861068658458,8.689632748355741,0,train,Established Family Home
313000.0,3.0,1.75,2190,8000,1.0,0,0,4,2190,0,1967,,Federal Way,98023,0,1967,47,47.0,142.92237442922374,47.0,0,0.0,0.5833333333333334,461.05263157894734,7.692113339595466,8.987321812850125,1,train,Compact Entry-Level
618080.0,3.0,2.5,2030,6500,2.0,0,0,3,2030,0,1988,,Issaquah,98027,0,1988,26,26.0,304.4729064039409,26.0,0,0.0,0.8333333333333334,369.09090909090907,7.616283561580385,8.77971129020447,3,train,New-Build Suburban Family
640000.0,3.0,3.0,2270,5175,2.0,0,0,3,2130,140,2002,,Renton,98056,0,2002,12,12.0,281.9383259911894,12.0,1,0.06167400881057269,1.0,378.3333333333333,7.7279755421055585,8.551787836180736,3,train,New-Build Suburban Family
485000.0,3.0,2.0,1610,4160,1.0,0,0,4,1010,600,1917,,Seattle,98136,0,1917,97,97.0,301.2422360248447,97.0,1,0.37267080745341613,0.6666666666666666,322.0,7.384610383176974,8.333510708982942,0,train,Established Family Home
300000.0,2.0,1.0,760,3001,1.0,0,0,3,760,0,1913,,Seattle,98144,0,1913,101,101.0,394.7368421052632,101.0,0,0.0,0.5,253.33333333333334,6.634633357861686,8.007034012193408,1,train,Compact Entry-Level
379500.0,2.0,1.0,1640,17335,1.0,0,0,3,840,800,1978,,Redmond,98053,0,1978,36,36.0,231.40243902439025,36.0,1,0.4878048780487805,0.5,546.6666666666666,7.403061091090091,9.760540543216194,1,train,Compact Entry-Level
339950.0,3.0,2.25,1630,12295,2.0,0,0,4,1630,0,1985,,Renton,98058,0,1985,29,29.0,208.55828220858896,29.0,0,0.0,0.75,310.4761904761905,7.396948602621014,9.417029285218431,3,train,New-Build Suburban Family
1500000.0,6.0,2.5,3560,6480,2.5,0,0,4,3560,0,1914,,Seattle,98112,0,1914,100,100.0,421.3483146067416,100.0,0,0.0,0.4166666666666667,418.8235294117647,8.177796683277778,8.776630098427717,3,train,New-Build Suburban Family
1340000.0,3.0,3.0,2960,5500,2.0,0,2,3,2440,520,1937,1990.0,Seattle,98199,1,1990,77,24.0,452.7027027027027,24.0,1,0.17567567567567569,1.0,493.3333333333333,7.993282328101591,8.612685172875459,2,train,Premium View Property
500000.0,3.0,2.5,1940,37565,1.0,0,0,4,1940,0,1987,,Issaquah,98027,0,1987,27,27.0,257.7319587628866,27.0,0,0.0,0.8333333333333334,352.72727272727275,7.57095858316901,10.533854664973365,0,train,Established Family Home
239900.0,3.0,2.0,1410,7566,1.0,0,0,3,1410,0,1985,,Kent,98030,0,1985,29,29.0,170.1418439716312,29.0,0,0.0,0.6666666666666666,282.0,7.252053951852814,8.931551966694522,1,test,Compact Entry-Level
314950.0,3.0,1.0,1040,16986,1.0,0,0,4,1040,0,1968,,Renton,98059,0,1968,46,46.0,302.83653846153845,46.0,0,0.0,0.3333333333333333,260.0,6.947937068614969,9.74020362461931,1,train,Compact Entry-Level
361280.0,2.0,1.0,820,6400,1.0,0,0,4,820,0,1944,,Seattle,98126,0,1944,70,70.0,440.5853658536585,70.0,0,0.0,0.5,273.3333333333333,6.710523109452428,8.764209507142004,1,test,Compact Entry-Level
100000.0,2.0,1.0,910,22000,1.0,0,0,3,910,0,1956,,Algona,98001,0,1956,58,58.0,109.89010989010988,58.0,0,0.0,0.5,303.3333333333333,6.814542897259958,9.99884318585288,1,test,Compact Entry-Level
540000.0,7.0,5.75,3700,7647,2.0,0,1,3,3700,0,1948,1984.0,Lake Forest Park,98155,1,1984,66,30.0,145.94594594594594,30.0,0,0.0,0.8214285714285714,290.19607843137254,8.216358332386156,8.942199454731238,2,test,Premium View Property
480500.0,4.0,2.5,2180,11200,1.0,0,0,4,2180,0,1968,,Woodinville,98072,0,1968,46,46.0,220.41284403669724,46.0,0,0.0,0.625,335.38461538461536,7.687538766201629,9.32375833901174,0,train,Established Family Home
280000.0,3.0,2.5,1600,4271,2.0,0,0,3,1600,0,2000,,Auburn,98001,0,2000,14,14.0,175.0,14.0,0,0.0,0.8333333333333334,290.90909090909093,7.3783837129967145,8.35983738064003,3,test,New-Build Suburban Family
440000.0,3.0,1.75,1500,6180,1.0,0,0,4,1060,440,1947,,Seattle,98118,0,1947,67,67.0,293.3333333333333,67.0,1,0.29333333333333333,0.5833333333333334,315.7894736842105,7.313886831633462,8.729235349659273,0,train,Established Family Home
530000.0,3.0,1.0,1340,4284,1.0,0,0,3,1080,260,1910,,Seattle,98105,0,1910,104,104.0,395.5223880597015,104.0,1,0.19402985074626866,0.3333333333333333,335.0,7.201170883281678,8.36287583103188,1,train,Compact Entry-Level
560000.0,3.0,2.0,1860,13374,1.0,0,0,3,1860,0,1985,,Issaquah,98027,0,1985,29,29.0,301.0752688172043,29.0,0,0.0,0.6666666666666666,372.0,7.528869256642251,9.501142571764207,1,test,Compact Entry-Level
775000.0,3.0,2.0,2540,7200,1.5,0,3,4,1600,940,1905,,Seattle,98144,0,1905,109,109.0,305.11811023622045,109.0,1,0.3700787401574803,0.6666666666666666,508.0,7.840312983320164,8.881975184248867,2,test,Premium View Property
160000.0,2.0,1.0,1040,13100,1.0,0,0,5,1040,0,1912,,Kent,98032,0,1912,102,102.0,153.84615384615384,102.0,0,0.0,0.5,346.6666666666667,6.947937068614969,9.48044384215367,1,test,Compact Entry-Level
209950.0,3.0,1.5,1380,11130,1.0,0,0,3,1380,0,1960,,Federal Way,98003,0,1960,54,54.0,152.13768115942028,54.0,0,0.0,0.5,306.6666666666667,7.2305631534092925,9.317489287493226,1,train,Compact Entry-Level
226500.0,3.0,1.75,1640,10762,1.0,0,0,3,1130,510,1988,,Covington,98042,0,1988,26,26.0,138.109756097561,26.0,1,0.31097560975609756,0.5833333333333334,345.2631578947368,7.403061091090091,9.283869605264298,0,train,Established Family Home
380000.0,5.0,1.75,3000,6000,1.0,0,0,5,1500,1500,1958,,Seattle,98178,0,1958,56,56.0,126.66666666666669,56.0,1,0.5,0.35,444.44444444444446,8.006700845440367,8.699681400989514,0,train,Established Family Home
409500.0,4.0,2.75,2140,13000,1.0,0,0,3,1320,820,1968,,Kenmore,98028,0,1968,46,46.0,191.3551401869159,46.0,1,0.38317757009345793,0.6875,317.037037037037,7.669028288589683,9.472781556562168,0,train,Established Family Home
690000.0,3.0,2.0,1760,6428,1.0,0,0,4,980,780,1942,,Seattle,98199,0,1942,72,72.0,392.04545454545456,72.0,1,0.4431818181818182,0.6666666666666666,352.0,7.473637108496206,8.768574284141687,0,train,Established Family Home
405000.0,3.0,2.25,1660,8307,1.0,0,0,4,1660,0,1961,,Shoreline,98133,0,1961,53,53.0,243.97590361445785,53.0,0,0.0,0.75,316.1904761904762,7.415175109613295,9.024974184996003,1,train,Compact Entry-Level
375000.0,3.0,2.5,1830,13042,2.0,0,0,3,1830,0,1990,,Maple Valley,98038,0,1990,24,24.0,204.91803278688525,24.0,0,0.0,0.8333333333333334,332.72727272727275,7.5126175446745105,9.476006870370282,3,test,New-Build Suburban Family
794154.0,4.0,2.0,2210,8556,1.0,0,1,4,1210,1000,1954,,Seattle,98199,0,1954,60,60.0,359.34570135746606,60.0,1,0.45248868778280543,0.5,368.3333333333333,7.701200180857446,9.054504940418054,0,train,Established Family Home
185000.0,4.0,1.0,1490,6600,1.0,0,0,3,1490,0,1969,,Burien,98168,0,1969,45,45.0,124.16107382550337,45.0,0,0.0,0.25,298.0,7.307202314764738,8.79497643168877,1,train,Compact Entry-Level
245000.0,3.0,1.5,1260,1270,2.0,0,0,3,1040,220,2005,,Seattle,98133,0,2005,9,9.0,194.44444444444449,9.0,1,0.1746031746031746,0.5,280.0,7.13966033596492,7.147559271189454,3,test,New-Build Suburban Family
1532500.0,5.0,4.5,4270,8076,2.0,0,0,3,3400,870,2007,,Kirkland,98033,0,2007,7,7.0,358.8992974238876,7.0,1,0.20374707259953162,0.9,449.4736842105263,8.359603270841466,8.996775795442296,3,test,New-Build Suburban Family
1040000.0,4.0,3.5,3900,8391,2.0,0,0,3,3900,0,2006,,Kirkland,98033,0,2006,8,8.0,266.6666666666667,8.0,0,0.0,0.875,520.0,8.268988209506656,9.035034150076132,3,train,New-Build Suburban Family
425000.0,2.0,2.5,1150,1027,3.0,0,0,3,1150,0,2008,,Seattle,98103,0,2008,6,6.0,369.5652173913044,6.0,0,0.0,1.25,255.55555555555554,7.048386408721883,6.93537044601511,3,train,New-Build Suburban Family
495000.0,4.0,2.75,2656,21195,2.0,0,0,3,2656,0,2014,,Auburn,98001,0,2014,0,0.0,186.37048192771084,0.0,0,0.0,0.6875,393.48148148148147,7.884952945759814,9.961567763612653,3,train,New-Build Suburban Family
365000.0,5.0,2.75,2410,5003,1.0,0,0,3,1410,1000,2008,,Seattle,98118,0,2008,6,6.0,151.45228215767634,6.0,1,0.4149377593360996,0.55,310.96774193548384,7.787796878181171,8.517992871586802,0,train,Established Family Home
417250.0,3.0,2.25,1606,1452,3.0,0,0,3,1606,0,2009,,Seattle,98125,0,2009,5,5.0,259.80697384806973,5.0,0,0.0,0.75,305.9047619047619,7.382124365737512,7.2813856635702825,3,test,New-Build Suburban Family
339950.0,2.0,1.0,820,681,3.0,0,0,3,820,0,2006,,Seattle,98103,0,2006,8,8.0,414.5731707317073,8.0,0,0.0,0.5,273.3333333333333,6.710523109452428,6.525029657843462,3,test,New-Build Suburban Family
615000.0,2.0,1.0,1540,6872,1.0,0,0,4,820,720,1946,,Seattle,98119,0,1946,68,68.0,399.35064935064935,68.0,1,0.4675324675324675,0.5,513.3333333333334,7.340186835320115,8.835355971121606,1,train,Compact Entry-Level
403000.0,3.0,2.75,2090,8354,2.0,0,0,3,2090,0,2012,,Duvall,98019,0,2012,2,2.0,192.82296650717703,2.0,0,0.0,0.9166666666666666,363.4782608695652,7.645397699428633,9.030615441029495,3,train,New-Build Suburban Family
980000.0,5.0,2.5,3160,11470,1.0,0,0,4,1780,1380,1971,,Mercer Island,98040,0,1971,43,43.0,310.126582278481,43.0,1,0.43670886075949367,0.5,421.3333333333333,8.058643712215618,9.347577390281268,0,test,Established Family Home
258000.0,4.0,1.75,1730,8320,1.0,0,0,3,1230,500,1977,,Federal Way,98023,0,1977,37,37.0,149.13294797687865,37.0,1,0.28901734104046245,0.4375,300.8695652173913,7.456454555176209,9.02653771890043,0,train,Established Family Home
533000.0,3.0,1.0,1670,4080,1.0,0,0,3,1170,500,1967,,Seattle,98115,0,1967,47,47.0,319.1616766467066,47.0,1,0.2994011976047904,0.3333333333333333,417.5,7.421177528595393,8.314097335405807,1,train,Compact Entry-Level
537500.0,4.0,2.5,2550,4630,2.0,0,0,3,2550,0,2005,,Sammamish,98075,0,2005,9,9.0,210.7843137254902,9.0,0,0.0,0.625,392.3076923076923,7.844240718141811,8.440528106480752,3,test,New-Build Suburban Family
830000.0,5.0,3.0,3040,9601,1.0,0,0,5,1970,1070,1968,,Mercer Island,98040,0,1968,46,46.0,273.0263157894737,46.0,1,0.3519736842105263,0.6,380.0,8.019941687677365,9.169726689090886,0,test,Established Family Home
712000.0,3.0,1.0,1250,4620,1.5,0,0,4,1150,100,1900,,Seattle,98103,0,1900,114,114.0,569.6,114.0,1,0.08,0.3333333333333333,312.5,7.1316985104669115,8.438366410870266,1,train,Compact Entry-Level
262000.0,4.0,2.5,2020,6236,2.0,0,0,3,2020,0,2002,,Algona,98001,0,2002,12,12.0,129.7029702970297,12.0,0,0.0,0.625,310.7692307692308,7.611347717403621,8.738254576526122,3,train,New-Build Suburban Family
753888.0,4.0,2.5,2660,5500,2.0,0,2,3,2660,0,2003,,Issaquah,98029,0,2003,11,11.0,283.4165413533835,11.0,0,0.0,0.625,409.2307692307692,7.886457270977689,8.612685172875459,2,test,Premium View Property
134000.0,2.0,1.5,980,5000,2.0,0,0,3,980,0,1922,2003.0,Skykomish,98288,1,2003,92,11.0,136.73469387755102,11.0,0,0.0,0.75,280.0,6.8885724595653635,8.517393171418904,1,train,Compact Entry-Level
402000.0,3.0,2.5,1960,8000,1.0,0,0,4,1290,670,1977,,Kirkland,98034,0,1977,37,37.0,205.1020408163265,37.0,1,0.34183673469387754,0.8333333333333334,356.3636363636364,7.581209826196346,8.987321812850125,0,train,Established Family Home
205000.0,2.0,1.0,720,5040,1.0,0,0,3,720,0,1955,,Seattle,98106,0,1955,59,59.0,284.72222222222223,59.0,0,0.0,0.5,240.0,6.580639137284949,8.525359754082631,1,train,Compact Entry-Level
553650.0,2.0,2.5,1360,1349,2.0,0,0,3,1050,310,1997,,Seattle,98112,0,1997,17,17.0,407.0955882352941,17.0,1,0.22794117647058823,1.25,302.22222222222223,7.215975002651466,7.2078598714324755,3,train,New-Build Suburban Family
559950.0,2.0,2.0,1870,4950,1.0,0,0,3,1870,0,2006,,Redmond,98053,0,2006,8,8.0,299.4385026737968,8.0,0,0.0,1.0,467.5,7.534228326274089,8.507344855361422,1,test,Compact Entry-Level
260000.0,4.0,1.5,2130,8800,1.0,0,0,3,1100,1030,1962,,Kent,98032,0,1962,52,52.0,122.06572769953053,52.0,1,0.4835680751173709,0.375,387.27272727272725,7.664346632098617,9.082620630373812,0,train,Established Family Home
270000.0,4.0,2.5,1810,6509,2.0,0,0,3,1810,0,1994,,Kent,98042,0,1994,20,20.0,149.17127071823205,20.0,0,0.0,0.625,278.46153846153845,7.501634457883413,8.781094735202615,3,test,New-Build Suburban Family
295000.0,2.0,1.75,2200,89298,1.0,0,0,3,1100,1100,1973,,Issaquah,98027,0,1973,41,41.0,134.0909090909091,41.0,1,0.5,0.875,586.6666666666666,7.696667081526462,11.399745568593604,0,train,Established Family Home
719000.0,3.0,2.5,1690,4500,1.5,0,1,4,1690,0,1928,,Seattle,98116,0,1928,86,86.0,425.4437869822485,86.0,0,0.0,0.8333333333333334,307.27272727272725,7.43307534889858,8.412054873292933,1,train,Compact Entry-Level
266000.0,3.0,2.5,1940,8547,1.0,0,0,3,1460,480,1989,,Kent,98030,0,1989,25,25.0,137.11340206185568,25.0,1,0.24742268041237114,0.8333333333333334,352.72727272727275,7.57095858316901,9.053452616439039,0,train,Established Family Home
325900.0,4.0,2.5,2320,6270,2.0,0,0,3,2320,0,2004,,Kent,98042,0,2004,10,10.0,140.47413793103448,10.0,0,0.0,0.625,356.9230769230769,7.749753406274437,8.74369111054302,3,train,New-Build Suburban Family
647500.0,4.0,1.75,2060,26036,1.0,0,0,4,1160,900,1947,,Normandy Park,98166,0,1947,67,67.0,314.3203883495146,67.0,1,0.4368932038834951,0.4375,358.2608695652174,7.630946580890459,10.167273882312355,0,train,Established Family Home
1039000.0,4.0,1.0,3410,5000,2.0,0,0,5,2190,1220,1910,,Seattle,98144,0,1910,104,104.0,304.69208211143695,104.0,1,0.35777126099706746,0.25,682.0,8.134760782418645,8.517393171418904,0,train,Established Family Home
569000.0,4.0,2.25,2250,41688,2.0,0,0,3,2250,0,1980,,Redmond,98053,0,1980,34,34.0,252.88888888888889,34.0,0,0.0,0.5625,360.0,7.719129840906732,10.637992584019639,3,train,New-Build Suburban Family
246000.0,3.0,1.75,1390,7399,1.0,0,0,4,1390,0,1975,,Kent,98031,0,1975,39,39.0,176.97841726618705,39.0,0,0.0,0.5833333333333334,292.63157894736844,7.237778191923443,8.909235279192261,1,train,Compact Entry-Level
515000.0,2.0,1.0,1060,4960,1.0,0,0,3,1060,0,1926,,Seattle,98103,0,1926,88,88.0,485.8490566037736,88.0,0,0.0,0.5,353.3333333333333,6.966967138613983,8.509362612301048,1,train,Compact Entry-Level
207000.0,3.0,1.0,1490,8995,1.0,0,0,4,1490,0,1954,,Seattle,98168,0,1954,60,60.0,138.9261744966443,60.0,0,0.0,0.3333333333333333,372.5,7.307202314764738,9.104535313079205,1,train,Compact Entry-Level
780000.0,4.0,1.75,2480,9195,1.0,0,0,3,1390,1090,1950,,Bellevue,98004,0,1950,64,64.0,314.51612903225805,64.0,1,0.43951612903225806,0.4375,431.30434782608694,7.816416983691801,9.126523885883072,0,train,Established Family Home
489990.0,5.0,2.25,2440,20828,1.5,0,0,4,2440,0,1975,,Kent,98042,0,1975,39,39.0,200.8155737704918,39.0,0,0.0,0.45,336.55172413793105,7.80016307039296,9.944101525421383,0,train,Established Family Home
335000.0,3.0,1.5,2240,87625,1.5,0,0,2,1480,760,1980,,Auburn,98092,0,1980,34,34.0,149.55357142857142,34.0,1,0.3392857142857143,0.5,497.77777777777777,7.714677473800927,11.38083303653996,0,train,Established Family Home
295000.0,3.0,2.5,1920,7229,2.0,0,0,3,1920,0,1993,,Federal Way,98003,0,1993,21,21.0,153.64583333333334,21.0,0,0.0,0.8333333333333334,349.09090909090907,7.560601162768557,8.88599431515281,3,train,New-Build Suburban Family
385000.0,3.0,1.75,1890,9920,1.0,0,0,3,1230,660,1944,,Seattle,98125,0,1944,70,70.0,203.7037037037037,70.0,1,0.3492063492063492,0.5833333333333334,397.89473684210526,7.544861068658458,9.202409001649903,0,train,Established Family Home
350000.0,4.0,1.75,2250,13515,1.0,0,0,4,2150,100,1940,,Kent,98030,0,1940,74,74.0,155.55555555555554,74.0,1,0.044444444444444446,0.4375,391.30434782608694,7.719129840906732,9.511629447834181,0,train,Established Family Home
235000.0,2.0,1.0,1270,3008,1.0,0,0,4,650,620,1923,,Seattle,98118,0,1923,91,91.0,185.03937007874012,91.0,1,0.4881889763779528,0.5,423.3333333333333,7.147559271189454,8.009363076630045,1,train,Compact Entry-Level
358000.0,2.0,1.5,960,1808,2.0,0,0,3,960,0,1993,,Seattle,98122,0,1993,21,21.0,372.9166666666667,21.0,0,0.0,0.75,274.2857142857143,6.8679744089702925,7.500529485395295,1,train,Compact Entry-Level
716500.0,4.0,2.5,3290,6465,2.0,0,0,3,3290,0,2002,,Sammamish,98075,0,2002,12,12.0,217.7811550151976,12.0,0,0.0,0.625,506.15384615384613,8.098946748943339,8.774312958285378,3,test,New-Build Suburban Family
228000.0,4.0,1.75,2000,6120,1.0,0,0,3,1100,900,1965,,Seattle,98178,0,1965,49,49.0,114.0,49.0,1,0.45,0.4375,347.82608695652175,7.601402334583733,8.71948076085107,0,train,Established Family Home
405000.0,2.0,1.0,1020,8155,1.0,0,0,4,1020,0,1948,,Seattle,98177,0,1948,66,66.0,397.05882352941177,66.0,0,0.0,0.5,340.0,6.928537818164665,9.006509131694346,1,train,Compact Entry-Level
538000.0,4.0,1.75,1840,9600,1.0,0,0,3,1220,620,1967,,Redmond,98052,0,1967,47,47.0,292.39130434782606,47.0,1,0.33695652173913043,0.4375,320.0,7.518064181233078,9.169622538697624,0,test,Established Family Home
530000.0,3.0,1.75,1980,6760,1.0,0,0,4,1980,0,1973,,Bellevue,98008,0,1973,41,41.0,267.67676767676767,41.0,0,0.0,0.5833333333333334,416.8421052631579,7.591357046698551,8.818926087090677,1,train,Compact Entry-Level
1750000.0,6.0,3.0,3510,5760,2.5,0,0,4,3510,0,1906,,Seattle,98112,0,1906,108,108.0,498.57549857549856,108.0,0,0.0,0.5,390.0,8.163656176168432,8.658866349732383,3,train,New-Build Suburban Family
636000.0,2.0,1.75,1230,3600,1.5,0,0,5,1230,0,1925,,Seattle,98119,0,1925,89,89.0,517.0731707317074,89.0,0,0.0,0.875,328.0,7.115582126184454,8.188966863648876,1,train,Compact Entry-Level
535000.0,4.0,2.5,2280,65836,2.0,0,0,3,2280,0,2004,,Woodinville,98077,0,2004,10,10.0,234.64912280701756,10.0,0,0.0,0.625,350.7692307692308,7.732369222284388,11.09493726930676,3,train,New-Build Suburban Family
1500000.0,3.0,1.75,2430,12757,1.0,0,2,4,1340,1090,1952,,Bellevue,98004,0,1952,62,62.0,617.283950617284,62.0,1,0.448559670781893,0.5833333333333334,511.57894736842104,7.796057974316123,9.4539138048019,2,train,Premium View Property
868500.0,3.0,2.5,2920,3942,3.0,0,0,3,2920,0,2008,,Renton,98056,0,2008,6,6.0,297.43150684931504,6.0,0,0.0,0.8333333333333334,530.9090909090909,7.979681302387741,8.279697133877628,3,test,New-Build Suburban Family
530000.0,4.0,2.75,2280,2850,1.5,0,0,4,1540,740,1930,,Seattle,98115,0,1930,84,84.0,232.4561403508772,84.0,1,0.32456140350877194,0.6875,337.77777777777777,7.732369222284388,7.955425088912672,0,train,Established Family Home
450000.0,3.0,2.0,1510,43560,1.0,0,0,3,1510,0,1954,,Woodinville,98077,0,1954,60,60.0,298.0132450331126,60.0,0,0.0,0.6666666666666666,302.0,7.32052696227274,10.681917533624532,1,train,Compact Entry-Level
230000.0,3.0,1.75,950,6000,1.0,0,0,3,790,160,1939,,Seattle,98108,0,1939,75,75.0,242.10526315789477,75.0,1,0.16842105263157894,0.5833333333333334,200.0,6.85751406254539,8.699681400989514,1,train,Compact Entry-Level
229000.0,3.0,2.5,1190,3000,2.0,0,0,3,1190,0,2002,,Tukwila,98178,0,2002,12,12.0,192.436974789916,12.0,0,0.0,0.8333333333333334,216.36363636363637,7.0825485693553,8.006700845440367,3,train,New-Build Suburban Family
437000.0,3.0,1.75,1310,9282,1.0,0,0,4,1310,0,1976,,Redmond,98052,0,1976,38,38.0,333.587786259542,38.0,0,0.0,0.5833333333333334,275.7894736842105,7.1785454837637,9.135940049399933,1,train,Compact Entry-Level
1307000.0,5.0,3.25,2800,3200,1.5,0,0,5,1910,890,1932,2002.0,Seattle,98109,1,2002,82,12.0,466.7857142857143,12.0,1,0.31785714285714284,0.65,339.3939393939394,7.937731775260109,8.071218539969863,0,test,Established Family Home
595000.0,3.0,2.5,1750,3354,2.0,0,0,4,1750,0,1991,,Kirkland,98033,0,1991,23,23.0,340.0,23.0,0,0.0,0.8333333333333334,318.1818181818182,7.467942332285852,8.118207049405783,3,train,New-Build Suburban Family
660000.0,3.0,1.75,1320,5750,1.5,0,0,5,1320,0,1918,,Seattle,98116,0,1918,96,96.0,500.0,96.0,0,0.0,0.5833333333333334,277.89473684210526,7.186144304522325,8.657129031713755,1,train,Compact Entry-Level
347500.0,4.0,2.5,2460,7350,2.0,0,0,3,2460,0,1989,,Federal Way,98023,0,1989,25,25.0,141.260162601626,25.0,0,0.0,0.625,378.46153846153845,7.8083230503910555,8.902591637374087,3,train,New-Build Suburban Family
297950.0,3.0,2.0,1240,10800,1.0,0,0,3,1240,0,1967,2010.0,Renton,98058,1,2010,47,4.0,240.28225806451613,4.0,0,0.0,0.6666666666666666,248.0,7.123672785204607,9.287394001418473,1,train,Compact Entry-Level
245000.0,3.0,1.5,1260,7964,1.0,0,0,4,1260,0,1955,,Des Moines,98148,0,1955,59,59.0,194.44444444444449,59.0,0,0.0,0.5,280.0,7.13966033596492,8.98281222234415,1,test,Compact Entry-Level
543200.0,6.0,2.25,2820,15600,1.5,0,2,5,1970,850,1940,,Burien,98166,0,1940,74,74.0,192.6241134751773,74.0,1,0.30141843971631205,0.375,341.8181818181818,7.944846711001996,9.65509029374725,2,train,Premium View Property
1250000.0,4.0,3.25,3820,24166,2.0,0,1,4,3310,510,1990,,Mercer Island,98040,0,1990,24,24.0,327.2251308900524,24.0,1,0.13350785340314136,0.8125,526.8965517241379,8.2482674474469,10.092743345182981,2,train,Premium View Property
413450.0,3.0,2.5,1540,1614,3.0,0,0,3,1470,70,2008,,Seattle,98103,0,2008,6,6.0,268.47402597402595,6.0,1,0.045454545454545456,0.8333333333333334,280.0,7.340186835320115,7.387090235656757,3,train,New-Build Suburban Family
330000.0,2.0,2.0,1550,435600,1.5,0,0,2,1550,0,1972,,Snoqualmie,98065,0,1972,42,42.0,212.9032258064516,42.0,0,0.0,1.0,387.5,7.346655163176539,12.984481965722422,1,train,Compact Entry-Level
424500.0,3.0,1.75,1460,7700,1.0,0,0,3,1460,0,1979,,Redmond,98052,0,1979,35,35.0,290.75342465753425,35.0,0,0.0,0.5833333333333334,307.36842105263156,7.2868764117507,8.94910546953925,1,test,Compact Entry-Level
230000.0,3.0,1.0,1390,16000,1.0,0,0,4,1390,0,1960,,Algona,98001,0,1960,54,54.0,165.46762589928056,54.0,0,0.0,0.3333333333333333,347.5,7.237778191923443,9.680406499268875,1,train,Compact Entry-Level
930000.0,3.0,3.25,2640,4080,2.0,0,0,3,1840,800,1912,2000.0,Seattle,98105,1,2000,102,14.0,352.27272727272725,14.0,1,0.30303030303030304,1.0833333333333333,422.4,7.878912912297133,8.314097335405807,0,train,Established Family Home
349000.0,3.0,1.75,1590,9620,1.0,0,0,3,1590,0,1988,,Renton,98059,0,1988,26,26.0,219.49685534591197,26.0,0,0.0,0.5833333333333334,334.7368421052632,7.372118028337787,9.171703488361265,1,train,Compact Entry-Level
835000.0,4.0,2.0,1910,6960,1.5,0,0,5,1910,0,1941,,Seattle,98103,0,1941,73,73.0,437.17277486911,73.0,0,0.0,0.5,318.3333333333333,7.555381944240273,8.848078421168667,0,train,Established Family Home
988500.0,3.0,2.75,2015,16807,2.0,1,4,3,2015,0,2007,,Burien,98166,0,2007,7,7.0,490.5707196029777,7.0,0,0.0,0.9166666666666666,350.4347826086956,7.60887062919126,9.729610242524837,2,train,Premium View Property
500000.0,3.0,1.75,1410,1197,3.0,0,0,3,1410,0,2012,,Seattle,98103,0,2012,2,2.0,354.6099290780142,2.0,0,0.0,0.5833333333333334,296.8421052631579,7.252053951852814,7.088408778675395,3,train,New-Build Suburban Family
499000.0,2.0,1.5,1110,957,2.0,0,0,3,930,180,2005,,Seattle,98119,0,2005,9,9.0,449.5495495495496,9.0,1,0.16216216216216217,0.75,317.14285714285717,7.01301578963963,6.86484777797086,1,train,Compact Entry-Level
321950.0,2.0,1.25,860,1277,2.0,0,0,3,860,0,2007,,Seattle,98144,0,2007,7,7.0,374.36046511627904,7.0,0,0.0,0.625,264.61538461538464,6.7580945044277305,7.15305163493748,1,train,Compact Entry-Level
494000.0,3.0,2.5,2310,4729,2.0,0,0,3,2310,0,2011,,Kenmore,98028,0,2011,3,3.0,213.85281385281385,3.0,0,0.0,0.8333333333333334,420.0,7.745435610274381,8.46168048148598,3,train,New-Build Suburban Family
441750.0,2.0,1.5,1020,1060,3.0,0,0,3,1020,0,2008,,Seattle,98103,0,2008,6,6.0,433.0882352941176,6.0,0,0.0,0.75,291.42857142857144,6.928537818164665,6.966967138613983,3,train,New-Build Suburban Family
438000.0,2.0,1.0,980,1179,2.0,0,0,3,980,0,2010,,Seattle,98119,0,2010,4,4.0,446.9387755102041,4.0,0,0.0,0.5,326.6666666666667,6.8885724595653635,7.07326971745971,1,test,Compact Entry-Level
985000.0,4.0,2.25,4230,37769,2.0,0,0,3,4230,0,1989,,Woodinville,98077,0,1989,25,25.0,232.86052009456264,25.0,0,0.0,0.5625,676.8,8.350193650720067,10.539270415706502,3,train,New-Build Suburban Family
352000.0,3.0,2.25,1640,11050,1.0,0,0,4,1640,0,1972,,Renton,98059,0,1972,42,42.0,214.6341463414634,42.0,0,0.0,0.75,312.3809523809524,7.403061091090091,9.310276200588783,1,train,Compact Entry-Level
839900.0,4.0,3.5,3810,13592,1.0,0,1,3,2560,1250,2013,,Renton,98056,0,2013,1,1.0,220.4461942257218,1.0,1,0.32808398950131235,0.875,508.0,8.24564690087386,9.517310233335248,2,train,Premium View Property
765000.0,4.0,2.75,2790,10819,2.0,0,0,3,2790,0,1996,,Issaquah,98027,0,1996,18,18.0,274.1935483870968,18.0,0,0.0,0.6875,413.3333333333333,7.934155233536322,9.289151552400472,3,train,New-Build Suburban Family
460000.0,4.0,1.75,1750,5500,1.5,0,0,5,1050,700,1926,,Seattle,98117,0,1926,88,88.0,262.85714285714283,88.0,1,0.4,0.4375,304.3478260869565,7.467942332285852,8.612685172875459,0,train,Established Family Home
224500.0,4.0,1.0,1430,8355,1.5,0,0,4,1430,0,1983,,Auburn,98092,0,1983,31,31.0,156.993006993007,31.0,0,0.0,0.25,286.0,7.266128779556451,9.030735122676456,1,test,Compact Entry-Level
254000.0,3.0,2.5,1850,4597,2.0,0,0,3,1850,0,2003,,Covington,98042,0,2003,11,11.0,137.2972972972973,11.0,0,0.0,0.8333333333333334,336.3636363636364,7.523481312573497,8.433376705323127,3,train,New-Build Suburban Family
255000.0,2.0,1.0,960,28717,1.0,0,0,4,960,0,1984,,Vashon,98070,0,1984,30,30.0,265.625,30.0,0,0.0,0.5,320.0,6.8679744089702925,10.265279382854322,1,train,Compact Entry-Level
610000.0,3.0,3.0,2480,45302,1.0,0,0,4,1620,860,1976,,Woodinville,98077,0,1976,38,38.0,245.96774193548387,38.0,1,0.3467741935483871,1.0,413.3333333333333,7.816416983691801,10.7211285344439,0,train,Established Family Home
920000.0,4.0,3.0,3750,11025,2.0,0,0,3,3750,0,1976,,Sammamish,98074,0,1976,38,38.0,245.33333333333331,38.0,0,0.0,0.75,535.7142857142857,8.229777750081887,9.30801139914963,3,train,New-Build Suburban Family
402500.0,4.0,2.5,2600,11951,2.0,0,0,3,2600,0,1988,,Federal Way,98023,0,1988,26,26.0,154.80769230769232,26.0,0,0.0,0.625,400.0,7.8636512654486515,9.388653907372598,3,train,New-Build Suburban Family
280950.0,3.0,1.75,1390,8700,1.0,0,3,4,840,550,1912,,Renton,98057,0,1912,102,102.0,202.12230215827336,102.0,1,0.39568345323741005,0.5833333333333334,292.63157894736844,7.237778191923443,9.071193240566025,2,train,Premium View Property
604000.0,4.0,2.5,2260,7753,2.0,0,0,3,2260,0,1989,,Issaquah,98029,0,1989,25,25.0,267.2566371681416,25.0,0,0.0,0.625,347.6923076923077,7.72356247227797,8.955964118230874,3,train,New-Build Suburban Family
565000.0,4.0,2.25,2470,7447,2.0,0,0,3,2470,0,1984,,Lake Forest Park,98155,0,1984,30,30.0,228.74493927125505,30.0,0,0.0,0.5625,395.2,7.81237820598861,8.915700818956903,3,train,New-Build Suburban Family
255000.0,2.0,1.0,810,7980,1.0,0,0,1,810,0,1928,,Seattle,98146,0,1928,86,86.0,314.81481481481484,86.0,0,0.0,0.5,270.0,6.698268054115413,8.984818995876008,1,test,Compact Entry-Level
445000.0,4.0,2.0,1650,6000,1.0,0,0,5,1000,650,1959,,Seattle,98144,0,1959,55,55.0,269.6969696969697,55.0,1,0.3939393939393939,0.5,275.0,7.409136443920128,8.699681400989514,0,train,Established Family Home
2400000.0,3.0,2.25,3000,11665,1.5,1,4,3,3000,0,2001,,Sammamish,98075,0,2001,13,13.0,800.0,13.0,0,0.0,0.75,571.4285714285714,8.006700845440367,9.364433907313582,2,train,Premium View Property
195000.0,2.0,1.0,720,18000,1.0,0,0,3,720,0,1950,,Seattle,98178,0,1950,64,64.0,270.8333333333333,64.0,0,0.0,0.5,240.0,6.580639137284949,9.798182590890704,1,train,Compact Entry-Level
275000.0,3.0,1.5,1390,48257,1.0,0,0,3,1390,0,1922,2013.0,Fall City,98024,1,2013,92,1.0,197.84172661870505,1.0,0,0.0,0.5,308.8888888888889,7.237778191923443,10.784316896132124,1,train,Compact Entry-Level
387000.0,3.0,2.25,1445,1606,2.0,0,0,3,1300,145,2003,,Issaquah,98027,0,2003,11,11.0,267.8200692041523,11.0,1,0.10034602076124567,0.75,275.23809523809524,7.27655640271871,7.382124365737512,3,train,New-Build Suburban Family
490000.0,2.0,1.0,1840,3300,1.5,0,0,4,1130,710,1910,,Seattle,98107,0,1910,104,104.0,266.30434782608694,104.0,1,0.3858695652173913,0.5,613.3333333333334,7.518064181233078,8.101980731853192,1,test,Compact Entry-Level
505000.0,3.0,2.5,2100,5824,2.0,0,2,3,2100,0,1999,,Snoqualmie,98065,0,1999,15,15.0,240.47619047619048,15.0,0,0.0,0.8333333333333334,381.8181818181818,7.650168700845001,8.669914278433902,3,train,New-Build Suburban Family
303500.0,3.0,1.5,1060,10464,1.0,0,0,4,1060,0,1973,,Kirkland,98034,0,1973,41,41.0,286.3207547169811,41.0,0,0.0,0.5,235.55555555555554,6.966967138613983,9.2557916348801,1,test,Compact Entry-Level
270000.0,3.0,1.5,1500,6337,1.0,0,0,5,1500,0,1953,,Seattle,98125,0,1953,61,61.0,180.0,61.0,0,0.0,0.5,333.3333333333333,7.313886831633462,8.754318540250866,1,train,Compact Entry-Level
323000.0,4.0,2.75,1970,7213,1.0,0,0,3,1170,800,1977,,Renton,98058,0,1977,37,37.0,163.95939086294416,37.0,1,0.40609137055837563,0.6875,291.85185185185185,7.58629630715272,8.883778861463485,0,train,Established Family Home
382000.0,3.0,3.25,1410,1253,3.0,0,0,3,1410,0,2005,,Seattle,98103,0,2005,9,9.0,270.92198581560285,9.0,0,0.0,1.0833333333333333,225.6,7.252053951852814,7.134093721192866,3,train,New-Build Suburban Family
1370000.0,4.0,2.75,3720,9450,1.0,0,4,5,1960,1760,1962,,Bellevue,98006,0,1962,52,52.0,368.2795698924731,52.0,1,0.4731182795698925,0.6875,551.1111111111111,8.221747728346623,9.153875834995056,2,test,Premium View Property
280000.0,4.0,2.0,2190,14439,1.0,0,0,4,1180,1010,1977,,Auburn,98001,0,1977,37,37.0,127.8538812785388,37.0,1,0.4611872146118721,0.5,365.0,7.692113339595466,9.577757412446818,0,train,Established Family Home
260000.0,3.0,2.0,1920,8075,1.0,0,0,4,1510,410,1969,,Federal Way,98023,0,1969,45,45.0,135.41666666666666,45.0,1,0.21354166666666666,0.6666666666666666,384.0,7.560601162768557,8.996651979432729,0,train,Established Family Home
201500.0,3.0,1.0,1160,8320,1.0,0,0,4,1160,0,1959,,Kent,98032,0,1959,55,55.0,173.70689655172413,55.0,0,0.0,0.3333333333333333,290.0,7.057036981697891,9.02653771890043,1,train,Compact Entry-Level
1157200.0,4.0,4.25,5860,52889,2.0,0,0,4,4910,950,1996,,Woodinville,98072,0,1996,18,18.0,197.47440273037543,18.0,1,0.1621160409556314,1.0625,710.3030303030303,8.676075516476429,10.875969564060025,3,train,New-Build Suburban Family
536500.0,4.0,1.75,2000,4000,1.5,0,0,5,1450,550,1926,,Seattle,98126,0,1926,88,88.0,268.25,88.0,1,0.275,0.4375,347.82608695652175,7.601402334583733,8.294299608857235,0,train,Established Family Home
248000.0,4.0,3.0,2163,5883,2.0,0,0,3,2163,0,2006,,Algona,98001,0,2006,8,8.0,114.65557096625058,8.0,0,0.0,0.75,309.0,7.679713639966372,8.679992081721329,3,train,New-Build Suburban Family
532000.0,5.0,3.0,3480,57499,1.0,0,0,4,2340,1140,1976,,Issaquah,98027,0,1976,38,38.0,152.8735632183908,38.0,1,0.3275862068965517,0.6,435.0,8.15507488781144,10.959540226785442,0,train,Established Family Home
580000.0,4.0,2.5,2840,6268,2.0,0,0,3,2840,0,1998,,Kenmore,98028,0,1998,16,16.0,204.2253521126761,16.0,0,0.0,0.625,436.9230769230769,7.951911381854188,8.743372131273969,3,train,New-Build Suburban Family
463000.0,2.0,1.0,1150,4400,1.0,0,0,4,1150,0,1905,,Seattle,98112,0,1905,109,109.0,402.60869565217394,109.0,0,0.0,0.5,383.3333333333333,7.048386408721883,8.38958706681109,1,train,Compact Entry-Level
742500.0,4.0,2.75,3100,3773,2.0,0,0,3,2000,1100,1919,1996.0,Seattle,98122,1,1996,95,18.0,239.51612903225808,18.0,1,0.3548387096774194,0.6875,459.25925925925924,8.03947991910045,8.235890725928495,0,train,Established Family Home
260000.0,3.0,2.5,1420,14850,1.0,0,0,4,1020,400,1963,,Kent,98032,0,1963,51,51.0,183.09859154929575,51.0,1,0.28169014084507044,0.8333333333333334,258.1818181818182,7.259116128097101,9.605822482030945,0,train,Established Family Home
590000.0,4.0,2.25,2430,32496,1.0,0,0,3,2430,0,1993,,Woodinville,98077,0,1993,21,21.0,242.79835390946505,21.0,0,0.0,0.5625,388.8,7.796057974316123,10.388903056364905,3,test,New-Build Suburban Family
312000.0,4.0,2.25,1930,7452,1.0,0,0,3,1430,500,1984,,Kent,98031,0,1984,30,30.0,161.6580310880829,30.0,1,0.25906735751295334,0.5625,308.8,7.565793282428515,8.916371914881694,0,train,Established Family Home
566000.0,3.0,2.25,1660,10140,1.0,0,0,4,1370,290,1980,,Redmond,98052,0,1980,34,34.0,340.9638554216868,34.0,1,0.1746987951807229,0.75,316.1904761904762,7.415175109613295,9.224341891611996,0,train,Established Family Home
511555.0,3.0,2.0,1400,7293,1.0,0,0,4,1400,0,1963,,Bellevue,98008,0,1963,51,51.0,365.3964285714285,51.0,0,0.0,0.6666666666666666,280.0,7.244941546337007,8.894807371368625,1,test,Compact Entry-Level
583000.0,4.0,2.5,2660,4000,2.0,0,0,3,2660,0,2001,,Redmond,98053,0,2001,13,13.0,219.17293233082708,13.0,0,0.0,0.625,409.2307692307692,7.886457270977689,8.294299608857235,3,train,New-Build Suburban Family
290000.0,4.0,2.5,2000,13300,1.0,0,0,4,1200,800,1968,,Auburn,98001,0,1968,46,46.0,145.0,46.0,1,0.4,0.625,307.6923076923077,7.601402334583733,9.495594499353297,0,train,Established Family Home
311100.0,4.0,2.25,2130,8078,1.0,0,0,4,1380,750,1977,,Renton,98055,0,1977,37,37.0,146.05633802816902,37.0,1,0.352112676056338,0.5625,340.8,7.664346632098617,8.997023381479709,0,test,Established Family Home
325000.0,3.0,2.25,1352,1694,3.0,0,0,3,1352,0,2007,,Seattle,98125,0,2007,7,7.0,240.3846153846154,7.0,0,0.0,0.75,257.5238095238095,7.210079628170788,7.43543801981455,3,test,New-Build Suburban Family
491300.0,3.0,1.75,1750,11340,1.0,0,1,4,1300,450,1987,,Sammamish,98074,0,1987,27,27.0,280.74285714285713,27.0,1,0.2571428571428571,0.5833333333333334,368.42105263157896,7.467942332285852,9.33617975681533,0,train,Established Family Home
315000.0,5.0,1.75,2320,8100,1.0,0,0,4,1160,1160,1956,,Burien,98166,0,1956,58,58.0,135.77586206896552,58.0,1,0.5,0.35,343.7037037037037,7.749753406274437,8.999742789830492,0,train,Established Family Home
360000.0,2.0,1.0,1420,81892,1.0,0,0,3,1180,240,1956,,Renton,98055,0,1956,58,58.0,253.5211267605634,58.0,1,0.16901408450704225,0.5,473.3333333333333,7.259116128097101,11.313168796102914,1,test,Compact Entry-Level
330000.0,4.0,2.5,1940,3784,2.0,0,0,3,1940,0,2003,,Renton,98058,0,2003,11,11.0,170.10309278350516,11.0,0,0.0,0.625,298.46153846153845,7.57095858316901,8.23880116587155,3,train,New-Build Suburban Family
481450.0,3.0,2.0,1410,4800,1.0,0,0,3,1410,0,1940,,Seattle,98117,0,1940,74,74.0,341.45390070921985,74.0,0,0.0,0.6666666666666666,282.0,7.252053951852814,8.476579508530941,1,test,Compact Entry-Level
234950.0,3.0,1.0,1360,9948,1.0,0,0,3,1360,0,1977,,Black Diamond,98010,0,1977,37,37.0,172.75735294117646,37.0,0,0.0,0.3333333333333333,340.0,7.215975002651466,9.20522732258936,1,train,Compact Entry-Level
251000.0,3.0,1.75,1220,7250,1.0,0,0,3,1220,0,1962,,North Bend,98045,0,1962,52,52.0,205.7377049180328,52.0,0,0.0,0.5833333333333334,256.8421052631579,7.107425474110705,8.888894669371593,1,train,Compact Entry-Level
782000.0,4.0,2.5,2830,20345,2.0,0,0,3,1980,850,1979,,Bellevue,98004,0,1979,35,35.0,276.3250883392226,35.0,1,0.3003533568904594,0.625,435.38461538461536,7.9483852851118995,9.920639611353694,3,train,New-Build Suburban Family
833000.0,4.0,2.75,3780,10308,2.0,0,0,3,3780,0,1999,,Sammamish,98075,0,1999,15,15.0,220.3703703703704,15.0,0,0.0,0.6875,560.0,8.237743803890933,9.240772579096385,3,train,New-Build Suburban Family
542500.0,4.0,2.5,2330,14289,2.0,0,0,4,2330,0,1978,,Bellevue,98007,0,1978,36,36.0,232.83261802575103,36.0,0,0.0,0.625,358.46153846153845,7.754052639035757,9.567315270923913,3,test,New-Build Suburban Family
851000.0,3.0,2.5,3560,107290,2.0,0,0,3,3560,0,1987,,Redmond,98053,0,1987,27,27.0,239.04494382022472,27.0,0,0.0,0.8333333333333334,647.2727272727273,8.177796683277778,11.58330004812049,3,train,New-Build Suburban Family
325000.0,4.0,1.5,1470,70800,1.0,0,0,3,1470,0,1976,,Ravensdale,98051,0,1976,38,38.0,221.08843537414967,38.0,0,0.0,0.375,267.27272727272725,7.293697720601438,11.167628403875849,1,test,Compact Entry-Level
415000.0,4.0,2.25,3060,48787,2.0,0,0,3,3060,0,1992,,Ravensdale,98051,0,1992,22,22.0,135.62091503267973,22.0,0,0.0,0.5625,489.6,8.026496938945412,10.795239659963128,3,train,New-Build Suburban Family
252500.0,3.0,1.0,1030,6127,1.0,0,0,3,880,150,1947,,Seattle,98125,0,1947,67,67.0,245.1456310679612,67.0,1,0.14563106796116504,0.3333333333333333,257.5,6.93828448401696,8.720623711420426,1,train,Compact Entry-Level
465000.0,4.0,2.5,1930,9653,1.0,0,0,4,1930,0,1968,,Federal Way,98023,0,1968,46,46.0,240.93264248704665,46.0,0,0.0,0.625,296.9230769230769,7.565793282428515,9.175127616220438,0,train,Established Family Home
336900.0,3.0,1.75,1780,120661,1.0,0,0,4,1780,0,1979,,Duvall,98019,0,1979,35,35.0,189.26966292134836,35.0,0,0.0,0.5833333333333334,374.7368421052632,7.484930283289661,11.70074852735879,1,train,Compact Entry-Level
225000.0,3.0,2.5,2000,9202,2.0,0,0,4,2000,0,1992,,Maple Valley,98038,0,1992,22,22.0,112.5,22.0,0,0.0,0.8333333333333334,363.6363636363636,7.601402334583733,9.127284796838858,3,test,New-Build Suburban Family
270000.0,3.0,2.0,1690,9583,1.0,0,0,4,1690,0,1969,,Renton,98059,0,1969,45,45.0,159.76331360946745,45.0,0,0.0,0.6666666666666666,338.0,7.43307534889858,9.16785032035523,1,train,Compact Entry-Level
1702500.0,5.0,4.5,5190,23716,2.0,0,2,3,3390,1800,1987,2000.0,Mercer Island,98040,1,2000,27,14.0,328.0346820809249,14.0,1,0.3468208092485549,0.9,546.3157894736842,8.55468163582723,10.073947369564895,2,train,Premium View Property
536000.0,3.0,1.75,1300,5413,1.5,0,0,3,1300,0,1925,1992.0,Seattle,98115,1,1992,89,22.0,412.3076923076923,22.0,0,0.0,0.5833333333333334,273.6842105263158,7.170888478512505,8.596743470174246,1,train,Compact Entry-Level
585000.0,4.0,3.25,2400,29252,2.0,0,0,4,2400,0,1982,,Woodinville,98072,0,1982,32,32.0,243.75,32.0,0,0.0,0.8125,331.0344827586207,7.783640596221253,10.283737411503228,3,train,New-Build Suburban Family
445000.0,2.0,2.0,1150,6634,1.0,0,0,3,860,290,1940,,Seattle,98115,0,1940,74,74.0,386.9565217391304,74.0,1,0.25217391304347825,1.0,287.5,7.048386408721883,8.800113946766308,1,train,Compact Entry-Level
320000.0,4.0,2.25,2310,7490,2.0,0,0,3,2310,0,1980,,Renton,98055,0,1980,34,34.0,138.52813852813853,34.0,0,0.0,0.5625,369.6,7.745435610274381,8.921457578947884,3,train,New-Build Suburban Family
769900.0,4.0,3.5,2730,3047,2.0,0,0,3,2400,330,2006,,Seattle,98116,0,2006,8,8.0,282.01465201465203,8.0,1,0.12087912087912088,0.875,364.0,7.912423121473705,8.022240916806537,3,test,New-Build Suburban Family
557000.0,4.0,2.5,2840,4500,2.0,0,0,3,2840,0,2012,,Kenmore,98028,0,2012,2,2.0,196.1267605633803,2.0,0,0.0,0.625,436.9230769230769,7.951911381854188,8.412054873292933,3,train,New-Build Suburban Family
212000.0,2.0,1.5,1020,1525,2.0,0,0,3,1020,0,2004,,Seattle,98133,0,2004,10,10.0,207.843137254902,10.0,0,0.0,0.75,291.42857142857144,6.928537818164665,7.330405211844402,1,train,Compact Entry-Level
376000.0,3.0,2.0,1340,1384,3.0,0,0,3,1340,0,2008,,Seattle,98103,0,2008,6,6.0,280.5970149253731,6.0,0,0.0,0.6666666666666666,268.0,7.201170883281678,7.233455418621439,3,train,New-Build Suburban Family
800000.0,4.0,3.25,3540,159430,2.0,0,0,3,3540,0,2007,,Carnation,98014,0,2007,7,7.0,225.98870056497177,7.0,0,0.0,0.8125,488.2758620689655,8.172164452111904,11.97936650572697,3,test,New-Build Suburban Family
2238888.0,5.0,6.5,7270,130017,2.0,0,0,3,6420,850,2010,,Issaquah,98029,0,2010,4,4.0,307.96258596973865,4.0,1,0.11691884456671252,1.3,632.1739130434783,8.891649112650057,11.775428181391266,3,train,New-Build Suburban Family
324000.0,3.0,2.25,998,904,2.0,0,0,3,798,200,2007,,Seattle,98117,0,2007,7,7.0,324.6492985971944,7.0,1,0.20040080160320642,0.75,190.0952380952381,6.906754778648554,6.807934943699926,3,test,New-Build Suburban Family
549900.0,5.0,2.75,3060,7015,1.0,0,0,5,1600,1460,1979,,Seattle,98146,0,1979,35,35.0,179.7058823529412,35.0,1,0.477124183006536,0.55,394.83870967741933,8.026496938945412,8.855948534052018,0,train,Established Family Home
320000.0,3.0,2.5,2130,6969,2.0,0,0,3,2130,0,2003,,Maple Valley,98038,0,2003,11,11.0,150.23474178403757,11.0,0,0.0,0.8333333333333334,387.27272727272725,7.664346632098617,8.84937050375457,3,test,New-Build Suburban Family
875000.0,4.0,2.0,2520,6000,1.0,0,0,3,1400,1120,1921,2007.0,Seattle,98103,1,2007,93,7.0,347.22222222222223,7.0,1,0.4444444444444444,0.5,420.0,7.83241092718792,8.699681400989514,0,train,Established Family Home
265000.0,4.0,1.0,1940,9533,1.0,0,0,3,1080,860,1962,,Kent,98031,0,1962,52,52.0,136.5979381443299,52.0,1,0.44329896907216493,0.25,388.0,7.57095858316901,9.162619635764772,0,train,Established Family Home
394950.0,3.0,2.5,1350,1250,3.0,0,0,3,1270,80,2006,,Seattle,98136,0,2006,8,8.0,292.55555555555554,8.0,1,0.05925925925925926,0.8333333333333334,245.45454545454547,7.208600337960199,7.1316985104669115,3,test,New-Build Suburban Family
842500.0,4.0,2.5,2160,5298,2.5,0,0,4,2160,0,1902,,Seattle,98122,0,1902,112,112.0,390.0462962962963,112.0,0,0.0,0.625,332.3076923076923,7.6783263565068856,8.575273402492762,3,train,New-Build Suburban Family
368000.0,3.0,2.5,1370,1350,2.0,0,0,3,1010,360,2007,,Seattle,98136,0,2007,7,7.0,268.6131386861314,7.0,1,0.26277372262773724,0.8333333333333334,249.0909090909091,7.223295679562314,7.208600337960199,3,train,New-Build Suburban Family
1225000.0,4.0,4.5,5420,101930,1.0,0,0,3,3890,1530,2001,,Redmond,98053,0,2001,13,13.0,226.01476014760144,13.0,1,0.2822878228782288,1.125,637.6470588235294,8.598035579260339,11.532051392768706,0,test,Established Family Home
885000.0,4.0,2.5,2830,5000,2.0,0,0,3,2830,0,1995,,Seattle,98105,0,1995,19,19.0,312.7208480565371,19.0,0,0.0,0.625,435.38461538461536,7.9483852851118995,8.517393171418904,3,train,New-Build Suburban Family
453246.0,3.0,2.5,2010,2287,2.0,0,0,3,1390,620,2014,,Issaquah,98029,0,2014,0,0.0,225.4955223880597,0.0,1,0.30845771144278605,0.8333333333333334,365.45454545454544,7.606387389772652,7.7354333524996886,3,train,New-Build Suburban Family
927000.0,4.0,2.75,3300,12090,2.0,0,0,3,3300,0,1953,,Clyde Hill,98004,0,1953,61,61.0,280.90909090909093,61.0,0,0.0,0.6875,488.8888888888889,8.101980731853192,9.400216653174247,3,train,New-Build Suburban Family
490000.0,2.0,2.5,1230,1391,2.0,0,0,3,870,360,2004,,Seattle,98112,0,2004,10,10.0,398.3739837398374,10.0,1,0.2926829268292683,1.25,273.3333333333333,7.115582126184454,7.238496840894365,3,train,New-Build Suburban Family
341000.0,3.0,1.5,1720,7119,1.5,0,0,4,1720,0,1952,,Shoreline,98155,0,1952,62,62.0,198.2558139534884,62.0,0,0.0,0.5,382.22222222222223,7.450660796211539,8.87066300440602,1,train,Compact Entry-Level
235000.0,1.0,1.0,810,2451,1.0,0,0,5,810,0,1941,,Seattle,98126,0,1941,73,73.0,290.12345679012344,73.0,0,0.0,1.0,405.0,6.698268054115413,7.804659297056102,1,train,Compact Entry-Level
1200000.0,3.0,1.75,1560,8078,1.5,1,4,4,1560,0,1928,,Mercer Island,98040,0,1928,86,86.0,769.2307692307693,86.0,0,0.0,0.5833333333333334,328.42105263157896,7.353081920515432,8.997023381479709,2,test,Premium View Property
560000.0,3.0,2.0,2560,216777,1.0,0,0,3,2560,0,1986,,Auburn,98092,0,1986,28,28.0,218.75,28.0,0,0.0,0.6666666666666666,512.0,7.848153086199526,12.28662906738383,0,train,Established Family Home
900000.0,4.0,3.25,4700,38412,2.0,0,0,3,3420,1280,1978,,Bellevue,98005,0,1978,36,36.0,191.48936170212767,36.0,1,0.2723404255319149,0.8125,648.2758620689655,8.45553053102413,10.556151222950184,3,train,New-Build Suburban Family
255000.0,2.0,1.0,1220,2500,1.0,0,0,3,770,450,1910,,Seattle,98126,0,1910,104,104.0,209.01639344262296,104.0,1,0.36885245901639346,0.5,406.6666666666667,7.107425474110705,7.824445930877619,1,train,Compact Entry-Level
1575000.0,5.0,2.75,3650,20150,1.0,0,0,4,2360,1290,1975,,Bellevue,98004,0,1975,39,39.0,431.5068493150685,39.0,1,0.35342465753424657,0.55,470.96774193548384,8.202756381655638,9.911009193934975,0,train,Established Family Home
876650.0,3.0,3.25,2170,12508,1.5,0,0,5,1650,520,1928,1970.0,Mercer Island,98040,1,1970,86,44.0,403.98617511520735,44.0,1,0.23963133640552994,1.0833333333333333,347.2,7.682943169878292,9.434203664214742,0,train,Established Family Home
540000.0,4.0,2.25,2540,228254,1.0,0,0,3,1450,1090,1990,,Duvall,98019,0,1990,24,24.0,212.5984251968504,24.0,1,0.42913385826771655,0.5625,406.4,7.840312983320164,12.338218704022324,0,train,Established Family Home
350000.0,2.0,1.0,910,4500,1.5,0,0,4,910,0,1906,,Seattle,98118,0,1906,108,108.0,384.61538461538464,108.0,0,0.0,0.5,303.3333333333333,6.814542897259958,8.412054873292933,1,train,Compact Entry-Level
750000.0,4.0,2.5,2980,4930,2.0,0,0,3,2890,90,2000,,Bellevue,98006,0,2000,14,14.0,251.6778523489933,14.0,1,0.030201342281879196,0.625,458.46153846153845,8.000014093678072,8.503297086224126,3,train,New-Build Suburban Family
582000.0,4.0,1.75,2120,4650,1.0,0,1,3,1190,930,1951,,Seattle,98117,0,1951,63,63.0,274.52830188679246,63.0,1,0.4386792452830189,0.4375,368.69565217391306,7.659642954564682,8.444837529224097,0,train,Established Family Home
1315000.0,4.0,3.5,3460,3997,2.0,0,0,3,2560,900,2004,,Seattle,98103,0,2004,10,10.0,380.0578034682081,10.0,1,0.26011560693641617,0.875,461.3333333333333,8.149312843635345,8.293549515060345,3,train,New-Build Suburban Family
372500.0,5.0,3.0,2480,10090,1.0,0,0,3,1300,1180,2004,,Seattle,98178,0,2004,10,10.0,150.2016129032258,10.0,1,0.47580645161290325,0.6,310.0,7.816416983691801,9.219399216464529,0,train,Established Family Home
410000.0,3.0,2.25,2200,16921,2.0,0,0,3,2200,0,1987,,Maple Valley,98038,0,1987,27,27.0,186.3636363636364,27.0,0,0.0,0.75,419.04761904761904,7.696667081526462,9.736369829484445,3,test,New-Build Suburban Family
360000.0,4.0,2.0,1730,5500,1.0,0,0,5,1010,720,1943,,Seattle,98106,0,1943,71,71.0,208.09248554913296,71.0,1,0.4161849710982659,0.5,288.3333333333333,7.456454555176209,8.612685172875459,0,train,Established Family Home
1015000.0,3.0,2.5,2920,34527,1.0,0,4,4,1800,1120,1954,1983.0,Seattle,98116,1,1983,60,31.0,347.6027397260274,31.0,1,0.3835616438356164,0.8333333333333334,530.9090909090909,7.979681302387741,10.449525868057862,2,train,Premium View Property
225000.0,3.0,1.0,990,8012,1.0,0,0,4,990,0,1966,,Renton,98058,0,1966,48,48.0,227.27272727272728,48.0,0,0.0,0.3333333333333333,247.5,6.898714534329988,8.98882050177807,1,train,Compact Entry-Level
647000.0,4.0,2.5,3040,6887,2.0,0,0,3,3040,0,1999,,Sammamish,98074,0,1999,15,15.0,212.82894736842104,15.0,0,0.0,0.625,467.6923076923077,8.019941687677365,8.837536046107568,3,test,New-Build Suburban Family
950000.0,5.0,3.0,4530,258746,1.5,0,0,4,3200,1330,2003,,Woodinville,98077,0,2003,11,11.0,209.7130242825607,11.0,1,0.293598233995585,0.6,566.25,8.418697944667139,12.463606029291604,0,test,Established Family Home
185000.0,3.0,1.5,1370,8470,1.0,0,0,4,1370,0,1961,,Auburn,98092,0,1961,53,53.0,135.03649635036496,53.0,0,0.0,0.5,304.44444444444446,7.223295679562314,9.044403844431551,1,train,Compact Entry-Level
335000.0,3.0,2.5,1940,4927,2.0,0,0,3,1940,0,2004,,Renton,98058,0,2004,10,10.0,172.68041237113405,10.0,0,0.0,0.8333333333333334,352.72727272727275,7.57095858316901,8.502688505213357,3,test,New-Build Suburban Family
210000.0,3.0,2.5,1040,2643,2.0,0,0,3,720,320,2004,,Seattle,98118,0,2004,10,10.0,201.92307692307693,10.0,1,0.3076923076923077,0.8333333333333334,189.0909090909091,6.947937068614969,7.880048200971577,3,train,New-Build Suburban Family
522000.0,4.0,2.25,1800,8623,1.0,0,0,4,1360,440,1980,,Kirkland,98033,0,1980,34,34.0,290.0,34.0,1,0.24444444444444444,0.5625,288.0,7.496097345175956,9.06230429314878,0,train,Established Family Home
770000.0,3.0,1.75,1720,5000,1.0,0,0,3,1720,0,1954,2014.0,Seattle,98122,1,2014,60,0.0,447.6744186046512,0.0,0,0.0,0.5833333333333334,362.10526315789474,7.450660796211539,8.517393171418904,1,train,Compact Entry-Level
499950.0,3.0,1.0,980,6380,1.0,0,0,3,760,220,1941,,Seattle,98115,0,1941,73,73.0,510.1530612244898,73.0,1,0.22448979591836735,0.3333333333333333,245.0,6.8885724595653635,8.761080103868347,1,test,Compact Entry-Level
751000.0,4.0,2.5,3110,6142,2.0,0,0,3,3110,0,2004,,Redmond,98052,0,2004,10,10.0,241.47909967845655,10.0,0,0.0,0.625,478.46153846153845,8.042699496897637,8.723068501163928,3,train,New-Build Suburban Family
330000.0,5.0,3.0,2100,7715,1.0,0,0,3,1250,850,2013,,Burien,98168,0,2013,1,1.0,157.14285714285714,1.0,1,0.40476190476190477,0.6,262.5,7.650168700845001,8.951051374025619,0,train,Established Family Home
465000.0,3.0,1.5,2020,11358,1.0,0,0,4,1190,830,1956,,Kirkland,98033,0,1956,58,58.0,230.1980198019802,58.0,1,0.41089108910891087,0.5,448.8888888888889,7.611347717403621,9.33776566023142,0,train,Established Family Home
850000.0,4.0,1.75,2350,11914,1.0,0,0,4,2350,0,1961,,Mercer Island,98040,0,1961,53,53.0,361.7021276595744,53.0,0,0.0,0.4375,408.69565217391306,7.762596048540069,9.385553389532843,0,test,Established Family Home
947500.0,4.0,2.25,3290,12329,1.5,0,0,4,3290,0,1968,,Mercer Island,98040,0,1968,46,46.0,287.9939209726444,46.0,0,0.0,0.5625,526.4,8.098946748943339,9.41979059615839,3,test,New-Build Suburban Family
302000.0,5.0,2.25,2180,7813,2.0,0,0,3,2180,0,1986,,Maple Valley,98038,0,1986,28,28.0,138.5321100917431,28.0,0,0.0,0.45,300.6896551724138,7.687538766201629,8.963672275615016,3,train,New-Build Suburban Family
500000.0,2.0,2.25,1290,1334,3.0,0,0,3,1290,0,2007,,Seattle,98107,0,2007,7,7.0,387.5968992248062,7.0,0,0.0,1.125,303.52941176470586,7.1631723908466425,7.19668657083435,3,train,New-Build Suburban Family
201000.0,3.0,1.0,1460,9750,1.0,0,0,4,1460,0,1969,,Kent,98042,0,1969,45,45.0,137.67123287671234,45.0,0,0.0,0.3333333333333333,365.0,7.2868764117507,9.18512512283512,1,train,Compact Entry-Level
265000.0,2.0,1.0,1290,2828,2.0,0,0,3,1290,0,2008,,Redmond,98053,0,2008,6,6.0,205.42635658914728,6.0,0,0.0,0.5,430.0,7.1631723908466425,7.947678571301568,1,train,Compact Entry-Level
870300.0,4.0,2.5,2350,3150,1.5,0,0,4,1690,660,1910,,Seattle,98103,0,1910,104,104.0,370.3404255319149,104.0,1,0.28085106382978725,0.625,361.53846153846155,7.762596048540069,8.055475141757274,0,test,Established Family Home
339000.0,3.0,1.0,1080,8100,1.0,0,0,4,1080,0,1955,,Shoreline,98155,0,1955,59,59.0,313.8888888888889,59.0,0,0.0,0.3333333333333333,270.0,6.985641817639208,8.999742789830492,1,train,Compact Entry-Level
690000.0,4.0,2.5,2670,13463,2.0,0,0,4,2670,0,1989,,Issaquah,98029,0,1989,25,25.0,258.4269662921348,25.0,0,0.0,0.625,410.7692307692308,7.890208213109961,9.507774735870642,3,train,New-Build Suburban Family
788000.0,4.0,3.25,3680,5759,2.0,0,0,3,2840,840,2003,,Issaquah,98027,0,2003,11,11.0,214.1304347826087,11.0,1,0.22826086956521738,0.8125,507.58620689655174,8.210939733379021,8.658692753689937,3,train,New-Build Suburban Family
315275.0,3.0,1.75,1440,8040,1.0,0,0,3,960,480,1951,,Seattle,98125,0,1951,63,63.0,218.94097222222223,63.0,1,0.3333333333333333,0.5833333333333334,303.1578947368421,7.273092595999522,8.99230873254815,0,train,Established Family Home
505000.0,4.0,1.75,1940,4800,1.0,0,0,5,1030,910,1922,,Seattle,98122,0,1922,92,92.0,260.30927835051546,92.0,1,0.4690721649484536,0.4375,337.39130434782606,7.57095858316901,8.476579508530941,0,train,Established Family Home
368000.0,3.0,1.0,1280,9898,1.0,0,0,3,1280,0,1968,,Woodinville,98072,0,1968,46,46.0,287.5,46.0,0,0.0,0.3333333333333333,320.0,7.155396301896734,9.200189020919808,1,train,Compact Entry-Level
947500.0,3.0,2.75,2980,27144,1.5,1,2,5,2180,800,1917,,Burien,98166,0,1917,97,97.0,317.9530201342282,97.0,1,0.2684563758389262,0.9166666666666666,518.2608695652174,8.000014093678072,10.208948146339551,2,train,Premium View Property
156000.0,3.0,1.0,970,8580,1.0,0,0,3,970,0,1959,,Federal Way,98003,0,1959,55,55.0,160.82474226804123,55.0,0,0.0,0.3333333333333333,242.5,6.878326468291325,9.057305735807121,1,train,Compact Entry-Level
610000.0,4.0,3.0,2110,5000,1.5,0,2,4,1640,470,1930,,Seattle,98136,0,1930,84,84.0,289.09952606635073,84.0,1,0.22274881516587677,0.75,301.42857142857144,7.65491704784832,8.517393171418904,2,train,Premium View Property
420000.0,2.0,2.5,1480,1369,3.0,0,0,3,1480,0,2009,,Redmond,98052,0,2009,5,5.0,283.7837837837838,5.0,0,0.0,1.25,328.8888888888889,7.300472814267799,7.222566018822171,3,train,New-Build Suburban Family
192000.0,2.0,1.0,700,10540,1.0,0,0,3,700,0,1953,,Normandy Park,98166,0,1953,61,61.0,274.2857142857143,61.0,0,0.0,0.5,233.33333333333334,6.55250788703459,9.26302769425519,1,train,Compact Entry-Level
910000.0,3.0,2.0,2700,6120,1.0,0,0,4,1350,1350,1962,,Seattle,98115,0,1962,52,52.0,337.037037037037,52.0,1,0.5,0.6666666666666666,540.0,7.901377353792616,8.71948076085107,0,train,Established Family Home
1300000.0,4.0,3.25,2330,9687,2.0,0,3,3,2330,0,1918,,Seattle,98112,0,1918,96,96.0,557.9399141630902,96.0,0,0.0,0.8125,321.37931034482756,7.754052639035757,9.178643285232928,2,train,Premium View Property
1346400.0,5.0,1.75,3380,20021,1.0,0,0,4,1690,1690,1963,,Clyde Hill,98004,0,1963,51,51.0,398.3431952662722,51.0,1,0.5,0.35,500.74074074074076,8.125926802707886,9.904586947979428,0,train,Established Family Home
840000.0,4.0,2.75,2600,2750,1.5,0,0,3,1620,980,1936,,Seattle,98109,0,1936,78,78.0,323.0769230769231,78.0,1,0.3769230769230769,0.6875,385.18518518518516,7.8636512654486515,7.919719760924575,0,train,Established Family Home
300000.0,2.0,1.75,1360,8100,1.0,0,0,3,860,500,1975,,Seattle,98177,0,1975,39,39.0,220.58823529411765,39.0,1,0.36764705882352944,0.875,362.6666666666667,7.215975002651466,8.999742789830492,1,test,Compact Entry-Level
505000.0,4.0,2.5,2780,6369,1.0,0,0,3,1590,1190,1978,,Kirkland,98034,0,1978,36,36.0,181.6546762589928,36.0,1,0.42805755395683454,0.625,427.6923076923077,7.930565854233965,8.759354748566208,0,train,Established Family Home
110000.0,3.0,1.0,1250,53143,1.0,0,0,5,1250,0,1945,,Maple Valley,98038,0,1945,69,69.0,88.0,69.0,0,0.0,0.3333333333333333,312.5,7.1316985104669115,10.880760489345077,1,train,Compact Entry-Level
746000.0,3.0,2.5,2620,8950,2.0,0,0,3,2620,0,1992,,Bellevue,98006,0,1992,22,22.0,284.7328244274809,22.0,0,0.0,0.8333333333333334,476.3636363636364,7.8713112033234065,9.099520536870939,3,test,New-Build Suburban Family
211000.0,3.0,1.5,1350,7620,1.0,0,0,5,1350,0,1941,,Burien,98166,0,1941,73,73.0,156.2962962962963,73.0,0,0.0,0.5,300.0,7.208600337960199,8.938662873666118,1,train,Compact Entry-Level
675000.0,4.0,3.0,2400,3340,1.0,0,0,4,1200,1200,1964,,Seattle,98107,0,1964,50,50.0,281.25,50.0,1,0.5,0.75,342.85714285714283,7.783640596221253,8.114025442356757,0,train,Established Family Home
734200.0,4.0,2.5,2760,5000,1.5,0,0,5,1680,1080,1928,,Seattle,98107,0,1928,86,86.0,266.0144927536232,86.0,1,0.391304347826087,0.625,424.61538461538464,7.923348211930154,8.517393171418904,0,train,Established Family Home
1225000.0,4.0,2.25,3070,16028,1.0,0,3,3,1870,1200,1976,,Mercer Island,98040,0,1976,38,38.0,399.0228013029316,38.0,1,0.39087947882736157,0.5625,491.2,8.029758520440822,9.68215486062588,2,test,Premium View Property
615000.0,2.0,1.75,2040,28593,1.5,1,3,4,2040,0,1919,1990.0,Vashon,98070,1,1990,95,24.0,301.47058823529414,24.0,0,0.0,0.875,544.0,7.621195162809845,10.26095218458911,2,train,Premium View Property
630000.0,4.0,2.0,1770,6000,2.0,0,0,5,1770,0,1911,1981.0,Seattle,98199,1,1981,103,33.0,355.93220338983053,33.0,0,0.0,0.5,295.0,7.479299637782834,8.699681400989514,0,train,Established Family Home
1264000.0,4.0,3.75,3490,9170,2.0,0,0,3,3490,0,2012,,Bellevue,98004,0,2012,2,2.0,362.1776504297994,2.0,0,0.0,0.9375,450.3225806451613,8.157943507105037,9.123801610558944,3,train,New-Build Suburban Family
301500.0,2.0,1.5,830,1333,2.0,0,0,3,830,0,2005,,Seattle,98136,0,2005,9,9.0,363.2530120481928,9.0,0,0.0,0.75,237.14285714285714,6.7226297948554485,7.195937226475569,1,test,Compact Entry-Level
369000.0,2.0,2.5,980,895,2.0,0,0,3,670,310,2009,,Seattle,98116,0,2009,5,5.0,376.530612244898,5.0,1,0.3163265306122449,1.25,217.77777777777777,6.8885724595653635,6.79794041297493,3,train,New-Build Suburban Family
635000.0,3.0,2.5,1570,1433,3.0,0,0,3,1570,0,2010,,Seattle,98103,0,2010,4,4.0,404.4585987261146,4.0,0,0.0,0.8333333333333334,285.45454545454544,7.359467638255621,7.2682230211595655,3,train,New-Build Suburban Family
1033888.0,4.0,3.25,3270,5187,2.0,0,0,3,3110,160,2014,,Redmond,98052,0,2014,0,0.0,316.1737003058104,0.0,1,0.04892966360856269,0.8125,451.0344827586207,8.092851027538384,8.554103545436334,3,train,New-Build Suburban Family
383000.0,4.0,2.5,2160,6223,2.0,0,0,3,2160,0,2010,,Maple Valley,98038,0,2010,4,4.0,177.3148148148148,4.0,0,0.0,0.625,332.3076923076923,7.6783263565068856,8.736168065858228,3,train,New-Build Suburban Family
1050000.0,4.0,3.75,3280,11000,2.0,0,0,3,2320,960,2008,,Kirkland,98033,0,2008,6,6.0,320.1219512195122,6.0,1,0.2926829268292683,0.9375,423.2258064516129,8.0959035329611,9.305741456739435,3,train,New-Build Suburban Family
455000.0,4.0,2.5,3360,7685,2.0,0,0,3,3360,0,2001,,Renton,98058,0,2001,13,13.0,135.41666666666666,13.0,0,0.0,0.625,516.9230769230769,8.119993827725105,8.94715577112479,3,test,New-Build Suburban Family
819900.0,5.0,2.75,3150,7119,2.0,0,0,3,3150,0,2013,,Redmond,98052,0,2013,1,1.0,260.2857142857143,1.0,0,0.0,0.55,406.4516129032258,8.055475141757274,8.87066300440602,3,train,New-Build Suburban Family
625000.0,3.0,3.5,1810,1846,2.0,0,0,4,1440,370,2009,,Seattle,98122,0,2009,5,5.0,345.30386740331494,5.0,1,0.20441988950276244,1.1666666666666667,278.46153846153845,7.501634457883413,7.52131798019924,3,train,New-Build Suburban Family
651000.0,4.0,2.5,2740,7140,2.0,0,0,3,2740,0,1993,,Sammamish,98074,0,1993,21,21.0,237.5912408759124,21.0,0,0.0,0.625,421.53846153846155,7.916078096302786,8.87360810154911,3,train,New-Build Suburban Family
480000.0,5.0,4.75,3830,35000,1.0,0,0,3,2130,1700,1976,,Woodinville,98077,0,1976,38,38.0,125.32637075718016,38.0,1,0.44386422976501305,0.95,392.8205128205128,8.25088114470065,10.463131911491967,0,train,Established Family Home
757000.0,3.0,3.25,3190,5283,2.0,0,0,3,3190,0,2007,,Issaquah,98029,0,2007,7,7.0,237.3040752351097,7.0,0,0.0,1.0833333333333333,510.4,8.068089626278244,8.572438665642215,3,train,New-Build Suburban Family
460000.0,3.0,2.25,2350,10450,1.0,0,0,3,1390,960,1977,,Kenmore,98028,0,1977,37,37.0,195.74468085106383,37.0,1,0.4085106382978723,0.75,447.6190476190476,7.762596048540069,9.254452946594503,0,train,Established Family Home
267345.0,4.0,2.25,2510,8165,1.0,0,0,4,1610,900,1972,,Federal Way,98023,0,1972,42,42.0,106.51195219123504,42.0,1,0.35856573705179284,0.5625,401.6,7.828436359157585,9.007734471879521,0,test,Established Family Home
530000.0,2.0,2.0,1680,4950,1.0,0,0,3,1680,0,2006,,Redmond,98053,0,2006,8,8.0,315.4761904761905,8.0,0,0.0,1.0,420.0,7.427144133408616,8.507344855361422,1,train,Compact Entry-Level
449500.0,3.0,2.0,1770,6610,1.0,0,0,4,960,810,1954,,Shoreline,98133,0,1954,60,60.0,253.954802259887,60.0,1,0.4576271186440678,0.6666666666666666,354.0,7.479299637782834,8.796490207333578,0,train,Established Family Home
289000.0,3.0,1.0,1090,7315,1.0,0,0,5,1090,0,1981,,Renton,98056,0,1981,33,33.0,265.13761467889907,33.0,0,0.0,0.3333333333333333,272.5,6.994849985833071,8.897819009510757,1,train,Compact Entry-Level
373000.0,5.0,2.5,3001,5710,2.0,0,0,3,3001,0,2006,,Kent,98030,0,2006,8,8.0,124.2919026991003,8.0,0,0.0,0.5,400.1333333333333,8.007034012193408,8.650149418664864,3,test,New-Build Suburban Family
525000.0,5.0,3.0,2450,4591,2.0,0,0,3,2450,0,1994,,Seattle,98117,0,1994,20,20.0,214.28571428571428,20.0,0,0.0,0.6,306.25,7.804251383528112,8.432070937999402,3,train,New-Build Suburban Family
777000.0,3.0,3.25,3610,59677,2.0,0,0,3,2440,1170,2003,,Issaquah,98027,0,2003,11,11.0,215.23545706371192,11.0,1,0.32409972299168976,1.0833333333333333,577.6,8.191740021277457,10.996718722251758,3,train,New-Build Suburban Family
550000.0,4.0,2.0,2250,7500,1.0,0,0,5,1200,1050,1956,,Bellevue,98005,0,1956,58,58.0,244.44444444444449,58.0,1,0.4666666666666667,0.5,375.0,7.719129840906732,8.922791623969637,0,train,Established Family Home
523000.0,3.0,1.5,1240,7735,1.0,0,0,4,1240,0,1957,,Bellevue,98008,0,1957,57,57.0,421.7741935483871,57.0,0,0.0,0.5,275.55555555555554,7.123672785204607,8.95364003713313,1,train,Compact Entry-Level
628000.0,4.0,2.0,2260,6000,1.0,0,0,3,1430,830,1958,,Seattle,98115,0,1958,56,56.0,277.87610619469024,56.0,1,0.3672566371681416,0.5,376.6666666666667,7.72356247227797,8.699681400989514,0,train,Established Family Home
581000.0,4.0,1.75,2090,8164,1.0,0,0,4,1070,1020,1963,,Redmond,98052,0,1963,51,51.0,277.9904306220096,51.0,1,0.4880382775119617,0.4375,363.4782608695652,7.645397699428633,9.007612005404566,0,test,Established Family Home
245000.0,5.0,1.75,2020,7902,1.0,0,0,3,1220,800,1962,,Seattle,98168,0,1962,52,52.0,121.2871287128713,52.0,1,0.39603960396039606,0.35,299.25925925925924,7.611347717403621,8.974997713204976,0,train,Established Family Home
415000.0,3.0,1.75,1960,5000,1.0,0,0,5,980,980,1911,,Seattle,98108,0,1911,103,103.0,211.73469387755105,103.0,1,0.5,0.5833333333333334,412.63157894736844,7.581209826196346,8.517393171418904,0,train,Established Family Home
1895000.0,5.0,2.25,3120,16672,2.0,0,0,4,3120,0,1969,,Yarrow Point,98004,0,1969,45,45.0,607.3717948717949,45.0,0,0.0,0.45,430.3448275862069,8.045908742270779,9.721545923560459,3,test,New-Build Suburban Family
225000.0,3.0,1.5,1250,7500,1.0,0,0,3,1250,0,1967,,Kent,98030,0,1967,47,47.0,180.0,47.0,0,0.0,0.5,277.77777777777777,7.1316985104669115,8.922791623969637,1,train,Compact Entry-Level
287000.0,3.0,2.25,1490,9600,1.0,0,0,4,1170,320,1987,,Duvall,98019,0,1987,27,27.0,192.61744966442956,27.0,1,0.21476510067114093,0.75,283.8095238095238,7.307202314764738,9.169622538697624,0,train,Established Family Home
799200.0,6.0,3.0,2890,2370,2.5,0,0,3,2290,600,1906,,Seattle,98102,0,1906,108,108.0,276.53979238754323,108.0,1,0.20761245674740483,0.5,321.1111111111111,7.969357742016346,7.771067086065406,0,test,Established Family Home
239950.0,3.0,1.0,1900,33888,1.5,0,0,4,1900,0,1942,,Auburn,98001,0,1942,72,72.0,126.28947368421052,72.0,0,0.0,0.3333333333333333,475.0,7.550135342488429,10.43084575693648,1,test,Compact Entry-Level
591000.0,3.0,1.75,1680,2400,1.0,0,0,5,870,810,1922,,Seattle,98122,0,1922,92,92.0,351.7857142857143,92.0,1,0.48214285714285715,0.5833333333333334,353.6842105263158,7.427144133408616,7.783640596221253,0,train,Established Family Home
700000.0,3.0,2.5,2030,8398,2.0,0,0,4,2030,0,1975,,Bellevue,98008,0,1975,39,39.0,344.82758620689657,39.0,0,0.0,0.8333333333333334,369.09090909090907,7.616283561580385,9.035867930125628,3,train,New-Build Suburban Family
475000.0,4.0,2.5,3740,8700,1.0,0,0,3,2260,1480,2004,,Renton,98058,0,2004,10,10.0,127.00534759358288,10.0,1,0.39572192513368987,0.625,575.3846153846154,8.227108234348146,9.071193240566025,0,train,Established Family Home
575000.0,3.0,1.75,1580,11750,1.0,0,0,4,1180,400,1951,,Seattle,98118,0,1951,63,63.0,363.9240506329114,63.0,1,0.25316455696202533,0.5833333333333334,332.63157894736844,7.365812837209472,9.371693622333941,0,train,Established Family Home
771000.0,3.0,2.25,1780,6120,1.5,0,0,4,1390,390,1927,,Seattle,98122,0,1927,87,87.0,433.14606741573033,87.0,1,0.21910112359550563,0.75,339.04761904761904,7.484930283289661,8.71948076085107,0,train,Established Family Home
155000.0,2.0,1.0,910,6232,1.0,0,0,3,910,0,1943,,Seattle,98118,0,1943,71,71.0,170.32967032967034,71.0,0,0.0,0.5,303.3333333333333,6.814542897259958,8.73761303680885,1,train,Compact Entry-Level
550000.0,7.0,4.0,3440,8100,2.0,0,0,3,3440,0,1970,,Seattle,98103,0,1970,44,44.0,159.88372093023256,44.0,0,0.0,0.5714285714285714,312.72727272727275,8.14351740579748,8.999742789830492,3,train,New-Build Suburban Family
645000.0,3.0,2.5,1740,13750,2.0,0,0,4,1740,0,1975,,Bellevue,98008,0,1975,39,39.0,370.6896551724138,39.0,0,0.0,0.8333333333333334,316.3636363636364,7.462214939768189,9.528866827722945,3,test,New-Build Suburban Family
464000.0,5.0,2.5,3400,8970,1.0,0,0,4,1700,1700,1959,,Shoreline,98133,0,1959,55,55.0,136.47058823529412,55.0,1,0.5,0.5,453.3333333333333,8.131824785007195,9.101752431559284,0,train,Established Family Home
1050000.0,4.0,3.25,4400,16625,2.0,0,0,3,4400,0,2003,,Sammamish,98075,0,2003,11,11.0,238.63636363636363,11.0,0,0.0,0.8125,606.8965517241379,8.38958706681109,9.718723014091033,3,train,New-Build Suburban Family
350000.0,3.0,2.5,2010,14298,2.0,0,0,3,2010,0,1977,,Vashon,98070,0,1977,37,37.0,174.12935323383084,37.0,0,0.0,0.8333333333333334,365.45454545454544,7.606387389772652,9.567944883732848,3,train,New-Build Suburban Family
591000.0,4.0,2.25,2710,38180,2.0,0,0,4,2710,0,1977,,Woodinville,98077,0,1977,37,37.0,218.0811808118081,37.0,0,0.0,0.5625,433.6,7.905072849498666,10.550093288660157,3,train,New-Build Suburban Family
2555000.0,4.0,2.5,5300,26211,2.0,1,2,2,4570,730,1923,,Seattle,98105,0,1923,91,91.0,482.0754716981132,91.0,1,0.13773584905660377,0.625,815.3846153846154,8.575650760987806,10.173972600159388,2,train,Premium View Property
717000.0,3.0,1.5,1310,3880,1.0,0,0,3,1090,220,1956,,Seattle,98117,0,1956,58,58.0,547.3282442748092,58.0,1,0.16793893129770993,0.5,291.1111111111111,7.1785454837637,8.263848131368906,1,train,Compact Entry-Level
225000.0,4.0,1.5,1950,12559,1.5,0,0,3,1950,0,1939,,SeaTac,98188,0,1939,75,75.0,115.3846153846154,75.0,0,0.0,0.375,354.54545454545456,7.576097340623111,9.438272440022189,1,train,Compact Entry-Level
225000.0,3.0,1.0,1040,6535,1.0,0,0,3,1040,0,1947,,Seattle,98168,0,1947,67,67.0,216.34615384615384,67.0,0,0.0,0.3333333333333333,260.0,6.947937068614969,8.785080636539838,1,test,Compact Entry-Level
345000.0,3.0,1.75,1090,7200,1.0,0,0,3,1090,0,1968,,Kirkland,98034,0,1968,46,46.0,316.51376146788994,46.0,0,0.0,0.5833333333333334,229.47368421052633,6.994849985833071,8.881975184248867,1,train,Compact Entry-Level
230000.0,2.0,0.75,650,5360,1.0,0,0,4,650,0,1931,,Seattle,98133,0,1931,83,83.0,353.84615384615387,83.0,0,0.0,0.375,236.36363636363637,6.478509642208569,8.586905803827538,1,train,Compact Entry-Level
385000.0,3.0,2.0,1480,6600,1.0,0,2,3,740,740,1943,,Seattle,98146,0,1943,71,71.0,260.1351351351352,71.0,1,0.5,0.6666666666666666,296.0,7.300472814267799,8.79497643168877,2,train,Premium View Property
90000.0,2.0,1.0,790,2640,1.0,0,0,3,790,0,1973,,Kirkland,98034,0,1973,41,41.0,113.9240506329114,41.0,0,0.0,0.5,263.3333333333333,6.673297967767654,7.878912912297133,1,train,Compact Entry-Level
860000.0,4.0,2.5,3560,11119,1.0,0,2,3,2290,1270,1986,,Bellevue,98004,0,1986,28,28.0,241.5730337078652,28.0,1,0.35674157303370785,0.625,547.6923076923077,8.177796683277778,9.316500567804573,2,test,Premium View Property
675000.0,4.0,2.5,3000,5548,2.0,0,0,3,3000,0,2006,,Newcastle,98056,0,2006,8,8.0,225.0,8.0,0,0.0,0.625,461.53846153846155,8.006700845440367,8.621373010325902,3,train,New-Build Suburban Family
975000.0,4.0,2.5,3490,7494,2.0,0,3,3,3490,0,2000,,Bellevue,98006,0,2000,14,14.0,279.36962750716333,14.0,0,0.0,0.625,536.9230769230769,8.157943507105037,8.921991410536698,2,train,Premium View Property
780000.0,3.0,1.75,2340,10495,1.0,0,0,4,2340,0,1967,,Mercer Island,98040,0,1967,47,47.0,333.3333333333333,47.0,0,0.0,0.5833333333333334,492.63157894736844,7.75833346749091,9.25874951118387,1,train,Compact Entry-Level
370000.0,3.0,1.75,1650,8254,1.0,0,0,5,1060,590,1951,,Shoreline,98155,0,1951,63,63.0,224.24242424242425,63.0,1,0.3575757575757576,0.5833333333333334,347.36842105263156,7.409136443920128,9.018574356354229,0,train,Established Family Home
665000.0,3.0,2.0,1940,5820,1.5,0,0,5,1150,790,1944,,Seattle,98107,0,1944,70,70.0,342.7835051546392,70.0,1,0.4072164948453608,0.6666666666666666,388.0,7.57095858316901,8.669227347271736,0,test,Established Family Home
675000.0,5.0,3.0,3410,9600,1.0,0,0,4,1870,1540,1968,,Redmond,98052,0,1968,46,46.0,197.94721407624635,46.0,1,0.45161290322580644,0.6,426.25,8.134760782418645,9.169622538697624,0,train,Established Family Home
620000.0,3.0,1.0,1710,4050,1.5,0,0,3,1710,0,1909,,Seattle,98103,0,1909,105,105.0,362.5730994152047,105.0,0,0.0,0.3333333333333333,427.5,7.444833273892193,8.30671904320269,1,test,Compact Entry-Level
1105000.0,4.0,1.5,2740,4000,2.0,0,0,5,1930,810,1905,,Seattle,98109,0,1905,109,109.0,403.2846715328467,109.0,1,0.2956204379562044,0.375,498.1818181818182,7.916078096302786,8.294299608857235,0,train,Established Family Home
450000.0,3.0,2.75,1250,892,2.0,0,0,3,1040,210,2010,,Seattle,98116,0,2010,4,4.0,360.0,4.0,1,0.168,0.9166666666666666,217.3913043478261,7.1316985104669115,6.794586580876499,3,test,New-Build Suburban Family
450000.0,3.0,2.25,2450,42180,1.0,0,0,4,2450,0,1978,2000.0,Covington,98042,1,2000,36,14.0,183.6734693877551,14.0,0,0.0,0.75,466.6666666666667,7.804251383528112,10.649725161670181,0,test,Established Family Home
530000.0,3.0,1.75,1690,8190,1.0,0,0,4,1690,0,1958,,Bellevue,98005,0,1958,56,56.0,313.6094674556213,56.0,0,0.0,0.5833333333333334,355.7894736842105,7.43307534889858,9.010791269515602,1,train,Compact Entry-Level
635000.0,4.0,1.75,1950,13320,1.0,0,0,4,1370,580,1969,,Bellevue,98007,0,1969,45,45.0,325.64102564102564,45.0,1,0.29743589743589743,0.4375,339.1304347826087,7.576097340623111,9.497097016351463,0,train,Established Family Home
580000.0,5.0,2.0,2290,7125,1.0,0,0,3,1190,1100,1964,,Bellevue,98008,0,1964,50,50.0,253.27510917030568,50.0,1,0.48034934497816595,0.4,327.14285714285717,7.736743682453495,8.871505346165781,0,test,Established Family Home
1550000.0,5.0,3.25,3370,17458,1.0,0,2,5,2000,1370,1982,,Mercer Island,98040,0,1982,32,32.0,459.9406528189911,32.0,1,0.4065281899109792,0.65,408.4848484848485,8.12296471523406,9.767610553984774,2,train,Premium View Property
285000.0,3.0,1.0,1090,8640,1.0,0,0,4,1090,0,1973,,Burien,98166,0,1973,41,41.0,261.4678899082569,41.0,0,0.0,0.3333333333333333,272.5,6.994849985833071,9.0642735958414,1,train,Compact Entry-Level
375000.0,3.0,1.0,1190,9486,1.0,0,0,4,1190,0,1953,,Normandy Park,98166,0,1953,61,61.0,315.12605042016804,61.0,0,0.0,0.3333333333333333,297.5,7.0825485693553,9.157677719392877,1,test,Compact Entry-Level
1400000.0,5.0,4.25,3530,7924,2.0,0,0,3,3530,0,2001,,Mercer Island,98040,0,2001,13,13.0,396.60056657223794,13.0,0,0.0,0.85,381.6216216216216,8.169336395928386,8.977777598745481,3,train,New-Build Suburban Family
560000.0,3.0,1.0,1440,5000,2.0,0,0,3,1440,0,1910,,Seattle,98103,0,1910,104,104.0,388.8888888888889,104.0,0,0.0,0.3333333333333333,360.0,7.273092595999522,8.517393171418904,1,train,Compact Entry-Level
405000.0,4.0,1.75,2180,13529,1.0,0,0,3,1090,1090,1956,,Lake Forest Park,98155,0,1956,58,58.0,185.77981651376143,58.0,1,0.5,0.4375,379.1304347826087,7.687538766201629,9.512664721164834,0,train,Established Family Home
413000.0,4.0,1.0,1410,6000,1.0,0,0,3,810,600,1925,,Seattle,98126,0,1925,89,89.0,292.9078014184397,89.0,1,0.425531914893617,0.25,282.0,7.252053951852814,8.699681400989514,0,train,Established Family Home
287600.0,3.0,2.5,1950,8251,2.0,0,0,3,1950,0,1990,,Auburn,98001,0,1990,24,24.0,147.48717948717947,24.0,0,0.0,0.8333333333333334,354.54545454545456,7.576097340623111,9.018210874191142,3,train,New-Build Suburban Family
1680000.0,5.0,3.25,4860,23723,2.0,0,2,4,3820,1040,1989,,Mercer Island,98040,0,1989,25,25.0,345.679012345679,25.0,1,0.2139917695473251,0.65,589.0909090909091,8.488999457045455,10.074242472958618,2,train,Premium View Property
225000.0,3.0,1.0,1660,7210,1.0,0,0,3,1100,560,1963,,Auburn,98001,0,1963,51,51.0,135.5421686746988,51.0,1,0.3373493975903614,0.3333333333333333,415.0,7.415175109613295,8.88336291691676,0,train,Established Family Home
319000.0,3.0,1.0,1390,12823,1.0,0,0,4,1390,0,1968,,Woodinville,98077,0,1968,46,46.0,229.49640287769785,46.0,0,0.0,0.3333333333333333,347.5,7.237778191923443,9.459073694289389,1,train,Compact Entry-Level
322500.0,3.0,2.0,1350,14200,1.0,0,0,3,1350,0,1989,,Duvall,98019,0,1989,25,25.0,238.88888888888889,25.0,0,0.0,0.6666666666666666,270.0,7.208600337960199,9.561067663645012,1,train,Compact Entry-Level
570000.0,3.0,2.0,1530,5401,1.0,0,0,4,1530,0,1937,,Seattle,98115,0,1937,77,77.0,372.5490196078432,77.0,0,0.0,0.6666666666666666,306.0,7.333676395657684,8.59452453435256,1,train,Compact Entry-Level
465000.0,3.0,1.5,1270,5112,1.0,0,0,3,1270,0,1950,,Seattle,98115,0,1950,64,64.0,366.1417322834646,64.0,0,0.0,0.5,282.22222222222223,7.147559271189454,8.53954159508,1,train,Compact Entry-Level
435000.0,4.0,2.25,2140,6355,2.0,0,0,3,2140,0,2002,,Snoqualmie,98065,0,2002,12,12.0,203.2710280373832,12.0,0,0.0,0.5625,342.4,7.669028288589683,8.757154527656606,3,train,New-Build Suburban Family
502000.0,4.0,2.5,2040,5616,2.0,0,0,3,2040,0,2012,,Kenmore,98028,0,2012,2,2.0,246.07843137254903,2.0,0,0.0,0.625,313.84615384615387,7.621195162809845,8.633552992532433,3,test,New-Build Suburban Family
525000.0,3.0,3.5,2876,5086,2.0,0,0,3,2360,516,2007,,Woodinville,98072,0,2007,7,7.0,182.5452016689847,7.0,1,0.17941585535465926,1.1666666666666667,442.46153846153845,7.964503363551548,8.534443544822764,3,train,New-Build Suburban Family
525000.0,3.0,2.5,1580,1161,2.0,0,0,3,1010,570,2008,,Seattle,98112,0,2008,6,6.0,332.27848101265823,6.0,1,0.36075949367088606,0.8333333333333334,287.27272727272725,7.365812837209472,7.057897937411856,3,test,New-Build Suburban Family
660000.0,4.0,3.5,3400,5196,2.0,0,0,3,3400,0,2012,,Snoqualmie,98065,0,2012,2,2.0,194.11764705882356,2.0,0,0.0,0.875,453.3333333333333,8.131824785007195,8.555836815008442,3,test,New-Build Suburban Family
870000.0,4.0,2.5,3520,6773,2.5,0,0,3,2650,870,2006,,Seattle,98136,0,2006,8,8.0,247.1590909090909,8.0,1,0.2471590909090909,0.625,541.5384615384615,8.166500319155052,8.820847033377717,3,train,New-Build Suburban Family
650000.0,4.0,2.5,2210,4861,2.0,0,0,3,2210,0,2013,,Seattle,98117,0,2013,1,1.0,294.11764705882354,1.0,0,0.0,0.625,340.0,7.701200180857446,8.48920515487607,3,train,New-Build Suburban Family
505000.0,4.0,2.5,2790,5602,2.0,0,0,3,2790,0,2009,,Renton,98059,0,2009,5,5.0,181.00358422939067,5.0,0,0.0,0.625,429.2307692307692,7.934155233536322,8.631057447565285,3,train,New-Build Suburban Family
330000.0,3.0,2.5,1450,5008,1.0,0,0,3,840,610,2007,,Seattle,98106,0,2007,7,7.0,227.5862068965517,7.0,1,0.4206896551724138,0.8333333333333334,263.6363636363636,7.280008252884188,8.518991573357617,0,train,Established Family Home
385000.0,4.0,1.75,1620,4980,1.0,0,0,4,860,760,1947,,Seattle,98133,0,1947,67,67.0,237.65432098765436,67.0,1,0.4691358024691358,0.4375,281.7391304347826,7.390798521735676,8.513385953073284,0,test,Established Family Home
306000.0,3.0,1.5,1220,1086,3.0,0,0,3,1220,0,2007,,Seattle,98133,0,2007,7,7.0,250.81967213114757,7.0,0,0.0,0.5,271.1111111111111,7.107425474110705,6.99117688712121,3,train,New-Build Suburban Family
546000.0,3.0,1.75,2000,5000,1.0,0,0,4,1110,890,1921,,Seattle,98117,0,1921,93,93.0,273.0,93.0,1,0.445,0.5833333333333334,421.05263157894734,7.601402334583733,8.517393171418904,0,train,Established Family Home
925000.0,4.0,2.5,2190,7350,2.5,0,0,5,2190,0,1958,,Mercer Island,98040,0,1958,56,56.0,422.3744292237443,56.0,0,0.0,0.625,336.9230769230769,7.692113339595466,8.902591637374087,3,train,New-Build Suburban Family
542000.0,4.0,1.75,1900,8250,1.0,0,0,4,950,950,1955,,Bellevue,98006,0,1955,59,59.0,285.2631578947368,59.0,1,0.5,0.4375,330.4347826086956,7.550135342488429,9.018089684104343,0,train,Established Family Home
800000.0,3.0,1.0,1700,4400,1.5,0,0,4,1700,0,1906,,Seattle,98122,0,1906,108,108.0,470.5882352941176,108.0,0,0.0,0.3333333333333333,425.0,7.438971592395862,8.38958706681109,1,train,Compact Entry-Level
620000.0,5.0,2.5,2540,3832,2.0,0,0,5,1760,780,1929,,Seattle,98117,0,1929,85,85.0,244.0944881889764,85.0,1,0.30708661417322836,0.5,338.6666666666667,7.840312983320164,8.251403065380556,0,train,Established Family Home
175000.0,2.0,1.0,1170,8925,1.0,0,2,3,1170,0,1911,,Des Moines,98198,0,1911,103,103.0,149.57264957264957,103.0,0,0.0,0.5,390.0,7.065613363597717,9.096723645189215,1,train,Compact Entry-Level
740000.0,5.0,5.0,5774,31675,1.0,0,2,3,4490,1284,1984,,Federal Way,98003,0,1984,30,30.0,128.16072047107724,30.0,1,0.22237616903359889,1.0,577.4,8.661293535389994,10.363314575330303,2,train,Premium View Property
345000.0,3.0,2.25,2120,15003,2.0,0,0,3,2120,0,1984,,Renton,98059,0,1984,30,30.0,162.73584905660377,30.0,0,0.0,0.75,403.8095238095238,7.659642954564682,9.616072111201778,3,train,New-Build Suburban Family
510000.0,3.0,1.75,2170,26460,1.0,0,0,3,1450,720,1986,,Sammamish,98074,0,1986,28,28.0,235.0230414746544,28.0,1,0.3317972350230415,0.5833333333333334,456.8421052631579,7.682943169878292,10.183427229849748,0,train,Established Family Home
530000.0,4.0,2.75,2450,15002,1.0,0,0,5,2450,0,1974,,Normandy Park,98166,0,1974,40,40.0,216.3265306122449,40.0,0,0.0,0.6875,362.962962962963,7.804251383528112,9.616005460087013,0,train,Established Family Home
155000.0,2.0,1.0,700,5200,1.0,0,0,5,700,0,1952,,Renton,98056,0,1952,62,62.0,221.42857142857144,62.0,0,0.0,0.5,233.33333333333334,6.55250788703459,8.556606193773073,1,train,Compact Entry-Level
266000.0,3.0,2.5,1780,7214,1.0,0,0,4,1400,380,1986,,Kent,98030,0,1986,28,28.0,149.438202247191,28.0,1,0.21348314606741572,0.8333333333333334,323.6363636363636,7.484930283289661,8.88391747120797,0,train,Established Family Home
257200.0,3.0,2.0,1850,8250,1.0,0,0,4,1150,700,1952,,Auburn,98002,0,1952,62,62.0,139.02702702702703,62.0,1,0.3783783783783784,0.6666666666666666,370.0,7.523481312573497,9.018089684104343,0,train,Established Family Home
265000.0,3.0,2.0,1570,5706,1.0,0,0,3,1570,0,1998,,Auburn,98092,0,1998,16,16.0,168.78980891719746,16.0,0,0.0,0.6666666666666666,314.0,7.359467638255621,8.649448770536708,1,train,Compact Entry-Level
372220.0,3.0,1.0,1290,5500,1.0,0,0,3,980,310,1951,,Seattle,98136,0,1951,63,63.0,288.5426356589147,63.0,1,0.24031007751937986,0.3333333333333333,322.5,7.1631723908466425,8.612685172875459,1,test,Compact Entry-Level
337500.0,5.0,2.0,1700,7314,1.0,0,0,3,1000,700,1956,,Seattle,98108,0,1956,58,58.0,198.52941176470588,58.0,1,0.4117647058823529,0.4,242.85714285714286,7.438971592395862,8.897682313454224,0,test,Established Family Home
582500.0,2.0,1.5,1159,4800,1.0,0,0,3,1159,0,1948,,Seattle,98199,0,1948,66,66.0,502.58843830888696,66.0,0,0.0,0.75,331.14285714285717,7.05617528410041,8.476579508530941,1,train,Compact Entry-Level
489200.0,3.0,2.75,1850,9600,1.5,0,0,5,1850,0,1965,,Kirkland,98034,0,1965,49,49.0,264.43243243243245,49.0,0,0.0,0.9166666666666666,321.7391304347826,7.523481312573497,9.169622538697624,0,train,Established Family Home
405100.0,2.0,1.0,840,3522,1.0,0,0,3,840,0,1947,,Seattle,98199,0,1947,67,67.0,482.2619047619048,67.0,0,0.0,0.5,280.0,6.734591659972948,8.167068178341237,1,train,Compact Entry-Level
372977.0,3.0,2.5,1690,1618,2.0,0,0,3,1150,540,2014,,Issaquah,98029,0,2014,0,0.0,220.69644970414203,0.0,1,0.31952662721893493,0.8333333333333334,307.27272727272725,7.43307534889858,7.389563953677635,3,test,New-Build Suburban Family
310000.0,3.0,1.0,1050,9876,1.0,0,0,3,1050,0,1953,,Kenmore,98028,0,1953,61,61.0,295.23809523809524,61.0,0,0.0,0.3333333333333333,262.5,6.957497370876951,9.197964100908127,1,train,Compact Entry-Level
538000.0,3.0,1.75,1400,3825,1.5,0,0,4,1100,300,1904,,Seattle,98117,0,1904,110,110.0,384.2857142857143,110.0,1,0.21428571428571427,0.5833333333333334,294.7368421052632,7.244941546337007,8.249575150000199,0,train,Established Family Home
1400000.0,3.0,2.5,2550,7200,2.0,0,2,3,2550,0,1981,2013.0,Seattle,98144,1,2013,33,1.0,549.0196078431372,1.0,0,0.0,0.8333333333333334,463.6363636363636,7.844240718141811,8.881975184248867,2,test,Premium View Property
317000.0,3.0,2.5,1840,5011,2.0,0,0,3,1840,0,2012,,Maple Valley,98038,0,2012,2,2.0,172.2826086956522,2.0,0,0.0,0.8333333333333334,334.54545454545456,7.518064181233078,8.51959031601596,3,train,New-Build Suburban Family
702500.0,3.0,1.5,2360,6750,2.0,0,0,5,1930,430,1926,,Seattle,98103,0,1926,88,88.0,297.6694915254237,88.0,1,0.18220338983050846,0.5,524.4444444444445,7.766840537085513,8.81744592104187,0,train,Established Family Home
565000.0,4.0,2.5,2240,14667,2.0,0,0,4,2240,0,1989,,Newcastle,98059,0,1989,25,25.0,252.2321428571429,25.0,0,0.0,0.625,344.61538461538464,7.714677473800927,9.593423529191217,3,train,New-Build Suburban Family
723000.0,4.0,2.5,2700,4004,2.0,0,0,3,2700,0,2004,,Issaquah,98029,0,2004,10,10.0,267.77777777777777,10.0,0,0.0,0.625,415.38461538461536,7.901377353792616,8.29529885950246,3,train,New-Build Suburban Family
766950.0,3.0,2.5,3030,30007,1.5,0,0,4,3030,0,1992,,Woodinville,98077,0,1992,22,22.0,253.1188118811881,22.0,0,0.0,0.8333333333333334,550.9090909090909,8.016647877057803,10.309219291761723,3,test,New-Build Suburban Family
682000.0,3.0,1.75,1830,5120,1.5,0,2,5,1830,0,1903,,Seattle,98122,0,1903,111,111.0,372.6775956284153,111.0,0,0.0,0.5833333333333334,385.2631578947368,7.5126175446745105,8.54110501146255,1,train,Compact Entry-Level
325000.0,3.0,2.5,2220,6049,2.0,0,0,4,2220,0,1990,,Kent,98031,0,1990,24,24.0,146.3963963963964,24.0,0,0.0,0.8333333333333334,403.6363636363636,7.7057128238944275,8.707813551024888,3,test,New-Build Suburban Family
543000.0,3.0,2.5,2090,7640,1.0,0,0,3,1360,730,1962,2014.0,Shoreline,98133,1,2014,52,0.0,259.8086124401914,0.0,1,0.3492822966507177,0.8333333333333334,380.0,7.645397699428633,8.941283763647567,0,train,Established Family Home
525000.0,3.0,1.75,1600,6120,1.5,0,0,3,1600,0,1924,,Seattle,98115,0,1924,90,90.0,328.125,90.0,0,0.0,0.5833333333333334,336.8421052631579,7.3783837129967145,8.71948076085107,1,train,Compact Entry-Level
364000.0,4.0,1.75,2010,8625,1.0,0,0,4,1340,670,1957,,Shoreline,98133,0,1957,57,57.0,181.09452736318408,57.0,1,0.3333333333333333,0.4375,349.5652173913044,7.606387389772652,9.062536177207788,0,train,Established Family Home
394475.0,2.0,1.0,830,4000,1.0,0,0,3,830,0,1955,,Seattle,98117,0,1955,59,59.0,475.2710843373494,59.0,0,0.0,0.5,276.6666666666667,6.7226297948554485,8.294299608857235,1,train,Compact Entry-Level
316000.0,4.0,2.5,2010,7226,2.0,0,0,3,2010,0,1995,,Auburn,98092,0,1995,19,19.0,157.2139303482587,19.0,0,0.0,0.625,309.2307692307692,7.606387389772652,8.885579291282982,3,train,New-Build Suburban Family
339950.0,3.0,1.0,1050,5402,1.5,0,0,4,1050,0,1906,,Seattle,98144,0,1906,108,108.0,323.7619047619048,108.0,0,0.0,0.3333333333333333,262.5,6.957497370876951,8.594709633844065,1,train,Compact Entry-Level
486000.0,4.0,2.5,2150,39449,1.0,0,0,3,1420,730,1978,,Fall City,98024,0,1978,36,36.0,226.04651162790697,36.0,1,0.3395348837209302,0.625,330.7692307692308,7.67368812926773,10.582789326274021,0,train,Established Family Home
160000.0,3.0,1.0,860,11900,1.0,0,0,4,860,0,1963,,Kent,98030,0,1963,51,51.0,186.04651162790697,51.0,0,0.0,0.3333333333333333,215.0,6.7580945044277305,9.38437770918244,1,train,Compact Entry-Level
930000.0,3.0,2.5,3100,20553,1.0,0,0,3,3100,0,1954,,Shoreline,98177,0,1954,60,60.0,300.0,60.0,0,0.0,0.8333333333333334,563.6363636363636,8.03947991910045,9.930810848185018,0,train,Established Family Home
139000.0,3.0,1.0,1100,17334,1.0,0,0,3,1100,0,1978,,Auburn,98001,0,1978,36,36.0,126.36363636363636,36.0,0,0.0,0.3333333333333333,275.0,7.00397413672268,9.760482858119124,1,train,Compact Entry-Level
562000.0,3.0,1.5,1830,8000,1.0,0,0,4,1830,0,1957,,Bellevue,98008,0,1957,57,57.0,307.10382513661204,57.0,0,0.0,0.5,406.6666666666667,7.5126175446745105,8.987321812850125,1,test,Compact Entry-Level
299000.0,2.0,1.75,1250,34395,1.0,0,0,4,1250,0,1950,,Federal Way,98003,0,1950,64,64.0,239.2,64.0,0,0.0,0.875,333.3333333333333,7.1316985104669115,10.445695557530787,1,train,Compact Entry-Level
511000.0,3.0,2.5,1820,4883,2.0,0,0,3,1820,0,2005,,Kenmore,98028,0,2005,9,9.0,280.7692307692308,9.0,0,0.0,0.8333333333333334,330.90909090909093,7.507141079727608,8.493719835230594,3,test,New-Build Suburban Family
499000.0,3.0,2.0,2090,42689,1.5,0,0,3,2090,0,1959,1998.0,Ravensdale,98051,1,1998,55,16.0,238.755980861244,16.0,0,0.0,0.6666666666666666,418.0,7.645397699428633,10.661719979752007,1,train,Compact Entry-Level
356000.0,3.0,3.5,2100,12384,2.0,0,0,3,2100,0,1980,,Tukwila,98168,0,1980,34,34.0,169.52380952380952,34.0,0,0.0,1.1666666666666667,323.0769230769231,7.650168700845001,9.42424134192346,3,train,New-Build Suburban Family
470000.0,4.0,2.5,2310,14023,2.0,0,0,3,2310,0,1991,,Duvall,98019,0,1991,23,23.0,203.46320346320343,23.0,0,0.0,0.625,355.38461538461536,7.745435610274381,9.54852542660107,3,train,New-Build Suburban Family
715000.0,4.0,2.25,2060,5649,1.0,0,0,5,1360,700,1941,,Seattle,98199,0,1941,73,73.0,347.0873786407767,73.0,1,0.33980582524271846,0.5625,329.6,7.630946580890459,8.639410824140487,0,train,Established Family Home
1120000.0,4.0,2.25,4470,60373,2.0,0,0,3,4470,0,1988,,Woodinville,98072,0,1988,26,26.0,250.5592841163311,26.0,0,0.0,0.5625,715.2,8.405367376233981,11.008313827670705,3,train,New-Build Suburban Family
458000.0,3.0,1.0,1660,7500,1.0,0,0,4,1060,600,1940,,Seattle,98125,0,1940,74,74.0,275.90361445783134,74.0,1,0.3614457831325301,0.3333333333333333,415.0,7.415175109613295,8.922791623969637,0,test,Established Family Home
966000.0,5.0,4.5,3810,8019,2.0,0,0,3,3810,0,2008,,Sammamish,98075,0,2008,6,6.0,253.54330708661416,6.0,0,0.0,0.9,401.05263157894734,8.24564690087386,8.98969370086056,3,test,New-Build Suburban Family
305495.0,3.0,1.75,2110,10200,2.0,0,0,4,2110,0,1966,,Renton,98059,0,1966,48,48.0,144.78436018957345,48.0,0,0.0,0.5833333333333334,444.2105263157895,7.65491704784832,9.23024103368252,3,train,New-Build Suburban Family
543000.0,2.0,2.0,2370,217800,1.5,0,0,3,1600,770,1992,,Issaquah,98027,0,1992,22,22.0,229.1139240506329,22.0,1,0.32489451476793246,1.0,592.5,7.771067086065406,12.291337080838684,0,train,Established Family Home
340000.0,3.0,2.25,1970,3716,2.0,0,0,3,1970,0,1997,,Renton,98056,0,1997,17,17.0,172.58883248730965,17.0,0,0.0,0.75,375.23809523809524,7.58629630715272,8.220672170297252,3,test,New-Build Suburban Family
633100.0,4.0,2.5,2470,33305,2.0,0,0,3,2470,0,1993,,Redmond,98053,0,1993,21,21.0,256.3157894736842,21.0,0,0.0,0.625,380.0,7.81237820598861,10.413492839918217,3,train,New-Build Suburban Family
310000.0,3.0,1.0,1480,7830,1.0,0,0,3,1480,0,1952,,Shoreline,98133,0,1952,62,62.0,209.45945945945945,62.0,0,0.0,0.3333333333333333,370.0,7.300472814267799,8.965845494750937,1,test,Compact Entry-Level
349950.0,5.0,3.0,2257,10117,1.0,0,0,3,1363,894,2005,,SeaTac,98188,0,2005,9,9.0,155.0509525919362,9.0,1,0.3961010190518387,0.6,282.125,7.722234744709607,9.222071294851881,0,test,Established Family Home
267800.0,2.0,1.0,700,6000,1.0,0,0,4,700,0,1949,,Shoreline,98155,0,1949,65,65.0,382.57142857142856,65.0,0,0.0,0.5,233.33333333333334,6.55250788703459,8.699681400989514,1,train,Compact Entry-Level
234000.0,4.0,2.0,1630,9010,1.0,0,0,4,1050,580,1975,,Auburn,98092,0,1975,39,39.0,143.55828220858896,39.0,1,0.3558282208588957,0.5,271.6666666666667,7.396948602621014,9.106201332235038,0,train,Established Family Home
740000.0,4.0,2.5,3430,10157,2.0,0,0,3,3430,0,2000,,Kirkland,98034,0,2000,14,14.0,215.74344023323616,14.0,0,0.0,0.625,527.6923076923077,8.14060704285845,9.22601685136119,3,train,New-Build Suburban Family
607500.0,5.0,1.75,2220,6000,1.5,0,0,3,1420,800,1923,,Seattle,98199,0,1923,91,91.0,273.64864864864865,91.0,1,0.36036036036036034,0.35,328.8888888888889,7.7057128238944275,8.699681400989514,0,train,Established Family Home
223000.0,3.0,1.75,1340,7473,1.0,0,0,4,1340,0,1973,,Auburn,98002,0,1973,41,41.0,166.4179104477612,41.0,0,0.0,0.5833333333333334,282.10526315789474,7.201170883281678,8.91918561004543,1,train,Compact Entry-Level
400000.0,2.0,1.0,980,2130,1.0,0,0,4,860,120,1918,,Seattle,98117,0,1918,96,96.0,408.16326530612247,96.0,1,0.12244897959183673,0.5,326.6666666666667,6.8885724595653635,7.664346632098617,1,train,Compact Entry-Level
802000.0,3.0,2.5,2580,13096,2.0,0,0,3,2580,0,1986,,Redmond,98052,0,1986,28,28.0,310.8527131782945,28.0,0,0.0,0.8333333333333334,469.09090909090907,7.855932199718614,9.480138475329403,3,train,New-Build Suburban Family
253000.0,4.0,2.5,2230,4541,2.0,0,0,3,2230,0,2006,,Covington,98042,0,2006,8,8.0,113.45291479820628,8.0,0,0.0,0.625,343.0769230769231,7.7102051944325325,8.421122722665503,3,test,New-Build Suburban Family
1058000.0,4.0,2.0,2290,11137,1.0,0,0,4,2290,0,1955,,Bellevue,98004,0,1955,59,59.0,462.0087336244541,59.0,0,0.0,0.5,381.6666666666667,7.736743682453495,9.318117964149614,0,train,Established Family Home
300000.0,3.0,1.0,1260,8280,1.0,0,0,3,1260,0,1946,,Seattle,98115,0,1946,68,68.0,238.0952380952381,68.0,0,0.0,0.3333333333333333,315.0,7.13966033596492,9.0217190130337,1,test,Compact Entry-Level
625000.0,4.0,2.75,1680,11180,1.0,0,0,4,1680,0,1966,,Redmond,98052,0,1966,48,48.0,372.0238095238095,48.0,0,0.0,0.6875,248.88888888888889,7.427144133408616,9.321971188147367,0,train,Established Family Home
707000.0,4.0,3.25,3200,7081,2.0,0,0,3,3200,0,2004,,Sammamish,98075,0,2004,10,10.0,220.9375,10.0,0,0.0,0.8125,441.37931034482756,8.071218539969863,8.86531163267185,3,train,New-Build Suburban Family
950000.0,4.0,2.5,3320,7644,2.0,0,0,3,3320,0,1995,,Bellevue,98006,0,1995,19,19.0,286.144578313253,19.0,0,0.0,0.625,510.7692307692308,8.108021221376747,8.941807118363164,3,train,New-Build Suburban Family
420000.0,4.0,2.5,3040,24123,2.0,0,0,3,3040,0,1999,,Auburn,98092,0,1999,15,15.0,138.1578947368421,15.0,0,0.0,0.625,467.6923076923077,8.019941687677365,10.090962474570878,3,train,New-Build Suburban Family
498000.0,4.0,2.75,2270,7375,1.0,0,0,4,1290,980,1973,,Kirkland,98034,0,1973,41,41.0,219.38325991189427,41.0,1,0.43171806167400884,0.6875,336.2962962962963,7.7279755421055585,8.90598676523643,0,train,Established Family Home
450000.0,3.0,2.5,2910,17172,2.0,0,0,3,2910,0,1989,,Federal Way,98003,0,1989,25,25.0,154.63917525773195,25.0,0,0.0,0.8333333333333334,529.0909090909091,7.976251943745623,9.751093661983862,3,train,New-Build Suburban Family
955000.0,5.0,2.25,2510,9887,2.0,0,0,3,2510,0,1972,,Mercer Island,98040,0,1972,42,42.0,380.4780876494024,42.0,0,0.0,0.45,346.2068965517241,7.828436359157585,9.199077179697472,3,train,New-Build Suburban Family
215000.0,2.0,1.0,1240,7200,1.0,0,0,3,1240,0,1967,,Tukwila,98168,0,1967,47,47.0,173.38709677419354,47.0,0,0.0,0.5,413.3333333333333,7.123672785204607,8.881975184248867,1,train,Compact Entry-Level
437000.0,3.0,2.75,2580,5200,2.0,0,0,3,2580,0,2008,,Renton,98059,0,2008,6,6.0,169.3798449612403,6.0,0,0.0,0.9166666666666666,448.69565217391306,7.855932199718614,8.556606193773073,3,train,New-Build Suburban Family
773000.0,3.0,2.75,2470,3600,2.0,0,0,3,2470,0,2007,,Issaquah,98029,0,2007,7,7.0,312.95546558704456,7.0,0,0.0,0.9166666666666666,429.5652173913044,7.81237820598861,8.188966863648876,3,train,New-Build Suburban Family
1222500.0,4.0,3.5,4910,9444,1.5,0,0,3,3110,1800,2007,,Sammamish,98074,0,2007,7,7.0,248.9816700610998,7.0,1,0.3665987780040733,0.875,654.6666666666666,8.499232866039245,9.15324077993561,3,train,New-Build Suburban Family
256883.0,3.0,2.5,1690,5025,2.0,0,0,3,1690,0,2003,,Federal Way,98023,0,2003,11,11.0,152.00177514792898,11.0,0,0.0,0.8333333333333334,307.27272727272725,7.43307534889858,8.522379718103538,3,test,New-Build Suburban Family
592500.0,4.0,2.5,2240,12032,1.0,0,0,3,2240,0,1983,,Sammamish,98074,0,1983,31,31.0,264.50892857142856,31.0,0,0.0,0.625,344.61538461538464,7.714677473800927,9.395408154438163,3,train,New-Build Suburban Family
252350.0,3.0,2.0,1650,7352,1.0,0,0,3,1160,490,1979,,Renton,98058,0,1979,35,35.0,152.93939393939394,35.0,1,0.296969696969697,0.6666666666666666,330.0,7.409136443920128,8.902863672196222,0,train,Established Family Home
370000.0,4.0,2.5,2710,5880,2.0,0,0,3,2710,0,1998,,Auburn,98092,0,1998,16,16.0,136.53136531365314,16.0,0,0.0,0.625,416.9230769230769,7.905072849498666,8.679482094459956,3,train,New-Build Suburban Family
465750.0,3.0,1.5,1260,10350,1.0,0,0,3,1260,0,1959,,Bellevue,98008,0,1959,55,55.0,369.6428571428572,55.0,0,0.0,0.5,280.0,7.13966033596492,9.24483841238375,1,train,Compact Entry-Level
185000.0,3.0,1.0,1150,8100,1.0,0,0,3,1150,0,1932,,Seattle,98168,0,1932,82,82.0,160.8695652173913,82.0,0,0.0,0.3333333333333333,287.5,7.048386408721883,8.999742789830492,1,train,Compact Entry-Level
582800.0,4.0,2.75,2550,7636,1.0,0,0,3,1440,1110,1986,,Sammamish,98074,0,1986,28,28.0,228.54901960784315,28.0,1,0.43529411764705883,0.6875,377.77777777777777,7.844240718141811,8.940760134888384,0,train,Established Family Home
245000.0,3.0,1.75,1490,6930,1.0,0,0,4,1490,0,1990,,Kent,98030,0,1990,24,24.0,164.4295302013423,24.0,0,0.0,0.5833333333333334,313.6842105263158,7.307202314764738,8.843759381917984,1,train,Compact Entry-Level
302000.0,4.0,1.75,2020,7865,1.0,0,0,4,1010,1010,1963,,Renton,98059,0,1963,51,51.0,149.5049504950495,51.0,1,0.5,0.4375,351.30434782608694,7.611347717403621,8.970304952991755,0,train,Established Family Home
451555.0,2.0,1.0,1320,4520,1.0,0,1,3,1320,0,1912,1971.0,Seattle,98116,1,1971,102,43.0,342.0871212121212,43.0,0,0.0,0.5,440.0,7.186144304522325,8.416488487294606,1,train,Compact Entry-Level
250000.0,3.0,1.0,1230,10350,1.0,0,0,4,1230,0,1957,,Renton,98055,0,1957,57,57.0,203.2520325203252,57.0,0,0.0,0.3333333333333333,307.5,7.115582126184454,9.24483841238375,1,train,Compact Entry-Level
255000.0,4.0,2.5,2070,7800,2.0,0,0,3,2070,0,1989,,Federal Way,98003,0,1989,25,25.0,123.18840579710144,25.0,0,0.0,0.625,318.46153846153845,7.635786861395585,8.962007209588313,3,train,New-Build Suburban Family
840000.0,4.0,1.75,2930,11562,1.0,0,3,3,1670,1260,1947,,Seattle,98117,0,1947,67,67.0,286.68941979522185,67.0,1,0.4300341296928328,0.4375,509.5652173913044,7.983098940710892,9.355565624128962,2,train,Premium View Property
190000.0,3.0,1.0,1090,8520,1.0,0,0,3,1090,0,1967,,Federal Way,98003,0,1967,47,47.0,174.3119266055046,47.0,0,0.0,0.3333333333333333,272.5,6.994849985833071,9.050288983827956,1,test,Compact Entry-Level
349950.0,3.0,1.0,1400,7066,1.0,0,0,3,1400,0,1957,,Seattle,98125,0,1957,57,57.0,249.9642857142857,57.0,0,0.0,0.3333333333333333,350.0,7.244941546337007,8.863191340690854,1,train,Compact Entry-Level
613000.0,4.0,2.0,1550,4815,1.5,0,0,3,1550,0,1909,,Seattle,98103,0,1909,105,105.0,395.483870967742,105.0,0,0.0,0.5,258.3333333333333,7.346655163176539,8.479698986988657,1,test,Compact Entry-Level
300000.0,3.0,1.0,1220,13000,1.0,0,0,4,1220,0,1955,,Shoreline,98133,0,1955,59,59.0,245.9016393442623,59.0,0,0.0,0.3333333333333333,305.0,7.107425474110705,9.472781556562168,1,test,Compact Entry-Level
455000.0,3.0,2.5,1870,7344,1.0,0,0,3,1470,400,1980,,Kirkland,98034,0,1980,34,34.0,243.3155080213904,34.0,1,0.21390374331550802,0.8333333333333334,340.0,7.534228326274089,8.901775088607979,0,train,Established Family Home
335000.0,3.0,2.25,2150,30476,2.0,0,0,3,2150,0,1991,,Tukwila,98188,0,1991,23,23.0,155.8139534883721,23.0,0,0.0,0.75,409.5238095238095,7.67368812926773,10.324727579759655,3,train,New-Build Suburban Family
197500.0,3.0,1.0,980,3090,1.5,0,0,3,980,0,1903,,Seattle,98118,0,1903,111,111.0,201.53061224489795,111.0,0,0.0,0.3333333333333333,245.0,6.8885724595653635,8.036249942132116,1,train,Compact Entry-Level
412500.0,3.0,1.5,1490,8475,1.0,0,0,4,1490,0,1963,,Redmond,98052,0,1963,51,51.0,276.8456375838926,51.0,0,0.0,0.5,331.1111111111111,7.307202314764738,9.04499391938819,1,train,Compact Entry-Level
395300.0,3.0,1.5,1120,7000,1.0,0,0,3,1120,0,1955,,Bellevue,98007,0,1955,59,59.0,352.94642857142856,59.0,0,0.0,0.5,248.88888888888889,7.02197642307216,8.853808274977197,1,train,Compact Entry-Level
342400.0,3.0,2.25,1180,9630,2.0,0,0,3,1180,0,1986,,Kenmore,98028,0,1986,28,28.0,290.1694915254237,28.0,0,0.0,0.75,224.76190476190476,7.074116816197362,9.172742341560864,3,train,New-Build Suburban Family
749400.0,4.0,2.5,3240,20301,2.0,0,0,3,3240,0,1985,,Redmond,98052,0,1985,29,29.0,231.2962962962963,29.0,0,0.0,0.625,498.46153846153845,8.083637203141548,9.918474682344376,3,train,New-Build Suburban Family
316500.0,4.0,2.5,2150,6807,2.0,0,0,4,2150,0,1991,,Kent,98031,0,1991,23,23.0,147.2093023255814,23.0,0,0.0,0.625,330.7692307692308,7.67368812926773,8.82585367025321,3,train,New-Build Suburban Family
390000.0,3.0,2.5,2240,10800,2.0,0,0,3,2240,0,1996,,Kenmore,98028,0,1996,18,18.0,174.10714285714286,18.0,0,0.0,0.8333333333333334,407.27272727272725,7.714677473800927,9.287394001418473,3,train,New-Build Suburban Family
225000.0,3.0,2.0,1400,7384,1.0,0,0,3,1150,250,1979,,Renton,98058,0,1979,35,35.0,160.71428571428572,35.0,1,0.17857142857142858,0.6666666666666666,280.0,7.244941546337007,8.90720619496548,0,test,Established Family Home
550000.0,3.0,2.25,1980,40887,1.0,0,0,4,1980,0,1980,,Redmond,98053,0,1980,34,34.0,277.77777777777777,34.0,0,0.0,0.75,377.14285714285717,7.591357046698551,10.618591900448115,0,train,Established Family Home
280000.0,3.0,1.0,1330,20562,1.5,0,0,3,1330,0,1959,,North Bend,98045,0,1959,55,55.0,210.52631578947367,55.0,0,0.0,0.3333333333333333,332.5,7.193685818395112,9.931248623321519,1,test,Compact Entry-Level
1255000.0,4.0,2.5,3200,7535,2.0,0,0,3,3200,0,2006,,Seattle,98105,0,2006,8,8.0,392.1875,8.0,0,0.0,0.625,492.3076923076923,8.071218539969863,8.927446816256198,3,test,New-Build Suburban Family
575000.0,2.0,1.0,1490,6000,1.0,0,0,3,1090,400,1946,,Seattle,98112,0,1946,68,68.0,385.9060402684564,68.0,1,0.2684563758389262,0.5,496.6666666666667,7.307202314764738,8.699681400989514,1,train,Compact Entry-Level
1000000.0,5.0,4.25,3920,16258,2.0,0,0,3,2900,1020,1990,,Bellevue,98004,0,1990,24,24.0,255.1020408163265,24.0,1,0.2602040816326531,0.85,423.7837837837838,8.27410200229233,9.696401880595555,3,train,New-Build Suburban Family
585000.0,5.0,1.75,2000,3750,2.0,0,0,4,2000,0,1921,,Seattle,98103,0,1921,93,93.0,292.5,93.0,0,0.0,0.35,296.2962962962963,7.601402334583733,8.229777750081887,0,train,Established Family Home
620000.0,4.0,2.5,2680,9185,2.0,0,0,3,2680,0,1989,,Issaquah,98029,0,1989,25,25.0,231.34328358208955,25.0,0,0.0,0.625,412.3076923076923,7.893945138235959,9.12543586488574,3,train,New-Build Suburban Family
204700.0,4.0,2.0,1670,9987,1.0,0,0,3,1670,0,1967,,Auburn,98001,0,1967,47,47.0,122.5748502994012,47.0,0,0.0,0.5,278.3333333333333,7.421177528595393,9.209139651399664,1,train,Compact Entry-Level
695000.0,4.0,3.0,3150,9130,2.0,0,0,3,3150,0,2001,,Sammamish,98075,0,2001,13,13.0,220.63492063492063,13.0,0,0.0,0.75,450.0,8.055475141757274,9.11943049661634,3,train,New-Build Suburban Family
689900.0,4.0,3.25,2740,7266,2.0,0,0,3,2060,680,2003,,Issaquah,98027,0,2003,11,11.0,251.78832116788325,11.0,1,0.24817518248175183,0.8125,377.9310344827586,7.916078096302786,8.891098830616636,3,train,New-Build Suburban Family
375000.0,4.0,1.75,1890,8000,1.0,0,0,4,1250,640,1960,,Shoreline,98133,0,1960,54,54.0,198.4126984126984,54.0,1,0.3386243386243386,0.4375,328.69565217391306,7.544861068658458,8.987321812850125,0,train,Established Family Home
475000.0,7.0,3.5,2870,29699,1.0,0,0,3,1520,1350,1961,,Seattle,98125,0,1961,53,53.0,165.50522648083623,53.0,1,0.47038327526132406,0.5,273.3333333333333,7.962415680121064,10.298902324790792,0,train,Established Family Home
215000.0,3.0,1.0,1160,10384,1.0,0,0,4,1160,0,1969,,Maple Valley,98038,0,1969,45,45.0,185.3448275862069,45.0,0,0.0,0.3333333333333333,290.0,7.057036981697891,9.248117736310213,1,test,Compact Entry-Level
2100000.0,4.0,1.75,3550,19865,2.0,0,0,3,3550,0,1962,2002.0,Medina,98039,1,2002,52,12.0,591.5492957746479,12.0,0,0.0,0.4375,617.3913043478261,8.174984532943087,9.8967650067753,3,train,New-Build Suburban Family
790000.0,3.0,1.75,1790,6117,1.0,0,2,3,1350,440,1940,,Seattle,98199,0,1940,74,74.0,441.340782122905,74.0,1,0.24581005586592178,0.5833333333333334,376.8421052631579,7.490529402060711,8.718990524710849,2,test,Premium View Property
350000.0,3.0,1.75,1680,250470,1.0,0,0,4,1070,610,1940,,Duvall,98019,0,1940,74,74.0,208.33333333333331,74.0,1,0.3630952380952381,0.5833333333333334,353.6842105263158,7.427144133408616,12.431098424342297,0,train,Established Family Home
695000.0,3.0,2.5,4560,17622,2.0,0,0,4,3800,760,1986,,Sammamish,98074,0,1986,28,28.0,152.41228070175438,28.0,1,0.16666666666666666,0.8333333333333334,829.0909090909091,8.4252971767117,9.77696014606437,0,train,Established Family Home
263000.0,3.0,2.25,1590,7748,2.0,0,0,4,1590,0,1991,,Federal Way,98003,0,1991,23,23.0,165.40880503144655,23.0,0,0.0,0.75,302.85714285714283,7.372118028337787,8.95531908176395,3,train,New-Build Suburban Family
400000.0,3.0,1.0,1630,10304,1.0,0,0,5,1630,0,1953,,Shoreline,98155,0,1953,61,61.0,245.39877300613497,61.0,0,0.0,0.3333333333333333,407.5,7.396948602621014,9.240384493324559,1,train,Compact Entry-Level
525000.0,3.0,2.5,2700,7434,2.0,0,0,3,2700,0,1991,,Woodinville,98072,0,1991,23,23.0,194.44444444444449,23.0,0,0.0,0.8333333333333334,490.90909090909093,7.901377353792616,8.913953858894255,3,test,New-Build Suburban Family
349950.0,3.0,2.5,1700,7496,2.0,0,0,3,1700,0,1994,,Renton,98055,0,1994,20,20.0,205.85294117647055,20.0,0,0.0,0.8333333333333334,309.09090909090907,7.438971592395862,8.922258219503062,3,train,New-Build Suburban Family
1085000.0,4.0,3.25,3740,12080,1.0,0,0,3,2000,1740,1988,,Woodinville,98077,0,1988,26,26.0,290.10695187165777,26.0,1,0.46524064171123,0.8125,515.8620689655172,8.227108234348146,9.399389249519563,0,train,Established Family Home
744000.0,4.0,3.0,1980,5352,2.5,0,0,3,1980,0,1941,2005.0,Seattle,98136,1,2005,73,9.0,375.75757575757575,9.0,0,0.0,0.75,282.85714285714283,7.591357046698551,8.585412430393381,3,train,New-Build Suburban Family
312500.0,2.0,1.0,880,6345,1.0,0,0,3,880,0,1919,,Seattle,98106,0,1919,95,95.0,355.1136363636364,95.0,0,0.0,0.5,293.3333333333333,6.78105762593618,8.75557997214314,1,test,Compact Entry-Level
240000.0,3.0,2.0,1400,6200,1.0,0,0,3,700,700,1948,,Shoreline,98133,0,1948,66,66.0,171.42857142857142,66.0,1,0.5,0.6666666666666666,280.0,7.244941546337007,8.732465848349879,0,train,Established Family Home
495000.0,4.0,2.0,2050,4000,1.5,0,0,5,1210,840,1941,,Seattle,98144,0,1941,73,73.0,241.46341463414635,73.0,1,0.4097560975609756,0.5,341.6666666666667,7.62608275807238,8.294299608857235,0,train,Established Family Home
580050.0,3.0,2.5,2360,4638,2.0,0,3,3,2360,0,1996,,Seattle,98115,0,1996,18,18.0,245.78389830508476,18.0,0,0.0,0.8333333333333334,429.09090909090907,7.766840537085513,8.442254104751743,2,train,Premium View Property
640000.0,4.0,2.0,2560,7798,1.0,0,0,4,1890,670,1947,,Seattle,98115,0,1947,67,67.0,250.0,67.0,1,0.26171875,0.5,426.6666666666667,7.848153086199526,8.961750799330497,0,test,Established Family Home
417000.0,3.0,1.5,1340,10224,1.0,0,0,4,1340,0,1956,,Bellevue,98006,0,1956,58,58.0,311.1940298507463,58.0,0,0.0,0.5,297.77777777777777,7.201170883281678,9.232590980911002,1,train,Compact Entry-Level
174950.0,3.0,1.0,1060,5200,1.0,0,0,5,1060,0,1970,,Covington,98042,0,1970,44,44.0,165.04716981132074,44.0,0,0.0,0.3333333333333333,265.0,6.966967138613983,8.556606193773073,1,train,Compact Entry-Level
295000.0,3.0,1.5,850,2500,1.0,0,0,3,850,0,1986,,Seattle,98106,0,1986,28,28.0,347.05882352941177,28.0,0,0.0,0.5,188.88888888888889,6.7464121285733745,7.824445930877619,1,train,Compact Entry-Level
423000.0,4.0,1.75,1880,7303,1.0,0,0,3,1010,870,1976,,Kirkland,98034,0,1976,38,38.0,225.0,38.0,1,0.4627659574468085,0.4375,326.95652173913044,7.53955882930103,8.896177422274805,0,train,Established Family Home
839000.0,3.0,1.0,1230,12305,1.0,0,0,3,1230,0,1955,1990.0,Bellevue,98004,1,1990,59,24.0,682.1138211382114,24.0,0,0.0,0.3333333333333333,307.5,7.115582126184454,9.417842227300435,1,test,Compact Entry-Level
343000.0,4.0,1.75,2290,10290,1.0,0,0,3,1340,950,1960,,Seattle,98146,0,1960,54,54.0,149.7816593886463,54.0,1,0.4148471615720524,0.4375,398.2608695652174,7.736743682453495,9.239025005836092,0,train,Established Family Home
467000.0,3.0,1.0,1660,6582,1.0,0,0,5,1000,660,1946,,Seattle,98133,0,1946,68,68.0,281.32530120481925,68.0,1,0.39759036144578314,0.3333333333333333,415.0,7.415175109613295,8.792245847467877,0,train,Established Family Home
512500.0,3.0,2.5,1840,2875,2.0,0,0,4,1840,0,1997,,Seattle,98116,0,1997,17,17.0,278.5326086956522,17.0,0,0.0,0.8333333333333334,334.54545454545456,7.518064181233078,7.964155718840937,3,train,New-Build Suburban Family
575000.0,4.0,2.5,3020,17810,1.0,0,0,3,1600,1420,1979,,Lake Forest Park,98155,0,1979,35,35.0,190.39735099337747,35.0,1,0.47019867549668876,0.625,464.61538461538464,8.013343181386672,9.787571522938785,0,train,Established Family Home
465000.0,3.0,1.75,1410,6886,1.0,0,0,3,1410,0,1924,2013.0,Seattle,98133,1,2013,90,1.0,329.7872340425532,1.0,0,0.0,0.5833333333333334,296.8421052631579,7.252053951852814,8.837390855544697,1,train,Compact Entry-Level
270000.0,3.0,1.0,1010,9514,1.0,0,0,3,1010,0,1969,,Renton,98059,0,1969,45,45.0,267.3267326732673,45.0,0,0.0,0.3333333333333333,252.5,6.918695219020472,9.16062477973025,1,train,Compact Entry-Level
340000.0,3.0,1.75,1960,8136,1.0,0,0,3,980,980,1948,,Seattle,98106,0,1948,66,66.0,173.46938775510205,66.0,1,0.5,0.5833333333333334,412.63157894736844,7.581209826196346,9.004176840696656,0,train,Established Family Home
765000.0,5.0,3.75,3580,14275,2.0,0,0,3,3190,390,1999,,Issaquah,98027,0,1999,15,15.0,213.68715083798884,15.0,1,0.10893854748603352,0.75,409.14285714285717,8.183397369998433,9.566335084610051,3,train,New-Build Suburban Family
497000.0,4.0,2.5,2240,7200,2.0,0,0,3,2240,0,1995,,Seattle,98118,0,1995,19,19.0,221.875,19.0,0,0.0,0.625,344.61538461538464,7.714677473800927,8.881975184248867,3,train,New-Build Suburban Family
803100.0,4.0,2.5,3310,5404,2.0,0,0,3,3310,0,2004,,Redmond,98052,0,2004,10,10.0,242.6283987915408,10.0,0,0.0,0.625,509.2307692307692,8.105005537547246,8.595079730073309,3,train,New-Build Suburban Family
344000.0,3.0,2.5,1232,1130,3.0,0,0,3,1232,0,2007,,Seattle,98125,0,2007,7,7.0,279.2207792207792,7.0,0,0.0,0.8333333333333334,224.0,7.117205503164344,7.030857476116121,3,train,New-Build Suburban Family
828950.0,4.0,3.5,3930,5680,2.0,0,1,3,2820,1110,2013,,Issaquah,98027,0,2013,1,1.0,210.9287531806616,1.0,1,0.2824427480916031,0.875,524.0,8.27664912542186,8.644882552557126,3,test,New-Build Suburban Family
386380.0,3.0,2.5,1720,3600,2.0,0,0,3,1720,0,2010,,Redmond,98053,0,2010,4,4.0,224.63953488372093,4.0,0,0.0,0.8333333333333334,312.72727272727275,7.450660796211539,8.188966863648876,3,train,New-Build Suburban Family
312000.0,3.0,2.25,1490,974,2.0,0,0,3,1220,270,2009,,Seattle,98106,0,2009,5,5.0,209.3959731543624,5.0,1,0.18120805369127516,0.75,283.8095238095238,7.307202314764738,6.882437470997847,3,train,New-Build Suburban Family
720000.0,3.0,2.5,3150,151588,2.0,0,0,3,3150,0,2007,,Fall City,98024,0,2007,7,7.0,228.57142857142856,7.0,0,0.0,0.8333333333333334,572.7272727272727,8.055475141757274,11.928928190191096,3,train,New-Build Suburban Family
914500.0,4.0,2.5,3950,10856,3.0,0,0,3,3950,0,2013,,Sammamish,98075,0,2013,1,1.0,231.51898734177212,1.0,0,0.0,0.625,607.6923076923077,8.281723990411392,9.292565312231853,3,train,New-Build Suburban Family
819995.0,5.0,2.75,3030,10335,2.0,0,0,3,3030,0,2013,,Newcastle,98056,0,2013,1,1.0,270.6254125412541,1.0,0,0.0,0.55,390.96774193548384,8.016647877057803,9.243388226022383,3,train,New-Build Suburban Family
252700.0,2.0,1.5,1070,9643,1.0,0,0,3,1070,0,1985,,Kent,98030,0,1985,29,29.0,236.16822429906543,29.0,0,0.0,0.75,305.7142857142857,6.976348070447749,9.174091239301061,1,train,Compact Entry-Level
437500.0,3.0,2.5,2320,36847,2.0,0,2,3,2320,0,1992,,North Bend,98045,0,1992,22,22.0,188.5775862068965,22.0,0,0.0,0.8333333333333334,421.8181818181818,7.749753406274437,10.514556622060466,2,test,Premium View Property
350000.0,1.0,1.0,700,5100,1.0,0,0,3,700,0,1942,,Seattle,98115,0,1942,72,72.0,500.0,72.0,0,0.0,1.0,350.0,6.55250788703459,8.537191877922927,1,train,Compact Entry-Level
619000.0,3.0,2.5,2720,6439,2.0,0,0,3,2720,0,2005,,Snoqualmie,98065,0,2005,9,9.0,227.5735294117647,9.0,0,0.0,0.8333333333333334,494.54545454545456,7.908754738783246,8.770283819098399,3,train,New-Build Suburban Family
408200.0,3.0,2.5,1800,5761,2.0,0,0,4,1800,0,1990,,Seattle,98106,0,1990,24,24.0,226.77777777777777,24.0,0,0.0,0.8333333333333334,327.27272727272725,7.496097345175956,8.659039915644474,3,train,New-Build Suburban Family
451000.0,3.0,1.75,1560,4049,1.5,0,2,3,1000,560,1926,,Seattle,98126,0,1926,88,88.0,289.1025641025641,88.0,1,0.358974358974359,0.5833333333333334,328.42105263157896,7.353081920515432,8.306472160100585,2,test,Premium View Property
317000.0,3.0,2.0,1760,11410,1.0,0,0,5,1060,700,1977,,Renton,98058,0,1977,37,37.0,180.11363636363637,37.0,1,0.3977272727272727,0.6666666666666666,352.0,7.473637108496206,9.34233308143468,0,train,Established Family Home
799000.0,4.0,3.25,3120,5000,2.0,0,0,3,2370,750,2005,,Seattle,98115,0,2005,9,9.0,256.0897435897436,9.0,1,0.2403846153846154,0.8125,430.3448275862069,8.045908742270779,8.517393171418904,3,train,New-Build Suburban Family
720000.0,2.0,1.0,2020,7200,1.0,0,3,4,1700,320,1947,,Seattle,98146,0,1947,67,67.0,356.43564356435644,67.0,1,0.15841584158415842,0.5,673.3333333333334,7.611347717403621,8.881975184248867,2,test,Premium View Property
490000.0,3.0,2.0,1450,2400,1.5,0,0,3,1450,0,1900,2003.0,Seattle,98107,1,2003,114,11.0,337.9310344827586,11.0,0,0.0,0.6666666666666666,290.0,7.280008252884188,7.783640596221253,1,train,Compact Entry-Level
239900.0,4.0,2.25,1860,7000,1.0,0,0,3,1120,740,1979,,Federal Way,98023,0,1979,35,35.0,128.9784946236559,35.0,1,0.3978494623655914,0.5625,297.6,7.528869256642251,8.853808274977197,0,train,Established Family Home
446000.0,4.0,2.25,2270,7800,1.0,0,0,3,1290,980,1977,,Kirkland,98034,0,1977,37,37.0,196.4757709251101,37.0,1,0.43171806167400884,0.5625,363.2,7.7279755421055585,8.962007209588313,0,train,Established Family Home
275000.0,3.0,2.5,1480,15639,2.0,0,0,3,1480,0,1987,,North Bend,98045,0,1987,27,27.0,185.8108108108108,27.0,0,0.0,0.8333333333333334,269.09090909090907,7.300472814267799,9.657587014099303,3,test,New-Build Suburban Family
239950.0,5.0,1.0,1460,6032,2.0,0,0,4,1460,0,1941,,Tukwila,98168,0,1941,73,73.0,164.34931506849315,73.0,0,0.0,0.2,243.33333333333334,7.2868764117507,8.704999678440762,1,train,Compact Entry-Level
248000.0,4.0,3.5,1850,6519,2.0,0,0,3,1130,720,1986,,Federal Way,98023,0,1986,28,28.0,134.05405405405406,28.0,1,0.3891891891891892,0.875,246.66666666666666,7.523481312573497,8.782629654920699,3,train,New-Build Suburban Family
619500.0,3.0,2.5,2170,5000,2.0,0,0,3,2170,0,2003,,Issaquah,98029,0,2003,11,11.0,285.48387096774195,11.0,0,0.0,0.8333333333333334,394.54545454545456,7.682943169878292,8.517393171418904,3,train,New-Build Suburban Family
363750.0,3.0,1.75,1726,197326,2.0,0,0,4,1726,0,1982,,Vashon,98070,0,1982,32,32.0,210.74739281575896,32.0,0,0.0,0.5833333333333334,363.36842105263156,7.454141078146678,12.192617530088397,3,test,New-Build Suburban Family
385000.0,3.0,1.75,1180,10541,1.0,0,0,4,940,240,1981,,Sammamish,98074,0,1981,33,33.0,326.271186440678,33.0,1,0.2033898305084746,0.5833333333333334,248.42105263157896,7.074116816197362,9.263122557415151,0,train,Established Family Home
370000.0,4.0,1.5,1370,9957,1.0,0,0,3,900,470,1972,,Kirkland,98034,0,1972,42,42.0,270.0729927007299,42.0,1,0.34306569343065696,0.375,249.0909090909091,7.223295679562314,9.206131527202128,0,test,Established Family Home
425000.0,3.0,2.5,2670,13218,1.0,0,0,4,2670,0,1988,,Kent,98042,0,1988,26,26.0,159.1760299625468,26.0,0,0.0,0.8333333333333334,485.45454545454544,7.890208213109961,9.4894104675794,0,train,Established Family Home
342000.0,3.0,1.0,1260,6826,1.0,0,0,3,720,540,1944,,Seattle,98125,0,1944,70,70.0,271.42857142857144,70.0,1,0.42857142857142855,0.3333333333333333,315.0,7.13966033596492,8.82864061741828,1,test,Compact Entry-Level
345000.0,4.0,1.0,1980,7991,1.5,0,0,3,1980,0,1962,,Renton,98058,0,1962,52,52.0,174.24242424242425,52.0,0,0.0,0.25,396.0,7.591357046698551,8.98619632032839,1,test,Compact Entry-Level
724800.0,3.0,2.0,2050,3933,1.0,0,0,3,1180,870,1926,2001.0,Seattle,98112,1,2001,88,13.0,353.5609756097561,13.0,1,0.424390243902439,0.6666666666666666,410.0,7.62608275807238,8.277411998949004,0,train,Established Family Home
725000.0,5.0,2.75,2830,5310,2.0,0,0,3,2830,0,2006,,Redmond,98052,0,2006,8,8.0,256.18374558303884,8.0,0,0.0,0.55,365.16129032258067,7.9483852851118995,8.577535420422398,3,test,New-Build Suburban Family
605000.0,2.0,1.0,910,3600,1.0,0,0,4,910,0,1909,,Seattle,98119,0,1909,105,105.0,664.8351648351648,105.0,0,0.0,0.5,303.3333333333333,6.814542897259958,8.188966863648876,1,train,Compact Entry-Level
350000.0,4.0,2.5,2440,4000,2.0,0,0,3,2440,0,2009,,Maple Valley,98038,0,2009,5,5.0,143.44262295081967,5.0,0,0.0,0.625,375.38461538461536,7.80016307039296,8.294299608857235,3,test,New-Build Suburban Family
785000.0,3.0,2.0,2180,5440,1.0,0,0,5,1100,1080,1904,,Seattle,98103,0,1904,110,110.0,360.091743119266,110.0,1,0.4954128440366973,0.6666666666666666,436.0,7.687538766201629,8.601718146485926,0,train,Established Family Home
250000.0,3.0,2.0,1900,6660,1.0,0,0,5,950,950,1966,,Maple Valley,98038,0,1966,48,48.0,131.57894736842104,48.0,1,0.5,0.6666666666666666,380.0,7.550135342488429,8.804024902413179,0,test,Established Family Home
565000.0,3.0,2.25,1520,1221,3.0,0,0,3,1520,0,2013,,Seattle,98107,0,2013,1,1.0,371.7105263157895,1.0,0,0.0,0.75,289.5238095238095,7.327123292259293,7.108244139731541,3,test,New-Build Suburban Family
875000.0,3.0,2.0,2220,6641,1.0,0,2,4,1220,1000,1947,,Seattle,98199,0,1947,67,67.0,394.14414414414415,67.0,1,0.45045045045045046,0.6666666666666666,444.0,7.7057128238944275,8.801168401936692,2,test,Premium View Property
862500.0,4.0,2.75,3280,24440,2.0,0,0,3,3280,0,1996,,Woodinville,98077,0,1996,18,18.0,262.9573170731707,18.0,0,0.0,0.6875,485.9259259259259,8.0959035329611,10.10401732897875,3,test,New-Build Suburban Family
400000.0,3.0,2.5,2740,83199,2.0,0,4,3,2740,0,1973,,Kent,98032,0,1973,41,41.0,145.98540145985402,41.0,0,0.0,0.8333333333333334,498.1818181818182,7.916078096302786,11.3290026268093,2,train,Premium View Property
282613.0,2.0,1.0,830,6017,1.0,0,0,4,830,0,1954,,Shoreline,98133,0,1954,60,60.0,340.49759036144576,60.0,0,0.0,0.5,276.6666666666667,6.7226297948554485,8.70251025718999,1,train,Compact Entry-Level
174500.0,2.0,1.0,1010,5200,1.0,0,0,3,1010,0,1955,,Des Moines,98198,0,1955,59,59.0,172.77227722772278,59.0,0,0.0,0.5,336.6666666666667,6.918695219020472,8.556606193773073,1,train,Compact Entry-Level
306500.0,3.0,2.25,2060,38377,1.0,0,0,4,1560,500,1978,,Federal Way,98003,0,1978,36,36.0,148.7864077669903,36.0,1,0.24271844660194175,0.75,392.3809523809524,7.630946580890459,10.555239657729688,0,train,Established Family Home
445000.0,3.0,2.25,1990,7340,2.0,0,0,3,1990,0,1984,,Woodinville,98072,0,1984,30,30.0,223.6180904522613,30.0,0,0.0,0.75,379.04761904761904,7.596392304064196,8.901230352110781,3,test,New-Build Suburban Family
433000.0,4.0,2.5,2280,7568,2.0,0,0,4,2280,0,2001,,Renton,98056,0,2001,13,13.0,189.9122807017544,13.0,0,0.0,0.625,350.7692307692308,7.732369222284388,8.931816237309167,3,train,New-Build Suburban Family
306000.0,3.0,2.5,1870,5874,2.0,0,0,3,1870,0,2005,,Kent,98042,0,2005,9,9.0,163.63636363636363,9.0,0,0.0,0.8333333333333334,340.0,7.534228326274089,8.67846133901236,3,train,New-Build Suburban Family
620000.0,3.0,2.25,1720,4000,1.5,0,0,4,1450,270,1921,,Seattle,98105,0,1921,93,93.0,360.4651162790698,93.0,1,0.1569767441860465,0.75,327.6190476190476,7.450660796211539,8.294299608857235,0,train,Established Family Home
245000.0,2.0,1.0,870,6150,1.0,0,0,3,870,0,1941,,Seattle,98106,0,1941,73,73.0,281.60919540229884,73.0,0,0.0,0.5,290.0,6.769641976852503,8.724369949208368,1,train,Compact Entry-Level
238000.0,3.0,2.0,1020,1204,2.0,0,0,3,720,300,2004,,Seattle,98126,0,2004,10,10.0,233.33333333333331,10.0,1,0.29411764705882354,0.6666666666666666,204.0,6.928537818164665,7.094234845924755,3,train,New-Build Suburban Family
523000.0,3.0,1.5,1260,3135,1.5,0,0,3,1260,0,1931,,Seattle,98116,0,1931,83,83.0,415.07936507936506,83.0,0,0.0,0.5,280.0,7.13966033596492,8.0507033814703,1,train,Compact Entry-Level
522500.0,3.0,2.5,2370,7875,2.0,0,0,3,2370,0,2003,,Snoqualmie,98065,0,2003,11,11.0,220.46413502109704,11.0,0,0.0,0.8333333333333334,430.90909090909093,7.771067086065406,8.971575439759016,3,train,New-Build Suburban Family
180000.0,3.0,1.0,1000,18513,1.0,0,0,3,1000,0,1940,,Seattle,98146,0,1940,74,74.0,180.0,74.0,0,0.0,0.3333333333333333,250.0,6.90875477931522,9.826282481627157,1,train,Compact Entry-Level
375000.0,3.0,1.5,1100,1751,2.0,0,0,3,940,160,2007,,Seattle,98144,0,2007,7,7.0,340.90909090909093,7.0,1,0.14545454545454545,0.5,244.44444444444446,7.00397413672268,7.468513271496337,3,train,New-Build Suburban Family
249000.0,3.0,2.25,1440,7673,1.0,0,0,3,940,500,1982,,Kent,98031,0,1982,32,32.0,172.91666666666666,32.0,1,0.3472222222222222,0.75,274.2857142857143,7.273092595999522,8.945593270806897,0,train,Established Family Home
730100.0,4.0,2.5,3120,14300,2.0,0,0,3,3120,0,2003,,Issaquah,98027,0,2003,11,11.0,234.00641025641025,11.0,0,0.0,0.625,480.0,8.045908742270779,9.568084743872936,3,train,New-Build Suburban Family
551000.0,2.0,2.0,2260,9604,1.0,0,0,3,2260,0,1990,,Bothell,98011,0,1990,24,24.0,243.8053097345133,24.0,0,0.0,1.0,565.0,7.72356247227797,9.170039075202657,1,test,Compact Entry-Level
375000.0,4.0,2.5,2790,7956,2.0,0,0,3,2790,0,2005,,Des Moines,98198,0,2005,9,9.0,134.40860215053763,9.0,0,0.0,0.625,429.2307692307692,7.934155233536322,8.981807323377534,3,train,New-Build Suburban Family
540000.0,1.0,1.0,1140,6700,1.5,0,0,3,1140,0,1920,,Seattle,98103,0,1920,94,94.0,473.6842105263158,94.0,0,0.0,1.0,570.0,7.039660349862076,8.81001204797317,1,test,Compact Entry-Level
605000.0,3.0,2.25,1290,2500,2.0,0,0,4,1290,0,1987,,Seattle,98112,0,1987,27,27.0,468.9922480620155,27.0,0,0.0,0.75,245.71428571428572,7.1631723908466425,7.824445930877619,3,train,New-Build Suburban Family
205000.0,5.0,1.75,1730,5200,1.0,0,0,4,1050,680,1978,,Covington,98042,0,1978,36,36.0,118.4971098265896,36.0,1,0.3930635838150289,0.35,256.2962962962963,7.456454555176209,8.556606193773073,0,train,Established Family Home
645000.0,4.0,2.5,3160,11380,2.0,0,0,3,3160,0,1983,,Sammamish,98074,0,1983,31,31.0,204.1139240506329,31.0,0,0.0,0.625,486.15384615384613,8.058643712215618,9.33970057728189,3,train,New-Build Suburban Family
314000.0,4.0,2.5,2340,8990,2.0,0,0,3,2340,0,2003,,Maple Valley,98038,0,2003,11,11.0,134.18803418803418,11.0,0,0.0,0.625,360.0,7.75833346749091,9.103979355984773,3,train,New-Build Suburban Family
330000.0,3.0,1.5,1170,4950,1.0,0,0,4,1170,0,1960,,Bellevue,98007,0,1960,54,54.0,282.05128205128204,54.0,0,0.0,0.5,260.0,7.065613363597717,8.507344855361422,1,train,Compact Entry-Level
490000.0,2.0,1.0,1160,5000,1.0,0,0,4,1160,0,1937,,Seattle,98117,0,1937,77,77.0,422.41379310344826,77.0,0,0.0,0.5,386.6666666666667,7.057036981697891,8.517393171418904,1,train,Compact Entry-Level
445000.0,3.0,3.0,1970,24318,1.0,0,0,3,1970,0,2010,,Kenmore,98028,0,2010,4,4.0,225.88832487309645,4.0,0,0.0,1.0,328.3333333333333,7.58629630715272,10.099013216813665,3,test,New-Build Suburban Family
2000000.0,5.0,4.25,6490,10862,2.0,0,3,4,3940,2550,1991,,Mercer Island,98040,0,1991,23,23.0,308.1664098613251,23.0,1,0.3929121725731895,0.85,701.6216216216217,8.778171881033469,9.293117798433752,2,train,Premium View Property
377500.0,3.0,2.25,1410,1377,2.0,0,0,3,1290,120,2005,,Issaquah,98027,0,2005,9,9.0,267.7304964539007,9.0,1,0.0851063829787234,0.75,268.57142857142856,7.252053951852814,7.228388451573604,3,train,New-Build Suburban Family
480000.0,4.0,2.5,2430,5000,2.0,0,0,3,2430,0,2009,,Snoqualmie,98065,0,2009,5,5.0,197.5308641975309,5.0,0,0.0,0.625,373.84615384615387,7.796057974316123,8.517393171418904,3,train,New-Build Suburban Family
804995.0,5.0,1.5,3360,5402,2.0,0,0,3,3360,0,2014,,Sammamish,98074,0,2014,0,0.0,239.58184523809524,0.0,0,0.0,0.3,516.9230769230769,8.119993827725105,8.594709633844065,3,test,New-Build Suburban Family
341000.0,3.0,2.5,1480,1663,2.0,0,0,3,1180,300,2012,,Seattle,98126,0,2012,2,2.0,230.40540540540545,2.0,1,0.20270270270270271,0.8333333333333334,269.09090909090907,7.300472814267799,7.416979621381154,3,test,New-Build Suburban Family
675000.0,5.0,2.5,3200,6455,2.0,0,0,3,3200,0,2009,,Snoqualmie,98065,0,2009,5,5.0,210.9375,5.0,0,0.0,0.5,426.6666666666667,8.071218539969863,8.772765209949785,3,train,New-Build Suburban Family
611000.0,3.0,2.5,2134,1984,2.5,0,0,3,2134,0,2008,,Issaquah,98029,0,2008,6,6.0,286.31677600749765,6.0,0,0.0,0.8333333333333334,388.0,7.666221925662725,7.59337419312129,3,train,New-Build Suburban Family
379950.0,3.0,3.25,1860,1787,3.0,0,0,3,1860,0,2007,,Shoreline,98155,0,2007,7,7.0,204.2741935483871,7.0,0,0.0,1.0833333333333333,297.6,7.528869256642251,7.488852955733459,3,train,New-Build Suburban Family
1270000.0,4.0,3.0,5520,8313,2.0,0,3,3,3570,1950,2008,,Bellevue,98006,0,2008,6,6.0,230.07246376811597,6.0,1,0.3532608695652174,0.75,788.5714285714286,8.616314282284044,9.025696119812583,2,train,Premium View Property
500000.0,2.0,2.5,1310,1500,2.0,0,0,3,1160,150,2006,,Seattle,98122,0,2006,8,8.0,381.6793893129771,8.0,1,0.11450381679389313,1.25,291.1111111111111,7.1785454837637,7.313886831633462,3,train,New-Build Suburban Family
410000.0,3.0,2.0,1700,4250,1.0,0,0,3,890,810,1944,,Seattle,98199,0,1944,70,70.0,241.1764705882353,70.0,1,0.4764705882352941,0.6666666666666666,340.0,7.438971592395862,8.35490952835879,0,train,Established Family Home
415000.0,3.0,2.5,2480,8342,2.0,0,0,3,2480,0,1986,,Renton,98058,0,1986,28,28.0,167.33870967741936,28.0,0,0.0,0.8333333333333334,450.90909090909093,7.816416983691801,9.029178142902074,3,train,New-Build Suburban Family
297000.0,5.0,2.5,1970,8605,2.0,0,0,4,1970,0,1994,,Enumclaw,98022,0,1994,20,20.0,150.76142131979697,20.0,0,0.0,0.5,262.6666666666667,7.58629630715272,9.060214913398545,3,train,New-Build Suburban Family
575550.0,4.0,2.5,2060,7475,1.0,0,0,3,1440,620,1985,,Redmond,98052,0,1985,29,29.0,279.3932038834951,29.0,1,0.30097087378640774,0.625,316.9230769230769,7.630946580890459,8.919453168575453,0,train,Established Family Home
534640.0,3.0,2.5,2130,3500,1.0,0,0,4,1210,920,1994,,Woodinville,98072,0,1994,20,20.0,251.00469483568077,20.0,1,0.431924882629108,0.8333333333333334,387.27272727272725,7.664346632098617,8.160803920954665,0,train,Established Family Home
352500.0,3.0,2.25,1410,14110,1.0,0,2,3,1170,240,1987,,Snoqualmie,98065,0,1987,27,27.0,250.0,27.0,1,0.1702127659574468,0.75,268.57142857142856,7.252053951852814,9.55470991405776,2,train,Premium View Property
488000.0,2.0,2.0,1360,4688,1.0,0,0,3,780,580,1944,,Seattle,98115,0,1944,70,70.0,358.8235294117647,70.0,1,0.4264705882352941,1.0,340.0,7.215975002651466,8.452974619089586,1,train,Compact Entry-Level
732000.0,3.0,2.0,1940,55756,1.0,0,0,5,1940,0,1954,,Bellevue,98007,0,1954,60,60.0,377.319587628866,60.0,0,0.0,0.6666666666666666,388.0,7.57095858316901,10.928758241978418,0,test,Established Family Home
215000.0,2.0,2.25,1610,2040,2.0,0,0,4,1610,0,1979,,Renton,98056,0,1979,35,35.0,133.54037267080744,35.0,0,0.0,1.125,378.8235294117647,7.384610383176974,7.621195162809845,1,test,Compact Entry-Level
592500.0,2.0,2.0,1420,9191,1.5,0,2,5,1420,0,1928,,Seattle,98115,0,1928,86,86.0,417.2535211267606,86.0,0,0.0,1.0,355.0,7.259116128097101,9.126088819528592,1,train,Compact Entry-Level
290000.0,4.0,2.5,1700,7280,2.0,0,0,4,1700,0,1988,,Kent,98031,0,1988,26,26.0,170.58823529411765,26.0,0,0.0,0.625,261.53846153846155,7.438971592395862,8.893023494394711,3,train,New-Build Suburban Family
475000.0,2.0,1.0,1490,3825,1.0,0,0,3,860,630,1929,,Seattle,98117,0,1929,85,85.0,318.79194630872485,85.0,1,0.4228187919463087,0.5,496.6666666666667,7.307202314764738,8.249575150000199,1,train,Compact Entry-Level
320000.0,3.0,2.5,2680,7757,2.0,0,0,3,2680,0,1990,,Federal Way,98023,0,1990,24,24.0,119.40298507462688,24.0,0,0.0,0.8333333333333334,487.27272727272725,7.893945138235959,8.956479847999912,3,train,New-Build Suburban Family
1216000.0,4.0,2.5,3190,8684,1.0,0,3,5,1680,1510,1967,,Bellevue,98006,0,1967,47,47.0,381.19122257053294,47.0,1,0.47335423197492166,0.625,490.7692307692308,8.068089626278244,9.069352678675205,2,test,Premium View Property
290000.0,5.0,1.5,2120,7700,1.5,0,0,5,2120,0,1962,,Renton,98058,0,1962,52,52.0,136.7924528301887,52.0,0,0.0,0.3,326.15384615384613,7.659642954564682,8.94910546953925,0,train,Established Family Home
487250.0,4.0,2.0,1690,3250,1.5,0,0,3,1550,140,1901,,Seattle,98103,0,1901,113,113.0,288.31360946745565,113.0,1,0.08284023668639054,0.5,281.6666666666667,7.43307534889858,8.086717920303906,0,train,Established Family Home
339000.0,4.0,2.5,1830,8601,2.0,0,0,3,1830,0,2003,,Maple Valley,98038,0,2003,11,11.0,185.24590163934425,11.0,0,0.0,0.625,281.53846153846155,7.5126175446745105,9.059750013343681,3,train,New-Build Suburban Family
440000.0,2.0,1.5,1010,1968,1.5,0,0,5,1010,0,1906,,Seattle,98107,0,1906,108,108.0,435.64356435643566,108.0,0,0.0,0.75,288.57142857142856,6.918695219020472,7.585281078639126,1,train,Compact Entry-Level
366500.0,4.0,2.75,2070,9300,1.0,0,0,5,1120,950,1945,,Shoreline,98155,0,1945,69,69.0,177.05314009661836,69.0,1,0.45893719806763283,0.6875,306.6666666666667,7.635786861395585,9.137877200242468,0,train,Established Family Home
462000.0,3.0,1.5,1710,4500,1.5,0,0,3,1410,300,1928,,Seattle,98118,0,1928,86,86.0,270.17543859649123,86.0,1,0.17543859649122806,0.5,380.0,7.444833273892193,8.412054873292933,0,train,Established Family Home
560000.0,4.0,1.0,1660,4690,1.5,0,0,3,1260,400,1945,,Seattle,98117,0,1945,69,69.0,337.34939759036143,69.0,1,0.24096385542168675,0.25,332.0,7.415175109613295,8.453401058328458,0,test,Established Family Home
285000.0,4.0,1.75,2080,13629,1.0,0,0,4,1040,1040,1955,,Seattle,98178,0,1955,59,59.0,137.01923076923077,59.0,1,0.5,0.4375,361.7391304347826,7.640603826393634,9.520028524690579,0,train,Established Family Home
280000.0,3.0,2.5,1270,9675,2.0,0,0,3,1270,0,1993,,North Bend,98045,0,1993,21,21.0,220.4724409448819,21.0,0,0.0,0.8333333333333334,230.9090909090909,7.147559271189454,9.177403871729918,3,test,New-Build Suburban Family
210000.0,3.0,1.0,1080,21043,1.0,0,0,3,1080,0,1942,,Seattle,98106,0,1942,72,72.0,194.44444444444449,72.0,0,0.0,0.3333333333333333,270.0,6.985641817639208,9.954370762850697,1,train,Compact Entry-Level
690000.0,3.0,2.0,1610,5100,1.5,0,0,5,1610,0,1940,,Seattle,98115,0,1940,74,74.0,428.57142857142856,74.0,0,0.0,0.6666666666666666,322.0,7.384610383176974,8.537191877922927,1,train,Compact Entry-Level
256500.0,2.0,1.0,1120,9912,1.0,0,0,4,1120,0,1980,,Vashon,98070,0,1980,34,34.0,229.01785714285717,34.0,0,0.0,0.5,373.3333333333333,7.02197642307216,9.201602306032898,1,train,Compact Entry-Level
411000.0,4.0,2.75,2500,5257,2.0,0,0,3,2500,0,1966,,Seattle,98118,0,1966,48,48.0,164.4,48.0,0,0.0,0.6875,370.3703703703704,7.824445930877619,8.567506005289827,3,train,New-Build Suburban Family
215000.0,3.0,1.0,970,7275,1.0,0,0,4,970,0,1970,,Kent,98031,0,1970,44,44.0,221.64948453608247,44.0,0,0.0,0.3333333333333333,242.5,6.878326468291325,8.892336539638013,1,train,Compact Entry-Level
762000.0,5.0,2.0,3370,5000,1.5,0,0,4,2140,1230,1907,,Seattle,98109,0,1907,107,107.0,226.1127596439169,107.0,1,0.3649851632047478,0.4,481.42857142857144,8.12296471523406,8.517393171418904,0,test,Established Family Home
359950.0,3.0,1.0,1290,189486,1.0,0,0,4,1290,0,1960,,Auburn,98092,0,1960,54,54.0,279.031007751938,54.0,0,0.0,0.3333333333333333,322.5,7.1631723908466425,12.152075699568309,1,train,Compact Entry-Level
480000.0,4.0,3.5,3370,435600,2.0,0,3,3,3370,0,2005,,North Bend,98045,0,2005,9,9.0,142.43323442136497,9.0,0,0.0,0.875,449.3333333333333,8.12296471523406,12.984481965722422,2,test,Premium View Property
1405000.0,4.0,3.5,3410,10769,2.0,0,0,3,3410,0,2008,,Bellevue,98004,0,2008,6,6.0,412.0234604105572,6.0,0,0.0,0.875,454.6666666666667,8.134760782418645,9.284519770150434,3,train,New-Build Suburban Family
390000.0,4.0,2.5,2490,8290,2.0,0,0,3,2490,0,1999,,Auburn,98092,0,1999,15,15.0,156.6265060240964,15.0,0,0.0,0.625,383.0769230769231,7.820439515262181,9.022925868116218,3,test,New-Build Suburban Family
413500.0,2.0,1.0,770,4000,1.0,0,0,5,770,0,1924,,Seattle,98117,0,1924,90,90.0,537.012987012987,90.0,0,0.0,0.5,256.6666666666667,6.647688373563329,8.294299608857235,1,train,Compact Entry-Level
285000.0,1.0,1.5,810,3211,2.0,0,0,4,810,0,1982,,Kirkland,98033,0,1982,32,32.0,351.85185185185185,32.0,0,0.0,1.5,324.0,6.698268054115413,8.074649075066652,1,train,Compact Entry-Level
475000.0,4.0,2.5,3060,10043,1.0,0,0,4,1700,1360,1968,,Shoreline,98133,0,1968,46,46.0,155.22875816993465,46.0,1,0.4444444444444444,0.625,470.7692307692308,8.026496938945412,9.214730720277476,0,train,Established Family Home
386591.0,3.0,2.5,1690,1613,2.0,0,0,3,1150,540,2014,,Issaquah,98029,0,2014,0,0.0,228.7520710059172,0.0,1,0.31952662721893493,0.8333333333333334,307.27272727272725,7.43307534889858,7.3864708488298945,3,train,New-Build Suburban Family
524950.0,3.0,1.75,1890,3825,1.0,0,0,3,1290,600,1974,,Seattle,98117,0,1974,40,40.0,277.75132275132273,40.0,1,0.31746031746031744,0.5833333333333334,397.89473684210526,7.544861068658458,8.249575150000199,0,train,Established Family Home
241000.0,2.0,2.0,1470,3128,2.0,0,0,3,1470,0,2005,,Maple Valley,98038,0,2005,9,9.0,163.94557823129253,9.0,0,0.0,1.0,367.5,7.293697720601438,8.048468743668883,3,train,New-Build Suburban Family
461000.0,2.0,1.0,1060,7193,1.0,0,0,3,1060,0,1926,,Seattle,98133,0,1926,88,88.0,434.9056603773585,88.0,0,0.0,0.5,353.3333333333333,6.966967138613983,8.881002624255569,1,test,Compact Entry-Level
810000.0,4.0,2.5,3480,59242,2.0,0,0,3,3480,0,1988,,Woodinville,98072,0,1988,26,26.0,232.7586206896552,26.0,0,0.0,0.625,535.3846153846154,8.15507488781144,10.989402908557974,3,test,New-Build Suburban Family
885000.0,4.0,2.75,2730,3560,1.5,0,0,3,1550,1180,1921,2007.0,Seattle,98115,1,2007,93,7.0,324.1758241758242,7.0,1,0.43223443223443225,0.6875,404.44444444444446,7.912423121473705,8.177796683277778,0,train,Established Family Home
247000.0,3.0,2.25,1580,7941,2.0,0,0,4,1580,0,1986,,Federal Way,98023,0,1986,28,28.0,156.32911392405063,28.0,0,0.0,0.75,300.95238095238096,7.365812837209472,8.979920411691197,3,train,New-Build Suburban Family
296500.0,3.0,2.75,2170,7900,1.0,0,0,4,1380,790,1978,,Kent,98032,0,1978,36,36.0,136.63594470046084,36.0,1,0.3640552995391705,0.9166666666666666,377.39130434782606,7.682943169878292,8.974744612722734,0,train,Established Family Home
141800.0,2.0,1.0,930,4743,1.0,0,0,4,930,0,1942,,Renton,98056,0,1942,72,72.0,152.4731182795699,72.0,0,0.0,0.5,310.0,6.836259277277067,8.464635940677562,1,test,Compact Entry-Level
333000.0,4.0,2.0,1580,7800,2.0,0,0,2,1580,0,1906,,Seattle,98144,0,1906,108,108.0,210.7594936708861,108.0,0,0.0,0.5,263.3333333333333,7.365812837209472,8.962007209588313,1,train,Compact Entry-Level
602000.0,5.0,1.75,3290,11900,1.5,0,0,3,3290,0,1973,,Redmond,98052,0,1973,41,41.0,182.9787234042553,41.0,0,0.0,0.35,487.4074074074074,8.098946748943339,9.38437770918244,3,train,New-Build Suburban Family
565000.0,4.0,2.25,2110,10698,2.0,0,0,4,2110,0,1979,,Issaquah,98027,0,1979,35,35.0,267.77251184834125,35.0,0,0.0,0.5625,337.6,7.65491704784832,9.277905558138606,3,train,New-Build Suburban Family
373000.0,3.0,2.5,1670,3565,2.0,0,0,3,1670,0,1999,,Woodinville,98072,0,1999,15,15.0,223.35329341317365,15.0,0,0.0,0.8333333333333334,303.6363636363636,7.421177528595393,8.179199798423086,3,test,New-Build Suburban Family
588000.0,3.0,2.25,2030,7350,1.0,0,0,4,1190,840,1977,,Redmond,98052,0,1977,37,37.0,289.6551724137931,37.0,1,0.41379310344827586,0.75,386.6666666666667,7.616283561580385,8.902591637374087,0,train,Established Family Home
485000.0,3.0,1.0,1500,4100,1.5,0,0,3,1370,130,1926,,Seattle,98107,0,1926,88,88.0,323.3333333333333,88.0,1,0.08666666666666667,0.3333333333333333,375.0,7.313886831633462,8.31898612539206,1,train,Compact Entry-Level
482500.0,3.0,2.25,1450,1445,2.0,0,0,3,980,470,2005,,Seattle,98122,0,2005,9,9.0,332.7586206896552,9.0,1,0.32413793103448274,0.75,276.1904761904762,7.280008252884188,7.27655640271871,3,train,New-Build Suburban Family
251200.0,4.0,1.5,1310,8250,1.0,0,0,3,1060,250,1953,,Des Moines,98148,0,1953,61,61.0,191.75572519083968,61.0,1,0.19083969465648856,0.375,238.1818181818182,7.1785454837637,9.018089684104343,0,train,Established Family Home
869000.0,5.0,3.25,4180,49222,2.0,0,0,4,2880,1300,1979,,Issaquah,98027,0,1979,35,35.0,207.8947368421053,35.0,1,0.31100478468899523,0.65,506.6666666666667,8.338305731356565,10.804116272920615,0,train,Established Family Home
464000.0,3.0,1.75,1630,28600,1.0,0,0,3,1630,0,1967,,Woodinville,98072,0,1967,47,47.0,284.66257668711654,47.0,0,0.0,0.5833333333333334,343.1578947368421,7.396948602621014,10.261196961231647,1,test,Compact Entry-Level
755000.0,4.0,2.5,2660,10452,2.0,0,0,3,2660,0,1993,,Redmond,98052,0,1993,21,21.0,283.83458646616543,21.0,0,0.0,0.625,409.2307692307692,7.886457270977689,9.254644297532707,3,train,New-Build Suburban Family
280000.0,3.0,2.5,1720,1916,2.0,0,0,3,1720,0,2005,,Renton,98056,0,2005,9,9.0,162.7906976744186,9.0,0,0.0,0.8333333333333334,312.72727272727275,7.450660796211539,7.558516743045645,3,train,New-Build Suburban Family
485000.0,2.0,2.25,1260,1240,3.0,0,0,3,1260,0,2004,,Seattle,98103,0,2004,10,10.0,384.9206349206349,10.0,0,0.0,1.125,296.47058823529414,7.13966033596492,7.123672785204607,3,train,New-Build Suburban Family
305000.0,3.0,1.75,1610,12247,1.0,0,0,3,1610,0,1981,,Renton,98058,0,1981,33,33.0,189.44099378881987,33.0,0,0.0,0.5833333333333334,338.94736842105266,7.384610383176974,9.41311793733752,1,test,Compact Entry-Level
110700.0,2.0,1.0,680,8064,1.0,0,0,3,680,0,1941,,SeaTac,98188,0,1941,73,73.0,162.7941176470588,73.0,0,0.0,0.5,226.66666666666666,6.523562306149512,8.99528899055931,1,train,Compact Entry-Level
850000.0,4.0,3.5,2640,5900,2.0,0,2,3,2640,0,1937,1998.0,Seattle,98136,1,1998,77,16.0,321.969696969697,16.0,0,0.0,0.875,352.0,7.878912912297133,8.682877107057168,2,train,Premium View Property
350000.0,3.0,2.25,1640,7200,2.0,0,0,4,1640,0,1985,,Bellevue,98007,0,1985,29,29.0,213.41463414634143,29.0,0,0.0,0.75,312.3809523809524,7.403061091090091,8.881975184248867,3,train,New-Build Suburban Family
319950.0,4.0,1.75,2310,8045,1.0,0,0,4,1650,660,1976,,Renton,98058,0,1976,38,38.0,138.5064935064935,38.0,1,0.2857142857142857,0.4375,401.7391304347826,7.745435610274381,8.992930352509733,0,test,Established Family Home
700000.0,3.0,1.75,2010,4905,1.0,0,0,5,1230,780,1912,,Seattle,98122,0,1912,102,102.0,348.2587064676617,102.0,1,0.3880597014925373,0.5833333333333334,423.1578947368421,7.606387389772652,8.498214224818435,0,train,Established Family Home
368000.0,2.0,1.5,1660,4680,1.0,0,0,5,830,830,1908,,Seattle,98146,0,1908,106,106.0,221.6867469879518,106.0,1,0.5,0.75,474.2857142857143,7.415175109613295,8.45126704130007,1,train,Compact Entry-Level
433500.0,3.0,2.5,2200,3360,2.0,0,0,3,2200,0,2009,,Seattle,98118,0,2009,5,5.0,197.04545454545453,5.0,0,0.0,0.8333333333333334,400.0,7.696667081526462,8.119993827725105,3,train,New-Build Suburban Family
611000.0,4.0,2.5,2460,4200,2.0,0,0,3,2460,0,1998,,Redmond,98074,0,1998,16,16.0,248.3739837398374,16.0,0,0.0,0.625,378.46153846153845,7.8083230503910555,8.343077871169383,3,test,New-Build Suburban Family
1000000.0,2.0,1.75,2430,23400,1.0,0,4,3,2430,0,1951,,Shoreline,98177,0,1951,63,63.0,411.522633744856,63.0,0,0.0,0.875,648.0,7.796057974316123,10.060534035475412,2,train,Premium View Property
307000.0,3.0,1.0,1370,7500,1.0,0,0,3,1370,0,1960,,Carnation,98014,0,1960,54,54.0,224.08759124087592,54.0,0,0.0,0.3333333333333333,342.5,7.223295679562314,8.922791623969637,1,train,Compact Entry-Level
442500.0,3.0,1.75,1800,10200,1.0,0,0,3,1800,0,1967,,Renton,98058,0,1967,47,47.0,245.83333333333331,47.0,0,0.0,0.5833333333333334,378.94736842105266,7.496097345175956,9.23024103368252,1,train,Compact Entry-Level
485000.0,3.0,1.75,2200,7706,2.0,0,2,3,2200,0,1908,1988.0,Des Moines,98198,1,1988,106,26.0,220.45454545454547,26.0,0,0.0,0.5833333333333334,463.1578947368421,7.696667081526462,8.949884285777994,2,train,Premium View Property
367000.0,2.0,1.0,700,2334,1.0,0,0,3,700,0,1945,,Seattle,98117,0,1945,69,69.0,524.2857142857143,69.0,0,0.0,0.5,233.33333333333334,6.55250788703459,7.755767170102998,1,train,Compact Entry-Level
429000.0,3.0,2.5,1920,15124,2.0,0,0,3,1920,0,1995,,North Bend,98045,0,1995,19,19.0,223.4375,19.0,0,0.0,0.8333333333333334,349.09090909090907,7.560601162768557,9.624104282899042,3,train,New-Build Suburban Family
446000.0,5.0,2.75,2190,12687,1.0,0,0,5,1370,820,1978,,Kenmore,98028,0,1978,36,36.0,203.65296803652967,36.0,1,0.3744292237442922,0.55,282.5806451612903,7.692113339595466,9.448411943874628,0,train,Established Family Home
572500.0,3.0,2.25,2030,9791,1.0,0,0,4,1500,530,1984,,Newcastle,98059,0,1984,30,30.0,282.0197044334975,30.0,1,0.26108374384236455,0.75,386.6666666666667,7.616283561580385,9.189321004752108,0,train,Established Family Home
477000.0,3.0,2.5,1350,2053,3.0,0,0,3,1350,0,2005,,Seattle,98117,0,2005,9,9.0,353.3333333333333,9.0,0,0.0,0.8333333333333334,245.45454545454547,7.208600337960199,7.627544390488503,3,train,New-Build Suburban Family
518000.0,3.0,2.5,1680,2096,2.0,0,0,3,1380,300,2008,,Seattle,98117,0,2008,6,6.0,308.3333333333333,6.0,1,0.17857142857142858,0.8333333333333334,305.45454545454544,7.427144133408616,7.64826303090192,3,train,New-Build Suburban Family
462000.0,5.0,1.75,1250,10530,1.0,0,0,4,1250,0,1966,,Bellevue,98007,0,1966,48,48.0,369.6,48.0,0,0.0,0.35,185.1851851851852,7.1316985104669115,9.262078567380597,0,train,Established Family Home
1190000.0,4.0,3.0,2240,6000,1.5,0,0,4,1270,970,1914,,Seattle,98109,0,1914,100,100.0,531.25,100.0,1,0.4330357142857143,0.75,320.0,7.714677473800927,8.699681400989514,0,train,Established Family Home
137000.0,3.0,1.0,950,7620,1.0,0,0,3,950,0,1954,,Seattle,98106,0,1954,60,60.0,144.21052631578948,60.0,0,0.0,0.3333333333333333,237.5,6.85751406254539,8.938662873666118,1,train,Compact Entry-Level
530000.0,3.0,3.5,2320,3174,2.0,0,0,3,2060,260,1997,,Kirkland,98033,0,1997,17,17.0,228.44827586206893,17.0,1,0.11206896551724138,1.1666666666666667,356.9230769230769,7.749753406274437,8.063062911326792,3,train,New-Build Suburban Family
818000.0,2.0,2.5,2380,9374,1.0,0,2,3,2380,0,2011,,Redmond,98053,0,2011,3,3.0,343.69747899159665,3.0,0,0.0,1.25,528.8888888888889,7.7752758464868625,9.14580185083861,2,train,Premium View Property
640000.0,2.0,2.25,1540,958,3.0,0,0,3,1540,0,2007,,Seattle,98122,0,2007,7,7.0,415.5844155844156,7.0,0,0.0,1.125,362.3529411764706,7.340186835320115,6.8658910748834385,3,train,New-Build Suburban Family
298450.0,5.0,3.0,2100,9752,1.0,0,0,3,1200,900,2007,,Federal Way,98003,0,2007,7,7.0,142.11904761904762,7.0,1,0.42857142857142855,0.6,262.5,7.650168700845001,9.185330208972015,0,train,Established Family Home
575000.0,4.0,2.5,2500,4945,2.0,0,0,3,2500,0,2013,,Snoqualmie,98065,0,2013,1,1.0,230.0,1.0,0,0.0,0.625,384.61538461538464,7.824445930877619,8.506334448081361,3,train,New-Build Suburban Family
730000.0,4.0,2.5,3230,7331,2.0,0,0,3,3230,0,2004,,Sammamish,98075,0,2004,10,10.0,226.0061919504644,10.0,0,0.0,0.625,496.9230769230769,8.080546965824498,8.900003608959596,3,train,New-Build Suburban Family
551000.0,3.0,2.5,2830,5802,2.0,0,0,3,2830,0,2001,,Kenmore,98028,0,2001,13,13.0,194.69964664310956,13.0,0,0.0,0.8333333333333334,514.5454545454545,7.9483852851118995,8.666130304190608,3,train,New-Build Suburban Family
271310.0,2.0,1.0,870,5340,1.5,0,0,2,870,0,1906,,Seattle,98144,0,1906,108,108.0,311.85057471264366,108.0,0,0.0,0.5,290.0,6.769641976852503,8.58316818033977,1,train,Compact Entry-Level
675000.0,4.0,3.0,2690,28300,1.0,0,0,3,2690,0,1954,1999.0,Normandy Park,98166,1,1999,60,15.0,250.92936802973975,15.0,0,0.0,0.75,384.2857142857143,7.897668150726906,10.250652418696085,0,train,Established Family Home
479000.0,3.0,2.5,1260,889,3.0,0,0,3,1260,0,2008,,Seattle,98109,0,2008,6,6.0,380.1587301587302,6.0,0,0.0,0.8333333333333334,229.0909090909091,7.13966033596492,6.7912214627261855,3,train,New-Build Suburban Family
520000.0,4.0,3.5,2680,10000,2.0,0,0,3,2040,640,1942,2014.0,Seattle,98125,1,2014,72,0.0,194.02985074626864,0.0,1,0.23880597014925373,0.875,357.3333333333333,7.893945138235959,9.210440366976517,0,train,Established Family Home
599950.0,3.0,2.5,2660,4975,2.0,0,0,3,2660,0,2014,,Seattle,98118,0,2014,0,0.0,225.54511278195488,0.0,0,0.0,0.8333333333333334,483.6363636363636,7.886457270977689,8.512381634419015,3,train,New-Build Suburban Family
483945.0,2.0,1.75,1480,5120,1.0,0,0,4,840,640,1951,,Seattle,98116,0,1951,63,63.0,326.98986486486484,63.0,1,0.43243243243243246,0.875,394.6666666666667,7.300472814267799,8.54110501146255,1,train,Compact Entry-Level
390000.0,4.0,2.25,1770,33132,1.0,0,0,4,1190,580,1965,,Renton,98058,0,1965,49,49.0,220.33898305084745,49.0,1,0.327683615819209,0.5625,283.2,7.479299637782834,10.408285043563778,0,train,Established Family Home
192500.0,2.0,1.0,950,7692,1.0,0,0,3,950,0,1926,,Seattle,98168,0,1926,88,88.0,202.6315789473684,88.0,0,0.0,0.5,316.6666666666667,6.85751406254539,8.948066103458935,1,train,Compact Entry-Level
330000.0,2.0,1.0,860,8308,1.0,0,0,4,860,0,1948,,Seattle,98146,0,1948,66,66.0,383.72093023255815,66.0,0,0.0,0.5,286.6666666666667,6.7580945044277305,9.02509454366498,1,train,Compact Entry-Level
250000.0,4.0,2.0,1960,7560,1.0,0,0,5,1160,800,1978,,Kent,98031,0,1978,36,36.0,127.55102040816328,36.0,1,0.40816326530612246,0.5,326.6666666666667,7.581209826196346,8.93075873555827,0,train,Established Family Home
243000.0,2.0,1.0,1770,5522,1.5,0,0,4,960,810,1943,,Seattle,98178,0,1943,71,71.0,137.28813559322035,71.0,1,0.4576271186440678,0.5,590.0,7.479299637782834,8.616676469901188,1,train,Compact Entry-Level
575000.0,4.0,1.75,1280,6060,1.0,0,0,3,860,420,1926,,Seattle,98117,0,1926,88,88.0,449.21875,88.0,1,0.328125,0.4375,222.6086956521739,7.155396301896734,8.709630081951286,0,train,Established Family Home
639000.0,4.0,2.5,2150,12028,2.0,0,0,4,2150,0,1982,,Redmond,98052,0,1982,32,32.0,297.2093023255814,32.0,0,0.0,0.625,330.7692307692308,7.67368812926773,9.395075679994072,3,train,New-Build Suburban Family
710000.0,2.0,1.0,1790,4000,1.0,0,0,4,1040,750,1923,,Seattle,98112,0,1923,91,91.0,396.6480446927374,91.0,1,0.41899441340782123,0.5,596.6666666666666,7.490529402060711,8.294299608857235,1,test,Compact Entry-Level
675000.0,3.0,2.25,1990,10260,2.0,0,0,4,1990,0,1987,,Redmond,98052,0,1987,27,27.0,339.1959798994975,27.0,0,0.0,0.75,379.04761904761904,7.596392304064196,9.236105579862208,3,train,New-Build Suburban Family
405000.0,5.0,2.5,2430,4781,2.0,0,0,3,2430,0,2001,,Renton,98058,0,2001,13,13.0,166.66666666666666,13.0,0,0.0,0.5,324.0,7.796057974316123,8.47261414801827,3,train,New-Build Suburban Family
615000.0,4.0,2.75,2820,13193,1.0,0,0,3,1860,960,1965,,Bellevue,98006,0,1965,49,49.0,218.08510638297872,49.0,1,0.3404255319148936,0.6875,417.77777777777777,7.944846711001996,9.487517459782817,0,train,Established Family Home
490000.0,3.0,1.0,1910,8190,1.0,0,0,4,1010,900,1946,,Seattle,98117,0,1946,68,68.0,256.5445026178011,68.0,1,0.4712041884816754,0.3333333333333333,477.5,7.555381944240273,9.010791269515602,0,train,Established Family Home
467000.0,3.0,2.25,1270,1213,2.0,0,0,3,1040,230,2005,,Seattle,98107,0,2005,9,9.0,367.7165354330709,9.0,1,0.18110236220472442,0.75,241.9047619047619,7.147559271189454,7.101675971619444,3,train,New-Build Suburban Family
480000.0,4.0,2.75,2050,3960,1.0,0,0,4,1180,870,1986,,Seattle,98116,0,1986,28,28.0,234.14634146341464,28.0,1,0.424390243902439,0.6875,303.7037037037037,7.62608275807238,8.284251797621916,0,train,Established Family Home
755000.0,6.0,2.0,2150,4505,1.0,0,0,3,1270,880,1952,,Seattle,98119,0,1952,62,62.0,351.16279069767444,62.0,1,0.40930232558139534,0.3333333333333333,268.75,7.67368812926773,8.41316512099219,0,train,Established Family Home
760000.0,4.0,1.75,2450,13300,1.0,0,2,4,1630,820,1987,,Bellevue,98006,0,1987,27,27.0,310.2040816326531,27.0,1,0.3346938775510204,0.4375,426.0869565217391,7.804251383528112,9.495594499353297,2,train,Premium View Property
387000.0,2.0,2.25,1230,1280,2.0,0,0,3,960,270,2012,,Seattle,98144,0,2012,2,2.0,314.6341463414634,2.0,1,0.21951219512195122,1.125,289.4117647058824,7.115582126184454,7.155396301896734,3,train,New-Build Suburban Family
925000.0,4.0,2.25,2260,41984,1.0,0,0,4,2260,0,1967,,Kirkland,98033,0,1967,47,47.0,409.2920353982301,47.0,0,0.0,0.5625,361.6,7.72356247227797,10.645067690617664,0,train,Established Family Home
415000.0,2.0,1.0,1050,60113,1.0,0,0,4,1050,0,1943,,Auburn,98001,0,1943,71,71.0,395.2380952380952,71.0,0,0.0,0.5,350.0,6.957497370876951,11.003998038487318,1,test,Compact Entry-Level
263000.0,3.0,1.75,1570,7775,2.0,0,0,3,1570,0,1982,,Kent,98031,0,1982,32,32.0,167.51592356687897,32.0,0,0.0,0.5833333333333334,330.5263157894737,7.359467638255621,8.958797346140274,3,train,New-Build Suburban Family
519900.0,4.0,2.0,1820,9350,1.0,0,0,4,1820,0,1967,,Redmond,98052,0,1967,47,47.0,285.65934065934067,47.0,0,0.0,0.5,303.3333333333333,7.507141079727608,9.143238568435446,0,train,Established Family Home
570000.0,2.0,1.75,1540,4025,1.0,0,0,4,1190,350,1908,,Seattle,98116,0,1908,106,106.0,370.1298701298701,106.0,1,0.22727272727272727,0.875,410.6666666666667,7.340186835320115,8.300528606199737,1,train,Compact Entry-Level
450000.0,3.0,1.5,2060,44866,1.0,0,0,3,2060,0,1953,,Woodinville,98077,0,1953,61,61.0,218.4466019417476,61.0,0,0.0,0.5,457.77777777777777,7.630946580890459,10.711457836917562,1,train,Compact Entry-Level
1300000.0,4.0,3.5,4380,74052,1.0,0,0,3,4380,0,2001,,Redmond,98053,0,2001,13,13.0,296.80365296803654,13.0,0,0.0,0.875,584.0,8.385032287813898,11.212536332042088,3,train,New-Build Suburban Family
300000.0,3.0,1.0,1090,9900,1.0,0,0,4,1090,0,1955,,Redmond,98052,0,1955,59,59.0,275.22935779816515,59.0,0,0.0,0.3333333333333333,272.5,6.994849985833071,9.200391041122515,1,train,Compact Entry-Level
320000.0,3.0,1.75,1480,7225,1.0,0,0,4,1480,0,1965,,Renton,98056,0,1965,49,49.0,216.21621621621625,49.0,0,0.0,0.5833333333333334,311.57894736842104,7.300472814267799,8.885440911707585,1,train,Compact Entry-Level
387500.0,4.0,1.0,1320,4440,1.5,0,0,3,1320,0,1929,,Seattle,98122,0,1929,85,85.0,293.56060606060606,85.0,0,0.0,0.25,264.0,7.186144304522325,8.398634855292102,1,train,Compact Entry-Level
458000.0,1.0,2.25,2140,10350,1.0,0,0,3,1470,670,1976,,Woodinville,98072,0,1976,38,38.0,214.01869158878503,38.0,1,0.3130841121495327,2.25,658.4615384615385,7.669028288589683,9.24483841238375,0,train,Established Family Home
1212500.0,4.0,3.5,4560,16643,1.0,0,3,3,2230,2330,1995,,Bellevue,98006,0,1995,19,19.0,265.89912280701753,19.0,1,0.5109649122807017,0.875,608.0,8.4252971767117,9.719805070102831,2,train,Premium View Property
380000.0,4.0,3.0,2800,9764,2.0,0,0,3,2800,0,2002,,Maple Valley,98038,0,2002,12,12.0,135.71428571428572,12.0,0,0.0,0.75,400.0,7.937731775260109,9.186559843310778,3,train,New-Build Suburban Family
200000.0,3.0,1.0,1050,5000,1.0,0,0,4,1050,0,1967,,Renton,98056,0,1967,47,47.0,190.47619047619048,47.0,0,0.0,0.3333333333333333,262.5,6.957497370876951,8.517393171418904,1,train,Compact Entry-Level
385000.0,3.0,1.5,1490,9630,1.0,0,0,4,1490,0,1959,,Kenmore,98028,0,1959,55,55.0,258.38926174496646,55.0,0,0.0,0.5,331.1111111111111,7.307202314764738,9.172742341560864,1,train,Compact Entry-Level
396675.0,2.0,1.0,1730,6375,2.0,0,0,4,1730,0,1945,,Seattle,98126,0,1945,69,69.0,229.29190751445088,69.0,0,0.0,0.5,576.6666666666666,7.456454555176209,8.760296220470051,1,train,Compact Entry-Level
452000.0,4.0,1.0,1210,3760,1.5,0,0,3,1210,0,1900,,Seattle,98103,0,1900,114,114.0,373.55371900826447,114.0,0,0.0,0.25,242.0,7.099201743553092,8.232440158470336,1,train,Compact Entry-Level
426000.0,4.0,2.5,2800,8494,2.0,0,0,3,2800,0,2004,,Maple Valley,98038,0,2004,10,10.0,152.14285714285714,10.0,0,0.0,0.625,430.7692307692308,7.937731775260109,9.047233034106032,3,train,New-Build Suburban Family
792000.0,3.0,1.5,1570,1050,2.0,0,0,3,1570,0,1915,,Seattle,98109,0,1915,99,99.0,504.4585987261146,99.0,0,0.0,0.5,348.8888888888889,7.359467638255621,6.957497370876951,1,train,Compact Entry-Level
315000.0,3.0,2.25,1400,31626,1.0,0,0,2,1140,260,1987,,Auburn,98092,0,1987,27,27.0,225.0,27.0,1,0.18571428571428572,0.75,266.6666666666667,7.244941546337007,10.361766465136906,0,test,Established Family Home
1275000.0,4.0,2.0,2850,7861,1.0,0,4,4,1450,1400,1970,,Seattle,98117,0,1970,44,44.0,447.3684210526316,44.0,1,0.49122807017543857,0.5,475.0,7.955425088912672,8.969796305981806,2,train,Premium View Property
326000.0,6.0,3.0,1880,7200,1.0,0,0,4,1880,0,1966,,Renton,98056,0,1966,48,48.0,173.40425531914894,48.0,0,0.0,0.5,208.88888888888889,7.53955882930103,8.881975184248867,0,train,Established Family Home
268500.0,2.0,1.0,790,8424,1.0,0,0,4,790,0,1953,,Shoreline,98133,0,1953,61,61.0,339.873417721519,61.0,0,0.0,0.5,263.3333333333333,6.673297967767654,9.038958755220563,1,train,Compact Entry-Level
440000.0,2.0,1.75,1300,4000,2.0,0,0,3,1300,0,1948,,Seattle,98105,0,1948,66,66.0,338.46153846153845,66.0,0,0.0,0.875,346.6666666666667,7.170888478512505,8.294299608857235,1,train,Compact Entry-Level
300000.0,3.0,1.0,2120,7735,1.0,0,0,4,1060,1060,1967,,Renton,98059,0,1967,47,47.0,141.50943396226415,47.0,1,0.5,0.3333333333333333,530.0,7.659642954564682,8.95364003713313,0,train,Established Family Home
525000.0,3.0,1.5,1540,4773,2.0,0,0,3,1540,0,1941,2009.0,Seattle,98126,1,2009,73,5.0,340.90909090909093,5.0,0,0.0,0.5,342.22222222222223,7.340186835320115,8.470939806898775,1,train,Compact Entry-Level
978000.0,4.0,2.75,2620,13777,1.5,0,2,4,1720,900,1926,,Seattle,98144,0,1926,88,88.0,373.2824427480916,88.0,1,0.3435114503816794,0.6875,388.14814814814815,7.8713112033234065,9.530828396153142,2,train,Premium View Property
1125000.0,6.0,3.0,2880,3192,2.0,0,0,4,2180,700,1919,,Seattle,98103,0,1919,95,95.0,390.625,95.0,1,0.24305555555555555,0.5,320.0,7.9658927350845286,8.068716192714781,0,train,Established Family Home
700000.0,4.0,1.0,1680,4021,1.5,0,0,3,1680,0,1921,,Seattle,98103,0,1921,93,93.0,416.6666666666667,93.0,0,0.0,0.25,336.0,7.427144133408616,8.299534570332597,1,train,Compact Entry-Level
315000.0,2.0,1.0,790,6969,1.0,0,0,3,790,0,1955,1984.0,Redmond,98052,1,1984,59,30.0,398.73417721518985,30.0,0,0.0,0.5,263.3333333333333,6.673297967767654,8.84937050375457,1,train,Compact Entry-Level
309000.0,3.0,1.0,1092,7500,1.5,0,0,3,1092,0,1918,,Seattle,98106,0,1918,96,96.0,282.967032967033,96.0,0,0.0,0.3333333333333333,273.0,6.996681488176539,8.922791623969637,1,train,Compact Entry-Level
219950.0,3.0,1.5,1650,9936,1.0,0,0,3,1090,560,1967,,Federal Way,98003,0,1967,47,47.0,133.3030303030303,47.0,1,0.3393939393939394,0.5,366.6666666666667,7.409136443920128,9.204020443231363,0,train,Established Family Home
289000.0,3.0,2.5,2090,4700,2.0,0,0,3,2090,0,2002,,Covington,98042,0,2002,12,12.0,138.2775119617225,12.0,0,0.0,0.8333333333333334,380.0,7.645397699428633,8.45553053102413,3,train,New-Build Suburban Family
210000.0,4.0,1.75,2180,28710,1.0,0,0,3,1180,1000,1950,,SeaTac,98198,0,1950,64,64.0,96.3302752293578,64.0,1,0.45871559633027525,0.4375,379.1304347826087,7.687538766201629,10.265035603577836,0,train,Established Family Home
260000.0,4.0,2.5,1990,6671,2.0,0,0,3,1990,0,1989,,Federal Way,98023,0,1989,25,25.0,130.6532663316583,25.0,0,0.0,0.625,306.15384615384613,7.596392304064196,8.805674944038582,3,train,New-Build Suburban Family
699000.0,4.0,2.5,2650,7945,2.0,0,0,3,2650,0,2006,,Seattle,98125,0,2006,8,8.0,263.7735849056604,8.0,0,0.0,0.625,407.6923076923077,7.8826922062890254,8.980423936374544,3,train,New-Build Suburban Family
1800000.0,4.0,3.5,4460,16953,1.0,0,0,3,2550,1910,1962,1994.0,Medina,98039,1,1994,52,20.0,403.58744394618833,20.0,1,0.4282511210762332,0.875,594.6666666666666,8.403128235128264,9.73825907316835,0,train,Established Family Home
299950.0,3.0,1.0,910,8000,1.0,0,0,4,740,170,1950,,Shoreline,98177,0,1950,64,64.0,329.61538461538464,64.0,1,0.18681318681318682,0.3333333333333333,227.5,6.814542897259958,8.987321812850125,1,train,Compact Entry-Level
749950.0,3.0,2.5,2770,10773,2.0,0,2,3,2770,0,1992,,Bellevue,98008,0,1992,22,22.0,270.74007220216606,22.0,0,0.0,0.8333333333333334,503.6363636363636,7.9269635448629785,9.28489110324048,2,train,Premium View Property
1100000.0,3.0,2.0,2390,6888,2.0,0,1,5,2390,0,1939,,Seattle,98115,0,1939,75,75.0,460.2510460251046,75.0,0,0.0,0.6666666666666666,478.0,7.779466967458324,8.837681215593197,1,train,Compact Entry-Level
555000.0,3.0,2.5,3050,158558,1.0,0,0,4,3050,0,1987,,Renton,98055,0,1987,27,27.0,181.9672131147541,27.0,0,0.0,0.8333333333333334,554.5454545454545,8.02322468471667,11.97388204278308,0,test,Established Family Home
384000.0,3.0,2.5,1700,4000,2.0,0,0,3,1700,0,2003,,Snoqualmie,98065,0,2003,11,11.0,225.8823529411765,11.0,0,0.0,0.8333333333333334,309.09090909090907,7.438971592395862,8.294299608857235,3,train,New-Build Suburban Family
499950.0,5.0,3.5,3200,43560,2.0,0,0,3,3200,0,1989,,Renton,98059,0,1989,25,25.0,156.234375,25.0,0,0.0,0.7,376.47058823529414,8.071218539969863,10.681917533624532,3,test,New-Build Suburban Family
430000.0,3.0,1.75,1200,4500,1.0,0,0,5,1200,0,1906,,Seattle,98108,0,1906,108,108.0,358.3333333333333,108.0,0,0.0,0.5833333333333334,252.6315789473684,7.0909098220799835,8.412054873292933,1,train,Compact Entry-Level
350000.0,4.0,2.25,2220,6953,2.0,0,0,4,2220,0,1999,,Maple Valley,98038,0,1999,15,15.0,157.6576576576577,15.0,0,0.0,0.5625,355.2,7.7057128238944275,8.847072312567807,3,test,New-Build Suburban Family
620000.0,3.0,2.5,2480,9041,2.0,0,0,3,2480,0,2004,,Redmond,98053,0,2004,10,10.0,250.0,10.0,0,0.0,0.8333333333333334,450.90909090909093,7.816416983691801,9.109635667854551,3,train,New-Build Suburban Family
765000.0,4.0,2.25,2560,12100,1.0,0,0,4,1760,800,1976,,Redmond,98052,0,1976,38,38.0,298.828125,38.0,1,0.3125,0.5625,409.6,7.848153086199526,9.401043372798053,0,train,Established Family Home
250000.0,4.0,1.5,2500,6300,1.0,0,0,4,1500,1000,1961,,Kent,98032,0,1961,53,53.0,100.0,53.0,1,0.4,0.375,454.54545454545456,7.824445930877619,8.748463629942055,0,train,Established Family Home
376000.0,2.0,1.0,1150,4000,1.0,0,0,3,1150,0,1947,,Seattle,98199,0,1947,67,67.0,326.95652173913044,67.0,0,0.0,0.5,383.3333333333333,7.048386408721883,8.294299608857235,1,train,Compact Entry-Level
475000.0,4.0,1.75,1650,7775,1.0,0,0,4,1150,500,1950,,Seattle,98133,0,1950,64,64.0,287.8787878787879,64.0,1,0.30303030303030304,0.4375,286.95652173913044,7.409136443920128,8.958797346140274,0,train,Established Family Home
120750.0,3.0,1.75,1140,9628,1.0,0,0,4,1140,0,1969,,Federal Way,98023,0,1969,45,45.0,105.92105263157896,45.0,0,0.0,0.5833333333333334,240.0,7.039660349862076,9.172534657240284,1,train,Compact Entry-Level
1690000.0,3.0,1.75,3400,8965,1.0,0,2,5,1820,1580,1957,,Seattle,98105,0,1957,57,57.0,497.05882352941177,57.0,1,0.4647058823529412,0.5833333333333334,715.7894736842105,8.131824785007195,9.101194924715385,2,train,Premium View Property
330000.0,3.0,1.0,1180,43124,1.0,0,0,4,1180,0,1959,,Issaquah,98027,0,1959,55,55.0,279.6610169491525,55.0,0,0.0,0.3333333333333333,295.0,7.074116816197362,10.67185815433366,1,train,Compact Entry-Level
619500.0,3.0,2.5,1700,4105,2.0,0,0,3,1700,0,1992,,Seattle,98122,0,1992,22,22.0,364.4117647058824,22.0,0,0.0,0.8333333333333334,309.09090909090907,7.438971592395862,8.32020459757888,3,train,New-Build Suburban Family
345000.0,3.0,1.5,1240,11200,1.0,0,0,4,1240,0,1954,,Bellevue,98006,0,1954,60,60.0,278.2258064516129,60.0,0,0.0,0.5,275.55555555555554,7.123672785204607,9.32375833901174,1,train,Compact Entry-Level
598000.0,5.0,2.25,2890,12478,2.0,0,0,3,2890,0,1977,,Sammamish,98074,0,1977,37,37.0,206.92041522491348,37.0,0,0.0,0.45,398.62068965517244,7.969357742016346,9.431802510507854,3,train,New-Build Suburban Family
335000.0,3.0,1.0,1060,10050,1.0,0,0,4,1060,0,1967,,Kenmore,98028,0,1967,47,47.0,316.0377358490566,47.0,0,0.0,0.3333333333333333,265.0,6.966967138613983,9.21542741102474,1,train,Compact Entry-Level
372500.0,4.0,1.75,1590,10523,2.0,0,0,4,1590,0,1922,,Shoreline,98133,0,1922,92,92.0,234.2767295597484,92.0,0,0.0,0.4375,276.5217391304348,7.372118028337787,9.261413642160184,1,train,Compact Entry-Level
300000.0,6.0,5.25,2860,5682,2.0,0,0,3,2860,0,1978,,Auburn,98002,0,1978,36,36.0,104.8951048951049,36.0,0,0.0,0.875,254.22222222222223,7.95892649305011,8.645234541297121,3,test,New-Build Suburban Family
194000.0,1.0,1.0,820,1060,1.0,0,0,3,760,60,2007,,Seattle,98126,0,2007,7,7.0,236.58536585365852,7.0,1,0.07317073170731707,1.0,410.0,6.710523109452428,6.966967138613983,1,test,Compact Entry-Level
507500.0,3.0,2.0,2020,8118,1.0,0,0,3,1020,1000,1963,,Bellevue,98008,0,1963,51,51.0,251.23762376237624,51.0,1,0.49504950495049505,0.6666666666666666,404.0,7.611347717403621,9.001962272862446,0,train,Established Family Home
325000.0,4.0,2.25,1870,9680,1.0,0,0,4,1170,700,1959,,Kirkland,98034,0,1959,55,55.0,173.79679144385025,55.0,1,0.37433155080213903,0.5625,299.2,7.534228326274089,9.177920480720072,0,test,Established Family Home
329900.0,3.0,2.5,2170,4905,2.0,0,0,3,2170,0,2004,,Maple Valley,98038,0,2004,10,10.0,152.02764976958525,10.0,0,0.0,0.8333333333333334,394.54545454545456,7.682943169878292,8.498214224818435,3,train,New-Build Suburban Family
329000.0,4.0,2.5,1600,6765,1.0,0,0,3,830,770,1947,2011.0,Seattle,98106,1,2011,67,3.0,205.625,3.0,1,0.48125,0.625,246.15384615384616,7.3783837129967145,8.819665349340653,0,test,Established Family Home
494000.0,4.0,1.75,2090,4300,1.5,0,0,4,1250,840,1925,,Seattle,98136,0,1925,89,89.0,236.3636363636364,89.0,1,0.4019138755980861,0.4375,363.4782608695652,7.645397699428633,8.366602832783736,0,train,Established Family Home
206000.0,4.0,2.0,1700,6025,1.0,0,0,3,1700,0,1978,,Auburn,98002,0,1978,36,36.0,121.17647058823528,36.0,0,0.0,0.5,283.3333333333333,7.438971592395862,8.703838719690246,1,train,Compact Entry-Level
423000.0,4.0,1.75,1940,6909,1.0,0,0,4,970,970,1941,,Seattle,98133,0,1941,73,73.0,218.04123711340208,73.0,1,0.5,0.4375,337.39130434782606,7.57095858316901,8.840724916761715,0,test,Established Family Home
259000.0,3.0,1.0,1320,8625,1.0,0,0,4,1320,0,1957,,Renton,98056,0,1957,57,57.0,196.2121212121212,57.0,0,0.0,0.3333333333333333,330.0,7.186144304522325,9.062536177207788,1,train,Compact Entry-Level
879950.0,4.0,2.25,3500,13875,1.0,0,4,4,1830,1670,1938,,Seattle,98146,0,1938,76,76.0,251.4142857142857,76.0,1,0.47714285714285715,0.5625,560.0,8.160803920954665,9.53791600808964,2,test,Premium View Property
345600.0,5.0,3.5,2800,5120,2.5,0,0,3,2800,0,1903,2005.0,Seattle,98122,1,2005,111,9.0,123.42857142857144,9.0,0,0.0,0.7,329.4117647058824,7.937731775260109,8.54110501146255,3,train,New-Build Suburban Family
395000.0,3.0,1.5,1080,2940,1.5,0,0,4,1080,0,1920,,Seattle,98115,0,1920,94,94.0,365.7407407407408,94.0,0,0.0,0.5,240.0,6.985641817639208,7.9865049385539955,1,test,Compact Entry-Level
625000.0,4.0,2.5,3550,8048,2.0,0,0,3,3550,0,2007,,Snoqualmie,98065,0,2007,7,7.0,176.05633802816902,7.0,0,0.0,0.625,546.1538461538462,8.174984532943087,8.993303139093733,3,train,New-Build Suburban Family
439000.0,3.0,2.0,2010,251341,2.0,0,0,3,1510,500,2003,,Duvall,98019,0,2003,11,11.0,218.40796019900495,11.0,1,0.24875621890547264,0.6666666666666666,402.0,7.606387389772652,12.434569840486088,3,train,New-Build Suburban Family
380000.0,3.0,1.75,1690,1468,2.0,0,0,3,1380,310,2008,,Seattle,98108,0,2008,6,6.0,224.8520710059172,6.0,1,0.1834319526627219,0.5833333333333334,355.7894736842105,7.43307534889858,7.292337176173877,3,test,New-Build Suburban Family
440000.0,3.0,1.5,1270,1443,3.0,0,0,3,1270,0,2007,,Seattle,98115,0,2007,7,7.0,346.45669291338584,7.0,0,0.0,0.5,282.22222222222223,7.147559271189454,7.275172319452771,3,train,New-Build Suburban Family
415000.0,3.0,2.25,1970,2377,2.0,0,0,3,1680,290,2008,,Seattle,98108,0,2008,6,6.0,210.65989847715736,6.0,1,0.14720812182741116,0.75,375.23809523809524,7.58629630715272,7.774015077250727,3,test,New-Build Suburban Family
860000.0,4.0,2.75,3160,8097,2.0,0,0,3,3160,0,2014,,Kirkland,98033,0,2014,0,0.0,272.1518987341772,0.0,0,0.0,0.6875,468.14814814814815,8.058643712215618,8.999372396592106,3,train,New-Build Suburban Family
500000.0,3.0,2.5,1210,1200,3.0,0,0,3,1210,0,2008,,Seattle,98103,0,2008,6,6.0,413.22314049586777,6.0,0,0.0,0.8333333333333334,220.0,7.099201743553092,7.0909098220799835,3,train,New-Build Suburban Family
953007.0,4.0,3.5,3120,5086,2.0,0,0,3,2480,640,2008,,Seattle,98115,0,2008,6,6.0,305.4509615384615,6.0,1,0.20512820512820512,0.875,416.0,8.045908742270779,8.534443544822764,3,train,New-Build Suburban Family
515000.0,4.0,2.5,2670,8765,2.0,0,0,3,2670,0,2006,,Renton,98059,0,2006,8,8.0,192.88389513108612,8.0,0,0.0,0.625,410.7692307692308,7.890208213109961,9.078635880978755,3,test,New-Build Suburban Family
772000.0,3.0,2.25,1640,1204,3.0,0,0,3,1640,0,2014,,Seattle,98112,0,2014,0,0.0,470.7317073170732,0.0,0,0.0,0.75,312.3809523809524,7.403061091090091,7.094234845924755,3,train,New-Build Suburban Family
329995.0,4.0,2.5,2303,3680,2.0,0,0,3,2303,0,2013,,Auburn,98001,0,2013,1,1.0,143.2891880156318,1.0,0,0.0,0.625,354.3076923076923,7.742402021815782,8.210939733379021,3,train,New-Build Suburban Family
409316.0,3.0,2.5,1800,3168,2.0,0,0,3,1800,0,2014,,Snoqualmie,98065,0,2014,0,0.0,227.39777777777775,0.0,0,0.0,0.8333333333333334,327.27272727272725,7.496097345175956,8.06117135969092,3,test,New-Build Suburban Family
490000.0,5.0,3.5,4460,2975,3.0,0,2,3,3280,1180,2013,,Seattle,98119,0,2013,1,1.0,109.86547085201794,1.0,1,0.2645739910313901,0.7,524.7058823529412,8.403128235128264,7.998335395952982,2,train,Premium View Property
305000.0,2.0,2.5,1590,2656,2.0,0,0,3,1220,370,2009,,Seattle,98106,0,2009,5,5.0,191.8238993710692,5.0,1,0.23270440251572327,1.25,353.3333333333333,7.372118028337787,7.884952945759814,3,train,New-Build Suburban Family
785000.0,4.0,3.5,3070,4684,2.0,0,0,3,2190,880,2009,,Issaquah,98027,0,2009,5,5.0,255.70032573289905,5.0,1,0.28664495114006516,0.875,409.3333333333333,8.029758520440822,8.452121194672523,3,train,New-Build Suburban Family
240000.0,2.0,1.75,1330,7200,1.0,0,0,3,1330,0,1993,,SeaTac,98188,0,1993,21,21.0,180.45112781954887,21.0,0,0.0,0.875,354.6666666666667,7.193685818395112,8.881975184248867,1,train,Compact Entry-Level
325000.0,3.0,1.0,990,6750,1.0,0,0,4,990,0,1947,,Seattle,98133,0,1947,67,67.0,328.2828282828283,67.0,0,0.0,0.3333333333333333,247.5,6.898714534329988,8.81744592104187,1,train,Compact Entry-Level
535800.0,4.0,2.5,1900,5790,2.0,0,0,3,1900,0,1994,,Issaquah,98029,0,1994,20,20.0,282.0,20.0,0,0.0,0.625,292.3076923076923,7.550135342488429,8.66406026722579,3,test,New-Build Suburban Family
720000.0,3.0,2.5,2020,1159,3.0,0,3,3,2020,0,2000,,Seattle,98103,0,2000,14,14.0,356.43564356435644,14.0,0,0.0,0.8333333333333334,367.27272727272725,7.611347717403621,7.05617528410041,2,train,Premium View Property
374000.0,3.0,1.75,2000,9416,1.0,0,0,4,2000,0,1961,,Kirkland,98033,0,1961,53,53.0,187.0,53.0,0,0.0,0.5833333333333334,421.05263157894734,7.601402334583733,9.150271845510064,1,train,Compact Entry-Level
189650.0,2.0,1.75,1100,7600,1.0,0,0,3,1100,0,1980,,Des Moines,98198,0,1980,34,34.0,172.4090909090909,34.0,0,0.0,0.875,293.3333333333333,7.00397413672268,8.936035096566041,1,train,Compact Entry-Level
420850.0,1.0,1.0,960,40946,1.0,0,0,5,960,0,1945,,Carnation,98014,0,1945,69,69.0,438.3854166666667,69.0,0,0.0,1.0,480.0,6.8679744089702925,10.620033826524304,1,test,Compact Entry-Level
815000.0,4.0,2.75,3488,9614,2.0,0,0,3,3488,0,1998,,Redmond,98074,0,1998,16,16.0,233.65825688073397,16.0,0,0.0,0.6875,516.7407407407408,8.157370441186774,9.17107965802288,3,test,New-Build Suburban Family
1065000.0,2.0,1.75,1890,9466,2.0,0,0,3,1890,0,1987,,Bellevue,98004,0,1987,27,27.0,563.4920634920635,27.0,0,0.0,0.875,504.0,7.544861068658458,9.15556734612889,3,train,New-Build Suburban Family
199000.0,4.0,2.0,2030,8120,2.0,0,0,3,2030,0,1950,,Seattle,98178,0,1950,64,64.0,98.0295566502463,64.0,0,0.0,0.5,338.3333333333333,7.616283561580385,9.002208578282412,3,train,New-Build Suburban Family
195000.0,3.0,1.75,1380,7350,1.0,0,0,3,990,390,1981,,Covington,98042,0,1981,33,33.0,141.30434782608697,33.0,1,0.2826086956521739,0.5833333333333334,290.5263157894737,7.2305631534092925,8.902591637374087,0,test,Established Family Home
1506000.0,4.0,3.25,3660,5800,2.5,0,0,3,3360,300,1909,1995.0,Seattle,98112,1,1995,105,19.0,411.4754098360656,19.0,1,0.08196721311475409,0.8125,504.82758620689657,8.205491613120236,8.665785595466064,0,test,Established Family Home
288400.0,3.0,2.25,1870,3230,2.0,0,0,3,1870,0,1997,,Renton,98056,0,1997,17,17.0,154.22459893048128,17.0,0,0.0,0.75,356.1904761904762,7.534228326274089,8.080546965824498,3,test,New-Build Suburban Family
442000.0,4.0,2.25,2080,12007,1.0,0,0,4,1220,860,1979,,Sammamish,98074,0,1979,35,35.0,212.5,35.0,1,0.41346153846153844,0.5625,332.8,7.640603826393634,9.393328373313297,0,train,Established Family Home
619420.0,4.0,2.75,2450,14803,2.0,0,0,4,2450,0,1988,,Newcastle,98059,0,1988,26,26.0,252.8244897959184,26.0,0,0.0,0.6875,362.962962962963,7.804251383528112,9.602652693506046,3,train,New-Build Suburban Family
635000.0,4.0,2.25,2750,6180,1.0,0,0,4,1500,1250,1948,,Seattle,98118,0,1948,66,66.0,230.9090909090909,66.0,1,0.45454545454545453,0.5625,440.0,7.919719760924575,8.729235349659273,0,train,Established Family Home
210000.0,3.0,1.0,1240,4842,1.0,0,0,4,1240,0,1916,,Seattle,98118,0,1916,98,98.0,169.3548387096774,98.0,0,0.0,0.3333333333333333,310.0,7.123672785204607,8.48528964240323,1,test,Compact Entry-Level
512500.0,3.0,2.5,1900,7604,2.0,0,0,3,1900,0,1990,,Kirkland,98033,0,1990,24,24.0,269.7368421052632,24.0,0,0.0,0.8333333333333334,345.45454545454544,7.550135342488429,8.936561204693394,3,train,New-Build Suburban Family
567000.0,3.0,2.5,2540,6093,2.0,0,0,3,2540,0,1999,,Kirkland,98034,0,1999,15,15.0,223.2283464566929,15.0,0,0.0,0.8333333333333334,461.8181818181818,7.840312983320164,8.715059959545654,3,train,New-Build Suburban Family
525000.0,3.0,2.75,2100,10362,2.0,0,0,3,1510,590,1998,,Snoqualmie Pass,98068,0,1998,16,16.0,250.0,16.0,1,0.28095238095238095,0.9166666666666666,365.2173913043478,7.650168700845001,9.245997049184217,3,train,New-Build Suburban Family
475000.0,4.0,2.0,1790,2250,1.0,0,2,4,840,950,1909,,Seattle,98103,0,1909,105,105.0,265.3631284916201,105.0,1,0.5307262569832403,0.5,298.3333333333333,7.490529402060711,7.719129840906732,2,train,Premium View Property
250000.0,3.0,2.0,1170,7258,1.0,0,0,3,1170,0,1984,,Auburn,98001,0,1984,30,30.0,213.67521367521368,30.0,0,0.0,0.6666666666666666,234.0,7.065613363597717,8.889997357284841,1,train,Compact Entry-Level
220000.0,3.0,1.0,1060,9126,1.0,0,2,5,1060,0,1956,,Enumclaw,98022,0,1956,58,58.0,207.54716981132077,58.0,0,0.0,0.3333333333333333,265.0,6.966967138613983,9.118992332516877,1,train,Compact Entry-Level
230000.0,5.0,2.0,1930,6120,1.5,0,0,3,1930,0,1941,1969.0,Seattle,98146,1,1969,73,45.0,119.17098445595856,45.0,0,0.0,0.4,275.7142857142857,7.565793282428515,8.71948076085107,0,test,Established Family Home
385500.0,3.0,2.0,1540,7947,1.0,0,0,3,1120,420,1961,,Bothell,98011,0,1961,53,53.0,250.32467532467533,53.0,1,0.2727272727272727,0.6666666666666666,308.0,7.340186835320115,8.980675603671708,0,train,Established Family Home
895000.0,5.0,3.0,2876,13927,1.0,0,2,4,1970,906,1973,,Mercer Island,98040,0,1973,41,41.0,311.1961057023644,41.0,1,0.3150208623087622,0.6,359.5,7.964503363551548,9.541656481448024,2,train,Premium View Property
368250.0,3.0,2.5,2150,7484,2.0,0,0,3,2150,0,1988,,Sammamish,98074,0,1988,26,26.0,171.27906976744185,26.0,0,0.0,0.8333333333333334,390.90909090909093,7.67368812926773,8.920656296853728,3,test,New-Build Suburban Family
249900.0,2.0,1.0,1140,5500,1.0,0,0,3,1140,0,1947,,Seattle,98106,0,1947,67,67.0,219.21052631578948,67.0,0,0.0,0.5,380.0,7.039660349862076,8.612685172875459,1,train,Compact Entry-Level
350000.0,3.0,1.5,980,7790,1.0,0,0,5,980,0,1969,,Kirkland,98034,0,1969,45,45.0,357.1428571428572,45.0,0,0.0,0.5,217.77777777777777,6.8885724595653635,8.960724500330858,1,test,Compact Entry-Level
175000.0,3.0,1.75,1230,13056,1.0,0,0,4,1230,0,1962,,Auburn,98001,0,1962,52,52.0,142.27642276422765,52.0,0,0.0,0.5833333333333334,258.94736842105266,7.115582126184454,9.477079667408038,1,test,Compact Entry-Level
270000.0,3.0,1.75,1390,10905,1.0,0,0,3,860,530,1957,,Seattle,98106,0,1957,57,57.0,194.2446043165468,57.0,1,0.381294964028777,0.5833333333333334,292.63157894736844,7.237778191923443,9.297068375486006,0,test,Established Family Home
495000.0,3.0,3.5,2380,6250,2.0,0,3,3,1670,710,1997,,Seattle,98118,0,1997,17,17.0,207.98319327731093,17.0,1,0.29831932773109243,1.1666666666666667,366.15384615384613,7.7752758464868625,8.740496729931813,2,train,Premium View Property
1580000.0,3.0,3.25,3690,7200,2.0,0,0,3,3690,0,2007,,Kirkland,98033,0,2007,7,7.0,428.1842818428185,7.0,0,0.0,1.0833333333333333,590.4,8.213652703029998,8.881975184248867,3,train,New-Build Suburban Family
542500.0,5.0,3.25,3010,1074218,1.5,0,0,5,2010,1000,1931,,Issaquah,98027,0,1931,83,83.0,180.2325581395349,83.0,1,0.33222591362126247,0.65,364.8484848484849,8.010027528481734,13.88710444387853,0,train,Established Family Home
330000.0,3.0,1.0,1250,9126,1.0,0,0,3,1250,0,1969,,Woodinville,98077,0,1969,45,45.0,264.0,45.0,0,0.0,0.3333333333333333,312.5,7.1316985104669115,9.118992332516877,1,train,Compact Entry-Level
1003000.0,4.0,2.75,2290,6120,2.0,0,0,4,2170,120,1926,,Seattle,98115,0,1926,88,88.0,437.9912663755459,88.0,1,0.05240174672489083,0.6875,339.25925925925924,7.736743682453495,8.71948076085107,0,train,Established Family Home
299800.0,2.0,1.0,790,5240,1.0,0,0,4,790,0,1925,,Seattle,98118,0,1925,89,89.0,379.493670886076,89.0,0,0.0,0.5,263.3333333333333,6.673297967767654,8.564267598802166,1,train,Compact Entry-Level
299900.0,3.0,2.5,2720,6014,2.0,0,0,3,2720,0,2002,,Auburn,98092,0,2002,12,12.0,110.25735294117646,12.0,0,0.0,0.8333333333333334,494.54545454545456,7.908754738783246,8.70201162840878,3,train,New-Build Suburban Family
691000.0,4.0,2.75,2550,8632,1.0,0,0,3,1700,850,1972,,Kirkland,98033,0,1972,42,42.0,270.9803921568628,42.0,1,0.3333333333333333,0.6875,377.77777777777777,7.844240718141811,9.063347348235522,0,train,Established Family Home
195000.0,2.0,1.0,1080,3899,1.0,0,0,4,1080,0,1972,,Des Moines,98198,0,1972,42,42.0,180.55555555555557,42.0,0,0.0,0.5,360.0,6.985641817639208,8.268731832117737,1,train,Compact Entry-Level
405000.0,3.0,1.75,2470,9620,1.0,0,1,4,1570,900,1962,,Des Moines,98198,0,1962,52,52.0,163.96761133603238,52.0,1,0.3643724696356275,0.5833333333333334,520.0,7.81237820598861,9.171703488361265,0,train,Established Family Home
360000.0,2.0,0.75,850,7710,1.0,0,2,5,550,300,1909,,Seattle,98108,0,1909,105,105.0,423.52941176470586,105.0,1,0.35294117647058826,0.375,309.09090909090907,6.7464121285733745,8.95040315983296,1,train,Compact Entry-Level
256750.0,3.0,2.5,1990,8991,1.0,0,0,3,1570,420,1969,,Kent,98042,0,1969,45,45.0,129.02010050251258,45.0,1,0.21105527638190955,0.8333333333333334,361.8181818181818,7.596392304064196,9.104090572133472,0,train,Established Family Home
332500.0,3.0,2.25,1800,10500,2.0,0,0,3,1800,0,1995,,Maple Valley,98038,0,1995,19,19.0,184.72222222222223,19.0,0,0.0,0.75,342.85714285714283,7.496097345175956,9.259225769705994,3,train,New-Build Suburban Family
975000.0,5.0,4.0,4850,36450,2.0,0,0,3,4850,0,1977,,Bellevue,98005,0,1977,37,37.0,201.0309278350516,37.0,0,0.0,0.8,538.8888888888889,8.486940148245216,10.503724171902725,3,train,New-Build Suburban Family
218000.0,3.0,1.0,1020,7874,1.0,0,0,3,1020,0,1956,,Seattle,98106,0,1956,58,58.0,213.72549019607845,58.0,0,0.0,0.3333333333333333,255.0,6.928537818164665,8.971448463693834,1,train,Compact Entry-Level
429000.0,3.0,2.5,2420,49928,2.0,0,0,3,1860,560,1985,,Issaquah,98027,0,1985,29,29.0,177.27272727272728,29.0,1,0.23140495867768596,0.8333333333333334,440.0,7.791935956938058,10.818357275254836,3,train,New-Build Suburban Family
589000.0,4.0,2.5,2910,5776,2.0,0,2,3,2910,0,1998,,Snoqualmie,98065,0,1998,16,16.0,202.40549828178692,16.0,0,0.0,0.625,447.6923076923077,7.976251943745623,8.661639795781266,2,train,Premium View Property
255000.0,3.0,1.5,1060,9039,1.0,0,0,3,1060,0,1973,2013.0,Renton,98058,1,2013,41,1.0,240.56603773584905,1.0,0,0.0,0.5,235.55555555555554,6.966967138613983,9.109414453386222,1,train,Compact Entry-Level
668750.0,4.0,2.5,2340,6420,1.0,0,2,3,1590,750,1964,,Shoreline,98177,0,1964,50,50.0,285.79059829059827,50.0,1,0.32051282051282054,0.625,360.0,7.75833346749091,8.76732914779405,2,test,Premium View Property
344500.0,4.0,2.75,1800,5453,1.0,0,0,3,1050,750,2002,,Renton,98055,0,2002,12,12.0,191.38888888888889,12.0,1,0.4166666666666667,0.6875,266.6666666666667,7.496097345175956,8.604104563405533,0,train,Established Family Home
452000.0,4.0,2.0,1660,6150,1.0,0,0,3,850,810,1945,,Seattle,98126,0,1945,69,69.0,272.28915662650604,69.0,1,0.4879518072289157,0.5,276.6666666666667,7.415175109613295,8.724369949208368,0,train,Established Family Home
540000.0,3.0,1.75,1300,62290,1.0,0,0,3,1300,0,1983,,Redmond,98053,0,1983,31,31.0,415.38461538461536,31.0,0,0.0,0.5833333333333334,273.6842105263158,7.170888478512505,11.039572232060571,1,train,Compact Entry-Level
246000.0,3.0,1.5,1780,23819,1.0,0,0,3,1780,0,1953,,Seattle,98168,0,1953,61,61.0,138.20224719101122,61.0,0,0.0,0.5,395.55555555555554,7.484930283289661,10.07828084290929,1,train,Compact Entry-Level
535000.0,2.0,1.0,1030,4841,1.0,0,0,3,920,110,1939,,Seattle,98103,0,1939,75,75.0,519.4174757281553,75.0,1,0.10679611650485436,0.5,343.3333333333333,6.93828448401696,8.485083137498004,1,train,Compact Entry-Level
970000.0,4.0,3.25,2790,5420,1.0,0,3,3,1130,1660,1963,2013.0,Shoreline,98177,1,2013,51,1.0,347.6702508960573,1.0,1,0.5949820788530465,0.8125,384.82758620689657,7.934155233536322,8.598035579260339,2,train,Premium View Property
430000.0,3.0,1.0,1150,3000,1.0,0,0,5,1150,0,1906,,Seattle,98103,0,1906,108,108.0,373.9130434782609,108.0,0,0.0,0.3333333333333333,287.5,7.048386408721883,8.006700845440367,1,train,Compact Entry-Level
520000.0,4.0,2.5,3290,11446,2.0,0,0,3,3290,0,1992,,Kenmore,98028,0,1992,22,22.0,158.0547112462006,22.0,0,0.0,0.625,506.15384615384613,8.098946748943339,9.345482965918476,3,train,New-Build Suburban Family
712000.0,4.0,2.5,3400,247421,2.0,0,0,3,3400,0,2001,,Ravensdale,98051,0,2001,13,13.0,209.41176470588235,13.0,0,0.0,0.625,523.0769230769231,8.131824785007195,12.418850659805056,3,train,New-Build Suburban Family
450000.0,2.0,1.0,1200,4000,1.0,0,0,3,1070,130,1940,,Seattle,98126,0,1940,74,74.0,375.0,74.0,1,0.10833333333333334,0.5,400.0,7.0909098220799835,8.294299608857235,1,test,Compact Entry-Level
220000.0,4.0,2.5,2160,8005,2.0,0,0,3,2160,0,1993,,Pacific,98047,0,1993,21,21.0,101.85185185185183,21.0,0,0.0,0.625,332.3076923076923,7.6783263565068856,8.987946539552519,3,train,New-Build Suburban Family
525000.0,3.0,1.0,1450,4000,1.0,0,1,4,950,500,1948,,Seattle,98118,0,1948,66,66.0,362.0689655172414,66.0,1,0.3448275862068966,0.3333333333333333,362.5,7.280008252884188,8.294299608857235,1,test,Compact Entry-Level
1220000.0,4.0,2.5,3240,3600,2.0,0,0,3,2060,1180,2008,,Seattle,98109,0,2008,6,6.0,376.5432098765432,6.0,1,0.36419753086419754,0.625,498.46153846153845,8.083637203141548,8.188966863648876,3,train,New-Build Suburban Family
540000.0,3.0,2.0,1470,1691,2.0,0,0,3,1000,470,2007,,Seattle,98115,0,2007,7,7.0,367.3469387755102,7.0,1,0.3197278911564626,0.6666666666666666,294.0,7.293697720601438,7.433666540166168,3,test,New-Build Suburban Family
600000.0,4.0,2.5,2360,5226,2.0,0,0,3,2360,0,2001,,Kirkland,98034,0,2001,13,13.0,254.2372881355932,13.0,0,0.0,0.625,363.0769230769231,7.766840537085513,8.561592778712923,3,train,New-Build Suburban Family
600000.0,3.0,2.25,2230,9053,2.0,0,0,4,2230,0,1987,,Bellevue,98007,0,1987,27,27.0,269.05829596412553,27.0,0,0.0,0.75,424.76190476190476,7.7102051944325325,9.110961927995904,3,train,New-Build Suburban Family
625000.0,4.0,2.5,2630,48706,2.0,0,0,3,2630,0,1986,,Woodinville,98072,0,1986,28,28.0,237.6425855513308,28.0,0,0.0,0.625,404.61538461538464,7.875119281040293,10.793578035907808,3,train,New-Build Suburban Family
150000.0,3.0,1.0,1010,25000,1.0,0,0,3,1010,0,1966,,Carnation,98014,0,1966,48,48.0,148.5148514851485,48.0,0,0.0,0.3333333333333333,252.5,6.918695219020472,10.12667110305036,1,train,Compact Entry-Level
389999.0,3.0,2.25,1445,1471,2.0,0,0,3,1300,145,2003,,Issaquah,98027,0,2003,11,11.0,269.89550173010383,11.0,1,0.10034602076124567,0.75,275.23809523809524,7.27655640271871,7.294377299288821,3,test,New-Build Suburban Family
285000.0,3.0,1.75,2380,6000,1.5,0,0,3,1320,1060,1935,,Seattle,98178,0,1935,79,79.0,119.74789915966386,79.0,1,0.44537815126050423,0.5833333333333334,501.05263157894734,7.7752758464868625,8.699681400989514,0,test,Established Family Home
744000.0,4.0,2.75,2830,13059,2.0,0,0,3,2830,0,1998,,Sammamish,98075,0,1998,16,16.0,262.8975265017668,16.0,0,0.0,0.6875,419.25925925925924,7.9483852851118995,9.477309402830421,3,train,New-Build Suburban Family
700000.0,4.0,2.5,3010,46173,2.0,0,0,3,3010,0,1996,,Redmond,98053,0,1996,18,18.0,232.5581395348837,18.0,0,0.0,0.625,463.0769230769231,8.010027528481734,10.74017214809227,3,test,New-Build Suburban Family
318989.0,4.0,2.25,2000,9000,1.0,0,0,4,2000,0,1978,,Federal Way,98023,0,1978,36,36.0,159.4945,36.0,0,0.0,0.5625,320.0,7.601402334583733,9.105090961257085,0,test,Established Family Home
556000.0,3.0,2.25,2020,3600,2.0,0,0,3,2020,0,1998,,Kirkland,98033,0,1998,16,16.0,275.2475247524753,16.0,0,0.0,0.75,384.76190476190476,7.611347717403621,8.188966863648876,3,train,New-Build Suburban Family
275000.0,3.0,2.5,2030,6326,2.0,0,0,3,2030,0,1993,,Maple Valley,98038,0,1993,21,21.0,135.4679802955665,21.0,0,0.0,0.8333333333333334,369.09090909090907,7.616283561580385,8.752581469146884,3,train,New-Build Suburban Family
430000.0,3.0,2.75,2550,11160,2.0,0,0,3,2550,0,1994,,Shoreline,98155,0,1994,20,20.0,168.62745098039215,20.0,0,0.0,0.9166666666666666,443.4782608695652,7.844240718141811,9.320180837655714,3,train,New-Build Suburban Family
300000.0,2.0,1.0,970,13700,1.0,0,0,3,970,0,1949,,Seattle,98106,0,1949,65,65.0,309.2783505154639,65.0,0,0.0,0.5,323.3333333333333,6.878326468291325,9.525224101853109,1,train,Compact Entry-Level
396450.0,3.0,1.75,1540,12446,1.0,0,0,5,1540,0,1967,,Issaquah,98027,0,1967,47,47.0,257.43506493506493,47.0,0,0.0,0.5833333333333334,324.2105263157895,7.340186835320115,9.429234909000977,1,train,Compact Entry-Level
225000.0,2.0,1.0,1396,111949,1.0,0,0,3,1396,0,1940,1997.0,Redmond,98053,1,1997,74,17.0,161.17478510028653,17.0,0,0.0,0.5,465.3333333333333,7.242082359256962,11.625807622026901,1,test,Compact Entry-Level
700000.0,4.0,3.25,2780,7875,2.0,0,0,3,2780,0,2006,,Seattle,98133,0,2006,8,8.0,251.79856115107916,8.0,0,0.0,0.8125,383.44827586206895,7.930565854233965,8.971575439759016,3,train,New-Build Suburban Family
260000.0,6.0,2.0,2220,8797,1.0,0,0,3,2220,0,1977,,Auburn,98002,0,1977,37,37.0,117.11711711711712,37.0,0,0.0,0.3333333333333333,277.5,7.7057128238944275,9.082279701908664,0,train,Established Family Home
655000.0,4.0,3.5,2350,13402,2.0,0,3,3,1670,680,1994,,Kirkland,98033,0,1994,20,20.0,278.7234042553192,20.0,1,0.28936170212765955,0.875,313.3333333333333,7.762596048540069,9.503233841478497,2,train,Premium View Property
1185000.0,3.0,2.25,2760,40946,2.0,0,0,5,2760,0,1978,,Bellevue,98005,0,1978,36,36.0,429.3478260869565,36.0,0,0.0,0.75,525.7142857142857,7.923348211930154,10.620033826524304,3,train,New-Build Suburban Family
1550000.0,3.0,2.5,4460,26027,2.0,0,0,3,4460,0,1992,,Kirkland,98033,0,1992,22,22.0,347.5336322869955,22.0,0,0.0,0.8333333333333334,810.9090909090909,8.403128235128264,10.166928160614875,3,test,New-Build Suburban Family
413800.0,3.0,2.0,1440,4421,1.0,0,0,3,1440,0,2007,,Redmond,98053,0,2007,7,7.0,287.3611111111111,7.0,0,0.0,0.6666666666666666,288.0,7.273092595999522,8.394347361417392,1,train,Compact Entry-Level
950000.0,5.0,3.75,5330,6000,2.0,0,2,3,3570,1760,2006,,Issaquah,98027,0,2006,8,8.0,178.23639774859288,8.0,1,0.3302063789868668,0.75,609.1428571428571,8.581294116822761,8.699681400989514,2,test,Premium View Property
334990.0,4.0,2.5,2220,4228,2.0,0,0,3,2220,0,2014,,Seattle,98146,0,2014,0,0.0,150.8963963963964,0.0,0,0.0,0.625,341.53846153846155,7.7057128238944275,8.34972083747249,3,train,New-Build Suburban Family
2700000.0,5.0,4.75,5305,8401,2.0,0,2,3,3745,1560,2005,,Kirkland,98033,0,2005,9,9.0,508.9538171536287,9.0,1,0.294062205466541,0.95,544.1025641025641,8.576593534697684,9.036225051729327,2,train,Premium View Property
1030000.0,3.0,4.0,3880,13095,2.0,0,3,3,3700,180,2009,,Kirkland,98034,0,2009,5,5.0,265.4639175257732,5.0,1,0.04639175257731959,1.3333333333333333,554.2857142857143,8.263848131368906,9.48006211905097,2,train,Premium View Property
1130000.0,4.0,3.25,3810,8519,1.0,0,1,3,2680,1130,2007,,Kirkland,98033,0,2007,7,7.0,296.58792650918633,7.0,1,0.29658792650918636,0.8125,525.5172413793103,8.24564690087386,9.050171619823361,2,train,Premium View Property
556000.0,3.0,3.0,1960,1168,2.0,0,0,3,1600,360,2007,,Issaquah,98029,0,2007,7,7.0,283.6734693877551,7.0,1,0.1836734693877551,1.0,326.6666666666667,7.581209826196346,7.063903961472068,3,train,New-Build Suburban Family
360000.0,3.0,2.5,1530,1131,3.0,0,0,3,1530,0,2009,,Seattle,98103,0,2009,5,5.0,235.2941176470588,5.0,0,0.0,0.8333333333333334,278.1818181818182,7.333676395657684,7.0317412587631285,3,train,New-Build Suburban Family
480000.0,4.0,2.25,3250,34293,2.0,0,0,4,3250,0,1983,,Kent,98042,0,1983,31,31.0,147.69230769230768,31.0,0,0.0,0.5625,520.0,8.086717920303906,10.442725690738797,3,train,New-Build Suburban Family
324000.0,3.0,2.5,1750,7208,2.0,0,0,3,1750,0,1994,,Renton,98055,0,1994,20,20.0,185.14285714285717,20.0,0,0.0,0.8333333333333334,318.1818181818182,7.467942332285852,8.883085524404578,3,train,New-Build Suburban Family
1050000.0,4.0,3.25,3440,35021,2.0,0,0,3,3440,0,1983,,Kirkland,98033,0,1983,31,31.0,305.2325581395349,31.0,0,0.0,0.8125,474.48275862068965,8.14351740579748,10.463731714431846,3,train,New-Build Suburban Family
275000.0,1.0,0.75,1170,14149,1.0,0,0,5,880,290,1962,,Enumclaw,98022,0,1962,52,52.0,235.04273504273505,52.0,1,0.24786324786324787,0.75,668.5714285714286,7.065613363597717,9.557469903071384,1,train,Compact Entry-Level
180000.0,3.0,1.0,870,5330,1.0,0,0,3,870,0,1969,2014.0,Covington,98042,1,2014,45,0.0,206.89655172413796,0.0,0,0.0,0.3333333333333333,217.5,6.769641976852503,8.581294116822761,1,train,Compact Entry-Level
749000.0,4.0,2.5,2930,18199,2.0,0,0,3,2930,0,1998,,Sammamish,98075,0,1998,16,16.0,255.6313993174061,16.0,0,0.0,0.625,450.7692307692308,7.983098940710892,9.809176873064887,3,train,New-Build Suburban Family
1600000.0,3.0,2.5,3160,12824,1.0,0,2,4,1820,1340,1966,,Bellevue,98004,0,1966,48,48.0,506.32911392405066,48.0,1,0.4240506329113924,0.8333333333333334,574.5454545454545,8.058643712215618,9.45915167003897,2,train,Premium View Property
373500.0,2.0,1.0,800,3330,1.0,0,0,3,800,0,1918,,Seattle,98107,0,1918,96,96.0,466.875,96.0,0,0.0,0.5,266.6666666666667,6.68586094706836,8.11102783819368,1,train,Compact Entry-Level
770000.0,4.0,2.5,2350,8001,2.0,0,0,4,2350,0,1987,,Bellevue,98006,0,1987,27,27.0,327.6595744680851,27.0,0,0.0,0.625,361.53846153846155,7.762596048540069,8.98744678941718,3,train,New-Build Suburban Family
356000.0,2.0,1.75,1060,16470,1.0,0,0,3,1060,0,1977,,Woodinville,98072,0,1977,37,37.0,335.8490566037736,37.0,0,0.0,0.875,282.6666666666667,6.966967138613983,9.709356537782675,1,train,Compact Entry-Level
625000.0,3.0,1.75,2060,12558,1.0,0,0,4,1350,710,1984,,Redmond,98052,0,1984,30,30.0,303.3980582524272,30.0,1,0.3446601941747573,0.5833333333333334,433.6842105263158,7.630946580890459,9.438192819018127,0,train,Established Family Home
494400.0,2.0,1.75,1560,1750,1.0,0,0,4,780,780,1904,,Seattle,98109,0,1904,110,110.0,316.9230769230769,110.0,1,0.5,0.875,416.0,7.353081920515432,7.467942332285852,1,train,Compact Entry-Level
585000.0,4.0,1.75,3000,42200,1.0,0,3,3,1500,1500,1950,,Renton,98056,0,1950,64,64.0,195.0,64.0,1,0.5,0.4375,521.7391304347826,8.006700845440367,10.650199196425806,2,train,Premium View Property
926300.0,3.0,1.5,1660,4800,2.0,0,0,3,1660,0,1907,,Seattle,98119,0,1907,107,107.0,558.0120481927711,107.0,0,0.0,0.5,368.8888888888889,7.415175109613295,8.476579508530941,1,train,Compact Entry-Level
600000.0,3.0,1.75,1650,5100,1.0,0,0,5,1040,610,1908,,Seattle,98115,0,1908,106,106.0,363.6363636363636,106.0,1,0.3696969696969697,0.5833333333333334,347.36842105263156,7.409136443920128,8.537191877922927,0,train,Established Family Home
430000.0,4.0,3.0,3220,8936,2.0,0,0,3,2450,770,1990,,Kent,98031,0,1990,24,24.0,133.54037267080744,24.0,1,0.2391304347826087,0.75,460.0,8.0774471493312,9.097955241381392,3,train,New-Build Suburban Family
307000.0,3.0,1.5,2320,7500,1.0,0,0,3,2320,0,1976,,Duvall,98019,0,1976,38,38.0,132.32758620689654,38.0,0,0.0,0.5,515.5555555555555,7.749753406274437,8.922791623969637,1,train,Compact Entry-Level
604700.0,4.0,2.75,2750,14982,1.0,0,3,3,1720,1030,1981,,Des Moines,98198,0,1981,33,33.0,219.8909090909091,33.0,1,0.37454545454545457,0.6875,407.4074074074074,7.919719760924575,9.614671504043145,2,train,Premium View Property
219900.0,3.0,1.0,910,6000,1.0,0,0,2,910,0,1956,,Seattle,98146,0,1956,58,58.0,241.64835164835165,58.0,0,0.0,0.3333333333333333,227.5,6.814542897259958,8.699681400989514,1,train,Compact Entry-Level
270000.0,2.0,1.5,840,867,2.0,0,0,3,840,0,2005,,Seattle,98115,0,2005,9,9.0,321.42857142857144,9.0,0,0.0,0.75,240.0,6.734591659972948,6.7661917146603505,1,train,Compact Entry-Level
432000.0,3.0,2.25,1470,1578,2.0,0,0,3,1090,380,2007,,Seattle,98136,0,2007,7,7.0,293.8775510204082,7.0,1,0.2585034013605442,0.75,280.0,7.293697720601438,7.364547014255642,3,train,New-Build Suburban Family
300000.0,6.0,2.0,2040,10812,1.0,0,0,4,2040,0,1943,,Renton,98056,0,1943,71,71.0,147.05882352941177,71.0,0,0.0,0.3333333333333333,255.0,7.621195162809845,9.288504392945537,0,test,Established Family Home
361000.0,3.0,1.0,1100,4046,1.5,0,4,4,1100,0,1922,,Des Moines,98198,0,1922,92,92.0,328.1818181818182,92.0,0,0.0,0.3333333333333333,275.0,7.00397413672268,8.305731144875866,2,test,Premium View Property
249950.0,2.0,1.0,940,8532,1.0,0,0,4,940,0,1959,,Burien,98166,0,1959,55,55.0,265.90425531914894,55.0,0,0.0,0.5,313.3333333333333,6.846943139585379,9.051696278536586,1,train,Compact Entry-Level
320000.0,3.0,2.0,1110,10500,1.0,0,0,5,1110,0,1978,,North Bend,98045,0,1978,36,36.0,288.2882882882883,36.0,0,0.0,0.6666666666666666,222.0,7.01301578963963,9.259225769705994,1,test,Compact Entry-Level
305000.0,4.0,1.75,2200,8100,1.5,0,0,5,1400,800,1942,,Seattle,98168,0,1942,72,72.0,138.63636363636363,72.0,1,0.36363636363636365,0.4375,382.60869565217394,7.696667081526462,8.999742789830492,0,test,Established Family Home
503000.0,2.0,1.75,2860,59612,1.0,1,4,3,1510,1350,1948,2003.0,Federal Way,98023,1,2003,66,11.0,175.87412587412587,11.0,1,0.47202797202797203,0.875,762.6666666666666,7.95892649305011,10.995628950073925,2,train,Premium View Property
235750.0,2.0,1.0,740,11250,1.0,0,0,2,740,0,1938,,Seattle,98146,0,1938,76,76.0,318.5810810810811,76.0,0,0.0,0.5,246.66666666666666,6.608000625296087,9.328212292571072,1,test,Compact Entry-Level
657000.0,4.0,1.75,2740,8520,1.0,0,2,3,1370,1370,1954,,Seattle,98118,0,1954,60,60.0,239.7810218978102,60.0,1,0.5,0.4375,476.5217391304348,7.916078096302786,9.050288983827956,2,train,Premium View Property
385000.0,3.0,1.0,1250,7300,1.0,0,0,4,1250,0,1956,,Bellevue,98008,0,1956,58,58.0,308.0,58.0,0,0.0,0.3333333333333333,312.5,7.1316985104669115,8.895766604056085,1,train,Compact Entry-Level
389950.0,4.0,2.5,3140,8060,2.0,0,0,3,3140,0,1991,,Federal Way,98023,0,1991,23,23.0,124.18789808917198,23.0,0,0.0,0.625,483.0769230769231,8.052296499538647,8.9947928972836,3,train,New-Build Suburban Family
150000.0,2.0,1.0,820,10270,1.0,0,0,3,820,0,1954,,Seattle,98168,0,1954,60,60.0,182.9268292682927,60.0,0,0.0,0.5,273.3333333333333,6.710523109452428,9.237079669165805,1,train,Compact Entry-Level
254500.0,4.0,2.75,2570,7264,2.0,0,0,3,1720,850,1998,,Auburn,98092,0,1998,16,16.0,99.0272373540856,16.0,1,0.33073929961089493,0.6875,380.74074074074076,7.852050207265889,8.890823576004383,3,train,New-Build Suburban Family
555000.0,4.0,2.25,2350,8140,1.0,0,0,4,1430,920,1977,,Bellevue,98006,0,1977,37,37.0,236.17021276595744,37.0,1,0.39148936170212767,0.5625,376.0,7.762596048540069,9.004668301573977,0,test,Established Family Home
1075000.0,4.0,3.0,3600,9200,1.0,0,4,4,2100,1500,1976,,Bellevue,98008,0,1976,38,38.0,298.6111111111111,38.0,1,0.4166666666666667,0.75,514.2857142857143,8.188966863648876,9.127067452782361,2,train,Premium View Property
245000.0,4.0,2.0,1580,8000,1.0,0,0,3,1040,540,1967,,Federal Way,98003,0,1967,47,47.0,155.0632911392405,47.0,1,0.34177215189873417,0.5,263.3333333333333,7.365812837209472,8.987321812850125,0,train,Established Family Home
319950.0,2.0,1.0,1070,5824,1.0,0,2,5,1070,0,1949,,Seattle,98178,0,1949,65,65.0,299.01869158878503,65.0,0,0.0,0.5,356.6666666666667,6.976348070447749,8.669914278433902,1,test,Compact Entry-Level
337000.0,3.0,1.0,1070,6109,1.0,0,0,5,1070,0,1951,,Seattle,98125,0,1951,63,63.0,314.95327102803736,63.0,0,0.0,0.3333333333333333,267.5,6.976348070447749,8.71768205216564,1,train,Compact Entry-Level
492000.0,4.0,2.0,1640,5000,2.0,0,0,3,1640,0,1907,1983.0,Seattle,98107,1,1983,107,31.0,300.0,31.0,0,0.0,0.5,273.3333333333333,7.403061091090091,8.517393171418904,1,train,Compact Entry-Level
1170000.0,3.0,2.75,2890,12130,2.0,0,3,4,2830,60,1987,,Kirkland,98033,0,1987,27,27.0,404.8442906574394,27.0,1,0.020761245674740483,0.9166666666666666,502.60869565217394,7.969357742016346,9.40351943877092,2,test,Premium View Property
348580.0,3.0,1.0,1220,7876,1.0,0,0,3,1220,0,1966,,Kirkland,98034,0,1966,48,48.0,285.72131147540983,48.0,0,0.0,0.3333333333333333,305.0,7.107425474110705,8.971702399703325,1,train,Compact Entry-Level
180000.0,2.0,1.0,1400,4500,1.0,0,0,3,900,500,1922,,Renton,98057,0,1922,92,92.0,128.57142857142858,92.0,1,0.35714285714285715,0.5,466.6666666666667,7.244941546337007,8.412054873292933,1,test,Compact Entry-Level
400000.0,3.0,1.0,1040,6250,1.0,0,0,3,1040,0,1942,,Seattle,98136,0,1942,72,72.0,384.61538461538464,72.0,0,0.0,0.3333333333333333,260.0,6.947937068614969,8.740496729931813,1,train,Compact Entry-Level
295000.0,4.0,2.0,980,10640,1.0,0,0,5,980,0,1978,,North Bend,98045,0,1978,36,36.0,301.0204081632653,36.0,0,0.0,0.5,163.33333333333334,6.8885724595653635,9.272469743441732,1,test,Compact Entry-Level
910000.0,4.0,3.25,3340,10890,1.5,0,0,3,2240,1100,1963,2000.0,Redmond,98052,1,2000,51,14.0,272.45508982035926,14.0,1,0.32934131736526945,0.8125,460.6896551724138,8.114025442356757,9.295692039075686,0,train,Established Family Home
1150000.0,6.0,4.5,6040,219542,2.0,0,0,3,4100,1940,1996,,Issaquah,98029,0,1996,18,18.0,190.39735099337747,18.0,1,0.3211920529801324,0.75,575.2380952380952,8.706324840138741,12.299303392083718,3,train,New-Build Suburban Family
431500.0,3.0,3.5,1900,1612,2.0,0,0,3,1430,470,2008,,Seattle,98136,0,2008,6,6.0,227.10526315789477,6.0,1,0.24736842105263157,1.1666666666666667,292.3076923076923,7.550135342488429,7.385851078125209,3,test,New-Build Suburban Family
180000.0,4.0,1.5,1740,7292,1.0,0,0,3,1020,720,1962,,SeaTac,98168,0,1962,52,52.0,103.44827586206895,52.0,1,0.41379310344827586,0.375,316.3636363636364,7.462214939768189,8.894670262984233,0,train,Established Family Home
677000.0,3.0,2.0,2000,3207,1.0,0,0,4,1100,900,1916,,Seattle,98103,0,1916,98,98.0,338.5,98.0,1,0.45,0.6666666666666666,400.0,7.601402334583733,8.073402968986406,0,train,Established Family Home
1180500.0,3.0,1.75,1610,7200,1.0,0,0,3,1090,520,1973,,Seattle,98112,0,1973,41,41.0,733.2298136645962,41.0,1,0.32298136645962733,0.5833333333333334,338.94736842105266,7.384610383176974,8.881975184248867,0,train,Established Family Home
635700.0,4.0,2.5,3240,13978,1.0,0,0,3,1860,1380,1977,,Sammamish,98074,0,1977,37,37.0,196.2037037037037,37.0,1,0.42592592592592593,0.625,498.46153846153845,8.083637203141548,9.545311482471128,0,train,Established Family Home
482000.0,5.0,2.25,2230,9600,1.0,0,0,3,1320,910,1978,,Woodinville,98077,0,1978,36,36.0,216.14349775784757,36.0,1,0.4080717488789238,0.45,307.58620689655174,7.7102051944325325,9.169622538697624,0,train,Established Family Home
168000.0,2.0,2.5,1160,2174,2.0,0,0,3,1160,0,1998,,Seattle,98106,0,1998,16,16.0,144.82758620689654,16.0,0,0.0,1.25,257.77777777777777,7.057036981697891,7.684783943522785,3,test,New-Build Suburban Family
805000.0,4.0,2.75,2410,6000,1.0,0,0,5,1410,1000,1950,,Seattle,98107,0,1950,64,64.0,334.0248962655602,64.0,1,0.4149377593360996,0.6875,357.037037037037,7.787796878181171,8.699681400989514,0,train,Established Family Home
398000.0,2.0,1.0,590,10945,1.5,0,0,3,590,0,1983,,Black Diamond,98010,0,1983,31,31.0,674.5762711864406,31.0,0,0.0,0.5,196.66666666666666,6.3818160174060985,9.300729371703863,1,train,Compact Entry-Level
665000.0,4.0,2.5,2600,17388,2.0,0,0,3,2600,0,1996,,Newcastle,98059,0,1996,18,18.0,255.7692307692308,18.0,0,0.0,0.625,400.0,7.8636512654486515,9.76359310138207,3,test,New-Build Suburban Family
592500.0,4.0,3.0,2170,8240,1.0,0,0,4,1370,800,1968,,Redmond,98052,0,1968,46,46.0,273.0414746543779,46.0,1,0.3686635944700461,0.75,310.0,7.682943169878292,9.016876974763383,0,train,Established Family Home
940000.0,4.0,2.75,2080,4000,1.5,0,0,3,2080,0,1912,2000.0,Seattle,98107,1,2000,102,14.0,451.9230769230769,14.0,0,0.0,0.6875,308.14814814814815,7.640603826393634,8.294299608857235,0,train,Established Family Home
655000.0,4.0,2.5,2860,12394,2.0,0,0,3,2860,0,1999,,Sammamish,98075,0,1999,15,15.0,229.020979020979,15.0,0,0.0,0.625,440.0,7.95892649305011,9.42504844446929,3,train,New-Build Suburban Family
622500.0,4.0,2.5,2980,8107,2.0,0,0,3,2980,0,2000,,Snoqualmie,98065,0,2000,14,14.0,208.89261744966444,14.0,0,0.0,0.625,458.46153846153845,8.000014093678072,9.000606507571892,3,train,New-Build Suburban Family
380000.0,2.0,2.5,1230,987,2.0,0,0,3,1060,170,2011,,Seattle,98144,0,2011,3,3.0,308.9430894308943,3.0,1,0.13821138211382114,1.25,273.3333333333333,7.115582126184454,6.895682697747868,3,train,New-Build Suburban Family
648360.0,4.0,1.75,2260,7005,1.0,0,1,4,1130,1130,1947,,Kirkland,98033,0,1947,67,67.0,286.8849557522124,67.0,1,0.5,0.4375,393.04347826086956,7.72356247227797,8.854522203757432,0,train,Established Family Home
432000.0,3.0,2.75,2200,14925,1.0,0,0,3,1100,1100,1982,,Redmond,98053,0,1982,32,32.0,196.3636363636364,32.0,1,0.5,0.9166666666666666,382.60869565217394,7.696667081526462,9.610859937691332,0,train,Established Family Home
1050000.0,4.0,2.5,3030,12590,1.5,0,0,4,3030,0,1988,,Bellevue,98004,0,1988,26,26.0,346.53465346534654,26.0,0,0.0,0.625,466.15384615384613,8.016647877057803,9.4407375520017,3,test,New-Build Suburban Family
353250.0,2.0,1.0,1060,1600,2.0,0,0,3,1060,0,1979,,Seattle,98144,0,1979,35,35.0,333.25471698113205,35.0,0,0.0,0.5,353.3333333333333,6.966967138613983,7.3783837129967145,1,train,Compact Entry-Level
1000000.0,4.0,3.0,4260,18687,2.0,0,0,3,4260,0,1996,,Sammamish,98075,0,1996,18,18.0,234.7417840375587,18.0,0,0.0,0.75,608.5714285714286,8.357259153499912,9.835636885627954,3,train,New-Build Suburban Family
320000.0,3.0,2.25,998,844,2.0,0,0,3,798,200,2007,,Seattle,98117,0,2007,7,7.0,320.64128256513027,7.0,1,0.20040080160320642,0.75,190.0952380952381,6.906754778648554,6.739336627357174,3,train,New-Build Suburban Family
349900.0,4.0,2.5,2052,3723,2.0,0,0,3,2052,0,2014,,Federal Way,98003,0,2014,0,0.0,170.5165692007797,0.0,0,0.0,0.625,315.6923076923077,7.627057417018934,8.222553638396958,3,test,New-Build Suburban Family
330000.0,4.0,3.5,3150,6202,2.0,0,0,3,3150,0,2005,,Kent,98042,0,2005,9,9.0,104.76190476190476,9.0,0,0.0,0.875,420.0,8.055475141757274,8.732788324973118,3,train,New-Build Suburban Family
408000.0,3.0,2.25,1950,7221,1.0,0,0,4,1950,0,2006,,SeaTac,98188,0,2006,8,8.0,209.23076923076923,8.0,0,0.0,0.75,371.42857142857144,7.576097340623111,8.884887201837403,1,train,Compact Entry-Level
321000.0,3.0,2.25,1347,1292,3.0,0,0,3,1347,0,2010,,Seattle,98125,0,2010,4,4.0,238.30734966592428,4.0,0,0.0,0.75,256.57142857142856,7.206377291472252,7.164720378771857,3,test,New-Build Suburban Family
1051000.0,4.0,3.75,3860,5474,2.5,0,0,3,3860,0,2007,,Issaquah,98029,0,2007,7,7.0,272.279792746114,7.0,0,0.0,0.9375,498.06451612903226,8.258681496264236,8.607947554684701,3,train,New-Build Suburban Family
2150000.0,4.0,5.5,5060,10320,2.0,0,0,3,5060,0,2008,,Bellevue,98004,0,2008,6,6.0,424.901185770751,6.0,0,0.0,1.375,532.6315789473684,8.529319371214077,9.241935933565934,3,train,New-Build Suburban Family
359000.0,3.0,1.5,1360,885,3.0,0,0,3,1360,0,2008,,Seattle,98103,0,2008,6,6.0,263.97058823529414,6.0,0,0.0,0.5,302.22222222222223,7.215975002651466,6.786716950605081,3,train,New-Build Suburban Family
300000.0,5.0,2.5,2760,6000,2.0,0,0,3,2760,0,2006,,Seattle,98108,0,2006,8,8.0,108.69565217391305,8.0,0,0.0,0.5,368.0,7.923348211930154,8.699681400989514,3,train,New-Build Suburban Family
380000.0,5.0,3.5,2420,4670,2.0,0,0,3,2420,0,2013,,Seattle,98118,0,2013,1,1.0,157.02479338842974,1.0,0,0.0,0.7,284.70588235294116,7.791935956938058,8.449128460502108,3,train,New-Build Suburban Family
660000.0,3.0,2.5,2450,4332,2.0,0,0,3,2450,0,2010,,Redmond,98053,0,2010,4,4.0,269.38775510204084,4.0,0,0.0,0.8333333333333334,445.45454545454544,7.804251383528112,8.374015421739909,3,test,New-Build Suburban Family
355000.0,3.0,2.25,1280,959,3.0,0,0,3,1280,0,2005,,Seattle,98103,0,2005,9,9.0,277.34375,9.0,0,0.0,0.75,243.8095238095238,7.155396301896734,6.866933284461882,3,train,New-Build Suburban Family
259000.0,3.0,2.5,1550,3569,2.0,0,0,3,1550,0,2011,,Auburn,98002,0,2011,3,3.0,167.09677419354838,3.0,0,0.0,0.8333333333333334,281.8181818181818,7.346655163176539,8.180320874773685,3,train,New-Build Suburban Family
353000.0,1.0,1.0,550,1279,2.0,0,0,3,550,0,2008,,Seattle,98122,0,2008,6,6.0,641.8181818181819,6.0,0,0.0,1.0,275.0,6.311734809152915,7.154615356913663,1,test,Compact Entry-Level
430000.0,2.0,2.5,1520,1588,2.0,0,0,3,1240,280,2007,,Seattle,98144,0,2007,7,7.0,282.89473684210526,7.0,1,0.18421052631578946,1.25,337.77777777777777,7.327123292259293,7.370860166536716,3,train,New-Build Suburban Family
460000.0,3.0,1.0,1670,4005,1.5,0,0,4,1170,500,1939,,Seattle,98117,0,1939,75,75.0,275.4491017964072,75.0,1,0.2994011976047904,0.3333333333333333,417.5,7.421177528595393,8.295548516225763,0,train,Established Family Home
80000.0,1.0,0.75,430,5050,1.0,0,0,2,430,0,1912,,Carnation,98014,0,1912,102,102.0,186.04651162790697,102.0,0,0.0,0.75,245.71428571428572,6.066108090103747,8.527341522468053,1,train,Compact Entry-Level
782000.0,4.0,2.5,2380,9614,2.0,0,0,4,2380,0,1991,,Bellevue,98006,0,1991,23,23.0,328.57142857142856,23.0,0,0.0,0.625,366.15384615384613,7.7752758464868625,9.17107965802288,3,test,New-Build Suburban Family
218000.0,3.0,1.0,960,9633,1.0,0,0,5,960,0,1982,,Enumclaw,98022,0,1982,32,32.0,227.08333333333331,32.0,0,0.0,0.3333333333333333,240.0,6.8679744089702925,9.173053787190167,1,test,Compact Entry-Level
325000.0,3.0,1.0,1920,6862,1.0,0,2,3,1120,800,1952,,Seattle,98118,0,1952,62,62.0,169.27083333333334,62.0,1,0.4166666666666667,0.3333333333333333,480.0,7.560601162768557,8.833899942908635,2,test,Premium View Property
980000.0,4.0,3.0,3680,5854,1.0,0,3,3,2060,1620,1967,,Seattle,98199,0,1967,47,47.0,266.30434782608694,47.0,1,0.44021739130434784,0.75,525.7142857142857,8.210939733379021,8.675051276031818,2,train,Premium View Property
902000.0,4.0,2.25,2530,9200,1.0,0,0,5,1570,960,1976,,Bellevue,98006,0,1976,38,38.0,356.5217391304348,38.0,1,0.3794466403162055,0.5625,404.8,7.836369760545124,9.127067452782361,0,train,Established Family Home
556000.0,5.0,2.5,3840,16905,2.0,0,0,3,3840,0,1991,,Federal Way,98023,0,1991,23,23.0,144.79166666666666,23.0,0,0.0,0.5,512.0,8.253488028345904,9.735423867488873,3,train,New-Build Suburban Family
662990.0,3.0,1.75,1240,3600,1.5,0,0,5,1240,0,1926,,Seattle,98116,0,1926,88,88.0,534.6693548387096,88.0,0,0.0,0.5833333333333334,261.05263157894734,7.123672785204607,8.188966863648876,1,train,Compact Entry-Level
225000.0,2.0,1.0,1300,11867,1.5,0,0,4,1300,0,1975,,Ravensdale,98051,0,1975,39,39.0,173.07692307692307,39.0,0,0.0,0.5,433.3333333333333,7.170888478512505,9.381600981410713,1,train,Compact Entry-Level
439950.0,4.0,2.5,2380,12067,2.0,0,0,3,2380,0,2002,,Renton,98059,0,2002,12,12.0,184.85294117647055,12.0,0,0.0,0.625,366.15384615384613,7.7752758464868625,9.398312600278953,3,test,New-Build Suburban Family
175000.0,2.0,1.0,1300,44431,1.0,0,0,5,1300,0,1958,,Auburn,98001,0,1958,56,56.0,134.6153846153846,56.0,0,0.0,0.5,433.3333333333333,7.170888478512505,10.701715209546581,1,train,Compact Entry-Level
306000.0,2.0,1.0,780,13500,1.0,0,0,4,780,0,1946,1989.0,Woodinville,98077,1,1989,68,25.0,392.3076923076923,25.0,0,0.0,0.5,260.0,6.660575149839686,9.510519035757246,1,train,Compact Entry-Level
235000.0,4.0,2.5,1810,39639,1.0,0,0,3,1230,580,1970,,Kent,98042,0,1970,44,44.0,129.8342541436464,44.0,1,0.32044198895027626,0.625,278.46153846153845,7.501634457883413,10.587593988443924,0,test,Established Family Home
399500.0,3.0,1.75,2420,12676,2.0,0,0,3,2420,0,1911,1986.0,North Bend,98045,1,1986,103,28.0,165.08264462809916,28.0,0,0.0,0.5833333333333334,509.4736842105263,7.791935956938058,9.447544606938727,1,train,Compact Entry-Level
478000.0,3.0,1.0,1280,2580,1.5,0,0,3,1280,0,1910,2014.0,Seattle,98115,1,2014,104,0.0,373.4375,0.0,0,0.0,0.3333333333333333,320.0,7.155396301896734,7.855932199718614,1,train,Compact Entry-Level
515000.0,2.0,1.0,1680,6500,1.0,0,0,4,1140,540,1941,,Seattle,98136,0,1941,73,73.0,306.54761904761904,73.0,1,0.32142857142857145,0.5,560.0,7.427144133408616,8.77971129020447,1,train,Compact Entry-Level
550000.0,3.0,2.5,2510,5400,2.0,0,0,3,2510,0,1992,,Renton,98056,0,1992,22,22.0,219.12350597609563,22.0,0,0.0,0.8333333333333334,456.3636363636364,7.828436359157585,8.594339400592892,3,test,New-Build Suburban Family
149000.0,3.0,1.0,1700,8645,1.0,0,0,3,1700,0,1955,,Seattle,98146,0,1955,59,59.0,87.6470588235294,59.0,0,0.0,0.3333333333333333,425.0,7.438971592395862,9.064852065227576,1,train,Compact Entry-Level
526000.0,3.0,1.75,1680,3420,1.0,0,0,3,960,720,1992,,Seattle,98115,0,1992,22,22.0,313.0952380952381,22.0,1,0.42857142857142855,0.5833333333333334,353.6842105263158,7.427144133408616,8.137688184977605,0,test,Established Family Home
527550.0,1.0,0.75,820,59677,1.0,0,0,3,820,0,1999,,Snoqualmie,98065,0,1999,15,15.0,643.3536585365854,15.0,0,0.0,0.75,468.57142857142856,6.710523109452428,10.996718722251758,1,train,Compact Entry-Level
1050000.0,3.0,4.0,4380,42769,2.0,0,0,5,4380,0,1983,,Redmond,98052,0,1983,31,31.0,239.72602739726028,31.0,0,0.0,1.3333333333333333,625.7142857142857,8.385032287813898,10.663592201220954,3,train,New-Build Suburban Family
625000.0,3.0,2.5,2600,10092,1.0,0,0,3,2600,0,1984,,Sammamish,98074,0,1984,30,30.0,240.3846153846154,30.0,0,0.0,0.8333333333333334,472.72727272727275,7.8636512654486515,9.219597393238859,3,train,New-Build Suburban Family
950000.0,5.0,3.25,3400,7452,2.0,0,0,3,3400,0,1999,,Bellevue,98007,0,1999,15,15.0,279.4117647058824,15.0,0,0.0,0.65,412.1212121212121,8.131824785007195,8.916371914881694,3,train,New-Build Suburban Family
377691.0,5.0,1.75,2120,8399,1.0,0,0,4,1320,800,1942,,Shoreline,98133,0,1942,72,72.0,178.1561320754717,72.0,1,0.37735849056603776,0.35,314.0740740740741,7.659642954564682,9.035986984831405,0,test,Established Family Home
648475.0,4.0,2.75,2250,5700,1.0,0,0,3,1200,1050,1951,,Seattle,98109,0,1951,63,63.0,288.2111111111111,63.0,1,0.4666666666666667,0.6875,333.3333333333333,7.719129840906732,8.648396877031582,0,train,Established Family Home
383000.0,3.0,1.0,1800,5612,1.0,0,0,4,1200,600,1942,,Seattle,98126,0,1942,72,72.0,212.77777777777777,72.0,1,0.3333333333333333,0.3333333333333333,450.0,7.496097345175956,8.6328406149422,0,train,Established Family Home
535000.0,3.0,2.5,2210,7620,2.0,0,0,3,2210,0,1994,,Redmond,98052,0,1994,20,20.0,242.0814479638009,20.0,0,0.0,0.8333333333333334,401.8181818181818,7.701200180857446,8.938662873666118,3,train,New-Build Suburban Family
449950.0,3.0,2.0,1560,4080,2.0,0,0,3,1560,0,1923,1982.0,Seattle,98115,1,1982,91,32.0,288.4294871794872,32.0,0,0.0,0.6666666666666666,312.0,7.353081920515432,8.314097335405807,1,train,Compact Entry-Level
465425.0,4.0,2.75,2430,20720,1.0,0,0,3,2430,0,1967,,Woodinville,98072,0,1967,47,47.0,191.5329218106996,47.0,0,0.0,0.6875,360.0,7.796057974316123,9.938902957757083,0,train,Established Family Home
675000.0,4.0,2.5,2560,36601,2.0,0,0,4,2560,0,1987,,Sammamish,98075,0,1987,27,27.0,263.671875,27.0,0,0.0,0.625,393.84615384615387,7.848153086199526,10.507858162705228,3,train,New-Build Suburban Family
599000.0,3.0,2.75,1960,2500,1.5,0,0,5,1410,550,1926,,Seattle,98103,0,1926,88,88.0,305.6122448979592,88.0,1,0.28061224489795916,0.9166666666666666,340.8695652173913,7.581209826196346,7.824445930877619,0,train,Established Family Home
416000.0,3.0,1.5,1110,9762,1.0,0,0,4,1110,0,1963,,Redmond,98052,0,1963,51,51.0,374.7747747747748,51.0,0,0.0,0.5,246.66666666666666,7.01301578963963,9.186355009225672,1,train,Compact Entry-Level
595000.0,2.0,1.5,1030,4500,1.0,0,0,3,830,200,1924,,Seattle,98109,0,1924,90,90.0,577.6699029126214,90.0,1,0.1941747572815534,0.75,294.2857142857143,6.93828448401696,8.412054873292933,1,train,Compact Entry-Level
200000.0,4.0,1.0,1350,11507,1.0,0,0,3,1350,0,1966,,Renton,98055,0,1966,48,48.0,148.14814814814815,48.0,0,0.0,0.25,270.0,7.208600337960199,9.35079772467144,1,train,Compact Entry-Level
402000.0,3.0,2.0,1540,1827,2.0,0,0,3,1540,0,2005,,Issaquah,98029,0,2005,9,9.0,261.038961038961,9.0,0,0.0,0.6666666666666666,308.0,7.340186835320115,7.510977752014095,3,test,New-Build Suburban Family
433000.0,4.0,1.75,1830,9600,1.0,0,0,4,1010,820,1966,,Bellevue,98006,0,1966,48,48.0,236.6120218579235,48.0,1,0.44808743169398907,0.4375,318.2608695652174,7.5126175446745105,9.169622538697624,0,train,Established Family Home
275000.0,4.0,1.5,1930,15531,2.0,0,0,3,1930,0,1979,,Federal Way,98003,0,1979,35,35.0,142.48704663212436,35.0,0,0.0,0.375,350.90909090909093,7.565793282428515,9.650657690851558,3,test,New-Build Suburban Family
410000.0,3.0,2.0,1650,9641,1.5,0,0,3,1650,0,1983,,Kirkland,98034,0,1983,31,31.0,248.4848484848485,31.0,0,0.0,0.6666666666666666,330.0,7.409136443920128,9.173883834965567,3,train,New-Build Suburban Family
554820.0,4.0,2.0,3510,12905,1.0,0,2,3,2210,1300,1965,1982.0,Burien,98166,1,1982,49,32.0,158.06837606837607,32.0,1,0.37037037037037035,0.5,585.0,8.163656176168432,9.465447598495786,2,train,Premium View Property
1325000.0,4.0,3.0,3370,7920,1.0,0,3,3,1860,1510,1988,,Seattle,98117,0,1988,26,26.0,393.1750741839763,26.0,1,0.44807121661721067,0.75,481.42857142857144,8.12296471523406,8.97727273946428,2,test,Premium View Property
735000.0,3.0,2.5,2390,9157,2.0,0,0,3,2390,0,1984,,Redmond,98052,0,1984,30,30.0,307.5313807531381,30.0,0,0.0,0.8333333333333334,434.54545454545456,7.779466967458324,9.12238309321704,3,train,New-Build Suburban Family
607000.0,3.0,1.0,1230,8114,1.0,0,0,4,1230,0,1951,,Bellevue,98004,0,1951,63,63.0,493.4959349593496,63.0,0,0.0,0.3333333333333333,307.5,7.115582126184454,9.00146947994869,1,test,Compact Entry-Level
549900.0,4.0,3.0,2830,213879,2.0,0,0,4,2830,0,1987,,Auburn,98092,0,1987,27,27.0,194.31095406360424,27.0,0,0.0,0.75,404.2857142857143,7.9483852851118995,12.273170389062669,3,test,New-Build Suburban Family
258000.0,3.0,1.75,1620,7540,1.0,0,0,3,1310,310,1988,,Maple Valley,98038,0,1988,26,26.0,159.25925925925927,26.0,1,0.19135802469135801,0.5833333333333334,341.05263157894734,7.390798521735676,8.928110078202646,0,train,Established Family Home
661254.0,4.0,4.0,2290,6250,1.5,0,0,5,1690,600,1940,,Seattle,98116,0,1940,74,74.0,288.7572052401747,74.0,1,0.26200873362445415,1.0,286.25,7.736743682453495,8.740496729931813,0,test,Established Family Home
945000.0,4.0,2.0,2840,13367,1.0,0,0,3,1420,1420,1952,,Clyde Hill,98004,0,1952,62,62.0,332.7464788732394,62.0,1,0.5,0.5,473.3333333333333,7.951911381854188,9.50061907027523,0,test,Established Family Home
799950.0,4.0,3.5,4220,196817,2.0,0,0,3,4220,0,1993,,Auburn,98092,0,1993,21,21.0,189.5616113744076,21.0,0,0.0,0.875,562.6666666666666,8.347827345782498,12.1900347228324,3,train,New-Build Suburban Family
132500.0,3.0,1.0,1080,10500,1.0,0,0,3,1080,0,1967,,Auburn,98001,0,1967,47,47.0,122.6851851851852,47.0,0,0.0,0.3333333333333333,270.0,6.985641817639208,9.259225769705994,1,train,Compact Entry-Level
467100.0,3.0,1.75,1620,8645,1.0,0,0,3,1190,430,1973,,Redmond,98052,0,1973,41,41.0,288.3333333333333,41.0,1,0.2654320987654321,0.5833333333333334,341.05263157894734,7.390798521735676,9.064852065227576,0,train,Established Family Home
1610000.0,4.0,3.5,4390,11600,2.0,0,3,3,3060,1330,1990,,Mercer Island,98040,0,1990,24,24.0,366.742596810934,24.0,1,0.30296127562642367,0.875,585.3333333333334,8.387312270561717,9.358846580275406,2,train,Premium View Property
641000.0,3.0,1.75,1620,3975,1.0,0,0,5,940,680,1926,,Seattle,98117,0,1926,88,88.0,395.679012345679,88.0,1,0.41975308641975306,0.5833333333333334,341.05263157894734,7.390798521735676,8.288031567776464,0,train,Established Family Home
350000.0,3.0,1.0,1010,11244,1.0,0,0,4,1010,0,1947,,Shoreline,98155,0,1947,67,67.0,346.53465346534654,67.0,0,0.0,0.3333333333333333,252.5,6.918695219020472,9.327678864393416,1,test,Compact Entry-Level
335000.0,4.0,2.5,1750,8476,1.0,0,0,4,1240,510,1983,,Renton,98058,0,1983,31,31.0,191.42857142857144,31.0,1,0.2914285714285714,0.625,269.2307692307692,7.467942332285852,9.045111892608405,0,train,Established Family Home
900000.0,3.0,3.5,4080,217697,1.5,0,3,3,4080,0,2000,,Auburn,98092,0,2000,14,14.0,220.58823529411765,14.0,0,0.0,1.1666666666666667,627.6923076923077,8.314097335405807,12.290864060225914,2,test,Premium View Property
440000.0,4.0,2.5,2560,10400,1.0,0,0,4,1280,1280,1965,,Issaquah,98027,0,1965,49,49.0,171.875,49.0,1,0.5,0.625,393.84615384615387,7.848153086199526,9.249657234353133,0,train,Established Family Home
464600.0,3.0,1.75,1120,5500,1.5,0,0,4,1120,0,1925,,Seattle,98136,0,1925,89,89.0,414.82142857142856,89.0,0,0.0,0.5833333333333334,235.78947368421052,7.02197642307216,8.612685172875459,1,train,Compact Entry-Level
1200000.0,4.0,3.5,4740,172497,2.0,0,0,3,4740,0,2003,,Redmond,98053,0,2003,11,11.0,253.16455696202533,11.0,0,0.0,0.875,632.0,8.464003362902119,12.05814092118344,3,train,New-Build Suburban Family
300000.0,2.0,1.0,1340,7788,1.0,0,2,3,1340,0,1947,,Seattle,98178,0,1947,67,67.0,223.88059701492537,67.0,0,0.0,0.5,446.6666666666667,7.201170883281678,8.960467760919949,1,train,Compact Entry-Level
670500.0,4.0,2.0,1590,6750,1.0,0,0,3,1590,0,1951,,Seattle,98102,0,1951,63,63.0,421.6981132075472,63.0,0,0.0,0.5,265.0,7.372118028337787,8.81744592104187,1,train,Compact Entry-Level
552000.0,3.0,1.0,1430,5000,1.0,0,0,4,1080,350,1919,,Seattle,98115,0,1919,95,95.0,386.013986013986,95.0,1,0.24475524475524477,0.3333333333333333,357.5,7.266128779556451,8.517393171418904,1,test,Compact Entry-Level
244000.0,4.0,1.0,1450,8960,1.0,0,0,3,1450,0,1943,,Seattle,98146,0,1943,71,71.0,168.27586206896552,71.0,0,0.0,0.25,290.0,7.280008252884188,9.10063710688422,1,train,Compact Entry-Level
788600.0,4.0,2.75,3500,7200,2.0,0,0,3,3500,0,2005,,Redmond,98053,0,2005,9,9.0,225.3142857142857,9.0,0,0.0,0.6875,518.5185185185185,8.160803920954665,8.881975184248867,3,train,New-Build Suburban Family
445000.0,3.0,2.0,1630,8702,1.0,0,0,3,1630,0,1987,,Renton,98056,0,1987,27,27.0,273.0061349693252,27.0,0,0.0,0.6666666666666666,326.0,7.396948602621014,9.071423072789514,1,test,Compact Entry-Level
530000.0,4.0,1.75,1814,5000,1.0,0,0,4,944,870,1951,,Seattle,98115,0,1951,63,63.0,292.1719955898567,63.0,1,0.4796030871003308,0.4375,315.4782608695652,7.503840746698951,8.517393171418904,0,train,Established Family Home
90000.0,2.0,1.0,580,7500,1.0,0,0,3,580,0,1943,,Seattle,98178,0,1943,71,71.0,155.17241379310346,71.0,0,0.0,0.5,193.33333333333334,6.364750756851911,8.922791623969637,1,train,Compact Entry-Level
585000.0,3.0,2.0,1670,4572,1.5,0,0,3,1670,0,1931,,Seattle,98117,0,1931,83,83.0,350.2994011976048,83.0,0,0.0,0.6666666666666666,334.0,7.421177528595393,8.427924723658055,1,train,Compact Entry-Level
498000.0,2.0,2.0,1140,8282,1.0,0,0,3,1140,0,1924,2009.0,Kirkland,98033,1,2009,90,5.0,436.8421052631579,5.0,0,0.0,1.0,285.0,7.039660349862076,9.021960500598263,1,train,Compact Entry-Level
379000.0,2.0,1.0,800,6380,1.0,0,2,3,800,0,1940,,Seattle,98115,0,1940,74,74.0,473.75,74.0,0,0.0,0.5,266.6666666666667,6.68586094706836,8.761080103868347,1,train,Compact Entry-Level
462000.0,3.0,1.75,1300,2580,1.0,0,0,5,820,480,1919,,Seattle,98115,0,1919,95,95.0,355.38461538461536,95.0,1,0.36923076923076925,0.5833333333333334,273.6842105263158,7.170888478512505,7.855932199718614,0,train,Established Family Home
388000.0,4.0,2.5,2440,7155,2.0,0,0,3,2440,0,1993,,Renton,98058,0,1993,21,21.0,159.01639344262296,21.0,0,0.0,0.625,375.38461538461536,7.80016307039296,8.87570644462861,3,test,New-Build Suburban Family
255000.0,3.0,2.0,1490,8371,1.5,0,0,3,1490,0,1984,,Kent,98031,0,1984,30,30.0,171.14093959731542,30.0,0,0.0,0.6666666666666666,298.0,7.307202314764738,9.03264808356589,1,test,Compact Entry-Level
665000.0,3.0,2.75,1800,9550,1.0,0,0,4,1320,480,1966,,Bellevue,98006,0,1966,48,48.0,369.44444444444446,48.0,1,0.26666666666666666,0.9166666666666666,313.04347826086956,7.496097345175956,9.164401140034737,0,train,Established Family Home
550000.0,3.0,2.0,1830,9152,1.0,0,0,5,1830,0,1959,,Bellevue,98006,0,1959,55,55.0,300.5464480874317,55.0,0,0.0,0.6666666666666666,366.0,7.5126175446745105,9.121836973384779,1,train,Compact Entry-Level
606000.0,3.0,1.0,1500,3920,1.0,0,0,3,1000,500,1947,,Seattle,98107,0,1947,67,67.0,404.0,67.0,1,0.3333333333333333,0.3333333333333333,375.0,7.313886831633462,8.27410200229233,1,test,Compact Entry-Level
334000.0,4.0,2.5,2210,6080,1.0,0,2,4,1410,800,1965,,Seattle,98178,0,1965,49,49.0,151.13122171945702,49.0,1,0.36199095022624433,0.625,340.0,7.701200180857446,8.71292443512011,2,train,Premium View Property
360000.0,3.0,2.0,1270,1323,3.0,0,0,3,1270,0,2006,,Seattle,98103,0,2006,8,8.0,283.46456692913387,8.0,0,0.0,0.6666666666666666,254.0,7.147559271189454,7.188412736496954,3,train,New-Build Suburban Family
235000.0,2.0,1.0,1140,1730,1.5,0,0,3,1010,130,2007,,Seattle,98126,0,2007,7,7.0,206.140350877193,7.0,1,0.11403508771929824,0.5,380.0,7.039660349862076,7.456454555176209,1,test,Compact Entry-Level
580000.0,3.0,2.5,1620,1173,3.0,0,4,3,1470,150,2008,,Seattle,98103,0,2008,6,6.0,358.0246913580247,6.0,1,0.09259259259259259,0.8333333333333334,294.54545454545456,7.390798521735676,7.068172000388042,2,train,Premium View Property
355000.0,3.0,2.0,1220,1186,3.0,0,0,3,1220,0,2007,,Seattle,98103,0,2007,7,7.0,290.9836065573771,7.0,0,0.0,0.6666666666666666,244.0,7.107425474110705,7.079184394609668,3,train,New-Build Suburban Family
375000.0,2.0,2.5,750,1430,2.0,0,0,3,750,0,2006,,Seattle,98122,0,2006,8,8.0,500.0,8.0,0,0.0,1.25,166.66666666666666,6.621405651764134,7.266128779556451,3,train,New-Build Suburban Family
372000.0,4.0,1.75,1960,9300,1.0,0,0,5,1340,620,1979,,North Bend,98045,0,1979,35,35.0,189.79591836734693,35.0,1,0.3163265306122449,0.4375,340.8695652173913,7.581209826196346,9.137877200242468,0,train,Established Family Home
479000.0,3.0,1.0,1370,3000,1.5,0,0,3,1370,0,1924,,Seattle,98103,0,1924,90,90.0,349.6350364963504,90.0,0,0.0,0.3333333333333333,342.5,7.223295679562314,8.006700845440367,1,train,Compact Entry-Level
2000000.0,5.0,4.0,4580,4443,3.0,1,4,3,4580,0,2004,,Sammamish,98075,0,2004,10,10.0,436.6812227074236,10.0,0,0.0,0.8,508.8888888888889,8.429672593886743,8.39931015075952,2,train,Premium View Property
1680000.0,4.0,4.25,5584,68257,2.0,0,0,3,5584,0,1998,,Carnation,98014,0,1998,16,16.0,300.8595988538682,16.0,0,0.0,1.0625,676.8484848484849,8.6278397115033,11.13104992229515,3,train,New-Build Suburban Family
501000.0,2.0,1.0,1010,4320,1.0,0,0,5,1010,0,1924,,Seattle,98115,0,1924,90,90.0,496.0396039603961,90.0,0,0.0,0.5,336.6666666666667,6.918695219020472,8.371242135931933,1,train,Compact Entry-Level
245000.0,3.0,1.75,1260,6908,1.0,0,0,3,1260,0,1994,,Maple Valley,98038,0,1994,20,20.0,194.44444444444449,20.0,0,0.0,0.5833333333333334,265.2631578947368,7.13966033596492,8.840580188488795,1,train,Compact Entry-Level
496700.0,3.0,2.5,1740,5782,2.0,0,0,4,1740,0,1989,,Issaquah,98029,0,1989,25,25.0,285.4597701149425,25.0,0,0.0,0.8333333333333334,316.3636363636364,7.462214939768189,8.662677858158219,3,train,New-Build Suburban Family
347000.0,4.0,1.5,2670,10026,2.0,0,0,3,2670,0,1996,,Auburn,98092,0,1996,18,18.0,129.9625468164794,18.0,0,0.0,0.375,485.45454545454544,7.890208213109961,9.213036733523925,3,train,New-Build Suburban Family
199000.0,2.0,1.0,720,7200,1.0,0,0,5,720,0,1943,,Renton,98058,0,1943,71,71.0,276.3888888888889,71.0,0,0.0,0.5,240.0,6.580639137284949,8.881975184248867,1,train,Compact Entry-Level
440500.0,3.0,2.5,2460,4399,2.0,0,0,3,2460,0,2007,,Snoqualmie,98065,0,2007,7,7.0,179.0650406504065,7.0,0,0.0,0.8333333333333334,447.27272727272725,7.8083230503910555,8.389359819906353,3,train,New-Build Suburban Family
820000.0,4.0,2.5,3670,7000,2.0,0,0,3,3670,0,2005,,Sammamish,98075,0,2005,9,9.0,223.433242506812,9.0,0,0.0,0.625,564.6153846153846,8.208219383496834,8.853808274977197,3,train,New-Build Suburban Family
325000.0,4.0,3.5,2630,3435,1.5,0,3,3,1640,990,1984,,SeaTac,98188,0,1984,30,30.0,123.57414448669202,30.0,1,0.376425855513308,0.875,350.6666666666667,7.875119281040293,8.142063283104147,2,train,Premium View Property
195000.0,3.0,1.75,1570,8459,1.0,0,0,3,1570,0,1991,,Enumclaw,98022,0,1991,23,23.0,124.20382165605096,23.0,0,0.0,0.5833333333333334,330.5263157894737,7.359467638255621,9.04310445260027,1,train,Compact Entry-Level
675000.0,3.0,3.0,2980,28000,1.0,0,0,3,1820,1160,1981,,Redmond,98052,0,1981,33,33.0,226.510067114094,33.0,1,0.38926174496644295,1.0,496.6666666666667,8.000014093678072,10.239995502805316,0,train,Established Family Home
295000.0,3.0,2.5,1560,4200,2.0,0,0,3,1560,0,2003,,Maple Valley,98038,0,2003,11,11.0,189.1025641025641,11.0,0,0.0,0.8333333333333334,283.6363636363636,7.353081920515432,8.343077871169383,3,test,New-Build Suburban Family
355300.0,3.0,2.5,1620,7410,1.0,0,0,5,1620,0,1955,,Shoreline,98133,0,1955,59,59.0,219.320987654321,59.0,0,0.0,0.8333333333333334,294.54545454545456,7.390798521735676,8.910720661951359,1,train,Compact Entry-Level
276000.0,3.0,1.0,1140,5000,1.0,0,0,3,1140,0,1960,,Seattle,98106,0,1960,54,54.0,242.10526315789477,54.0,0,0.0,0.3333333333333333,285.0,7.039660349862076,8.517393171418904,1,train,Compact Entry-Level
460000.0,2.0,1.5,2730,19877,1.0,0,0,4,1570,1160,1976,,Duvall,98019,0,1976,38,38.0,168.4981684981685,38.0,1,0.4249084249084249,0.75,780.0,7.912423121473705,9.89736887152795,0,train,Established Family Home
880000.0,3.0,2.0,2130,35169,1.0,0,0,4,2130,0,1989,,Woodinville,98072,0,1989,25,25.0,413.1455399061033,25.0,0,0.0,0.6666666666666666,426.0,7.664346632098617,10.467948725468029,1,train,Compact Entry-Level
370000.0,3.0,2.5,1780,4050,2.0,0,0,3,1780,0,2001,,Shoreline,98155,0,2001,13,13.0,207.86516853932585,13.0,0,0.0,0.8333333333333334,323.6363636363636,7.484930283289661,8.30671904320269,3,train,New-Build Suburban Family
346000.0,4.0,2.5,2100,3916,2.0,0,0,3,2100,0,2009,,Renton,98058,0,2009,5,5.0,164.76190476190476,5.0,0,0.0,0.625,323.0769230769231,7.650168700845001,8.27308133366583,3,train,New-Build Suburban Family
172500.0,3.0,1.0,1140,8800,1.0,0,0,3,1140,0,1972,,Auburn,98001,0,1972,42,42.0,151.31578947368422,42.0,0,0.0,0.3333333333333333,285.0,7.039660349862076,9.082620630373812,1,train,Compact Entry-Level
379950.0,3.0,1.5,1690,9144,1.0,0,0,4,1140,550,1956,,Kenmore,98028,0,1956,58,58.0,224.82248520710056,58.0,1,0.3254437869822485,0.5,375.55555555555554,7.43307534889858,9.120962560824966,0,test,Established Family Home
468000.0,2.0,1.0,1160,6000,1.0,0,0,4,860,300,1942,,Seattle,98115,0,1942,72,72.0,403.44827586206895,72.0,1,0.25862068965517243,0.5,386.6666666666667,7.057036981697891,8.699681400989514,1,train,Compact Entry-Level
477000.0,4.0,2.75,1720,6270,2.0,0,0,3,1720,0,1978,,Seattle,98118,0,1978,36,36.0,277.3255813953488,36.0,0,0.0,0.6875,254.8148148148148,7.450660796211539,8.74369111054302,3,test,New-Build Suburban Family
529000.0,3.0,1.0,1210,3328,1.5,0,0,4,1210,0,1924,,Seattle,98107,0,1924,90,90.0,437.1900826446281,90.0,0,0.0,0.3333333333333333,302.5,7.099201743553092,8.110427237575024,1,train,Compact Entry-Level
312000.0,3.0,1.5,1255,1374,3.0,0,0,3,1255,0,2004,,Seattle,98125,0,2004,10,10.0,248.60557768924303,10.0,0,0.0,0.5,278.8888888888889,7.135687347028144,7.226209010100671,3,train,New-Build Suburban Family
326100.0,2.0,1.0,880,7683,1.0,0,0,3,880,0,1942,,Seattle,98177,0,1942,72,72.0,370.5681818181818,72.0,0,0.0,0.5,293.3333333333333,6.78105762593618,8.946895523888447,1,train,Compact Entry-Level
360000.0,3.0,1.0,1050,9206,1.5,0,0,3,1050,0,1954,,Seattle,98125,0,1954,60,60.0,342.85714285714283,60.0,0,0.0,0.3333333333333333,262.5,6.957497370876951,9.127719343287845,1,train,Compact Entry-Level
438000.0,3.0,1.75,1650,12940,1.0,0,0,4,1650,0,1961,,Kenmore,98028,0,1961,53,53.0,265.45454545454544,53.0,0,0.0,0.5833333333333334,347.36842105263156,7.409136443920128,9.46815584482167,1,train,Compact Entry-Level
360000.0,3.0,1.0,1570,9467,1.0,0,0,3,1570,0,1954,,Shoreline,98177,0,1954,60,60.0,229.29936305732485,60.0,0,0.0,0.3333333333333333,392.5,7.359467638255621,9.155672970633875,1,train,Compact Entry-Level
1050000.0,4.0,2.5,2920,7200,1.0,0,3,3,1470,1450,1921,2006.0,Seattle,98144,1,2006,93,8.0,359.5890410958904,8.0,1,0.4965753424657534,0.625,449.2307692307692,7.979681302387741,8.881975184248867,2,train,Premium View Property
688000.0,4.0,3.0,3000,4000,1.5,0,3,3,1970,1030,1913,2014.0,Seattle,98144,1,2014,101,0.0,229.33333333333331,0.0,1,0.3433333333333333,0.75,428.57142857142856,8.006700845440367,8.294299608857235,2,train,Premium View Property
585000.0,3.0,1.75,1850,7735,1.0,0,0,4,1850,0,1983,,Issaquah,98027,0,1983,31,31.0,316.2162162162162,31.0,0,0.0,0.5833333333333334,389.4736842105263,7.523481312573497,8.95364003713313,1,train,Compact Entry-Level
265000.0,3.0,2.5,1440,7741,1.0,0,0,4,1000,440,1983,,Kent,98031,0,1983,31,31.0,184.02777777777777,31.0,1,0.3055555555555556,0.8333333333333334,261.8181818181818,7.273092595999522,8.954415331137593,0,train,Established Family Home
375000.0,3.0,1.75,1440,8775,1.0,0,0,3,1440,0,1973,,Kirkland,98034,0,1973,41,41.0,260.4166666666667,41.0,0,0.0,0.5833333333333334,303.1578947368421,7.273092595999522,9.079776001955066,1,test,Compact Entry-Level
326500.0,3.0,1.0,1810,12375,2.0,0,0,3,1810,0,1970,,Woodinville,98072,0,1970,44,44.0,180.3867403314917,44.0,0,0.0,0.3333333333333333,452.5,7.501634457883413,9.423514392252901,1,train,Compact Entry-Level
160000.0,2.0,1.0,1180,9350,1.0,0,0,3,1180,0,1918,,Seattle,98178,0,1918,96,96.0,135.59322033898306,96.0,0,0.0,0.5,393.3333333333333,7.074116816197362,9.143238568435446,1,train,Compact Entry-Level
1570000.0,4.0,3.75,3070,5850,2.0,0,0,5,2400,670,1927,,Seattle,98112,0,1927,87,87.0,511.400651465798,87.0,1,0.2182410423452769,0.9375,396.1290322580645,8.029758520440822,8.674367865788236,0,train,Established Family Home
735000.0,5.0,2.75,3390,5211,2.0,0,0,3,3390,0,2004,,Sammamish,98075,0,2004,10,10.0,216.81415929203536,10.0,0,0.0,0.55,437.4193548387097,8.128880142125638,8.558718938244736,3,train,New-Build Suburban Family
400000.0,2.0,1.0,1470,6120,1.0,0,0,2,1470,0,1940,,Seattle,98115,0,1940,74,74.0,272.10884353741494,74.0,0,0.0,0.5,490.0,7.293697720601438,8.71948076085107,1,train,Compact Entry-Level
800000.0,4.0,2.5,2680,7200,1.0,0,0,3,1380,1300,1952,2013.0,Kirkland,98033,1,2013,62,1.0,298.5074626865672,1.0,1,0.48507462686567165,0.625,412.3076923076923,7.893945138235959,8.881975184248867,0,test,Established Family Home
949880.0,4.0,2.25,2290,10687,2.0,0,0,3,2290,0,1978,,Bellevue,98004,0,1978,36,36.0,414.7947598253275,36.0,0,0.0,0.5625,366.4,7.736743682453495,9.276876895776427,3,train,New-Build Suburban Family
405000.0,3.0,1.75,1980,8100,1.0,0,0,4,1310,670,1949,,Shoreline,98133,0,1949,65,65.0,204.54545454545453,65.0,1,0.3383838383838384,0.5833333333333334,416.8421052631579,7.591357046698551,8.999742789830492,0,train,Established Family Home
399000.0,4.0,2.5,2870,9292,2.0,0,0,3,2540,330,1979,,Renton,98058,0,1979,35,35.0,139.02439024390245,35.0,1,0.11498257839721254,0.625,441.53846153846155,7.962415680121064,9.13701670755734,3,train,New-Build Suburban Family
730001.0,3.0,2.0,1840,4750,1.0,0,0,5,1010,830,1951,,Seattle,98117,0,1951,63,63.0,396.7396739130435,63.0,1,0.45108695652173914,0.6666666666666666,368.0,7.518064181233078,8.46611040118692,0,train,Established Family Home
1795000.0,4.0,3.25,4060,13000,2.0,0,3,3,4060,0,2000,,Mercer Island,98040,0,2000,14,14.0,442.1182266009852,14.0,0,0.0,0.8125,560.0,8.309184527686298,9.472781556562168,2,test,Premium View Property
260000.0,3.0,2.0,1630,8018,1.0,0,0,3,1630,0,2003,,Pacific,98047,0,2003,11,11.0,159.50920245398774,11.0,0,0.0,0.6666666666666666,326.0,7.396948602621014,8.989569004807029,1,train,Compact Entry-Level
751750.0,2.0,2.0,1880,5400,1.5,0,0,3,1880,0,1902,,Seattle,98112,0,1902,112,112.0,399.8670212765957,112.0,0,0.0,1.0,470.0,7.53955882930103,8.594339400592892,1,train,Compact Entry-Level
325000.0,3.0,1.75,1780,13095,1.0,0,0,4,1780,0,1983,,Kent,98042,0,1983,31,31.0,182.58426966292132,31.0,0,0.0,0.5833333333333334,374.7368421052632,7.484930283289661,9.48006211905097,1,train,Compact Entry-Level
344950.0,4.0,2.0,2330,6250,1.0,0,0,4,1400,930,1941,,Kent,98030,0,1941,73,73.0,148.0472103004292,73.0,1,0.39914163090128757,0.5,388.3333333333333,7.754052639035757,8.740496729931813,0,train,Established Family Home
457500.0,3.0,1.75,1840,4030,1.0,0,0,5,1050,790,1925,,Seattle,98108,0,1925,89,89.0,248.6413043478261,89.0,1,0.42934782608695654,0.5833333333333334,387.36842105263156,7.518064181233078,8.301769763117166,0,test,Established Family Home
389000.0,5.0,2.0,2330,10750,1.0,0,0,4,1190,1140,1962,,Kenmore,98028,0,1962,52,52.0,166.9527896995708,52.0,1,0.4892703862660944,0.4,332.85714285714283,7.754052639035757,9.282754052485227,0,test,Established Family Home
515000.0,4.0,2.5,3200,6473,2.0,0,0,3,3200,0,2005,,Renton,98059,0,2005,9,9.0,160.9375,9.0,0,0.0,0.625,492.3076923076923,8.071218539969863,8.775549434486189,3,train,New-Build Suburban Family
732000.0,3.0,2.5,2330,1987,2.0,0,4,3,1410,920,2004,,Seattle,98107,0,2004,10,10.0,314.16309012875536,10.0,1,0.3948497854077253,0.8333333333333334,423.6363636363636,7.754052639035757,7.59488438721652,2,train,Premium View Property
415000.0,3.0,2.25,1950,8868,1.0,0,0,3,1350,600,1964,,Shoreline,98155,0,1964,50,50.0,212.8205128205128,50.0,1,0.3076923076923077,0.75,371.42857142857144,7.576097340623111,9.090317329376452,0,train,Established Family Home
1655000.0,4.0,3.5,3080,4815,2.0,0,3,3,2300,780,1937,2009.0,Seattle,98199,1,2009,77,5.0,537.3376623376623,5.0,1,0.2532467532467532,0.875,410.6666666666667,8.033009498596668,8.479698986988657,2,train,Premium View Property
535000.0,2.0,1.0,1040,5527,1.0,0,0,3,1040,0,1951,,Seattle,98115,0,1951,63,63.0,514.4230769230769,63.0,0,0.0,0.5,346.6666666666667,6.947937068614969,8.617581365447506,1,train,Compact Entry-Level
540000.0,4.0,4.25,1960,3565,2.0,0,0,3,1960,0,1940,2003.0,Seattle,98116,1,2003,74,11.0,275.51020408163265,11.0,0,0.0,1.0625,237.57575757575756,7.581209826196346,8.179199798423086,3,train,New-Build Suburban Family
525000.0,5.0,3.0,2750,3800,1.5,0,0,5,1750,1000,1926,,Seattle,98115,0,1926,88,88.0,190.9090909090909,88.0,1,0.36363636363636365,0.6,343.75,7.919719760924575,8.24301946898925,0,train,Established Family Home
570000.0,3.0,1.75,1930,36210,1.0,0,0,3,1930,0,1977,,Woodinville,98072,0,1977,37,37.0,295.33678756476684,37.0,0,0.0,0.5833333333333334,406.3157894736842,7.565793282428515,10.497118219058828,1,train,Compact Entry-Level
569950.0,5.0,4.5,4850,40902,2.0,0,0,3,4850,0,2001,,Federal Way,98023,0,2001,13,13.0,117.51546391752578,13.0,0,0.0,0.9,510.5263157894737,8.486940148245216,10.618958688974192,3,train,New-Build Suburban Family
283200.0,4.0,2.5,1982,6406,2.0,0,0,3,1982,0,2004,,Kent,98030,0,2004,10,10.0,142.8859737638749,10.0,0,0.0,0.625,304.9230769230769,7.592366128519796,8.765146421639022,3,train,New-Build Suburban Family
1100000.0,3.0,2.75,2640,4050,1.5,0,0,5,1750,890,1926,,Seattle,98112,0,1926,88,88.0,416.6666666666667,88.0,1,0.3371212121212121,0.9166666666666666,459.1304347826087,7.878912912297133,8.30671904320269,0,test,Established Family Home
830000.0,4.0,2.5,1850,50662,1.0,0,0,3,1430,420,1978,,Redmond,98052,0,1978,36,36.0,448.6486486486487,36.0,1,0.22702702702702704,0.625,284.61538461538464,7.523481312573497,10.83295114012053,0,train,Established Family Home
495000.0,4.0,2.25,1940,9144,1.0,0,0,4,1430,510,1956,,Bellevue,98007,0,1956,58,58.0,255.15463917525773,58.0,1,0.26288659793814434,0.5625,310.4,7.57095858316901,9.120962560824966,0,train,Established Family Home
292050.0,5.0,3.0,2840,7199,1.0,0,0,3,1710,1130,2003,,Tukwila,98178,0,2003,11,11.0,102.83450704225352,11.0,1,0.397887323943662,0.6,355.0,7.951911381854188,8.881836305004146,0,train,Established Family Home
415000.0,5.0,1.5,1900,10226,1.0,0,0,3,1130,770,1961,,Kirkland,98034,0,1961,53,53.0,218.42105263157896,53.0,1,0.4052631578947368,0.3,292.3076923076923,7.550135342488429,9.232786560806012,0,train,Established Family Home
295832.0,5.0,1.0,1410,6400,1.0,0,0,5,960,450,1955,,Des Moines,98198,0,1955,59,59.0,209.8099290780142,59.0,1,0.3191489361702128,0.2,235.0,7.252053951852814,8.764209507142004,0,train,Established Family Home
450000.0,4.0,2.5,2520,8515,2.0,0,0,3,2520,0,1999,,Duvall,98019,0,1999,15,15.0,178.57142857142858,15.0,0,0.0,0.625,387.6923076923077,7.83241092718792,9.049702026013371,3,train,New-Build Suburban Family
1381000.0,4.0,3.75,3160,9525,2.5,0,0,3,3160,0,1997,,Mercer Island,98040,0,1997,17,17.0,437.0253164556962,17.0,0,0.0,0.9375,407.741935483871,8.058643712215618,9.161780181360806,3,train,New-Build Suburban Family
857000.0,4.0,3.0,3720,29043,2.0,0,0,3,3720,0,1991,,Kirkland,98033,0,1991,23,23.0,230.3763440860215,23.0,0,0.0,0.75,531.4285714285714,8.221747728346623,10.276567200500137,3,train,New-Build Suburban Family
499950.0,3.0,3.5,1820,1501,2.0,0,0,3,1430,390,2014,,Seattle,98144,0,2014,0,0.0,274.6978021978022,0.0,1,0.21428571428571427,1.1666666666666667,280.0,7.507141079727608,7.31455283232408,3,train,New-Build Suburban Family
465000.0,3.0,2.0,1560,8640,1.0,0,0,5,1560,0,1967,,Kirkland,98034,0,1967,47,47.0,298.0769230769231,47.0,0,0.0,0.6666666666666666,312.0,7.353081920515432,9.0642735958414,1,train,Compact Entry-Level
329000.0,3.0,1.0,1600,5952,1.0,0,0,4,1150,450,1964,,Seattle,98106,0,1964,50,50.0,205.625,50.0,1,0.28125,0.3333333333333333,400.0,7.3783837129967145,8.69165057315339,0,train,Established Family Home
475000.0,3.0,2.0,1230,11502,1.0,0,0,4,1230,0,1984,,Redmond,98052,0,1984,30,30.0,386.1788617886179,30.0,0,0.0,0.6666666666666666,246.0,7.115582126184454,9.35036314989601,1,test,Compact Entry-Level
255000.0,3.0,1.0,960,8100,1.0,0,0,3,960,0,1955,,Shoreline,98155,0,1955,59,59.0,265.625,59.0,0,0.0,0.3333333333333333,240.0,6.8679744089702925,8.999742789830492,1,train,Compact Entry-Level
435000.0,3.0,1.0,1270,4000,1.5,0,2,3,1270,0,1928,,Seattle,98126,0,1928,86,86.0,342.5196850393701,86.0,0,0.0,0.3333333333333333,317.5,7.147559271189454,8.294299608857235,1,train,Compact Entry-Level
685000.0,3.0,2.5,2810,7700,2.0,0,0,3,2810,0,2001,,Bellevue,98006,0,2001,13,13.0,243.77224199288256,13.0,0,0.0,0.8333333333333334,510.90909090909093,7.941295570906532,8.94910546953925,3,train,New-Build Suburban Family
715000.0,2.0,2.5,2160,5581,1.0,0,0,3,2160,0,2002,,Redmond,98053,0,2002,12,12.0,331.01851851851853,12.0,0,0.0,1.25,480.0,7.6783263565068856,8.627302414096267,3,test,New-Build Suburban Family
780000.0,3.0,3.0,2520,2152,1.5,0,0,3,1560,960,1925,2006.0,Seattle,98119,1,2006,89,8.0,309.5238095238095,8.0,1,0.38095238095238093,1.0,420.0,7.83241092718792,7.674617497364363,0,train,Established Family Home
345000.0,2.0,1.5,1180,844,2.0,0,0,3,990,190,2005,,Seattle,98144,0,2005,9,9.0,292.3728813559322,9.0,1,0.16101694915254236,0.75,337.14285714285717,7.074116816197362,6.739336627357174,1,train,Compact Entry-Level
355000.0,4.0,2.25,1810,4970,2.0,0,0,3,1810,0,2003,,Renton,98059,0,2003,11,11.0,196.1325966850829,11.0,0,0.0,0.5625,289.6,7.501634457883413,8.511376306094673,3,train,New-Build Suburban Family
282000.0,3.0,2.5,1680,15711,1.0,0,0,3,1240,440,1994,,Kent,98031,0,1994,20,20.0,167.85714285714286,20.0,1,0.2619047619047619,0.8333333333333334,305.45454545454544,7.427144133408616,9.662180030594246,0,train,Established Family Home
244000.0,3.0,1.0,910,5250,1.0,0,0,4,910,0,1971,,Burien,98166,0,1971,43,43.0,268.13186813186815,43.0,0,0.0,0.3333333333333333,227.5,6.814542897259958,8.566173813637858,1,train,Compact Entry-Level
967500.0,3.0,3.75,3250,5797,2.0,0,2,4,2370,880,1951,,Seattle,98199,0,1951,63,63.0,297.6923076923077,63.0,1,0.27076923076923076,1.25,481.48148148148147,8.086717920303906,8.6652683094816,2,train,Premium View Property
375000.0,3.0,1.5,2000,7294,1.0,0,0,3,1520,480,1965,,Seattle,98118,0,1965,49,49.0,187.5,49.0,1,0.24,0.5,444.44444444444446,7.601402334583733,8.894944460956886,0,train,Established Family Home
1600000.0,3.0,3.25,3790,19000,2.0,0,4,3,3790,0,1985,,Seattle,98177,0,1985,29,29.0,422.1635883905013,29.0,0,0.0,1.0833333333333333,606.4,8.240385115516334,9.852246888342531,2,train,Premium View Property
527500.0,3.0,1.75,2310,78844,1.0,0,0,3,1760,550,1977,,Issaquah,98027,0,1977,37,37.0,228.3549783549784,37.0,1,0.23809523809523808,0.5833333333333334,486.3157894736842,7.745435610274381,11.275239178839687,0,train,Established Family Home
994000.0,3.0,2.25,2510,6339,1.5,0,2,5,1810,700,1932,,Seattle,98199,0,1932,82,82.0,396.0159362549801,82.0,1,0.2788844621513944,0.75,478.0952380952381,7.828436359157585,8.754634047431272,2,train,Premium View Property
313000.0,3.0,1.75,1320,6205,1.0,0,0,5,1320,0,1948,,Shoreline,98133,0,1948,66,66.0,237.12121212121207,66.0,0,0.0,0.5833333333333334,277.89473684210526,7.186144304522325,8.733271845008325,1,train,Compact Entry-Level
587000.0,3.0,2.25,2370,217800,2.0,0,0,3,2370,0,1979,,Redmond,98053,0,1979,35,35.0,247.6793248945148,35.0,0,0.0,0.75,451.42857142857144,7.771067086065406,12.291337080838684,3,train,New-Build Suburban Family
304000.0,3.0,1.0,900,7500,1.0,0,0,4,900,0,1972,,Kirkland,98034,0,1972,42,42.0,337.77777777777777,42.0,0,0.0,0.3333333333333333,225.0,6.803505257608338,8.922791623969637,1,test,Compact Entry-Level
675000.0,3.0,2.5,2540,7680,2.0,0,1,4,2540,0,1940,2001.0,Seattle,98177,1,2001,74,13.0,265.748031496063,13.0,0,0.0,0.8333333333333334,461.8181818181818,7.840312983320164,8.946505025998682,3,test,New-Build Suburban Family
305000.0,4.0,1.0,2100,9288,1.0,0,0,4,1050,1050,1968,,Renton,98058,0,1968,46,46.0,145.23809523809524,46.0,1,0.5,0.25,420.0,7.650168700845001,9.136586183387521,0,test,Established Family Home
280000.0,3.0,1.0,1200,6250,1.0,0,0,3,920,280,1943,,Seattle,98168,0,1943,71,71.0,233.33333333333331,71.0,1,0.23333333333333334,0.3333333333333333,300.0,7.0909098220799835,8.740496729931813,1,train,Compact Entry-Level
960000.0,5.0,4.0,3720,15200,2.0,0,0,3,3720,0,2005,,Sammamish,98075,0,2005,9,9.0,258.06451612903226,9.0,0,0.0,0.8,413.3333333333333,8.221747728346623,9.62911649414402,3,test,New-Build Suburban Family
500000.0,3.0,2.25,1760,4539,2.0,0,0,3,1760,0,1988,,Issaquah,98029,0,1988,26,26.0,284.09090909090907,26.0,0,0.0,0.75,335.23809523809524,7.473637108496206,8.420682291035394,3,train,New-Build Suburban Family
274950.0,3.0,1.75,1670,7415,1.0,0,0,3,1320,350,1987,,Covington,98042,0,1987,27,27.0,164.64071856287424,27.0,1,0.20958083832335328,0.5833333333333334,351.57894736842104,7.421177528595393,8.91139510724569,0,test,Established Family Home
455600.0,3.0,2.5,2420,8252,2.0,0,0,3,2420,0,1998,,Snoqualmie,98065,0,1998,16,16.0,188.26446280991732,16.0,0,0.0,0.8333333333333334,440.0,7.791935956938058,9.018332049592685,3,test,New-Build Suburban Family
970000.0,5.0,3.0,3480,15185,2.0,0,0,4,3480,0,1964,,Mercer Island,98040,0,1964,50,50.0,278.735632183908,50.0,0,0.0,0.6,435.0,8.15507488781144,9.62812922977318,3,train,New-Build Suburban Family
312900.0,4.0,2.5,1630,4473,2.0,0,0,3,1630,0,2003,,Maple Valley,98038,0,2003,11,11.0,191.96319018404907,11.0,0,0.0,0.625,250.76923076923077,7.396948602621014,8.406038142050075,3,train,New-Build Suburban Family
535000.0,4.0,2.5,2340,5600,2.0,0,0,3,2340,0,1921,2013.0,Seattle,98146,1,2013,93,1.0,228.63247863247864,1.0,0,0.0,0.625,360.0,7.75833346749091,8.630700432209832,3,train,New-Build Suburban Family
427000.0,2.0,1.0,920,3780,1.0,0,0,3,920,0,1910,,Seattle,98103,0,1910,104,104.0,464.1304347826087,104.0,0,0.0,0.5,306.6666666666667,6.825460036255307,8.237743803890933,1,train,Compact Entry-Level
405000.0,2.0,1.0,910,6490,1.0,0,0,3,910,0,1942,,Seattle,98115,0,1942,72,72.0,445.05494505494505,72.0,0,0.0,0.5,303.3333333333333,6.814542897259958,8.778171881033469,1,train,Compact Entry-Level
480000.0,3.0,1.0,1150,4945,1.0,0,2,3,1150,0,1943,,Seattle,98126,0,1943,71,71.0,417.39130434782606,71.0,0,0.0,0.3333333333333333,287.5,7.048386408721883,8.506334448081361,1,train,Compact Entry-Level
725000.0,3.0,1.5,2500,4774,1.5,0,2,3,1450,1050,1940,,Seattle,98107,0,1940,74,74.0,290.0,74.0,1,0.42,0.5,555.5555555555555,7.824445930877619,8.471149252914831,2,train,Premium View Property
293000.0,4.0,2.5,3250,235063,1.0,0,2,3,3250,0,1973,,Auburn,98092,0,1973,41,41.0,90.15384615384616,41.0,0,0.0,0.625,500.0,8.086717920303906,12.367613096473907,2,test,Premium View Property
268000.0,4.0,2.0,1930,6600,1.0,0,0,4,1030,900,1967,,Burien,98168,0,1967,47,47.0,138.86010362694302,47.0,1,0.46632124352331605,0.5,321.6666666666667,7.565793282428515,8.79497643168877,0,test,Established Family Home
475000.0,4.0,3.5,3400,234352,2.0,0,0,3,2500,900,1991,,Vashon,98070,0,1991,23,23.0,139.7058823529412,23.0,1,0.2647058823529412,0.875,453.3333333333333,8.131824785007195,12.364583804634394,3,train,New-Build Suburban Family
488000.0,3.0,2.5,1590,2550,3.0,0,0,3,1590,0,1985,,Seattle,98117,0,1985,29,29.0,306.9182389937107,29.0,0,0.0,0.8333333333333334,289.09090909090907,7.372118028337787,7.844240718141811,3,train,New-Build Suburban Family
760000.0,4.0,2.5,3330,7399,2.0,0,0,3,3330,0,2009,,Redmond,98052,0,2009,5,5.0,228.22822822822823,5.0,0,0.0,0.625,512.3076923076923,8.11102783819368,8.909235279192261,3,train,New-Build Suburban Family
1710000.0,5.0,4.5,4590,14685,2.0,0,0,3,4590,0,2009,,Kirkland,98033,0,2009,5,5.0,372.5490196078432,5.0,0,0.0,0.9,483.1578947368421,8.431853144249223,9.594649938011555,3,test,New-Build Suburban Family
754950.0,3.0,2.5,2610,7256,2.0,0,0,3,2610,0,2014,,Kirkland,98033,0,2014,0,0.0,289.2528735632184,0.0,0,0.0,0.8333333333333334,474.54545454545456,7.8674885686991285,8.889721799278137,3,test,New-Build Suburban Family
263900.0,3.0,2.5,1658,2700,2.0,0,0,3,1658,0,2014,,Des Moines,98198,0,2014,0,0.0,159.16767189384802,0.0,0,0.0,0.8333333333333334,301.45454545454544,7.413970290190444,7.901377353792616,3,test,New-Build Suburban Family
460000.0,3.0,3.5,1600,1431,2.0,0,0,3,1240,360,2006,,Seattle,98117,0,2006,8,8.0,287.5,8.0,1,0.225,1.1666666666666667,246.15384615384616,7.3783837129967145,7.266827347520591,3,train,New-Build Suburban Family
399950.0,3.0,3.0,1296,1051,3.0,0,0,3,1296,0,2009,,Seattle,98125,0,2009,5,5.0,308.6033950617284,5.0,0,0.0,1.0,216.0,7.167809184316444,6.9584483932976555,3,train,New-Build Suburban Family
370000.0,2.0,2.25,1280,835,2.0,0,0,3,1080,200,2009,,Seattle,98118,0,2009,5,5.0,289.0625,5.0,1,0.15625,1.125,301.1764705882353,7.155396301896734,6.728628613084702,3,train,New-Build Suburban Family
1149000.0,4.0,3.0,5940,11533,2.0,0,4,3,4950,990,2004,,Snoqualmie,98065,0,2004,10,10.0,193.43434343434345,10.0,1,0.16666666666666666,0.75,848.5714285714286,8.689632748355741,9.353054474175359,2,test,Premium View Property
450800.0,4.0,3.25,2510,5311,2.0,0,0,3,2510,0,2009,,Renton,98056,0,2009,5,5.0,179.601593625498,5.0,0,0.0,0.8125,346.2068965517241,7.828436359157585,8.57772369115627,3,train,New-Build Suburban Family
627000.0,3.0,3.5,2710,3475,2.0,0,0,3,1650,1060,2005,,Issaquah,98027,0,2005,9,9.0,231.36531365313647,9.0,1,0.39114391143911437,1.1666666666666667,416.9230769230769,7.905072849498666,8.153637486385282,3,test,New-Build Suburban Family
495000.0,3.0,2.5,1750,1548,3.0,0,0,3,1750,0,2013,,Seattle,98118,0,2013,1,1.0,282.85714285714283,1.0,0,0.0,0.8333333333333334,318.1818181818182,7.467942332285852,7.3453648404168685,3,train,New-Build Suburban Family
310000.0,3.0,1.0,1430,19901,1.5,0,0,4,1430,0,1927,,Kenmore,98028,0,1927,87,87.0,216.7832167832168,87.0,0,0.0,0.3333333333333333,357.5,7.266128779556451,9.898575508175107,1,train,Compact Entry-Level
550000.0,4.0,1.0,1660,34848,1.0,0,0,1,930,730,1933,,Redmond,98052,0,1933,81,81.0,331.32530120481925,81.0,1,0.4397590361445783,0.25,332.0,7.415175109613295,10.458779721372386,0,train,Established Family Home
215000.0,2.0,1.0,1320,8865,1.0,0,0,4,1320,0,1943,,Burien,98168,0,1943,71,71.0,162.87878787878788,71.0,0,0.0,0.5,440.0,7.186144304522325,9.089979015305,1,train,Compact Entry-Level
799000.0,4.0,3.0,2580,209523,2.0,0,0,3,2580,0,1984,,Redmond,98053,0,1984,30,30.0,309.68992248062017,30.0,0,0.0,0.75,368.57142857142856,7.855932199718614,12.252593570255563,3,test,New-Build Suburban Family
630000.0,4.0,2.5,2740,43101,2.0,0,0,3,2740,0,1993,,Woodinville,98077,0,1993,21,21.0,229.9270072992701,21.0,0,0.0,0.625,421.53846153846155,7.916078096302786,10.671324678727517,3,train,New-Build Suburban Family
267000.0,3.0,2.5,2495,4400,2.0,0,0,3,2495,0,2007,,Federal Way,98001,0,2007,7,7.0,107.01402805611222,7.0,0,0.0,0.8333333333333334,453.6363636363636,7.822444729489319,8.38958706681109,3,test,New-Build Suburban Family
900000.0,6.0,2.75,2300,24773,1.5,0,0,4,2300,0,1950,1985.0,Mercer Island,98040,1,1985,64,29.0,391.3043478260869,29.0,0,0.0,0.4583333333333333,262.85714285714283,7.741099090035366,10.117549995114146,0,test,Established Family Home
365000.0,3.0,1.5,1300,12240,1.0,0,0,3,1300,0,1963,,Kenmore,98028,0,1963,51,51.0,280.7692307692308,51.0,0,0.0,0.5,288.8888888888889,7.170888478512505,9.412546252075513,1,train,Compact Entry-Level
544500.0,4.0,2.5,2230,10414,1.0,0,0,5,1450,780,1974,,Issaquah,98075,0,1974,40,40.0,244.170403587444,40.0,1,0.34977578475336324,0.625,343.0769230769231,7.7102051944325325,9.251002353695073,0,train,Established Family Home
599000.0,4.0,2.75,2020,2750,1.0,0,0,3,1010,1010,1917,2014.0,Seattle,98122,1,2014,97,0.0,296.53465346534654,0.0,1,0.5,0.6875,299.25925925925924,7.611347717403621,7.919719760924575,0,train,Established Family Home
815000.0,4.0,2.25,2000,3800,2.0,0,0,3,2000,0,2001,,Seattle,98115,0,2001,13,13.0,407.5,13.0,0,0.0,0.5625,320.0,7.601402334583733,8.24301946898925,3,train,New-Build Suburban Family
254000.0,2.0,1.0,1060,8187,1.0,0,0,4,1060,0,1952,,Shoreline,98133,0,1952,62,62.0,239.622641509434,62.0,0,0.0,0.5,353.3333333333333,6.966967138613983,9.01042494678118,1,test,Compact Entry-Level
740000.0,2.0,1.75,2080,4800,1.0,0,0,5,1080,1000,1923,,Seattle,98117,0,1923,91,91.0,355.7692307692308,91.0,1,0.4807692307692308,0.875,554.6666666666666,7.640603826393634,8.476579508530941,0,train,Established Family Home
225000.0,3.0,2.0,2030,24829,1.0,0,0,4,1220,810,1979,,Auburn,98001,0,1979,35,35.0,110.83743842364532,35.0,1,0.39901477832512317,0.6666666666666666,406.0,7.616283561580385,10.119807878502213,0,train,Established Family Home
925000.0,3.0,2.5,2690,7000,2.0,0,0,5,1840,850,1943,,Seattle,98115,0,1943,71,71.0,343.86617100371745,71.0,1,0.3159851301115242,0.8333333333333334,489.09090909090907,7.897668150726906,8.853808274977197,0,train,Established Family Home
1285000.0,4.0,2.5,3240,10800,1.0,0,0,3,2260,980,1946,,Seattle,98105,0,1946,68,68.0,396.60493827160496,68.0,1,0.30246913580246915,0.625,498.46153846153845,8.083637203141548,9.287394001418473,0,test,Established Family Home
537000.0,3.0,2.5,1550,12920,2.0,0,0,5,1550,0,1999,,Kirkland,98033,0,1999,15,15.0,346.4516129032258,15.0,0,0.0,0.8333333333333334,281.8181818181818,7.346655163176539,9.46660917372222,3,test,New-Build Suburban Family
335000.0,4.0,2.0,1480,3132,1.0,0,0,5,740,740,1910,,Seattle,98108,0,1910,104,104.0,226.35135135135133,104.0,1,0.5,0.5,246.66666666666666,7.300472814267799,8.049746290952191,0,test,Established Family Home
840000.0,4.0,2.75,3040,2800,2.0,0,0,3,2100,940,1906,2014.0,Seattle,98102,1,2014,108,0.0,276.3157894736842,0.0,1,0.3092105263157895,0.6875,450.3703703703704,8.019941687677365,7.937731775260109,0,train,Established Family Home
224000.0,3.0,1.5,1560,7300,1.0,0,0,4,1040,520,1964,,Auburn,98001,0,1964,50,50.0,143.5897435897436,50.0,1,0.3333333333333333,0.5,346.6666666666667,7.353081920515432,8.895766604056085,0,train,Established Family Home
395000.0,3.0,2.5,2250,3757,2.0,0,0,3,2250,0,2006,,Renton,98059,0,2006,8,8.0,175.55555555555554,8.0,0,0.0,0.8333333333333334,409.09090909090907,7.719129840906732,8.231642179973411,3,train,New-Build Suburban Family
450000.0,3.0,1.0,1100,4600,1.0,0,0,3,1100,0,1917,,Seattle,98116,0,1917,97,97.0,409.09090909090907,97.0,0,0.0,0.3333333333333333,275.0,7.00397413672268,8.434028950155469,1,train,Compact Entry-Level
681000.0,3.0,1.0,1700,6356,1.5,0,0,3,1700,0,1907,,Seattle,98118,0,1907,107,107.0,400.5882352941176,107.0,0,0.0,0.3333333333333333,425.0,7.438971592395862,8.757311846936409,1,train,Compact Entry-Level
898000.0,5.0,1.5,2680,28014,1.0,0,0,4,1450,1230,1963,,Bellevue,98004,0,1963,51,51.0,335.07462686567163,51.0,1,0.458955223880597,0.3,412.3076923076923,7.893945138235959,10.240495359999384,0,train,Established Family Home
370000.0,3.0,1.0,800,2296,1.0,0,0,4,800,0,1908,,Seattle,98103,0,1908,106,106.0,462.5,106.0,0,0.0,0.3333333333333333,200.0,6.68586094706836,7.739359202689098,1,train,Compact Entry-Level
429000.0,2.0,1.75,1350,6315,1.0,0,0,3,1350,0,2005,,Redmond,98053,0,2005,9,9.0,317.77777777777777,9.0,0,0.0,0.875,360.0,7.208600337960199,8.750841375375533,1,train,Compact Entry-Level
150000.0,3.0,1.0,820,7680,1.5,0,0,3,820,0,1910,,Seattle,98106,0,1910,104,104.0,182.9268292682927,104.0,0,0.0,0.3333333333333333,205.0,6.710523109452428,8.946505025998682,1,train,Compact Entry-Level
555000.0,3.0,2.5,3160,4270,2.0,0,0,3,2650,510,2006,,Bothell,98011,0,2006,8,8.0,175.63291139240508,8.0,1,0.16139240506329114,0.8333333333333334,574.5454545454545,8.058643712215618,8.359603270841466,3,test,New-Build Suburban Family
326000.0,3.0,2.75,1720,28000,1.0,0,0,4,1720,0,1958,,Renton,98058,0,1958,56,56.0,189.53488372093025,56.0,0,0.0,0.9166666666666666,299.1304347826087,7.450660796211539,10.239995502805316,0,train,Established Family Home
225000.0,3.0,2.5,1680,6755,2.0,0,0,3,1680,0,1994,,Auburn,98092,0,1994,20,20.0,133.92857142857142,20.0,0,0.0,0.8333333333333334,305.45454545454544,7.427144133408616,8.81818627792769,3,train,New-Build Suburban Family
245100.0,3.0,1.75,1300,7958,1.0,0,0,3,1300,0,1996,,Auburn,98092,0,1996,18,18.0,188.53846153846155,18.0,0,0.0,0.5833333333333334,273.6842105263158,7.170888478512505,8.98205864280585,1,train,Compact Entry-Level
665000.0,3.0,2.5,2190,10370,2.0,0,0,3,2190,0,1987,,Sammamish,98074,0,1987,27,27.0,303.65296803652967,27.0,0,0.0,0.8333333333333334,398.1818181818182,7.692113339595466,9.246768728589734,3,train,New-Build Suburban Family
535000.0,3.0,2.5,1720,4006,2.0,0,0,3,1720,0,1994,,Issaquah,98029,0,1994,20,20.0,311.04651162790697,20.0,0,0.0,0.8333333333333334,312.72727272727275,7.450660796211539,8.295798110636145,3,train,New-Build Suburban Family
305000.0,3.0,1.0,1160,11776,1.0,0,0,3,1160,0,1968,,Woodinville,98077,0,1968,46,46.0,262.9310344827586,46.0,0,0.0,0.3333333333333333,290.0,7.057036981697891,9.373903755841548,1,train,Compact Entry-Level
999000.0,7.0,4.0,3150,34830,1.0,0,0,3,3150,0,1957,2005.0,Bellevue,98007,1,2005,57,9.0,317.1428571428572,9.0,0,0.0,0.5714285714285714,286.3636363636364,8.055475141757274,10.458263073829322,0,test,Established Family Home
215000.0,3.0,1.75,1210,8075,1.0,0,0,4,1210,0,1983,,Pacific,98047,0,1983,31,31.0,177.68595041322314,31.0,0,0.0,0.5833333333333334,254.73684210526315,7.099201743553092,8.996651979432729,1,train,Compact Entry-Level
432500.0,3.0,1.75,1980,5100,1.0,0,0,3,1270,710,1965,,Seattle,98103,0,1965,49,49.0,218.43434343434345,49.0,1,0.35858585858585856,0.5833333333333334,416.8421052631579,7.591357046698551,8.537191877922927,0,test,Established Family Home
655000.0,4.0,2.5,2990,5669,2.0,0,0,3,2990,0,2003,,Sammamish,98074,0,2003,11,11.0,219.06354515050168,11.0,0,0.0,0.625,460.0,8.003363058629947,8.642944396721798,3,train,New-Build Suburban Family
266200.0,3.0,1.5,1430,9600,1.0,0,0,4,1430,0,1966,,Renton,98059,0,1966,48,48.0,186.15384615384616,48.0,0,0.0,0.5,317.77777777777777,7.266128779556451,9.169622538697624,1,train,Compact Entry-Level
244615.0,3.0,2.5,2060,4030,2.0,0,0,3,2060,0,1999,,Kent,98032,0,1999,15,15.0,118.74514563106796,15.0,0,0.0,0.8333333333333334,374.54545454545456,7.630946580890459,8.301769763117166,3,train,New-Build Suburban Family
460000.0,4.0,3.0,2230,52983,2.0,0,0,3,2230,0,1991,,Kent,98030,0,1991,23,23.0,206.2780269058296,23.0,0,0.0,0.75,318.57142857142856,7.7102051944325325,10.877745260164815,3,test,New-Build Suburban Family
370000.0,4.0,2.5,3090,18645,2.0,0,0,3,3090,0,1995,,Federal Way,98023,0,1995,19,19.0,119.7411003236246,19.0,0,0.0,0.625,475.38461538461536,8.036249942132116,9.833386924856638,3,train,New-Build Suburban Family
465000.0,6.0,3.25,4250,23326,1.0,0,3,3,2150,2100,1967,,Federal Way,98003,0,1967,47,47.0,109.41176470588236,47.0,1,0.49411764705882355,0.5416666666666666,459.4594594594595,8.35490952835879,10.057366766948556,2,train,Premium View Property
1175000.0,3.0,2.5,1970,23180,1.0,1,4,3,1100,870,1937,1998.0,Seattle,98136,1,1998,77,16.0,596.4467005076142,16.0,1,0.4416243654822335,0.8333333333333334,358.1818181818182,7.58629630715272,10.051088256601693,2,train,Premium View Property
189000.0,2.0,2.0,1700,3171,1.0,0,0,5,850,850,1927,,Auburn,98002,0,1927,87,87.0,111.17647058823528,87.0,1,0.5,1.0,425.0,7.438971592395862,8.06211758275474,0,train,Established Family Home
820000.0,3.0,2.5,2510,5503,2.0,0,2,3,2510,0,1995,,Seattle,98136,0,1995,19,19.0,326.69322709163345,19.0,0,0.0,0.8333333333333334,456.3636363636364,7.828436359157585,8.61323037961318,2,train,Premium View Property
968000.0,6.0,2.75,3610,17580,1.0,0,4,5,2070,1540,1959,,Sammamish,98075,0,1959,55,55.0,268.14404432132966,55.0,1,0.4265927977839335,0.4583333333333333,412.57142857142856,8.191740021277457,9.774574052442789,2,train,Premium View Property
1400000.0,4.0,3.25,2980,7000,2.0,0,3,3,2140,840,1900,2014.0,Seattle,98144,1,2014,114,0.0,469.7986577181208,0.0,1,0.28187919463087246,0.8125,411.0344827586207,8.000014093678072,8.853808274977197,2,test,Premium View Property
438750.0,3.0,1.75,1610,6480,1.0,0,0,4,1610,0,1947,,Seattle,98125,0,1947,67,67.0,272.51552795031057,67.0,0,0.0,0.5833333333333334,338.94736842105266,7.384610383176974,8.776630098427717,1,train,Compact Entry-Level
1210000.0,4.0,2.75,3650,6982,2.0,0,2,4,2530,1120,1951,2003.0,Seattle,98115,1,2003,63,11.0,331.5068493150685,11.0,1,0.30684931506849317,0.6875,540.7407407407408,8.202756381655638,8.851233902846035,2,train,Premium View Property
600000.0,4.0,2.0,2510,38141,1.0,0,0,3,2510,0,1960,,Kirkland,98034,0,1960,54,54.0,239.0438247011952,54.0,0,0.0,0.5,418.3333333333333,7.828436359157585,10.549071316164463,0,train,Established Family Home
589000.0,3.0,1.0,1110,6000,1.5,0,0,5,1110,0,1932,,Seattle,98199,0,1932,82,82.0,530.6306306306307,82.0,0,0.0,0.3333333333333333,277.5,7.01301578963963,8.699681400989514,1,train,Compact Entry-Level
590000.0,3.0,2.0,1650,6150,2.0,0,0,4,1650,0,1926,1993.0,Seattle,98116,1,1993,88,21.0,357.5757575757576,21.0,0,0.0,0.6666666666666666,330.0,7.409136443920128,8.724369949208368,1,train,Compact Entry-Level
479900.0,3.0,2.0,1980,12150,1.0,0,0,3,1980,0,1994,,Kent,98042,0,1994,20,20.0,242.37373737373736,20.0,0,0.0,0.6666666666666666,396.0,7.591357046698551,9.405166749908611,1,train,Compact Entry-Level
210000.0,2.0,1.5,880,1157,2.0,0,0,3,880,0,2007,,Seattle,98126,0,2007,7,7.0,238.63636363636363,7.0,0,0.0,0.75,251.42857142857142,6.78105762593618,7.05444965813294,1,train,Compact Entry-Level
745000.0,3.0,1.75,1490,9800,1.0,0,0,4,1140,350,1947,,Beaux Arts Village,98004,0,1947,67,67.0,500.0,67.0,1,0.2348993288590604,0.5833333333333334,313.6842105263158,7.307202314764738,9.19023970026918,0,train,Established Family Home
840500.0,3.0,2.0,2520,5400,1.5,0,0,4,1410,1110,1906,,Seattle,98119,0,1906,108,108.0,333.531746031746,108.0,1,0.44047619047619047,0.6666666666666666,504.0,7.83241092718792,8.594339400592892,0,test,Established Family Home
420000.0,3.0,1.75,1820,22320,1.0,0,0,3,1250,570,1977,,Redmond,98053,0,1977,37,37.0,230.7692307692308,37.0,1,0.3131868131868132,0.5833333333333334,383.1578947368421,7.507141079727608,10.013283218359012,0,train,Established Family Home
565000.0,7.0,4.5,4140,9066,1.0,0,0,3,2070,2070,1978,,Seattle,98125,0,1978,36,36.0,136.47342995169083,36.0,1,0.5,0.6428571428571429,360.0,8.328692583545568,9.112396727646056,0,train,Established Family Home
840000.0,4.0,2.5,3420,8405,2.0,0,0,3,3420,0,2000,,Sammamish,98074,0,2000,14,14.0,245.6140350877193,14.0,0,0.0,0.625,526.1538461538462,8.137688184977605,9.036701015565063,3,train,New-Build Suburban Family
681716.0,4.0,2.5,3150,7277,2.0,0,0,3,3150,0,2006,,Renton,98056,0,2006,8,8.0,216.4177777777778,8.0,0,0.0,0.625,484.61538461538464,8.055475141757274,8.892611378172106,3,train,New-Build Suburban Family
600000.0,3.0,1.75,1580,7416,1.0,0,0,3,1150,430,1967,,Bellevue,98005,0,1967,47,47.0,379.746835443038,47.0,1,0.2721518987341772,0.5833333333333334,332.63157894736844,7.365812837209472,8.911529941736559,0,test,Established Family Home
380000.0,3.0,2.0,1660,8281,1.0,0,0,3,1660,0,1949,,Seattle,98136,0,1949,65,65.0,228.9156626506024,65.0,0,0.0,0.6666666666666666,332.0,7.415175109613295,9.021839764105513,1,train,Compact Entry-Level
168500.0,3.0,1.0,1100,10125,1.0,0,0,3,1100,0,1969,,Covington,98042,0,1969,45,45.0,153.1818181818182,45.0,0,0.0,0.3333333333333333,275.0,7.00397413672268,9.222861652529854,1,train,Compact Entry-Level
355000.0,2.0,1.0,1270,3200,1.0,0,0,4,960,310,1920,,Seattle,98103,0,1920,94,94.0,279.5275590551181,94.0,1,0.2440944881889764,0.5,423.3333333333333,7.147559271189454,8.071218539969863,1,test,Compact Entry-Level
277000.0,4.0,1.0,1450,6250,1.0,0,0,3,990,460,1964,,Seattle,98146,0,1964,50,50.0,191.0344827586207,50.0,1,0.31724137931034485,0.25,290.0,7.280008252884188,8.740496729931813,0,train,Established Family Home
236000.0,4.0,2.25,1830,9485,1.0,0,0,4,1200,630,1989,,Federal Way,98023,0,1989,25,25.0,128.96174863387978,25.0,1,0.3442622950819672,0.5625,292.8,7.5126175446745105,9.157572306437528,0,test,Established Family Home
270000.0,3.0,1.75,1300,4127,1.0,0,0,4,650,650,1918,1953.0,Seattle,98106,1,1953,96,61.0,207.69230769230768,61.0,1,0.5,0.5833333333333334,273.6842105263158,7.170888478512505,8.325548307161398,0,train,Established Family Home
700000.0,2.0,1.75,2320,5500,1.5,0,2,3,1720,600,1925,2000.0,Seattle,98144,1,2000,89,14.0,301.7241379310345,14.0,1,0.25862068965517243,0.875,618.6666666666666,7.749753406274437,8.612685172875459,2,train,Premium View Property
425000.0,4.0,2.75,1680,9545,1.0,0,0,4,1080,600,1979,,Kenmore,98028,0,1979,35,35.0,252.97619047619048,35.0,1,0.35714285714285715,0.6875,248.88888888888889,7.427144133408616,9.163877497565842,0,train,Established Family Home
635000.0,3.0,2.5,2300,5500,1.5,0,0,4,2000,300,1921,,Seattle,98144,0,1921,93,93.0,276.0869565217391,93.0,1,0.13043478260869565,0.8333333333333334,418.1818181818182,7.741099090035366,8.612685172875459,0,test,Established Family Home
510250.0,3.0,1.75,1400,4000,1.0,0,0,3,870,530,1951,,Seattle,98117,0,1951,63,63.0,364.4642857142857,63.0,1,0.37857142857142856,0.5833333333333334,294.7368421052632,7.244941546337007,8.294299608857235,0,train,Established Family Home
960000.0,4.0,2.25,2410,4560,2.0,0,2,5,1800,610,1929,,Seattle,98117,0,1929,85,85.0,398.3402489626556,85.0,1,0.25311203319502074,0.5625,385.6,7.787796878181171,8.4252971767117,2,train,Premium View Property
254000.0,3.0,2.0,1480,7480,1.0,0,0,4,1480,0,1992,,Maple Valley,98038,0,1992,22,22.0,171.6216216216216,22.0,0,0.0,0.6666666666666666,296.0,7.300472814267799,8.920121751872404,1,train,Compact Entry-Level
299000.0,3.0,1.0,1390,9624,1.5,0,0,4,1390,0,1954,,Shoreline,98155,0,1954,60,60.0,215.10791366906477,60.0,0,0.0,0.3333333333333333,347.5,7.237778191923443,9.172119159155985,1,train,Compact Entry-Level
175000.0,2.0,1.0,830,2699,1.0,0,0,3,830,0,1996,,Maple Valley,98038,0,1996,18,18.0,210.84337349397592,18.0,0,0.0,0.5,276.6666666666667,6.7226297948554485,7.90100705199242,1,train,Compact Entry-Level
157500.0,2.0,1.0,740,9003,1.0,0,0,3,740,0,1949,,Kent,98031,0,1949,65,65.0,212.83783783783784,65.0,0,0.0,0.5,246.66666666666666,6.608000625296087,9.105424202026622,1,test,Compact Entry-Level
580000.0,5.0,2.0,1940,6000,1.0,0,0,5,970,970,1945,,Seattle,98115,0,1945,69,69.0,298.96907216494844,69.0,1,0.5,0.4,277.14285714285717,7.57095858316901,8.699681400989514,0,test,Established Family Home
124740.0,3.0,1.0,1340,15600,1.0,0,0,4,1340,0,1978,,Kent,98042,0,1978,36,36.0,93.08955223880596,36.0,0,0.0,0.3333333333333333,335.0,7.201170883281678,9.65509029374725,1,train,Compact Entry-Level
1970000.0,8.0,3.5,4440,6480,2.0,0,3,5,3140,1300,1959,,Seattle,98112,0,1959,55,55.0,443.6936936936937,55.0,1,0.2927927927927928,0.4375,386.0869565217391,8.398634855292102,8.776630098427717,2,train,Premium View Property
285000.0,2.0,1.0,800,6240,1.0,0,0,3,800,0,1954,,Seattle,98125,0,1954,60,60.0,356.25,60.0,0,0.0,0.5,266.6666666666667,6.68586094706836,8.738895704934043,1,test,Compact Entry-Level
242000.0,3.0,1.75,1310,9645,1.0,0,0,3,1310,0,1979,,SeaTac,98198,0,1979,35,35.0,184.7328244274809,35.0,0,0.0,0.5833333333333334,275.7894736842105,7.1785454837637,9.174298600628918,1,train,Compact Entry-Level
840000.0,4.0,1.75,2330,4000,2.0,0,0,5,1300,1030,1924,,Seattle,98105,0,1924,90,90.0,360.51502145922746,90.0,1,0.44206008583690987,0.4375,405.2173913043478,7.754052639035757,8.294299608857235,0,train,Established Family Home
474800.0,2.0,3.25,1400,1243,3.0,0,0,3,1400,0,2000,,Seattle,98103,0,2000,14,14.0,339.1428571428572,14.0,0,0.0,1.625,266.6666666666667,7.244941546337007,7.126087273299125,3,test,New-Build Suburban Family
490000.0,4.0,2.5,2360,4367,2.0,0,0,3,2360,0,2003,,Woodinville,98072,0,2003,11,11.0,207.6271186440678,11.0,0,0.0,0.625,363.0769230769231,7.766840537085513,8.38206051742474,3,test,New-Build Suburban Family
465000.0,3.0,2.25,1840,5752,2.0,0,0,3,1840,0,2003,,Kirkland,98034,0,2003,11,11.0,252.7173913043478,11.0,0,0.0,0.75,350.4761904761905,7.518064181233078,8.657476736863293,3,train,New-Build Suburban Family
515000.0,4.0,2.5,2680,7178,2.0,0,0,3,2680,0,2004,,Snoqualmie,98065,0,2004,10,10.0,192.16417910447765,10.0,0,0.0,0.625,412.3076923076923,7.893945138235959,8.878915376576483,3,test,New-Build Suburban Family
430000.0,3.0,3.75,3890,7140,1.0,0,2,3,2390,1500,1943,2007.0,Seattle,98178,1,2007,71,7.0,110.53984575835476,7.0,1,0.3856041131105398,1.25,576.2962962962963,8.266421472984554,8.87360810154911,2,train,Premium View Property
253400.0,3.0,2.0,1400,8640,1.0,0,0,5,1400,0,1968,,Federal Way,98003,0,1968,46,46.0,181.0,46.0,0,0.0,0.6666666666666666,280.0,7.244941546337007,9.0642735958414,1,train,Compact Entry-Level
355000.0,3.0,2.5,2400,9701,1.0,0,0,3,2400,0,1990,,Federal Way,98023,0,1990,24,24.0,147.91666666666666,24.0,0,0.0,0.8333333333333334,436.3636363636364,7.783640596221253,9.180087328805161,3,test,New-Build Suburban Family
740000.0,4.0,2.25,2920,46355,2.0,0,0,4,2920,0,1998,,Fall City,98024,0,1998,16,16.0,253.42465753424656,16.0,0,0.0,0.5625,467.2,7.979681302387741,10.744106012454282,3,train,New-Build Suburban Family
186950.0,2.0,2.0,1390,1302,2.0,0,0,3,1390,0,1986,,Federal Way,98003,0,1986,28,28.0,134.49640287769785,28.0,0,0.0,1.0,347.5,7.237778191923443,7.172424577124845,3,train,New-Build Suburban Family
306000.0,3.0,2.5,1680,11193,2.0,0,0,3,1680,0,1984,,Renton,98058,0,1984,30,30.0,182.14285714285717,30.0,0,0.0,0.8333333333333334,305.45454545454544,7.427144133408616,9.323133199451306,3,test,New-Build Suburban Family
510000.0,4.0,1.5,2040,8800,1.0,0,0,4,1020,1020,1961,,Bellevue,98007,0,1961,53,53.0,250.0,53.0,1,0.5,0.375,370.90909090909093,7.621195162809845,9.082620630373812,0,train,Established Family Home
345000.0,2.0,1.0,1080,4000,1.0,0,0,3,1080,0,1940,,Seattle,98117,0,1940,74,74.0,319.44444444444446,74.0,0,0.0,0.5,360.0,6.985641817639208,8.294299608857235,1,train,Compact Entry-Level
875000.0,3.0,2.75,2280,4280,1.0,0,0,5,1280,1000,1917,,Seattle,98103,0,1917,97,97.0,383.7719298245614,97.0,1,0.43859649122807015,0.9166666666666666,396.5217391304348,7.732369222284388,8.361941906144946,0,train,Established Family Home
700000.0,4.0,3.5,4490,5099,2.0,0,0,3,3390,1100,2006,,Snoqualmie,98065,0,2006,8,8.0,155.90200445434297,8.0,1,0.24498886414253898,0.875,598.6666666666666,8.409830673087738,8.536995818712418,3,train,New-Build Suburban Family
1400000.0,4.0,3.25,4700,9160,1.0,0,4,3,2520,2180,2005,,Seattle,98116,0,2005,9,9.0,297.8723404255319,9.0,1,0.46382978723404256,0.8125,648.2758620689655,8.45553053102413,9.122710622015209,2,train,Premium View Property
499950.0,4.0,2.5,2798,4473,2.0,0,0,3,2798,0,2012,,Renton,98055,0,2012,2,2.0,178.68120085775553,2.0,0,0.0,0.625,430.46153846153845,7.937017489515454,8.406038142050075,3,train,New-Build Suburban Family
739000.0,3.0,2.5,2810,5400,2.0,0,0,3,2810,0,2005,,Redmond,98052,0,2005,9,9.0,262.98932384341634,9.0,0,0.0,0.8333333333333334,510.90909090909093,7.941295570906532,8.594339400592892,3,train,New-Build Suburban Family
363000.0,4.0,2.5,3753,7204,2.0,0,0,3,3336,417,2008,,Federal Way,98023,0,2008,6,6.0,96.722621902478,6.0,1,0.1111111111111111,0.625,577.3846153846154,8.230577217146454,8.882530508433623,3,train,New-Build Suburban Family
782000.0,4.0,3.5,3910,8095,2.0,0,0,3,3130,780,2007,,Issaquah,98029,0,2007,7,7.0,200.0,7.0,1,0.19948849104859334,0.875,521.3333333333334,8.271548374755515,8.999125391527247,3,test,New-Build Suburban Family
325000.0,2.0,2.5,1050,1609,2.0,0,0,3,1050,0,2005,,Seattle,98144,0,2005,9,9.0,309.5238095238095,9.0,0,0.0,1.25,233.33333333333334,6.957497370876951,7.383989457978509,3,train,New-Build Suburban Family
485000.0,4.0,1.0,1600,4300,1.5,0,0,4,1600,0,1916,,Seattle,98103,0,1916,98,98.0,303.125,98.0,0,0.0,0.25,320.0,7.3783837129967145,8.366602832783736,1,train,Compact Entry-Level
452000.0,4.0,2.25,2590,10002,1.0,0,0,4,1340,1250,1968,,Kenmore,98028,0,1968,46,46.0,174.51737451737452,46.0,1,0.4826254826254826,0.5625,414.4,7.85979918056211,9.21064032698518,0,train,Established Family Home
264950.0,4.0,2.25,1720,9753,1.0,0,0,4,1120,600,1978,,Federal Way,98023,0,1978,36,36.0,154.0406976744186,36.0,1,0.3488372093023256,0.5625,275.2,7.450660796211539,9.185432736269998,0,train,Established Family Home
472000.0,6.0,2.5,4410,14034,1.0,0,2,4,2350,2060,1965,,Federal Way,98003,0,1965,49,49.0,107.02947845804988,49.0,1,0.4671201814058957,0.4166666666666667,518.8235294117648,8.39185670010494,9.549309488795982,2,train,Premium View Property
267500.0,3.0,1.75,1590,11914,1.0,0,2,3,1090,500,1957,,SeaTac,98188,0,1957,57,57.0,168.23899371069183,57.0,1,0.31446540880503143,0.5833333333333334,334.7368421052632,7.372118028337787,9.385553389532843,2,train,Premium View Property
565000.0,4.0,2.5,2440,22594,2.0,0,0,3,2440,0,1996,,Redmond,98053,0,1996,18,18.0,231.55737704918036,18.0,0,0.0,0.625,375.38461538461536,7.80016307039296,10.02548392184538,3,train,New-Build Suburban Family
535000.0,3.0,2.5,1360,1016,3.0,0,0,3,1310,50,2003,,Seattle,98115,0,2003,11,11.0,393.38235294117646,11.0,1,0.03676470588235294,0.8333333333333334,247.27272727272728,7.215975002651466,6.92461239604856,3,train,New-Build Suburban Family
389000.0,2.0,1.0,910,7000,1.0,0,0,3,910,0,1952,,Seattle,98115,0,1952,62,62.0,427.4725274725275,62.0,0,0.0,0.5,303.3333333333333,6.814542897259958,8.853808274977197,1,train,Compact Entry-Level
400000.0,4.0,1.5,1390,7200,1.0,0,0,3,1140,250,1965,,Seattle,98133,0,1965,49,49.0,287.76978417266184,49.0,1,0.17985611510791366,0.375,252.72727272727272,7.237778191923443,8.881975184248867,0,train,Established Family Home
264000.0,3.0,1.5,1470,14821,1.0,0,0,4,1470,0,1958,,Kent,98042,0,1958,56,56.0,179.59183673469389,56.0,0,0.0,0.5,326.6666666666667,7.293697720601438,9.603867842511304,1,test,Compact Entry-Level
690000.0,4.0,2.5,2920,9904,2.0,0,0,4,2920,0,1990,,Issaquah,98029,0,1990,24,24.0,236.3013698630137,24.0,0,0.0,0.625,449.2307692307692,7.979681302387741,9.20079495913265,3,train,New-Build Suburban Family
412000.0,3.0,1.75,1950,52256,1.0,0,0,4,1950,0,1985,,Kent,98042,0,1985,29,29.0,211.28205128205127,29.0,0,0.0,0.5833333333333334,410.5263157894737,7.576097340623111,10.863929132145572,1,train,Compact Entry-Level
695000.0,3.0,2.5,2390,4555,2.0,0,0,3,2390,0,2006,,Sammamish,98074,0,2006,8,8.0,290.7949790794979,8.0,0,0.0,0.8333333333333334,434.54545454545456,7.779466967458324,8.424200324567073,3,test,New-Build Suburban Family
246500.0,3.0,1.5,1270,11600,1.0,0,0,4,1270,0,1964,,Kent,98031,0,1964,50,50.0,194.0944881889764,50.0,0,0.0,0.5,282.22222222222223,7.147559271189454,9.358846580275406,1,test,Compact Entry-Level
230000.0,2.0,1.0,950,7560,1.0,0,0,3,950,0,1958,,Renton,98058,0,1958,56,56.0,242.10526315789477,56.0,0,0.0,0.5,316.6666666666667,6.85751406254539,8.93075873555827,1,train,Compact Entry-Level
302000.0,2.0,1.0,900,423838,1.0,0,2,5,900,0,1925,,Enumclaw,98022,0,1925,89,89.0,335.55555555555554,89.0,0,0.0,0.5,300.0,6.803505257608338,12.957108945122215,1,test,Compact Entry-Level
820000.0,4.0,2.25,2280,6660,1.5,0,2,3,1960,320,1940,1984.0,Seattle,98119,1,1984,74,30.0,359.64912280701753,30.0,1,0.14035087719298245,0.5625,364.8,7.732369222284388,8.804024902413179,2,train,Premium View Property
145000.0,3.0,1.0,1010,5490,1.0,0,0,3,1010,0,1954,,SeaTac,98168,0,1954,60,60.0,143.56435643564356,60.0,0,0.0,0.3333333333333333,252.5,6.918695219020472,8.610865667278873,1,train,Compact Entry-Level
436500.0,2.0,1.0,1260,5000,1.0,0,0,3,1040,220,1951,,Seattle,98117,0,1951,63,63.0,346.42857142857144,63.0,1,0.1746031746031746,0.5,420.0,7.13966033596492,8.517393171418904,1,train,Compact Entry-Level
2453500.0,4.0,3.5,4730,13586,1.5,0,0,5,4270,460,1935,,Seattle,98112,0,1935,79,79.0,518.7103594080338,79.0,1,0.09725158562367865,0.875,630.6666666666666,8.461891875631148,9.516868732224324,0,train,Established Family Home
672000.0,3.0,2.5,2620,21587,2.0,0,0,3,2620,0,1992,,Redmond,98053,0,1992,22,22.0,256.48854961832063,22.0,0,0.0,0.8333333333333334,476.3636363636364,7.8713112033234065,9.979892883738533,3,train,New-Build Suburban Family
680000.0,3.0,2.25,2330,4000,1.5,0,2,5,1520,810,1927,,Seattle,98115,0,1927,87,87.0,291.8454935622317,87.0,1,0.34763948497854075,0.75,443.8095238095238,7.754052639035757,8.294299608857235,2,test,Premium View Property
750500.0,5.0,3.0,2170,2440,1.5,0,0,4,1450,720,1911,,Seattle,98105,0,1911,103,103.0,345.852534562212,103.0,1,0.3317972350230415,0.6,271.25,7.682943169878292,7.80016307039296,0,train,Established Family Home
550000.0,5.0,2.0,2450,9488,1.0,0,0,4,1240,1210,1900,1955.0,Seattle,98133,1,1955,114,59.0,224.48979591836732,59.0,1,0.49387755102040815,0.4,350.0,7.804251383528112,9.15788851197376,0,train,Established Family Home
266500.0,4.0,1.75,1880,7632,1.0,0,0,4,1180,700,1978,,Federal Way,98023,0,1978,36,36.0,141.75531914893617,36.0,1,0.3723404255319149,0.4375,326.95652173913044,7.53955882930103,8.94023623179847,0,train,Established Family Home
619000.0,4.0,2.0,2300,3400,1.5,0,0,5,1550,750,1915,,Seattle,98117,0,1915,99,99.0,269.1304347826087,99.0,1,0.32608695652173914,0.5,383.3333333333333,7.741099090035366,8.131824785007195,0,train,Established Family Home
405000.0,3.0,2.0,1240,14404,1.0,0,0,3,1240,0,1988,,Redmond,98053,0,1988,26,26.0,326.61290322580646,26.0,0,0.0,0.6666666666666666,248.0,7.123672785204607,9.575330647518628,1,train,Compact Entry-Level
300000.0,2.0,1.0,820,3844,1.0,0,0,4,820,0,1916,,Seattle,98133,0,1916,98,98.0,365.8536585365854,98.0,0,0.0,0.5,273.3333333333333,6.710523109452428,8.254528881939745,1,test,Compact Entry-Level
231000.0,4.0,2.0,1530,6375,2.0,0,0,3,1530,0,1942,1983.0,Renton,98058,1,1983,72,31.0,150.9803921568627,31.0,0,0.0,0.5,255.0,7.333676395657684,8.760296220470051,3,train,New-Build Suburban Family
790000.0,5.0,3.25,2900,12160,1.0,0,0,4,1890,1010,1967,,Bellevue,98005,0,1967,47,47.0,272.41379310344826,47.0,1,0.3482758620689655,0.65,351.5151515151515,7.972810784121404,9.405989388981,0,train,Established Family Home
400000.0,4.0,2.75,1240,3867,1.0,0,0,3,800,440,1987,,Seattle,98125,0,1987,27,27.0,322.5806451612903,27.0,1,0.3548387096774194,0.6875,183.7037037037037,7.123672785204607,8.260492856573185,0,test,Established Family Home
950000.0,4.0,3.5,4140,13392,2.0,0,0,3,4140,0,2000,,Newcastle,98059,0,2000,14,14.0,229.4685990338164,14.0,0,0.0,0.875,552.0,8.328692583545568,9.502487461387123,3,train,New-Build Suburban Family
450000.0,4.0,2.0,2240,7725,1.0,0,0,5,1120,1120,1956,,Seattle,98106,0,1956,58,58.0,200.89285714285717,58.0,1,0.5,0.5,373.3333333333333,7.714677473800927,8.952346543226227,0,test,Established Family Home
595000.0,3.0,2.0,1480,5000,1.0,0,0,4,750,730,1928,,Seattle,98117,0,1928,86,86.0,402.02702702702703,86.0,1,0.49324324324324326,0.6666666666666666,296.0,7.300472814267799,8.517393171418904,0,test,Established Family Home
332000.0,3.0,2.25,2270,8876,1.0,0,0,3,1380,890,1977,,Renton,98058,0,1977,37,37.0,146.2555066079295,37.0,1,0.3920704845814978,0.75,432.3809523809524,7.7279755421055585,9.09121894106832,0,test,Established Family Home
155000.0,3.0,1.0,1250,6250,1.0,0,0,2,1030,220,1949,,Seattle,98108,0,1949,65,65.0,124.0,65.0,1,0.176,0.3333333333333333,312.5,7.1316985104669115,8.740496729931813,1,train,Compact Entry-Level
400000.0,5.0,2.0,1930,9747,1.0,0,0,4,1020,910,1962,,Kenmore,98028,0,1962,52,52.0,207.2538860103627,52.0,1,0.47150259067357514,0.4,275.7142857142857,7.565793282428515,9.184817414745098,0,train,Established Family Home
349000.0,4.0,1.75,1700,7800,1.0,0,0,5,1120,580,1981,,Renton,98059,0,1981,33,33.0,205.2941176470588,33.0,1,0.3411764705882353,0.4375,295.6521739130435,7.438971592395862,8.962007209588313,0,train,Established Family Home
529000.0,3.0,1.0,1590,6420,1.0,0,0,3,1590,0,1944,,Seattle,98136,0,1944,70,70.0,332.70440251572325,70.0,0,0.0,0.3333333333333333,397.5,7.372118028337787,8.76732914779405,1,train,Compact Entry-Level
405000.0,5.0,1.75,1880,10000,1.0,0,0,3,960,920,1963,,Kirkland,98034,0,1963,51,51.0,215.4255319148936,51.0,1,0.48936170212765956,0.35,278.51851851851853,7.53955882930103,9.210440366976517,0,test,Established Family Home
635200.0,4.0,1.75,1640,4240,1.0,0,0,5,920,720,1921,,Seattle,98117,0,1921,93,93.0,387.3170731707317,93.0,1,0.43902439024390244,0.4375,285.2173913043478,7.403061091090091,8.352554369474591,0,test,Established Family Home
540000.0,3.0,1.5,2600,5085,1.0,0,0,4,1400,1200,1940,,Seattle,98126,0,1940,74,74.0,207.69230769230768,74.0,1,0.46153846153846156,0.5,577.7777777777778,7.8636512654486515,8.534246945982066,0,train,Established Family Home
402000.0,2.0,1.0,710,1173,2.0,0,0,4,710,0,1943,,Seattle,98102,0,1943,71,71.0,566.1971830985915,71.0,0,0.0,0.5,236.66666666666666,6.566672429803241,7.068172000388042,1,test,Compact Entry-Level
3100000.0,6.0,4.25,6980,15682,3.0,0,4,4,5330,1650,1999,,Mercer Island,98040,0,1999,15,15.0,444.1260744985673,15.0,1,0.23638968481375358,0.7083333333333334,680.9756097560976,8.850947451970402,9.660332602134424,2,train,Premium View Property
329932.0,3.0,1.5,1460,5040,1.0,0,0,3,1100,360,1971,,Seattle,98133,0,1971,43,43.0,225.9808219178082,43.0,1,0.2465753424657534,0.5,324.44444444444446,7.2868764117507,8.525359754082631,0,train,Established Family Home
300000.0,3.0,2.5,2080,9827,2.0,0,0,3,2080,0,1989,,Federal Way,98023,0,1989,25,25.0,144.23076923076923,25.0,0,0.0,0.8333333333333334,378.1818181818182,7.640603826393634,9.19299073364107,3,train,New-Build Suburban Family
525000.0,5.0,2.5,2630,9216,2.0,0,0,3,2630,0,2003,,Duvall,98019,0,2003,11,11.0,199.61977186311788,11.0,0,0.0,0.5,350.6666666666667,7.875119281040293,9.128804883993665,3,train,New-Build Suburban Family
2750000.0,4.0,3.25,4430,21000,2.0,0,0,3,4430,0,1952,2007.0,Medina,98039,1,2007,62,7.0,620.7674943566591,7.0,0,0.0,0.8125,611.0344827586207,8.39638057119949,9.952325334619427,3,train,New-Build Suburban Family
602500.0,4.0,2.5,2760,6850,2.0,0,0,3,2760,0,1999,,Newcastle,98056,0,1999,15,15.0,218.29710144927537,15.0,0,0.0,0.625,424.61538461538464,7.923348211930154,8.832149906002899,3,train,New-Build Suburban Family
400000.0,4.0,2.0,1670,12056,1.0,0,0,3,1670,0,1955,,Kenmore,98028,0,1955,59,59.0,239.52095808383237,59.0,0,0.0,0.5,278.3333333333333,7.421177528595393,9.397400683117311,1,train,Compact Entry-Level
445000.0,4.0,1.75,1990,4725,1.5,0,0,4,1190,800,1944,,Seattle,98126,0,1944,70,70.0,223.6180904522613,70.0,1,0.4020100502512563,0.4375,346.0869565217391,7.596392304064196,8.460834457746854,0,train,Established Family Home
525000.0,3.0,3.0,2600,5238,1.5,0,3,3,1890,710,1989,,Des Moines,98198,0,1989,25,25.0,201.92307692307693,25.0,1,0.27307692307692305,1.0,433.3333333333333,7.8636512654486515,8.56388591940822,2,train,Premium View Property
395000.0,2.0,1.0,1320,1824,1.5,0,0,4,1320,0,1909,,Seattle,98144,0,1909,105,105.0,299.24242424242425,105.0,0,0.0,0.5,440.0,7.186144304522325,7.509335266016592,1,train,Compact Entry-Level
510000.0,3.0,1.5,2240,3800,2.0,0,0,3,1370,870,1929,,Seattle,98115,0,1929,85,85.0,227.67857142857144,85.0,1,0.38839285714285715,0.5,497.77777777777777,7.714677473800927,8.24301946898925,0,train,Established Family Home
723000.0,4.0,2.25,1960,8680,1.0,0,0,4,1290,670,1959,,Bellevue,98004,0,1959,55,55.0,368.8775510204082,55.0,1,0.34183673469387754,0.5625,313.6,7.581209826196346,9.068892008391808,0,test,Established Family Home
503000.0,3.0,2.0,2590,108900,2.0,0,0,3,1980,610,1988,,Maple Valley,98038,0,1988,26,26.0,194.20849420849424,26.0,1,0.23552123552123552,0.6666666666666666,518.0,7.85979918056211,11.598194491615347,3,train,New-Build Suburban Family
672500.0,4.0,2.75,2620,6707,2.0,0,0,3,2620,0,2000,,Sammamish,98075,0,2000,14,14.0,256.6793893129771,14.0,0,0.0,0.6875,388.14814814814815,7.8713112033234065,8.8110561229431,3,test,New-Build Suburban Family
860000.0,3.0,2.5,2770,9136,2.0,0,0,3,2770,0,1991,,Bellevue,98006,0,1991,23,23.0,310.4693140794224,23.0,0,0.0,0.8333333333333334,503.6363636363636,7.9269635448629785,9.120087382998621,3,train,New-Build Suburban Family
475300.0,3.0,1.0,2110,10005,1.0,0,0,5,1110,1000,1924,,Kirkland,98033,0,1924,90,90.0,225.260663507109,90.0,1,0.47393364928909953,0.3333333333333333,527.5,7.65491704784832,9.21094019204815,0,train,Established Family Home
295000.0,4.0,2.5,2290,4539,2.0,0,0,3,2290,0,2001,,Renton,98058,0,2001,13,13.0,128.82096069868996,13.0,0,0.0,0.625,352.3076923076923,7.736743682453495,8.420682291035394,3,train,New-Build Suburban Family
1425000.0,4.0,4.25,4960,6000,2.5,0,0,3,3680,1280,1909,2003.0,Seattle,98109,1,2003,105,11.0,287.2983870967742,11.0,1,0.25806451612903225,1.0625,601.2121212121212,8.509362612301048,8.699681400989514,3,train,New-Build Suburban Family
250000.0,2.0,1.0,1110,26051,1.0,0,0,3,1110,0,1951,,SeaTac,98168,0,1951,63,63.0,225.2252252252252,63.0,0,0.0,0.5,370.0,7.01301578963963,10.167849819666293,1,train,Compact Entry-Level
658000.0,4.0,2.75,3310,6166,2.0,0,0,3,3310,0,2008,,Snoqualmie,98065,0,2008,6,6.0,198.79154078549848,6.0,0,0.0,0.6875,490.3703703703704,8.105005537547246,8.726967774991493,3,test,New-Build Suburban Family
83000.0,2.0,1.0,900,8580,1.0,0,0,3,900,0,1918,,Tukwila,98168,0,1918,96,96.0,92.22222222222224,96.0,0,0.0,0.5,300.0,6.803505257608338,9.057305735807121,1,train,Compact Entry-Level
685000.0,3.0,1.75,1940,7313,1.0,0,1,4,1440,500,1960,,Seattle,98136,0,1960,54,54.0,353.0927835051546,54.0,1,0.25773195876288657,0.5833333333333334,408.42105263157896,7.57095858316901,8.897545598709327,0,train,Established Family Home
210000.0,3.0,1.75,1590,7617,2.0,0,0,3,1590,0,1986,,Des Moines,98198,0,1986,28,28.0,132.0754716981132,28.0,0,0.0,0.5833333333333334,334.7368421052632,7.372118028337787,8.938269147038548,3,test,New-Build Suburban Family
650880.0,3.0,2.5,2930,6050,2.0,0,0,3,2930,0,2008,,Snoqualmie,98065,0,2008,6,6.0,222.1433447098976,6.0,0,0.0,0.8333333333333334,532.7272727272727,7.983098940710892,8.707978826622321,3,train,New-Build Suburban Family
350000.0,4.0,2.5,2040,22653,2.0,0,0,3,2040,0,2011,,Seattle,98168,0,2011,3,3.0,171.5686274509804,3.0,0,0.0,0.625,313.84615384615387,7.621195162809845,10.02809171576066,3,train,New-Build Suburban Family
305000.0,2.0,2.25,1000,905,3.0,0,0,3,1000,0,2006,,Seattle,98117,0,2006,8,8.0,305.0,8.0,0,0.0,1.125,235.2941176470588,6.90875477931522,6.80903930604298,3,test,New-Build Suburban Family
645000.0,3.0,3.25,1730,1229,2.0,0,2,3,1320,410,2008,,Seattle,98119,0,2008,6,6.0,372.8323699421965,6.0,1,0.23699421965317918,1.0833333333333333,276.8,7.456454555176209,7.114769448366463,2,test,Premium View Property
385000.0,3.0,1.0,1220,4800,1.0,0,0,3,1220,0,1901,,Seattle,98122,0,1901,113,113.0,315.57377049180326,113.0,0,0.0,0.3333333333333333,305.0,7.107425474110705,8.476579508530941,1,train,Compact Entry-Level
860000.0,3.0,2.25,3060,12095,2.0,0,0,3,3060,0,1983,,Bellevue,98006,0,1983,31,31.0,281.0457516339869,31.0,0,0.0,0.75,582.8571428571429,8.026496938945412,9.400630098419315,3,train,New-Build Suburban Family
395000.0,4.0,2.5,2910,5000,2.0,0,0,3,2910,0,2002,,Covington,98042,0,2002,12,12.0,135.73883161512026,12.0,0,0.0,0.625,447.6923076923077,7.976251943745623,8.517393171418904,3,train,New-Build Suburban Family
260000.0,3.0,1.75,1050,5850,1.0,0,0,3,1050,0,1980,,Burien,98166,0,1980,34,34.0,247.6190476190476,34.0,0,0.0,0.5833333333333334,221.05263157894737,6.957497370876951,8.674367865788236,1,train,Compact Entry-Level
196440.0,3.0,2.0,1560,7352,1.0,0,0,3,1560,0,1992,,Algona,98001,0,1992,22,22.0,125.92307692307692,22.0,0,0.0,0.6666666666666666,312.0,7.353081920515432,8.902863672196222,1,test,Compact Entry-Level
425000.0,3.0,1.75,1680,3000,1.0,0,2,4,840,840,1900,,Seattle,98103,0,1900,114,114.0,252.97619047619048,114.0,1,0.5,0.5833333333333334,353.6842105263158,7.427144133408616,8.006700845440367,0,train,Established Family Home
2400000.0,4.0,3.25,4140,20734,1.0,0,1,3,3300,840,1977,2005.0,Clyde Hill,98004,1,2005,37,9.0,579.7101449275362,9.0,1,0.2028985507246377,0.8125,571.0344827586207,8.328692583545568,9.939578372680481,2,test,Premium View Property
369000.0,3.0,2.0,1550,8509,1.0,0,0,3,1150,400,1959,,Seattle,98106,0,1959,55,55.0,238.06451612903223,55.0,1,0.25806451612903225,0.6666666666666666,310.0,7.346655163176539,9.04899722156742,0,train,Established Family Home
1385000.0,6.0,2.75,5700,20000,1.0,0,4,4,2850,2850,1977,,Bellevue,98006,0,1977,37,37.0,242.98245614035088,37.0,1,0.5,0.4583333333333333,651.4285714285714,8.648396877031582,9.90353755128617,2,train,Premium View Property
349900.0,3.0,2.5,2200,7278,2.0,0,0,3,2200,0,1990,,Renton,98058,0,1990,24,24.0,159.04545454545453,24.0,0,0.0,0.8333333333333334,400.0,7.696667081526462,8.892748769118258,3,train,New-Build Suburban Family
650000.0,2.0,2.5,1740,2500,2.0,0,2,3,1210,530,1994,,Seattle,98112,0,1994,20,20.0,373.5632183908046,20.0,1,0.3045977011494253,1.25,386.6666666666667,7.462214939768189,7.824445930877619,2,train,Premium View Property
299950.0,3.0,1.0,1210,9525,1.0,0,0,3,1210,0,1955,,Seattle,98106,0,1955,59,59.0,247.89256198347107,59.0,0,0.0,0.3333333333333333,302.5,7.099201743553092,9.161780181360806,1,train,Compact Entry-Level
625000.0,4.0,3.25,4240,25639,2.0,0,3,3,3550,690,1989,,Federal Way,98023,0,1989,25,25.0,147.4056603773585,25.0,1,0.16273584905660377,0.8125,584.8275862068965,8.352554369474591,10.151908911034607,2,train,Premium View Property
190000.0,3.0,2.25,1590,11745,1.0,0,0,3,1090,500,1978,,Auburn,98001,0,1978,36,36.0,119.49685534591195,36.0,1,0.31446540880503143,0.75,302.85714285714283,7.372118028337787,9.371268036082466,0,train,Established Family Home
715000.0,4.0,1.75,3420,7200,1.0,0,3,5,1770,1650,1947,,Seattle,98125,0,1947,67,67.0,209.0643274853801,67.0,1,0.4824561403508772,0.4375,594.7826086956521,8.137688184977605,8.881975184248867,2,train,Premium View Property
659000.0,4.0,2.5,3190,11375,1.0,0,0,5,2210,980,1946,,Seattle,98125,0,1946,68,68.0,206.58307210031347,68.0,1,0.3072100313479624,0.625,490.7692307692308,8.068089626278244,9.339261152043022,0,train,Established Family Home
490000.0,3.0,1.75,1920,5405,1.0,0,2,4,960,960,1947,,Seattle,98126,0,1947,67,67.0,255.20833333333331,67.0,1,0.5,0.5833333333333334,404.2105263157895,7.560601162768557,8.595264726836392,2,train,Premium View Property
415000.0,2.0,1.75,1340,4664,1.0,0,0,3,1340,0,2004,,Redmond,98053,0,2004,10,10.0,309.7014925373134,10.0,0,0.0,0.875,357.3333333333333,7.201170883281678,8.447843113281444,1,test,Compact Entry-Level
750000.0,3.0,1.75,1700,8400,1.0,0,0,3,1460,240,1947,,Seattle,98199,0,1947,67,67.0,441.1764705882353,67.0,1,0.1411764705882353,0.5833333333333334,357.89473684210526,7.438971592395862,9.036106025364846,0,train,Established Family Home
700000.0,4.0,2.5,2310,3570,1.5,0,0,3,1490,820,1927,2014.0,Seattle,98103,1,2014,87,0.0,303.030303030303,0.0,1,0.354978354978355,0.625,355.38461538461536,7.745435610274381,8.18060094759445,0,train,Established Family Home
425000.0,3.0,1.75,1510,44000,1.0,0,0,3,1240,270,1989,,North Bend,98045,0,1989,25,25.0,281.4569536423841,25.0,1,0.17880794701986755,0.5833333333333334,317.89473684210526,7.32052696227274,10.691967639914864,0,train,Established Family Home
642000.0,3.0,2.5,2670,10082,1.0,0,0,3,2670,0,1987,,Sammamish,98074,0,1987,27,27.0,240.4494382022472,27.0,0,0.0,0.8333333333333334,485.45454545454544,7.890208213109961,9.218606116393214,3,train,New-Build Suburban Family
655000.0,4.0,2.25,2060,8470,1.0,0,0,3,1440,620,1983,,Bellevue,98006,0,1983,31,31.0,317.9611650485437,31.0,1,0.30097087378640774,0.5625,329.6,7.630946580890459,9.044403844431551,0,train,Established Family Home
1365000.0,3.0,2.5,2090,6000,1.5,0,0,4,2090,0,1928,,Seattle,98105,0,1928,86,86.0,653.11004784689,86.0,0,0.0,0.8333333333333334,380.0,7.645397699428633,8.699681400989514,1,train,Compact Entry-Level
458000.0,5.0,2.5,3090,23265,1.0,0,0,3,2990,100,1957,,Bothell,98011,0,1957,57,57.0,148.2200647249191,57.0,1,0.032362459546925564,0.5,412.0,8.036249942132116,10.054748346376712,0,train,Established Family Home
330000.0,2.0,2.5,1240,1546,2.0,0,0,3,1240,0,2007,,Seattle,98108,0,2007,7,7.0,266.1290322580645,7.0,0,0.0,1.25,275.55555555555554,7.123672785204607,7.344072850573066,3,train,New-Build Suburban Family
384950.0,3.0,2.5,1860,3690,2.0,0,0,3,1860,0,2000,,Kenmore,98028,0,2000,14,14.0,206.96236559139783,14.0,0,0.0,0.8333333333333334,338.1818181818182,7.528869256642251,8.213652703029998,3,train,New-Build Suburban Family
560000.0,3.0,1.5,2000,7350,1.0,0,0,3,2000,0,1953,,Seattle,98177,0,1953,61,61.0,280.0,61.0,0,0.0,0.5,444.44444444444446,7.601402334583733,8.902591637374087,1,train,Compact Entry-Level
950000.0,4.0,1.75,2500,92347,1.0,0,0,4,1500,1000,1970,,Mercer Island,98040,0,1970,44,44.0,380.0,44.0,1,0.4,0.4375,434.7826086956522,7.824445930877619,11.433319328652216,0,train,Established Family Home
465000.0,4.0,2.25,1820,20349,1.0,0,0,5,1340,480,1977,,Woodinville,98072,0,1977,37,37.0,255.4945054945055,37.0,1,0.26373626373626374,0.5625,291.2,7.507141079727608,9.920836190870741,0,test,Established Family Home
425000.0,3.0,2.25,1820,8058,1.0,0,0,3,1260,560,1974,,Kirkland,98034,0,1974,40,40.0,233.5164835164835,40.0,1,0.3076923076923077,0.75,346.6666666666667,7.507141079727608,8.994544758324512,0,train,Established Family Home
315000.0,3.0,2.0,1060,5750,1.0,0,0,3,1060,0,1981,,Seattle,98126,0,1981,33,33.0,297.1698113207547,33.0,0,0.0,0.6666666666666666,212.0,6.966967138613983,8.657129031713755,1,train,Compact Entry-Level
530000.0,3.0,2.5,1950,9906,2.0,0,0,3,1950,0,1988,,Sammamish,98074,0,1988,26,26.0,271.79487179487177,26.0,0,0.0,0.8333333333333334,354.54545454545456,7.576097340623111,9.20099685697303,3,test,New-Build Suburban Family
399000.0,2.0,1.0,940,4800,1.0,0,0,4,940,0,1911,1955.0,Seattle,98116,1,1955,103,59.0,424.468085106383,59.0,0,0.0,0.5,313.3333333333333,6.846943139585379,8.476579508530941,1,test,Compact Entry-Level
168000.0,2.0,1.5,1220,3568,1.5,0,0,4,1220,0,1976,,Des Moines,98198,0,1976,38,38.0,137.70491803278688,38.0,0,0.0,0.75,348.57142857142856,7.107425474110705,8.18004072349016,1,train,Compact Entry-Level
1886700.0,5.0,3.5,4180,17935,2.0,0,0,3,4180,0,2004,,Bellevue,98004,0,2004,10,10.0,451.3636363636364,10.0,0,0.0,0.7,491.7647058823529,8.338305731356565,9.79456514531194,3,train,New-Build Suburban Family
374000.0,3.0,1.0,1200,9800,1.0,0,0,4,1200,0,1971,,Woodinville,98072,0,1971,43,43.0,311.6666666666667,43.0,0,0.0,0.3333333333333333,300.0,7.0909098220799835,9.19023970026918,1,train,Compact Entry-Level
740000.0,5.0,3.75,3990,18897,2.0,0,0,3,3090,900,1937,2010.0,Seattle,98125,1,2010,77,4.0,185.4636591478697,4.0,1,0.22556390977443608,0.75,456.0,8.291797105048733,9.846811375342572,0,train,Established Family Home
280000.0,2.0,1.0,1880,7560,1.0,0,0,3,940,940,1919,,Seattle,98126,0,1919,95,95.0,148.93617021276594,95.0,1,0.5,0.5,626.6666666666666,7.53955882930103,8.93075873555827,1,test,Compact Entry-Level
322000.0,4.0,2.5,2280,7200,2.0,0,0,3,2280,0,1994,,Kent,98030,0,1994,20,20.0,141.2280701754386,20.0,0,0.0,0.625,350.7692307692308,7.732369222284388,8.881975184248867,3,train,New-Build Suburban Family
459900.0,3.0,1.75,2580,11000,1.0,0,0,4,1290,1290,1951,,Bellevue,98006,0,1951,63,63.0,178.25581395348837,63.0,1,0.5,0.5833333333333334,543.1578947368421,7.855932199718614,9.305741456739435,0,train,Established Family Home
750000.0,4.0,2.75,2600,4674,1.0,0,0,3,1560,1040,1976,,Seattle,98115,0,1976,38,38.0,288.46153846153845,38.0,1,0.4,0.6875,385.18518518518516,7.8636512654486515,8.449984441722787,0,train,Established Family Home
1256500.0,4.0,2.5,3150,13700,2.0,0,0,4,3150,0,1966,,Mercer Island,98040,0,1966,48,48.0,398.8888888888889,48.0,0,0.0,0.625,484.61538461538464,8.055475141757274,9.525224101853109,3,train,New-Build Suburban Family
3710000.0,4.0,3.5,5550,28078,2.0,0,2,4,3350,2200,2000,,Medina,98039,0,2000,14,14.0,668.4684684684685,14.0,1,0.3963963963963964,0.875,740.0,8.621733370690162,10.242777244969993,2,train,Premium View Property
427000.0,5.0,2.75,2220,4000,1.0,0,0,3,1230,990,1973,,Seattle,98144,0,1973,41,41.0,192.34234234234236,41.0,1,0.44594594594594594,0.55,286.4516129032258,7.7057128238944275,8.294299608857235,0,train,Established Family Home
800000.0,2.0,2.25,1730,31491,2.0,1,2,4,1730,0,1947,1988.0,Vashon,98070,1,1988,67,26.0,462.4277456647399,26.0,0,0.0,1.125,407.05882352941177,7.456454555176209,10.357488824304358,2,train,Premium View Property
735000.0,4.0,3.0,2840,4120,1.5,0,0,4,2060,780,1931,,Seattle,98118,0,1931,83,83.0,258.80281690140845,83.0,1,0.2746478873239437,0.75,405.7142857142857,7.951911381854188,8.323851131338817,0,train,Established Family Home
642000.0,4.0,2.5,2560,8780,2.0,0,0,3,2560,0,1992,,Issaquah,98029,0,1992,22,22.0,250.78125,22.0,0,0.0,0.625,393.84615384615387,7.848153086199526,9.080345575359996,3,test,New-Build Suburban Family
240000.0,3.0,2.0,1330,6000,1.0,0,0,4,630,700,1900,,Seattle,98108,0,1900,114,114.0,180.45112781954887,114.0,1,0.5263157894736842,0.6666666666666666,266.0,7.193685818395112,8.699681400989514,0,train,Established Family Home
645500.0,2.0,1.0,1890,5202,1.5,0,0,4,1890,0,1909,,Seattle,98117,0,1909,105,105.0,341.53439153439155,105.0,0,0.0,0.5,630.0,7.544861068658458,8.556990661290303,1,test,Compact Entry-Level
840000.0,7.0,4.5,4290,37607,1.5,0,0,5,4290,0,1982,,Issaquah,98027,0,1982,32,32.0,195.8041958041958,32.0,0,0.0,0.6428571428571429,373.04347826086956,8.364275084991524,10.534972072703967,3,train,New-Build Suburban Family
475000.0,2.0,2.0,1540,54450,2.0,0,0,3,1540,0,1983,,Redmond,98053,0,1983,31,31.0,308.4415584415584,31.0,0,0.0,1.0,385.0,7.340186835320115,10.905056493665374,3,train,New-Build Suburban Family
568000.0,4.0,2.0,2340,50233,1.0,0,0,4,1170,1170,1966,,Sammamish,98075,0,1966,48,48.0,242.73504273504275,48.0,1,0.5,0.5,390.0,7.75833346749091,10.824447367258546,0,train,Established Family Home
325000.0,3.0,1.75,2180,10230,1.0,0,0,4,1090,1090,1961,,Seattle,98118,0,1961,53,53.0,149.08256880733944,53.0,1,0.5,0.5833333333333334,458.94736842105266,7.687538766201629,9.23317760587894,0,test,Established Family Home
825500.0,3.0,2.5,2780,11964,2.0,0,0,3,2780,0,2009,,Kirkland,98034,0,2009,5,5.0,296.9424460431655,5.0,0,0.0,0.8333333333333334,505.45454545454544,7.930565854233965,9.389741000342473,3,train,New-Build Suburban Family
499431.0,4.0,2.75,2620,6019,2.0,0,0,3,2620,0,2013,,North Bend,98045,0,2013,1,1.0,190.62251908396948,1.0,0,0.0,0.6875,388.14814814814815,7.8713112033234065,8.702842538302868,3,train,New-Build Suburban Family
919204.0,4.0,3.5,3760,5000,2.0,0,0,3,2860,900,2014,,Seattle,98117,0,2014,0,0.0,244.4691489361702,0.0,1,0.2393617021276596,0.875,501.3333333333333,8.232440158470336,8.517393171418904,3,test,New-Build Suburban Family
545000.0,4.0,2.5,2720,4738,2.0,0,0,3,2720,0,2012,,Snoqualmie,98065,0,2012,2,2.0,200.36764705882356,2.0,0,0.0,0.625,418.46153846153845,7.908754738783246,8.463581421967588,3,train,New-Build Suburban Family
660000.0,3.0,2.25,2675,40910,2.0,0,0,3,2675,0,1984,,Sammamish,98075,0,1984,30,30.0,246.7289719626168,30.0,0,0.0,0.75,509.5238095238095,7.892078421248119,10.619154254525943,3,test,New-Build Suburban Family
538888.0,5.0,2.75,2080,13189,2.0,0,0,3,2080,0,1987,,Sammamish,98074,0,1987,27,27.0,259.08076923076925,27.0,0,0.0,0.55,268.38709677419354,7.640603826393634,9.48721424571136,3,train,New-Build Suburban Family
693000.0,3.0,2.5,2460,12028,2.0,0,0,3,2460,0,1996,,Redmond,98052,0,1996,18,18.0,281.7073170731707,18.0,0,0.0,0.8333333333333334,447.27272727272725,7.8083230503910555,9.395075679994072,3,train,New-Build Suburban Family
289950.0,3.0,2.5,1960,3480,2.0,0,0,3,1960,0,2004,,Renton,98056,0,2004,10,10.0,147.93367346938774,10.0,0,0.0,0.8333333333333334,356.3636363636364,7.581209826196346,8.15507488781144,3,train,New-Build Suburban Family
587000.0,4.0,2.5,2550,6256,2.0,0,0,3,2550,0,1992,,Woodinville,98072,0,1992,22,22.0,230.1960784313725,22.0,0,0.0,0.625,392.3076923076923,7.844240718141811,8.741456115998364,3,train,New-Build Suburban Family
615000.0,3.0,2.25,1760,1146,3.0,0,0,3,1760,0,2014,,Seattle,98122,0,2014,0,0.0,349.4318181818182,0.0,0,0.0,0.75,335.23809523809524,7.473637108496206,7.044905117129371,3,test,New-Build Suburban Family
459000.0,3.0,1.75,1620,7330,1.0,0,0,4,1090,530,1974,,Kirkland,98034,0,1974,40,40.0,283.3333333333333,40.0,1,0.3271604938271605,0.5833333333333334,341.05263157894734,7.390798521735676,8.899867211223587,0,train,Established Family Home
243000.0,3.0,1.75,1790,12000,1.0,0,0,3,1040,750,1960,,Des Moines,98198,0,1960,54,54.0,135.75418994413408,54.0,1,0.41899441340782123,0.5833333333333334,376.8421052631579,7.490529402060711,9.392745258631441,0,test,Established Family Home
1505000.0,4.0,3.5,3480,7232,2.0,0,0,3,2580,900,1926,2010.0,Seattle,98144,1,2010,88,4.0,432.4712643678161,4.0,1,0.25862068965517243,0.875,464.0,8.15507488781144,8.886409166849282,0,train,Established Family Home
660000.0,4.0,1.75,2780,9900,2.0,0,0,4,2780,0,1978,,Sammamish,98074,0,1978,36,36.0,237.41007194244605,36.0,0,0.0,0.4375,483.4782608695652,7.930565854233965,9.200391041122515,3,train,New-Build Suburban Family
1595000.0,5.0,3.0,3640,8239,2.0,0,3,3,2540,1100,1982,,Bellevue,98008,0,1982,32,32.0,438.1868131868132,32.0,1,0.3021978021978022,0.6,455.0,8.200013648175434,9.016755622903517,2,test,Premium View Property
250000.0,1.0,1.0,750,4000,1.0,0,0,3,750,0,1918,,Seattle,98136,0,1918,96,96.0,333.3333333333333,96.0,0,0.0,1.0,375.0,6.621405651764134,8.294299608857235,1,train,Compact Entry-Level
315000.0,3.0,1.0,960,6634,1.0,0,0,3,960,0,1952,,Seattle,98125,0,1952,62,62.0,328.125,62.0,0,0.0,0.3333333333333333,240.0,6.8679744089702925,8.800113946766308,1,train,Compact Entry-Level
404000.0,3.0,1.5,2030,8880,1.0,0,0,3,1330,700,1963,,Seattle,98108,0,1963,51,51.0,199.0147783251232,51.0,1,0.3448275862068966,0.5,451.1111111111111,7.616283561580385,9.091669442258505,0,test,Established Family Home
559900.0,3.0,2.75,2930,5569,1.0,0,0,3,1860,1070,2004,,Woodinville,98072,0,2004,10,10.0,191.09215017064847,10.0,1,0.3651877133105802,0.9166666666666666,509.5652173913044,7.983098940710892,8.62515033292133,0,test,Established Family Home
285000.0,2.0,2.5,1380,1073,2.0,0,0,3,1140,240,2011,,Seattle,98126,0,2011,3,3.0,206.5217391304348,3.0,1,0.17391304347826086,1.25,306.6666666666667,7.2305631534092925,6.97914527506881,3,train,New-Build Suburban Family
500000.0,3.0,2.0,1720,5525,1.0,0,2,5,960,760,1941,,Seattle,98108,0,1941,73,73.0,290.69767441860466,73.0,1,0.4418604651162791,0.6666666666666666,344.0,7.450660796211539,8.617219505483362,2,train,Premium View Property
380000.0,2.0,1.0,1210,4800,1.0,0,0,3,1060,150,1950,,Seattle,98108,0,1950,64,64.0,314.0495867768595,64.0,1,0.12396694214876033,0.5,403.3333333333333,7.099201743553092,8.476579508530941,1,train,Compact Entry-Level
469000.0,3.0,1.0,950,4250,1.5,0,0,5,950,0,1948,,Seattle,98122,0,1948,66,66.0,493.6842105263158,66.0,0,0.0,0.3333333333333333,237.5,6.85751406254539,8.35490952835879,1,test,Compact Entry-Level
405000.0,2.0,1.75,1710,4234,2.0,0,0,3,1330,380,1920,1979.0,Seattle,98136,1,1979,94,35.0,236.8421052631579,35.0,1,0.2222222222222222,0.875,456.0,7.444833273892193,8.351138607086154,1,train,Compact Entry-Level
439900.0,2.0,2.0,1410,12282,1.5,0,0,5,1410,0,1909,1988.0,Preston,98050,1,1988,105,26.0,311.98581560283685,26.0,0,0.0,1.0,352.5,7.252053951852814,9.415971471539095,1,train,Compact Entry-Level
525000.0,4.0,2.5,2910,7631,2.0,0,2,3,2910,0,2006,,Maple Valley,98038,0,2006,8,8.0,180.41237113402065,8.0,0,0.0,0.625,447.6923076923077,7.976251943745623,8.940105213128122,2,train,Premium View Property
580000.0,4.0,2.5,2220,7064,2.0,0,0,3,2220,0,1988,,Issaquah,98029,0,1988,26,26.0,261.26126126126127,26.0,0,0.0,0.625,341.53846153846155,7.7057128238944275,8.862908295118627,3,train,New-Build Suburban Family
1250000.0,5.0,3.25,3160,13238,2.0,0,0,5,3160,0,1972,,Mercer Island,98040,0,1972,42,42.0,395.5696202531645,42.0,0,0.0,0.65,383.030303030303,8.058643712215618,9.490922297937656,3,train,New-Build Suburban Family
275000.0,3.0,2.0,1380,4500,1.0,0,0,3,1380,0,2008,,Maple Valley,98038,0,2008,6,6.0,199.2753623188406,6.0,0,0.0,0.6666666666666666,276.0,7.2305631534092925,8.412054873292933,1,train,Compact Entry-Level
629000.0,3.0,2.0,1760,5000,1.0,0,0,5,960,800,1920,,Seattle,98199,0,1920,94,94.0,357.3863636363636,94.0,1,0.45454545454545453,0.6666666666666666,352.0,7.473637108496206,8.517393171418904,0,train,Established Family Home
395000.0,1.0,1.0,730,3000,1.0,0,0,3,730,0,1911,,Seattle,98107,0,1911,103,103.0,541.0958904109589,103.0,0,0.0,1.0,365.0,6.594413459749778,8.006700845440367,1,train,Compact Entry-Level
965000.0,4.0,2.5,2460,5000,2.0,0,0,5,1620,840,1938,,Seattle,98112,0,1938,76,76.0,392.2764227642276,76.0,1,0.34146341463414637,0.625,378.46153846153845,7.8083230503910555,8.517393171418904,0,train,Established Family Home
820000.0,3.0,1.75,2160,6272,1.0,0,0,4,1390,770,1960,,Seattle,98115,0,1960,54,54.0,379.6296296296296,54.0,1,0.35648148148148145,0.5833333333333334,454.7368421052632,7.6783263565068856,8.744009988096744,0,train,Established Family Home
661000.0,4.0,2.25,1990,4600,1.5,0,2,4,1420,570,1932,,Seattle,98126,0,1932,82,82.0,332.1608040201005,82.0,1,0.2864321608040201,0.5625,318.4,7.596392304064196,8.434028950155469,2,train,Premium View Property
789000.0,3.0,3.0,3740,39640,2.0,0,2,3,3740,0,1991,,Vashon,98070,0,1991,23,23.0,210.9625668449198,23.0,0,0.0,1.0,623.3333333333334,8.227108234348146,10.587619215169118,2,train,Premium View Property
668500.0,4.0,2.5,2710,5500,2.0,0,0,3,2710,0,1999,,Sammamish,98074,0,1999,15,15.0,246.6789667896679,15.0,0,0.0,0.625,416.9230769230769,7.905072849498666,8.612685172875459,3,train,New-Build Suburban Family
350000.0,3.0,2.5,2680,7836,2.0,0,0,3,2680,0,1990,2009.0,Auburn,98092,1,2009,24,5.0,130.59701492537314,5.0,0,0.0,0.8333333333333334,487.27272727272725,7.893945138235959,8.966611387052865,3,train,New-Build Suburban Family
250000.0,4.0,2.0,1850,7560,1.0,0,0,4,1540,310,1978,,Kent,98032,0,1978,36,36.0,135.13513513513513,36.0,1,0.16756756756756758,0.5,308.3333333333333,7.523481312573497,8.93075873555827,0,train,Established Family Home
725995.0,4.0,2.5,3190,7869,2.0,0,2,3,3190,0,2001,,Snoqualmie,98065,0,2001,13,13.0,227.5846394984326,13.0,0,0.0,0.625,490.7692307692308,8.068089626278244,8.970813341411448,2,train,Premium View Property
1000000.0,3.0,2.5,2730,5832,2.0,0,0,3,2730,0,1998,,Bellevue,98005,0,1998,16,16.0,366.3003663003663,16.0,0,0.0,0.8333333333333334,496.3636363636364,7.912423121473705,8.671286726753637,3,train,New-Build Suburban Family
686000.0,3.0,1.5,1840,9990,2.0,0,0,5,1840,0,1961,,Seattle,98177,0,1961,53,53.0,372.82608695652175,53.0,0,0.0,0.5,408.8888888888889,7.518064181233078,9.209439966733019,1,train,Compact Entry-Level
665000.0,4.0,2.5,2720,10000,2.0,0,0,3,2720,0,1987,,Sammamish,98074,0,1987,27,27.0,244.48529411764707,27.0,0,0.0,0.625,418.46153846153845,7.908754738783246,9.210440366976517,3,train,New-Build Suburban Family
1965221.0,4.0,3.5,4370,8510,2.0,0,1,3,3610,760,2003,,Bellevue,98004,0,2003,11,11.0,449.7073226544623,11.0,1,0.17391304347826086,0.875,582.6666666666666,8.382747094863314,9.049114723476961,3,train,New-Build Suburban Family
653000.0,3.0,2.5,2290,3475,2.0,0,0,3,2290,0,2006,,Issaquah,98029,0,2006,8,8.0,285.1528384279476,8.0,0,0.0,0.8333333333333334,416.3636363636364,7.736743682453495,8.153637486385282,3,train,New-Build Suburban Family
430000.0,2.0,1.0,990,4802,1.0,0,0,3,990,0,1947,,Seattle,98117,0,1947,67,67.0,434.3434343434344,67.0,0,0.0,0.5,330.0,6.898714534329988,8.476996001664824,1,train,Compact Entry-Level
305000.0,2.0,1.5,1140,2980,2.0,0,0,3,1140,0,1988,,Issaquah,98029,0,1988,26,26.0,267.5438596491228,26.0,0,0.0,0.75,325.7142857142857,7.039660349862076,8.000014093678072,1,train,Compact Entry-Level
809000.0,4.0,1.5,1840,4337,2.0,0,0,4,1840,0,1917,,Seattle,98112,0,1917,97,97.0,439.6739130434783,97.0,0,0.0,0.375,334.54545454545456,7.518064181233078,8.37516869138682,1,test,Compact Entry-Level
440150.0,2.0,1.0,1110,6800,1.0,0,0,5,1000,110,1947,,Seattle,98133,0,1947,67,67.0,396.5315315315315,67.0,1,0.0990990990990991,0.5,370.0,7.01301578963963,8.824824939175638,1,train,Compact Entry-Level
615000.0,4.0,2.5,2150,9070,2.0,0,0,4,2150,0,1985,,Redmond,98052,0,1985,29,29.0,286.04651162790697,29.0,0,0.0,0.625,330.7692307692308,7.67368812926773,9.112837790614945,3,train,New-Build Suburban Family
1035000.0,3.0,2.5,2230,5750,2.0,0,0,3,2230,0,2003,,Kirkland,98033,0,2003,11,11.0,464.1255605381166,11.0,0,0.0,0.8333333333333334,405.45454545454544,7.7102051944325325,8.657129031713755,3,test,New-Build Suburban Family
455000.0,2.0,1.0,1170,6000,1.0,0,0,4,970,200,1941,,Seattle,98103,0,1941,73,73.0,388.8888888888889,73.0,1,0.17094017094017094,0.5,390.0,7.065613363597717,8.699681400989514,1,train,Compact Entry-Level
635000.0,3.0,2.5,1960,7200,1.0,0,0,4,980,980,1940,,Seattle,98118,0,1940,74,74.0,323.9795918367347,74.0,1,0.5,0.8333333333333334,356.3636363636364,7.581209826196346,8.881975184248867,0,train,Established Family Home
675000.0,3.0,2.25,2610,9002,2.0,0,0,3,2610,0,1988,,Redmond,98052,0,1988,26,26.0,258.62068965517244,26.0,0,0.0,0.75,497.14285714285717,7.8674885686991285,9.105313134108476,3,train,New-Build Suburban Family
316000.0,3.0,2.25,2130,8721,1.0,0,0,3,1570,560,1987,,Kent,98031,0,1987,27,27.0,148.3568075117371,27.0,1,0.26291079812206575,0.75,405.7142857142857,7.664346632098617,9.073603848402712,0,train,Established Family Home
955000.0,3.0,2.25,3020,43560,2.0,0,0,3,2720,300,1969,,Bellevue,98005,0,1969,45,45.0,316.2251655629139,45.0,1,0.09933774834437085,0.75,575.2380952380952,8.013343181386672,10.681917533624532,0,train,Established Family Home
985000.0,3.0,1.75,1670,5400,2.0,0,0,5,1670,0,1912,,Seattle,98112,0,1912,102,102.0,589.8203592814372,102.0,0,0.0,0.5833333333333334,351.57894736842104,7.421177528595393,8.594339400592892,1,train,Compact Entry-Level
465500.0,3.0,1.75,1890,7004,1.0,0,0,3,1290,600,1965,,Seattle,98118,0,1965,49,49.0,246.2962962962963,49.0,1,0.31746031746031744,0.5833333333333334,397.89473684210526,7.544861068658458,8.854379458771108,0,train,Established Family Home
305000.0,3.0,1.0,950,13475,1.0,0,0,3,950,0,1950,,Shoreline,98155,0,1950,64,64.0,321.05263157894734,64.0,0,0.0,0.3333333333333333,237.5,6.85751406254539,9.508665604526444,1,train,Compact Entry-Level
645000.0,4.0,2.5,2430,14400,1.0,0,0,5,1670,760,1963,,Bellevue,98007,0,1963,51,51.0,265.4320987654321,51.0,1,0.31275720164609055,0.625,373.84615384615387,7.796057974316123,9.575052927597383,0,train,Established Family Home
730000.0,4.0,2.0,2360,6000,1.0,0,0,5,1260,1100,1939,,Seattle,98199,0,1939,75,75.0,309.3220338983051,75.0,1,0.4661016949152542,0.5,393.3333333333333,7.766840537085513,8.699681400989514,0,train,Established Family Home
366000.0,3.0,1.75,1510,8301,1.0,0,0,3,1510,0,1967,,Kirkland,98034,0,1967,47,47.0,242.3841059602649,47.0,0,0.0,0.5833333333333334,317.89473684210526,7.32052696227274,9.024251728612985,1,train,Compact Entry-Level
290000.0,3.0,2.5,2080,4828,2.0,0,0,3,2080,0,2002,,Covington,98042,0,2002,12,12.0,139.42307692307693,12.0,0,0.0,0.8333333333333334,378.1818181818182,7.640603826393634,8.482394685873542,3,train,New-Build Suburban Family
472500.0,3.0,2.0,1750,15500,1.0,0,0,3,1490,260,1982,,Sammamish,98075,0,1982,32,32.0,270.0,32.0,1,0.14857142857142858,0.6666666666666666,350.0,7.467942332285852,9.648659816955295,0,train,Established Family Home
550000.0,3.0,2.0,1810,4064,1.5,0,0,3,1810,0,1925,,Seattle,98103,0,1925,89,89.0,303.8674033149171,89.0,0,0.0,0.6666666666666666,362.0,7.501634457883413,8.310169021981912,1,train,Compact Entry-Level
410000.0,4.0,1.75,1790,11875,1.0,0,0,4,1490,300,1969,,Issaquah,98027,0,1969,45,45.0,229.0502793296089,45.0,1,0.16759776536312848,0.4375,311.30434782608694,7.490529402060711,9.382274835883651,0,train,Established Family Home
440000.0,4.0,2.75,2340,11034,1.0,0,0,3,1720,620,1967,,Lake Forest Park,98155,0,1967,47,47.0,188.03418803418805,47.0,1,0.26495726495726496,0.6875,346.6666666666667,7.75833346749091,9.308827318690836,0,train,Established Family Home
535000.0,3.0,2.5,1690,9626,2.0,0,0,3,1690,0,1984,,Issaquah,98027,0,1984,30,30.0,316.56804733727813,30.0,0,0.0,0.8333333333333334,307.27272727272725,7.43307534889858,9.172326929777967,3,test,New-Build Suburban Family
300000.0,4.0,2.5,2070,7476,2.0,0,0,3,2070,0,2003,,Auburn,98092,0,2003,11,11.0,144.92753623188406,11.0,0,0.0,0.625,318.46153846153845,7.635786861395585,8.919586920999915,3,train,New-Build Suburban Family
432500.0,3.0,2.5,2240,6396,2.0,0,0,3,2240,0,2002,,Snoqualmie,98065,0,2002,12,12.0,193.08035714285717,12.0,0,0.0,0.8333333333333334,407.27272727272725,7.714677473800927,8.763584409450138,3,train,New-Build Suburban Family
870000.0,4.0,3.0,4500,21780,2.0,0,2,3,3040,1460,1980,,Mercer Island,98040,0,1980,34,34.0,193.33333333333331,34.0,1,0.3244444444444444,0.75,642.8571428571429,8.412054873292933,9.988793309115229,2,train,Premium View Property
492000.0,3.0,1.75,2770,39927,1.0,0,0,4,1580,1190,1978,,Issaquah,98027,0,1978,36,36.0,177.6173285198556,36.0,1,0.4296028880866426,0.5833333333333334,583.1578947368421,7.9269635448629785,10.594833111149445,0,test,Established Family Home
199950.0,3.0,1.0,1010,7245,1.0,0,0,3,1010,0,1969,,Federal Way,98003,0,1969,45,45.0,197.97029702970295,45.0,0,0.0,0.3333333333333333,252.5,6.918695219020472,8.888204871455022,1,train,Compact Entry-Level
439800.0,3.0,1.5,1120,6900,1.0,0,0,5,1120,0,1956,,Bellevue,98007,0,1956,58,58.0,392.6785714285714,58.0,0,0.0,0.5,248.88888888888889,7.02197642307216,8.839421607620602,1,train,Compact Entry-Level
320000.0,5.0,2.5,3020,21441,1.0,0,0,4,1510,1510,1978,,Kent,98042,0,1978,36,36.0,105.96026490066224,36.0,1,0.5,0.5,402.6666666666667,8.013343181386672,9.973106894416185,0,test,Established Family Home
687000.0,4.0,3.25,4400,186846,2.0,0,0,4,4400,0,1993,,Enumclaw,98022,0,1993,21,21.0,156.13636363636363,21.0,0,0.0,0.8125,606.8965517241379,8.38958706681109,12.138045379125117,3,train,New-Build Suburban Family
345000.0,3.0,1.75,1990,5650,1.0,0,1,3,1320,670,1963,,Seattle,98178,0,1963,51,51.0,173.36683417085428,51.0,1,0.33668341708542715,0.5833333333333334,418.94736842105266,7.596392304064196,8.639587799629844,0,train,Established Family Home
274950.0,3.0,1.0,1450,8820,1.0,0,0,3,1050,400,1958,,Tukwila,98168,0,1958,56,56.0,189.6206896551724,56.0,1,0.27586206896551724,0.3333333333333333,362.5,7.280008252884188,9.084890521258767,1,train,Compact Entry-Level
270000.0,4.0,2.5,1920,8497,2.0,0,0,3,1920,0,1998,,Auburn,98092,0,1998,16,16.0,140.625,16.0,0,0.0,0.625,295.38461538461536,7.560601162768557,9.047586120674756,3,train,New-Build Suburban Family
342000.0,2.0,2.5,1175,1366,2.0,0,0,3,740,435,2005,,Seattle,98103,0,2005,9,9.0,291.06382978723406,9.0,1,0.3702127659574468,1.25,261.1111111111111,7.069874128458572,7.220373836723949,3,train,New-Build Suburban Family
327000.0,3.0,1.5,1320,13200,1.0,0,0,3,1320,0,1970,,Renton,98059,0,1970,44,44.0,247.72727272727272,44.0,0,0.0,0.5,293.3333333333333,7.186144304522325,9.488047863280759,1,test,Compact Entry-Level
610000.0,5.0,2.5,3990,3839,1.0,0,0,4,1990,2000,1962,,Seattle,98112,0,1962,52,52.0,152.88220551378447,52.0,1,0.5012531328320802,0.5,532.0,8.291797105048733,8.253227645581772,0,train,Established Family Home
455000.0,2.0,1.0,1140,5720,1.0,0,0,3,850,290,1947,,Seattle,98115,0,1947,67,67.0,399.12280701754383,67.0,1,0.2543859649122807,0.5,380.0,7.039660349862076,8.651898894268529,1,train,Compact Entry-Level
540000.0,4.0,1.75,1720,4240,1.5,0,0,4,1460,260,1925,,Seattle,98144,0,1925,89,89.0,313.95348837209303,89.0,1,0.1511627906976744,0.4375,299.1304347826087,7.450660796211539,8.352554369474591,0,train,Established Family Home
411000.0,4.0,2.75,2150,9915,1.0,0,0,5,1240,910,1976,,Newcastle,98056,0,1976,38,38.0,191.1627906976744,38.0,1,0.4232558139534884,0.6875,318.51851851851853,7.67368812926773,9.201904893155081,0,train,Established Family Home
544000.0,3.0,1.5,1790,8203,1.5,0,1,3,1790,0,1910,,Seattle,98116,0,1910,104,104.0,303.9106145251397,104.0,0,0.0,0.5,397.77777777777777,7.490529402060711,9.012377119192271,1,train,Compact Entry-Level
802000.0,2.0,2.5,2210,6327,1.0,0,0,3,2210,0,2003,,Redmond,98053,0,2003,11,11.0,362.89592760180994,11.0,0,0.0,1.25,491.1111111111111,7.701200180857446,8.75273950944749,3,train,New-Build Suburban Family
568500.0,3.0,2.75,2180,7519,1.0,0,0,4,1310,870,1981,,Redmond,98052,0,1981,33,33.0,260.7798165137615,33.0,1,0.39908256880733944,0.9166666666666666,379.1304347826087,7.687538766201629,8.925321416943886,0,train,Established Family Home
391000.0,3.0,2.25,1410,1290,2.0,0,0,3,1290,120,2004,,Issaquah,98027,0,2004,10,10.0,277.3049645390071,10.0,1,0.0851063829787234,0.75,268.57142857142856,7.252053951852814,7.1631723908466425,3,train,New-Build Suburban Family
298000.0,3.0,2.5,1950,3600,2.0,0,0,3,1950,0,2010,,Maple Valley,98038,0,2010,4,4.0,152.82051282051282,4.0,0,0.0,0.8333333333333334,354.54545454545456,7.576097340623111,8.188966863648876,3,test,New-Build Suburban Family
400000.0,3.0,2.5,1495,936,3.0,0,0,3,1405,90,2006,,Seattle,98144,0,2006,8,8.0,267.55852842809367,8.0,1,0.06020066889632107,0.8333333333333334,271.8181818181818,7.310550158534422,6.842683282238422,3,train,New-Build Suburban Family
425000.0,3.0,2.25,1660,6000,1.0,0,0,3,1110,550,1979,,Seattle,98122,0,1979,35,35.0,256.0240963855422,35.0,1,0.3313253012048193,0.75,316.1904761904762,7.415175109613295,8.699681400989514,0,train,Established Family Home
328500.0,3.0,2.5,1950,8130,2.0,0,0,4,1950,0,1990,,Kent,98042,0,1990,24,24.0,168.46153846153845,24.0,0,0.0,0.8333333333333334,354.54545454545456,7.576097340623111,9.003439196207838,3,train,New-Build Suburban Family
650000.0,5.0,2.75,2550,5040,1.5,0,0,5,2550,0,1902,,Seattle,98122,0,1902,112,112.0,254.90196078431373,112.0,0,0.0,0.55,329.03225806451616,7.844240718141811,8.525359754082631,0,test,Established Family Home
850000.0,3.0,1.75,1370,3850,1.0,0,0,5,770,600,1911,1988.0,Seattle,98112,1,1988,103,26.0,620.4379562043796,26.0,1,0.43795620437956206,0.5833333333333334,288.42105263157896,7.223295679562314,8.25608813381491,0,test,Established Family Home
930000.0,4.0,2.5,2200,4000,2.0,0,0,5,1430,770,1908,,Seattle,98119,0,1908,106,106.0,422.7272727272728,106.0,1,0.35,0.625,338.46153846153845,7.696667081526462,8.294299608857235,0,train,Established Family Home
530000.0,3.0,1.75,1250,6041,1.5,0,0,5,1250,0,1942,,Seattle,98115,0,1942,72,72.0,424.0,72.0,0,0.0,0.5833333333333334,263.1578947368421,7.1316985104669115,8.706490361946617,1,train,Compact Entry-Level
495000.0,4.0,2.25,2220,8872,1.0,0,0,4,1110,1110,1961,,Bellevue,98006,0,1961,53,53.0,222.97297297297297,53.0,1,0.5,0.5625,355.2,7.7057128238944275,9.090768236835338,0,train,Established Family Home
500000.0,3.0,1.75,1620,4200,1.0,0,0,5,830,790,1945,,Seattle,98115,0,1945,69,69.0,308.641975308642,69.0,1,0.4876543209876543,0.5833333333333334,341.05263157894734,7.390798521735676,8.343077871169383,0,train,Established Family Home
325000.0,3.0,1.75,2250,26337,1.0,0,0,3,2250,0,1980,,Auburn,98092,0,1980,34,34.0,144.44444444444446,34.0,0,0.0,0.5833333333333334,473.6842105263158,7.719129840906732,10.178768042270166,1,train,Compact Entry-Level
365000.0,3.0,2.5,1720,99916,2.0,0,0,4,1720,0,1990,,Kent,98042,0,1990,24,24.0,212.2093023255814,24.0,0,0.0,0.8333333333333334,312.72727272727275,7.450660796211539,11.512095120329514,3,test,New-Build Suburban Family
471000.0,4.0,2.5,3030,9687,2.0,0,0,3,2020,1010,1998,,North Bend,98045,0,1998,16,16.0,155.44554455445544,16.0,1,0.3333333333333333,0.625,466.15384615384613,8.016647877057803,9.178643285232928,3,train,New-Build Suburban Family
223000.0,3.0,1.0,1030,9120,1.0,0,0,3,1030,0,1961,,Kent,98032,0,1961,53,53.0,216.50485436893203,53.0,0,0.0,0.3333333333333333,257.5,6.93828448401696,9.118334726180159,1,test,Compact Entry-Level
503000.0,3.0,2.5,2190,4882,2.0,0,0,3,2190,0,1999,,Lake Forest Park,98155,0,1999,15,15.0,229.68036529680364,15.0,0,0.0,0.8333333333333334,398.1818181818182,7.692113339595466,8.49351506406166,3,train,New-Build Suburban Family
230000.0,3.0,2.0,1440,5600,1.0,0,0,4,720,720,1942,2007.0,Renton,98056,1,2007,72,7.0,159.72222222222223,7.0,1,0.5,0.6666666666666666,288.0,7.273092595999522,8.630700432209832,0,train,Established Family Home
550000.0,4.0,2.5,2170,9600,1.0,0,0,3,1460,710,1980,,Redmond,98052,0,1980,34,34.0,253.45622119815667,34.0,1,0.3271889400921659,0.625,333.84615384615387,7.682943169878292,9.169622538697624,0,train,Established Family Home
1100000.0,4.0,3.75,2930,3200,1.5,0,0,5,2130,800,1925,,Seattle,98119,0,1925,89,89.0,375.4266211604096,89.0,1,0.27303754266211605,0.9375,378.06451612903226,7.983098940710892,8.071218539969863,0,train,Established Family Home
193000.0,3.0,1.5,1180,9048,1.0,0,0,3,1180,0,1960,,Burien,98148,0,1960,54,54.0,163.5593220338983,54.0,0,0.0,0.5,262.22222222222223,7.074116816197362,9.110409533351133,1,train,Compact Entry-Level
590000.0,4.0,4.25,2360,57514,2.0,0,0,4,2360,0,1939,1987.0,Federal Way,98003,1,1987,75,27.0,250.0,27.0,0,0.0,1.0625,286.06060606060606,7.766840537085513,10.959801062330111,3,train,New-Build Suburban Family
712500.0,3.0,1.5,1660,8797,1.0,0,0,4,1660,0,1956,,Bellevue,98004,0,1956,58,58.0,429.2168674698795,58.0,0,0.0,0.5,368.8888888888889,7.415175109613295,9.082279701908664,1,train,Compact Entry-Level
689800.0,3.0,2.75,2390,9313,1.0,0,0,5,1390,1000,1942,,Seattle,98133,0,1942,72,72.0,288.6192468619247,72.0,1,0.41841004184100417,0.9166666666666666,415.6521739130435,7.779466967458324,9.139273923542323,0,train,Established Family Home
430000.0,3.0,2.0,1360,5120,1.5,0,0,4,910,450,1924,,Seattle,98116,0,1924,90,90.0,316.1764705882353,90.0,1,0.33088235294117646,0.6666666666666666,272.0,7.215975002651466,8.54110501146255,0,train,Established Family Home
785200.0,3.0,2.25,1840,3500,1.5,0,0,5,1540,300,1910,,Seattle,98122,0,1910,104,104.0,426.7391304347826,104.0,1,0.16304347826086957,0.75,350.4761904761905,7.518064181233078,8.160803920954665,0,train,Established Family Home
474900.0,3.0,2.25,1800,43647,1.0,0,0,4,1800,0,1976,,Woodinville,98072,0,1976,38,38.0,263.8333333333333,38.0,0,0.0,0.75,342.85714285714283,7.496097345175956,10.683912741203134,1,train,Compact Entry-Level
1070000.0,4.0,3.75,4130,12320,2.0,0,0,3,4130,0,2001,,Newcastle,98059,0,2001,13,13.0,259.0799031476998,13.0,0,0.0,0.9375,532.9032258064516,8.326274787396764,9.419060402624668,3,train,New-Build Suburban Family
435000.0,3.0,1.75,2220,132858,1.0,0,0,3,1110,1110,1988,,Issaquah,98027,0,1988,26,26.0,195.94594594594597,26.0,1,0.5,0.5833333333333334,467.36842105263156,7.7057128238944275,11.79704369447105,0,train,Established Family Home
941500.0,5.0,3.5,3490,9680,2.0,0,4,3,2460,1030,1980,,Shoreline,98177,0,1980,34,34.0,269.7707736389685,34.0,1,0.29512893982808025,0.7,410.5882352941176,8.157943507105037,9.177920480720072,2,train,Premium View Property
312000.0,4.0,2.5,1830,5175,2.0,0,0,3,1830,0,2003,,Maple Valley,98038,0,2003,11,11.0,170.49180327868854,11.0,0,0.0,0.625,281.53846153846155,7.5126175446745105,8.551787836180736,3,train,New-Build Suburban Family
835000.0,4.0,2.75,1550,4000,1.5,0,0,3,1550,0,1930,,Seattle,98105,0,1930,84,84.0,538.7096774193549,84.0,0,0.0,0.6875,229.62962962962962,7.346655163176539,8.294299608857235,1,test,Compact Entry-Level
713250.0,3.0,2.0,2050,9000,1.0,0,0,4,2050,0,1951,,Mercer Island,98040,0,1951,63,63.0,347.9268292682927,63.0,0,0.0,0.6666666666666666,410.0,7.62608275807238,9.105090961257085,1,train,Compact Entry-Level
440000.0,2.0,1.0,1230,6600,1.0,0,0,3,1130,100,1906,,Seattle,98118,0,1906,108,108.0,357.7235772357724,108.0,1,0.08130081300813008,0.5,410.0,7.115582126184454,8.79497643168877,1,test,Compact Entry-Level
580135.0,4.0,2.5,3150,5886,2.0,0,0,3,3150,0,2014,,Renton,98059,0,2014,0,0.0,184.16984126984127,0.0,0,0.0,0.625,484.61538461538464,8.055475141757274,8.68050180902826,3,train,New-Build Suburban Family
575000.0,3.0,2.25,3800,33825,1.0,0,0,4,3330,470,1976,,Kent,98042,0,1976,38,38.0,151.31578947368422,38.0,1,0.12368421052631579,0.75,723.8095238095239,8.24301946898925,10.428985016533987,0,test,Established Family Home
613000.0,3.0,2.5,1350,3068,2.0,0,0,3,1350,0,1991,,Seattle,98122,0,1991,23,23.0,454.0740740740741,23.0,0,0.0,0.8333333333333334,245.45454545454547,7.208600337960199,8.029107054619736,3,test,New-Build Suburban Family
235000.0,3.0,2.0,1530,8700,1.0,0,0,4,1530,0,1970,,Renton,98055,0,1970,44,44.0,153.59477124183007,44.0,0,0.0,0.6666666666666666,306.0,7.333676395657684,9.071193240566025,1,train,Compact Entry-Level
660000.0,3.0,2.5,2290,2798,3.0,0,0,4,2290,0,1953,1983.0,Seattle,98102,1,1983,61,31.0,288.2096069868996,31.0,0,0.0,0.8333333333333334,416.3636363636364,7.736743682453495,7.937017489515454,3,train,New-Build Suburban Family
280000.0,2.0,1.5,1480,15641,1.0,0,0,4,1480,0,1940,,Seattle,98146,0,1940,74,74.0,189.1891891891892,74.0,0,0.0,0.75,422.85714285714283,7.300472814267799,9.657714883161557,1,train,Compact Entry-Level
268000.0,3.0,1.75,1970,10270,1.0,0,0,4,1970,0,1966,,Kent,98032,0,1966,48,48.0,136.04060913705584,48.0,0,0.0,0.5833333333333334,414.7368421052632,7.58629630715272,9.237079669165805,1,train,Compact Entry-Level
235000.0,2.0,1.0,720,4840,1.0,0,0,4,720,0,1947,,Seattle,98126,0,1947,67,67.0,326.3888888888889,67.0,0,0.0,0.5,240.0,6.580639137284949,8.484876589939695,1,train,Compact Entry-Level
390000.0,3.0,2.0,1080,7236,1.0,0,0,5,1080,0,1947,,Seattle,98125,0,1947,67,67.0,361.1111111111111,67.0,0,0.0,0.6666666666666666,216.0,6.985641817639208,8.886962034866128,1,train,Compact Entry-Level
654950.0,4.0,2.5,2790,45902,2.0,0,0,3,2790,0,1987,,Woodinville,98077,0,1987,27,27.0,234.74910394265237,27.0,0,0.0,0.625,429.2307692307692,7.934155233536322,10.734285753389923,3,train,New-Build Suburban Family
449500.0,5.0,2.75,2040,7488,1.0,0,0,4,1200,840,1969,,Kirkland,98034,0,1969,45,45.0,220.343137254902,45.0,1,0.4117647058823529,0.55,263.2258064516129,7.621195162809845,8.921190556249368,0,train,Established Family Home
150000.0,3.0,1.0,1320,8220,1.0,0,0,3,1320,0,1959,,Des Moines,98198,0,1959,55,55.0,113.63636363636364,55.0,0,0.0,0.3333333333333333,330.0,7.186144304522325,9.014447135152134,1,test,Compact Entry-Level
440000.0,3.0,2.25,1680,57063,2.0,0,0,4,1680,0,1989,,North Bend,98045,0,1989,25,25.0,261.9047619047619,25.0,0,0.0,0.75,320.0,7.427144133408616,10.951928723957874,3,train,New-Build Suburban Family
710000.0,3.0,2.0,2140,4923,1.0,0,0,4,1070,1070,1928,,Seattle,98103,0,1928,86,86.0,331.77570093457945,86.0,1,0.5,0.6666666666666666,428.0,7.669028288589683,8.501876487304344,0,train,Established Family Home
420000.0,3.0,1.75,1660,9600,1.0,0,0,3,1380,280,1981,,Bothell,98011,0,1981,33,33.0,253.0120481927711,33.0,1,0.1686746987951807,0.5833333333333334,349.4736842105263,7.415175109613295,9.169622538697624,0,train,Established Family Home
312000.0,3.0,2.25,1540,5338,1.0,0,0,5,770,770,1954,,Seattle,98115,0,1954,60,60.0,202.5974025974026,60.0,1,0.5,0.75,293.3333333333333,7.340186835320115,8.582793648500186,0,test,Established Family Home
320000.0,3.0,2.0,1880,10758,1.0,0,0,5,940,940,1952,,Renton,98059,0,1952,62,62.0,170.2127659574468,62.0,1,0.5,0.6666666666666666,376.0,7.53955882930103,9.283497892593909,0,test,Established Family Home
235000.0,3.0,1.0,1250,15603,1.0,0,0,4,1250,0,1959,,Renton,98056,0,1959,55,55.0,188.0,55.0,0,0.0,0.3333333333333333,312.5,7.1316985104669115,9.655282570626547,1,train,Compact Entry-Level
437000.0,5.0,2.0,2120,137565,1.5,0,0,3,2120,0,1913,,Vashon,98070,0,1913,101,101.0,206.1320754716981,101.0,0,0.0,0.4,302.85714285714283,7.659642954564682,11.831859080925614,0,train,Established Family Home
545000.0,3.0,1.75,1810,3000,1.5,0,0,4,1810,0,1903,,Seattle,98107,0,1903,111,111.0,301.10497237569064,111.0,0,0.0,0.5833333333333334,381.05263157894734,7.501634457883413,8.006700845440367,1,train,Compact Entry-Level
640000.0,3.0,2.5,2370,11172,2.0,0,0,3,2370,0,1993,,Newcastle,98056,0,1993,21,21.0,270.042194092827,21.0,0,0.0,0.8333333333333334,430.90909090909093,7.771067086065406,9.321255432547337,3,test,New-Build Suburban Family
432000.0,3.0,2.5,1970,4036,2.0,0,0,4,1970,0,2003,,Snoqualmie,98065,0,2003,11,11.0,219.28934010152284,11.0,0,0.0,0.8333333333333334,358.1818181818182,7.58629630715272,8.30325712085294,3,test,New-Build Suburban Family
548000.0,3.0,2.5,2110,4099,2.0,0,0,3,2110,0,2001,,Woodinville,98072,0,2001,13,13.0,259.7156398104265,13.0,0,0.0,0.8333333333333334,383.6363636363636,7.65491704784832,8.318742252692399,3,train,New-Build Suburban Family
830000.0,3.0,3.0,2080,10521,1.5,0,0,3,2080,0,2004,,Kirkland,98034,0,2004,10,10.0,399.0384615384616,10.0,0,0.0,1.0,346.6666666666667,7.640603826393634,9.261223582290752,3,train,New-Build Suburban Family
875000.0,4.0,2.25,3720,12384,1.0,0,2,5,1860,1860,1970,,Sammamish,98075,0,1970,44,44.0,235.2150537634409,44.0,1,0.5,0.5625,595.2,8.221747728346623,9.42424134192346,2,train,Premium View Property
409950.0,2.0,1.75,1370,5125,1.0,0,0,5,1370,0,1944,,Seattle,98103,0,1944,70,70.0,299.2335766423358,70.0,0,0.0,0.875,365.3333333333333,7.223295679562314,8.542080906924017,1,train,Compact Entry-Level
695000.0,4.0,2.5,2961,12146,2.0,0,0,3,2961,0,1998,,Sammamish,98075,0,1998,16,16.0,234.71800067544748,16.0,0,0.0,0.625,455.53846153846155,7.993619994827744,9.404837504700271,3,train,New-Build Suburban Family
562100.0,3.0,2.25,2090,12112,2.0,0,0,3,2090,0,1983,,Redmond,98052,0,1983,31,31.0,268.94736842105266,31.0,0,0.0,0.75,398.0952380952381,7.645397699428633,9.402034535016803,3,train,New-Build Suburban Family
475000.0,3.0,2.5,2600,7210,2.0,0,0,3,2600,0,1989,,Renton,98059,0,1989,25,25.0,182.69230769230768,25.0,0,0.0,0.8333333333333334,472.72727272727275,7.8636512654486515,8.88336291691676,3,train,New-Build Suburban Family
425000.0,3.0,2.25,1870,9000,1.0,0,0,3,1440,430,1978,,Bothell,98011,0,1978,36,36.0,227.27272727272728,36.0,1,0.22994652406417113,0.75,356.1904761904762,7.534228326274089,9.105090961257085,0,train,Established Family Home
600000.0,4.0,2.5,2620,9873,2.0,0,0,3,2620,0,1987,,Issaquah,98075,0,1987,27,27.0,229.00763358778627,27.0,0,0.0,0.625,403.0769230769231,7.8713112033234065,9.197660318818809,3,train,New-Build Suburban Family
770000.0,3.0,2.5,2430,54059,2.0,0,0,3,2430,0,1987,,Issaquah,98027,0,1987,27,27.0,316.87242798353907,27.0,0,0.0,0.8333333333333334,441.8181818181818,7.796057974316123,10.897849819830439,3,train,New-Build Suburban Family
239000.0,3.0,1.75,1340,16480,1.0,0,0,4,1340,0,1968,,Kent,98042,0,1968,46,46.0,178.3582089552239,46.0,0,0.0,0.5833333333333334,282.10526315789474,7.201170883281678,9.70996348123418,1,train,Compact Entry-Level
295000.0,2.0,1.0,1170,10621,1.0,0,0,3,1170,0,1963,,North Bend,98045,0,1963,51,51.0,252.1367521367521,51.0,0,0.0,0.5,390.0,7.065613363597717,9.270682600982344,1,train,Compact Entry-Level
560000.0,3.0,1.75,2000,10182,1.0,0,0,5,1400,600,1963,,Kirkland,98033,0,1963,51,51.0,280.0,51.0,1,0.3,0.5833333333333334,421.05263157894734,7.601402334583733,9.228474942171665,0,train,Established Family Home
613000.0,5.0,2.5,2070,12000,1.0,0,0,4,1340,730,1967,,Bellevue,98008,0,1967,47,47.0,296.1352657004831,47.0,1,0.3526570048309179,0.5,276.0,7.635786861395585,9.392745258631441,0,train,Established Family Home
960000.0,4.0,3.0,4590,9150,2.0,0,0,3,3490,1100,1981,,Seattle,98177,0,1981,33,33.0,209.1503267973856,33.0,1,0.23965141612200436,0.75,655.7142857142857,8.431853144249223,9.121618441915379,3,train,New-Build Suburban Family
847000.0,5.0,1.0,2550,4623,2.5,0,0,4,2550,0,1905,,Seattle,98122,0,1905,109,109.0,332.15686274509807,109.0,0,0.0,0.2,425.0,7.844240718141811,8.439015410352214,0,train,Established Family Home
206000.0,3.0,1.0,1060,9600,1.0,0,0,4,1060,0,1962,,Federal Way,98023,0,1962,52,52.0,194.33962264150944,52.0,0,0.0,0.3333333333333333,265.0,6.966967138613983,9.169622538697624,1,train,Compact Entry-Level
253000.0,2.0,1.75,1220,5000,1.0,0,0,5,860,360,1921,,Renton,98057,0,1921,93,93.0,207.37704918032787,93.0,1,0.29508196721311475,0.875,325.3333333333333,7.107425474110705,8.517393171418904,1,test,Compact Entry-Level
430000.0,4.0,2.25,1790,7203,1.0,0,0,4,1110,680,1973,,Lake Forest Park,98155,0,1973,41,41.0,240.22346368715085,41.0,1,0.37988826815642457,0.5625,286.4,7.490529402060711,8.882391706295847,0,train,Established Family Home
605000.0,3.0,2.0,2060,4040,1.0,0,0,4,1120,940,1947,,Seattle,98103,0,1947,67,67.0,293.6893203883496,67.0,1,0.4563106796116505,0.6666666666666666,412.0,7.630946580890459,8.304247465078474,0,train,Established Family Home
425000.0,2.0,2.5,1140,1182,3.0,0,0,3,1140,0,2007,,Seattle,98107,0,2007,7,7.0,372.8070175438597,7.0,0,0.0,1.25,253.33333333333334,7.039660349862076,7.075808863978387,3,train,New-Build Suburban Family
720000.0,4.0,2.5,2870,12648,2.0,0,0,4,2870,0,1986,,Issaquah,98029,0,1986,28,28.0,250.8710801393728,28.0,0,0.0,0.625,441.53846153846155,7.962415680121064,9.445333439647541,3,train,New-Build Suburban Family
375900.0,6.0,1.5,2550,33740,1.0,0,0,4,1750,800,1958,,Federal Way,98023,0,1958,56,56.0,147.41176470588235,56.0,1,0.3137254901960784,0.25,340.0,7.844240718141811,10.426468994072131,0,test,Established Family Home
1298000.0,4.0,3.5,2790,10125,1.5,0,0,5,2790,0,1985,,Mercer Island,98040,0,1985,29,29.0,465.2329749103943,29.0,0,0.0,0.875,372.0,7.934155233536322,9.222861652529854,3,test,New-Build Suburban Family
210000.0,3.0,1.0,1110,7962,1.0,0,0,3,1110,0,1962,,Seattle,98146,0,1962,52,52.0,189.1891891891892,52.0,0,0.0,0.3333333333333333,277.5,7.01301578963963,8.982561092257445,1,test,Compact Entry-Level
234000.0,2.0,1.0,940,5375,1.0,0,0,4,940,0,1952,,Des Moines,98198,0,1952,62,62.0,248.93617021276597,62.0,0,0.0,0.5,313.3333333333333,6.846943139585379,8.589699882202986,1,train,Compact Entry-Level
285000.0,3.0,1.75,2880,18296,1.0,0,0,3,1580,1300,1958,,Tukwila,98168,0,1958,56,56.0,98.95833333333331,56.0,1,0.4513888888888889,0.5833333333333334,606.3157894736842,7.9658927350845286,9.814492390964565,0,train,Established Family Home
400000.0,3.0,1.5,1200,4800,1.0,0,0,4,1200,0,1962,,Bellevue,98007,0,1962,52,52.0,333.3333333333333,52.0,0,0.0,0.5,266.6666666666667,7.0909098220799835,8.476579508530941,1,train,Compact Entry-Level
718000.0,3.0,1.0,1030,4958,1.0,0,0,5,1030,0,1952,,Seattle,98105,0,1952,62,62.0,697.0873786407767,62.0,0,0.0,0.3333333333333333,257.5,6.93828448401696,8.508959386489133,1,train,Compact Entry-Level
174500.0,2.0,2.5,1240,2689,2.0,0,0,3,1240,0,1986,,Federal Way,98003,0,1986,28,28.0,140.7258064516129,28.0,0,0.0,1.25,275.55555555555554,7.123672785204607,7.897296472595885,3,train,New-Build Suburban Family
222400.0,3.0,2.0,1200,9566,1.0,0,0,3,1200,0,1995,,Pacific,98047,0,1995,19,19.0,185.33333333333331,19.0,0,0.0,0.6666666666666666,240.0,7.0909098220799835,9.166074955678168,1,train,Compact Entry-Level
402500.0,3.0,3.25,2780,4002,2.0,0,0,3,2780,0,2009,,Duvall,98019,0,2009,5,5.0,144.7841726618705,5.0,0,0.0,1.0833333333333333,444.8,7.930565854233965,8.294799358992574,3,train,New-Build Suburban Family
250000.0,3.0,2.25,1765,7652,2.0,0,0,3,1765,0,1996,,Federal Way,98003,0,1996,18,18.0,141.643059490085,18.0,0,0.0,0.75,336.1904761904762,7.476472381163905,8.942853006809921,3,train,New-Build Suburban Family
600000.0,4.0,2.5,1960,14242,1.0,0,1,4,1290,670,1958,,Burien,98146,0,1958,56,56.0,306.1224489795918,56.0,1,0.34183673469387754,0.625,301.53846153846155,7.581209826196346,9.564020836934587,0,train,Established Family Home
930000.0,2.0,2.5,2680,11214,1.0,0,0,3,2680,0,2006,,Redmond,98053,0,2006,8,8.0,347.0149253731343,8.0,0,0.0,1.25,595.5555555555555,7.893945138235959,9.32500744695431,3,train,New-Build Suburban Family
272500.0,3.0,2.0,1410,7622,1.0,0,0,4,1410,0,1983,,Renton,98058,0,1983,31,31.0,193.2624113475177,31.0,0,0.0,0.6666666666666666,282.0,7.252053951852814,8.938925271988273,1,train,Compact Entry-Level
363990.0,4.0,2.5,2240,3712,2.0,0,0,3,2240,0,2014,,Maple Valley,98038,0,2014,0,0.0,162.49553571428572,0.0,0,0.0,0.625,344.61538461538464,7.714677473800927,8.21959545417708,3,train,New-Build Suburban Family
575000.0,4.0,2.75,3120,7644,2.0,0,0,3,3120,0,2010,,Snoqualmie,98065,0,2010,4,4.0,184.2948717948718,4.0,0,0.0,0.6875,462.22222222222223,8.045908742270779,8.941807118363164,3,train,New-Build Suburban Family
400000.0,3.0,2.25,1450,4706,2.0,0,0,3,1450,0,2009,,Kenmore,98028,0,2009,5,5.0,275.86206896551727,5.0,0,0.0,0.75,276.1904761904762,7.280008252884188,8.456806041401142,3,train,New-Build Suburban Family
427874.0,3.0,3.0,2340,5002,2.0,0,0,3,2340,0,2013,,North Bend,98045,0,2013,1,1.0,182.85213675213677,1.0,0,0.0,1.0,390.0,7.75833346749091,8.517793011488205,3,train,New-Build Suburban Family
309000.0,5.0,2.75,2481,4045,2.0,0,0,3,2481,0,2014,,Auburn,98001,0,2014,0,0.0,124.546553808948,0.0,0,0.0,0.55,320.1290322580645,7.8168199657645525,8.305484017727691,3,train,New-Build Suburban Family
320000.0,3.0,3.25,1530,1602,2.0,0,0,3,1140,390,2013,,Seattle,98106,0,2013,1,1.0,209.1503267973856,1.0,1,0.2549019607843137,1.0833333333333333,244.8,7.333676395657684,7.3796321526095525,3,test,New-Build Suburban Family
390000.0,3.0,2.25,1250,7500,1.0,0,0,5,1250,0,1942,,Seattle,98146,0,1942,72,72.0,312.0,72.0,0,0.0,0.75,238.0952380952381,7.1316985104669115,8.922791623969637,1,train,Compact Entry-Level
299000.0,1.0,0.75,560,12120,1.0,0,0,3,560,0,1967,,Carnation,98014,0,1967,47,47.0,533.9285714285714,47.0,0,0.0,0.75,320.0,6.329720905522696,9.402694764470512,1,test,Compact Entry-Level
375000.0,4.0,1.75,2200,7475,1.0,0,0,5,1100,1100,1955,,Seattle,98118,0,1955,59,59.0,170.45454545454547,59.0,1,0.5,0.4375,382.60869565217394,7.696667081526462,8.919453168575453,0,train,Established Family Home
240500.0,3.0,1.75,1460,10584,1.0,0,0,3,990,470,1997,,Seattle,98168,0,1997,17,17.0,164.72602739726028,17.0,1,0.3219178082191781,0.5833333333333334,307.36842105263156,7.2868764117507,9.267193183568965,0,train,Established Family Home
320000.0,3.0,1.5,1650,9380,1.0,0,0,5,1130,520,1978,,Renton,98058,0,1978,36,36.0,193.93939393939397,36.0,1,0.3151515151515151,0.5,366.6666666666667,7.409136443920128,9.14644164612595,0,train,Established Family Home
1270000.0,5.0,2.5,3200,17204,1.0,0,0,3,2160,1040,1952,,Bellevue,98004,0,1952,62,62.0,396.875,62.0,1,0.325,0.5,426.6666666666667,8.071218539969863,9.752955318231582,0,train,Established Family Home
658588.0,3.0,2.25,2560,41346,2.0,0,0,3,2560,0,1986,,Issaquah,98027,0,1986,28,28.0,257.2609375,28.0,0,0.0,0.75,487.6190476190476,7.848153086199526,10.62975514642929,3,train,New-Build Suburban Family
270000.0,3.0,2.25,2080,4252,1.5,0,0,3,1550,530,2003,,Kent,98042,0,2003,11,11.0,129.80769230769232,11.0,1,0.2548076923076923,0.75,396.1904761904762,7.640603826393634,8.355379895253634,3,test,New-Build Suburban Family
327500.0,3.0,1.0,1070,7140,1.0,0,0,3,1070,0,1989,,Seattle,98118,0,1989,25,25.0,306.0747663551402,25.0,0,0.0,0.3333333333333333,267.5,6.976348070447749,8.87360810154911,1,test,Compact Entry-Level
340000.0,3.0,1.75,2190,12626,2.0,0,0,4,2190,0,1978,,Kent,98042,0,1978,36,36.0,155.25114155251143,36.0,0,0.0,0.5833333333333334,461.05263157894734,7.692113339595466,9.44359265743868,3,train,New-Build Suburban Family
200000.0,3.0,1.5,2060,15837,1.5,0,0,3,2060,0,1903,,Renton,98057,0,1903,111,111.0,97.0873786407767,111.0,0,0.0,0.5,457.77777777777777,7.630946580890459,9.670167394770358,1,test,Compact Entry-Level
1025000.0,3.0,1.75,2640,8000,1.0,0,3,4,1320,1320,1960,,Mercer Island,98040,0,1960,54,54.0,388.25757575757575,54.0,1,0.5,0.5833333333333334,555.7894736842105,7.878912912297133,8.987321812850125,2,train,Premium View Property
275000.0,3.0,2.5,1720,8755,1.0,0,0,3,1000,720,1983,,Federal Way,98023,0,1983,31,31.0,159.88372093023256,31.0,1,0.4186046511627907,0.8333333333333334,312.72727272727275,7.450660796211539,9.077494458642754,0,train,Established Family Home
1126000.0,5.0,3.5,3880,13885,2.0,0,3,4,2540,1340,1979,,Bellevue,98006,0,1979,35,35.0,290.2061855670103,35.0,1,0.34536082474226804,0.7,456.47058823529414,8.263848131368906,9.538636417313219,2,train,Premium View Property
280000.0,2.0,1.0,960,4920,1.0,0,0,3,960,0,1942,,Seattle,98117,0,1942,72,72.0,291.6666666666667,72.0,0,0.0,0.5,320.0,6.8679744089702925,8.501267040865978,1,test,Compact Entry-Level
485000.0,3.0,2.5,2340,59058,1.0,0,0,3,2340,0,1985,,Maple Valley,98038,0,1985,29,29.0,207.26495726495727,29.0,0,0.0,0.8333333333333334,425.45454545454544,7.75833346749091,10.98629222322094,3,train,New-Build Suburban Family
1901000.0,3.0,2.5,2660,13367,2.0,0,2,3,2660,0,1992,,Yarrow Point,98004,0,1992,22,22.0,714.6616541353384,22.0,0,0.0,0.8333333333333334,483.6363636363636,7.886457270977689,9.50061907027523,2,train,Premium View Property
865000.0,3.0,1.75,2090,4725,2.0,0,0,3,1610,480,1947,2013.0,Seattle,98199,1,2013,67,1.0,413.8755980861244,1.0,1,0.22966507177033493,0.5833333333333334,440.0,7.645397699428633,8.460834457746854,0,train,Established Family Home
532000.0,3.0,2.5,1820,4910,2.0,0,0,3,1820,0,1993,,Issaquah,98029,0,1993,21,21.0,292.3076923076923,21.0,0,0.0,0.8333333333333334,330.90909090909093,7.507141079727608,8.499232866039245,3,train,New-Build Suburban Family
364950.0,4.0,2.5,2310,8030,2.0,0,0,3,2310,0,1978,,Duvall,98019,0,1978,36,36.0,157.98701298701295,36.0,0,0.0,0.625,355.38461538461536,7.745435610274381,8.991064332188461,3,train,New-Build Suburban Family
212500.0,3.0,1.0,920,14400,1.0,0,0,4,920,0,1977,,Auburn,98001,0,1977,37,37.0,230.9782608695652,37.0,0,0.0,0.3333333333333333,230.0,6.825460036255307,9.575052927597383,1,train,Compact Entry-Level
135000.0,1.0,1.0,790,13062,1.0,0,0,3,790,0,1942,,Seattle,98168,0,1942,72,72.0,170.8860759493671,72.0,0,0.0,1.0,395.0,6.673297967767654,9.477539085486564,1,train,Compact Entry-Level
437000.0,2.0,1.75,1500,6800,1.0,0,0,4,910,590,1942,,Seattle,98117,0,1942,72,72.0,291.3333333333333,72.0,1,0.3933333333333333,0.875,400.0,7.313886831633462,8.824824939175638,1,train,Compact Entry-Level
390000.0,3.0,1.0,1240,11108,1.0,0,0,4,1240,0,1952,,Normandy Park,98166,0,1952,62,62.0,314.51612903225805,62.0,0,0.0,0.3333333333333333,310.0,7.123672785204607,9.315510869581722,1,train,Compact Entry-Level
760000.0,4.0,2.5,2730,36183,2.0,0,0,3,2730,0,1986,,Redmond,98052,0,1986,28,28.0,278.3882783882784,28.0,0,0.0,0.625,420.0,7.912423121473705,10.496372311157678,3,train,New-Build Suburban Family
119500.0,3.0,1.0,1170,11000,1.0,0,0,2,1170,0,1980,,Duvall,98019,0,1980,34,34.0,102.13675213675214,34.0,0,0.0,0.3333333333333333,292.5,7.065613363597717,9.305741456739435,1,train,Compact Entry-Level
2400000.0,5.0,3.25,3410,9088,2.0,0,3,3,2760,650,1912,,Seattle,98119,0,1912,102,102.0,703.8123167155425,102.0,1,0.1906158357771261,0.65,413.3333333333333,8.134760782418645,9.11482017011877,2,train,Premium View Property
837500.0,4.0,2.5,2700,9320,2.0,0,0,4,2700,0,1994,,Kirkland,98033,0,1994,20,20.0,310.1851851851852,20.0,0,0.0,0.625,415.38461538461536,7.901377353792616,9.140025198061156,3,test,New-Build Suburban Family
327500.0,4.0,1.75,1650,7800,1.0,0,0,3,1650,0,1968,,Renton,98058,0,1968,46,46.0,198.4848484848485,46.0,0,0.0,0.4375,286.95652173913044,7.409136443920128,8.962007209588313,1,test,Compact Entry-Level
175000.0,2.0,1.0,670,2378,1.0,0,0,3,670,0,1919,,Seattle,98126,0,1919,95,95.0,261.1940298507463,95.0,0,0.0,0.5,223.33333333333334,6.508769136971682,7.774435510302958,1,train,Compact Entry-Level
289950.0,3.0,2.0,1670,7757,1.0,0,0,3,1670,0,1992,,Kent,98030,0,1992,22,22.0,173.62275449101796,22.0,0,0.0,0.6666666666666666,334.0,7.421177528595393,8.956479847999912,1,test,Compact Entry-Level
400000.0,3.0,1.75,1530,10731,1.0,0,0,3,1530,0,1986,,Kenmore,98028,0,1986,28,28.0,261.437908496732,28.0,0,0.0,0.5833333333333334,322.10526315789474,7.333676395657684,9.280985211545515,1,train,Compact Entry-Level
219950.0,3.0,2.25,1500,7615,1.0,0,0,3,1150,350,1984,,Federal Way,98023,0,1984,30,30.0,146.63333333333333,30.0,1,0.23333333333333334,0.75,285.7142857142857,7.313886831633462,8.938006576471201,0,train,Established Family Home
161700.0,4.0,1.75,1720,7200,1.0,0,0,3,1220,500,1974,,Federal Way,98023,0,1974,40,40.0,94.01162790697674,40.0,1,0.29069767441860467,0.4375,299.1304347826087,7.450660796211539,8.881975184248867,0,train,Established Family Home
500000.0,5.0,3.0,2920,11440,2.0,0,0,3,2920,0,2003,,Shoreline,98133,0,2003,11,11.0,171.23287671232876,11.0,0,0.0,0.6,365.0,7.979681302387741,9.344958673700944,3,train,New-Build Suburban Family
465000.0,3.0,1.0,910,4500,1.0,0,0,3,910,0,1948,,Seattle,98117,0,1948,66,66.0,510.989010989011,66.0,0,0.0,0.3333333333333333,227.5,6.814542897259958,8.412054873292933,1,test,Compact Entry-Level
540000.0,3.0,1.0,1050,4160,1.0,0,0,4,1050,0,1925,,Seattle,98115,0,1925,89,89.0,514.2857142857143,89.0,0,0.0,0.3333333333333333,262.5,6.957497370876951,8.333510708982942,1,train,Compact Entry-Level
525000.0,3.0,2.0,1540,7800,1.0,0,0,3,1540,0,2004,,Seattle,98125,0,2004,10,10.0,340.90909090909093,10.0,0,0.0,0.6666666666666666,308.0,7.340186835320115,8.962007209588313,1,train,Compact Entry-Level
324950.0,3.0,1.0,1210,7440,1.0,0,0,3,1210,0,1949,,Shoreline,98155,0,1949,65,65.0,268.55371900826447,65.0,0,0.0,0.3333333333333333,302.5,7.099201743553092,8.914760527397261,1,train,Compact Entry-Level
565000.0,5.0,2.5,2650,11455,1.0,0,0,3,1400,1250,1961,,Bellevue,98008,0,1961,53,53.0,213.2075471698113,53.0,1,0.4716981132075472,0.5,353.3333333333333,7.8826922062890254,9.346268889200427,0,test,Established Family Home
760500.0,3.0,2.0,1990,3990,1.0,0,0,5,1130,860,1912,,Seattle,98103,0,1912,102,102.0,382.1608040201005,102.0,1,0.4321608040201005,0.6666666666666666,398.0,7.596392304064196,8.291797105048733,0,train,Established Family Home
1100000.0,5.0,2.75,2660,8737,1.0,0,4,5,1470,1190,1969,,Bellevue,98006,0,1969,45,45.0,413.5338345864662,45.0,1,0.4473684210526316,0.55,343.2258064516129,7.886457270977689,9.075436609511382,2,train,Premium View Property
603500.0,4.0,2.5,4060,9734,1.0,0,4,3,2150,1910,1977,,Kenmore,98028,0,1977,37,37.0,148.64532019704433,37.0,1,0.47044334975369456,0.625,624.6153846153846,8.309184527686298,9.1834829178063,2,test,Premium View Property
453500.0,5.0,2.5,2300,23345,1.0,0,0,5,1170,1130,1967,,Renton,98059,0,1967,47,47.0,197.17391304347825,47.0,1,0.49130434782608695,0.5,306.6666666666667,7.741099090035366,10.058180942212608,0,train,Established Family Home
583000.0,6.0,2.75,2630,16411,1.0,0,0,4,1650,980,1974,,Redmond,98052,0,1974,40,40.0,221.67300380228136,40.0,1,0.3726235741444867,0.4583333333333333,300.57142857142856,7.875119281040293,9.705768053562077,0,test,Established Family Home
275000.0,2.0,1.0,770,8149,1.0,0,0,5,770,0,1948,,Shoreline,98155,0,1948,66,66.0,357.1428571428572,66.0,0,0.0,0.5,256.6666666666667,6.647688373563329,9.005773206234908,1,train,Compact Entry-Level
875000.0,4.0,2.75,3790,10669,2.0,0,0,3,3790,0,1999,,Sammamish,98075,0,1999,15,15.0,230.8707124010554,15.0,0,0.0,0.6875,561.4814814814815,8.240385115516334,9.275191344295799,3,train,New-Build Suburban Family
335000.0,4.0,2.75,2540,7210,1.0,0,0,4,1600,940,1979,,Renton,98058,0,1979,35,35.0,131.88976377952756,35.0,1,0.3700787401574803,0.6875,376.2962962962963,7.840312983320164,8.88336291691676,0,train,Established Family Home
646000.0,4.0,2.25,2500,8500,1.0,0,0,4,1600,900,1978,,Bellevue,98006,0,1978,36,36.0,258.4,36.0,1,0.36,0.5625,400.0,7.824445930877619,9.04793908261736,0,test,Established Family Home
392500.0,4.0,2.5,2150,7303,2.0,0,0,3,2150,0,2005,,Renton,98056,0,2005,9,9.0,182.5581395348837,9.0,0,0.0,0.625,330.7692307692308,7.67368812926773,8.896177422274805,3,train,New-Build Suburban Family
785000.0,3.0,1.75,1670,9600,1.0,0,0,5,1670,0,1961,,Mercer Island,98040,0,1961,53,53.0,470.05988023952096,53.0,0,0.0,0.5833333333333334,351.57894736842104,7.421177528595393,9.169622538697624,1,train,Compact Entry-Level
470000.0,3.0,2.0,1800,12669,1.0,0,0,3,1800,0,1956,1990.0,Kirkland,98033,1,1990,58,24.0,261.1111111111111,24.0,0,0.0,0.6666666666666666,360.0,7.496097345175956,9.446992273315185,1,train,Compact Entry-Level
560000.0,3.0,2.5,2070,12708,2.0,0,0,3,2070,0,1996,,Newcastle,98056,0,1996,18,18.0,270.5314009661836,18.0,0,0.0,0.8333333333333334,376.3636363636364,7.635786861395585,9.450065682882071,3,train,New-Build Suburban Family
519000.0,2.0,1.0,830,2820,1.0,0,0,4,830,0,1920,,Seattle,98103,0,1920,94,94.0,625.3012048192771,94.0,0,0.0,0.5,276.6666666666667,6.7226297948554485,7.944846711001996,1,train,Compact Entry-Level
746000.0,3.0,2.25,2370,9619,1.0,0,0,4,1650,720,1973,,Redmond,98052,0,1973,41,41.0,314.7679324894515,41.0,1,0.3037974683544304,0.75,451.42857142857144,7.771067086065406,9.171599543659752,0,train,Established Family Home
317000.0,3.0,1.0,1010,5400,1.0,0,0,3,1010,0,1959,,Seattle,98144,0,1959,55,55.0,313.86138613861385,55.0,0,0.0,0.3333333333333333,252.5,6.918695219020472,8.594339400592892,1,train,Compact Entry-Level
371000.0,3.0,1.5,1420,4500,1.0,0,0,3,1420,0,1959,,Seattle,98103,0,1959,55,55.0,261.2676056338028,55.0,0,0.0,0.5,315.55555555555554,7.259116128097101,8.412054873292933,1,train,Compact Entry-Level
250000.0,4.0,2.0,2120,8701,1.5,0,0,4,2120,0,1960,,Des Moines,98198,0,1960,54,54.0,117.9245283018868,54.0,0,0.0,0.5,353.3333333333333,7.659642954564682,9.071308163280625,0,train,Established Family Home
532000.0,4.0,1.75,2020,7029,1.0,0,0,4,1430,590,1979,,Redmond,98052,0,1979,35,35.0,263.36633663366337,35.0,1,0.29207920792079206,0.4375,351.30434782608694,7.611347717403621,8.857941984804711,0,train,Established Family Home
499950.0,3.0,2.5,1520,2208,2.0,0,0,3,1040,480,2007,,Seattle,98119,0,2007,7,7.0,328.9144736842105,7.0,1,0.3157894736842105,0.8333333333333334,276.3636363636364,7.327123292259293,7.700295203420117,3,train,New-Build Suburban Family
375000.0,2.0,1.0,820,6250,1.0,0,0,4,820,0,1922,,Seattle,98136,0,1922,92,92.0,457.3170731707317,92.0,0,0.0,0.5,273.3333333333333,6.710523109452428,8.740496729931813,1,train,Compact Entry-Level
640000.0,3.0,2.5,1690,1553,2.5,0,0,3,1690,0,2007,,Seattle,98199,0,2007,7,7.0,378.698224852071,7.0,0,0.0,0.8333333333333334,307.27272727272725,7.43307534889858,7.348587530927593,3,train,New-Build Suburban Family
400000.0,3.0,2.0,2260,11305,1.0,0,0,3,1130,1130,1986,,Renton,98055,0,1986,28,28.0,176.99115044247787,28.0,1,0.5,0.6666666666666666,452.0,7.72356247227797,9.333088837235236,0,train,Established Family Home
572000.0,3.0,2.25,1830,7897,1.0,0,0,4,1290,540,1986,,Redmond,98052,0,1986,28,28.0,312.5683060109289,28.0,1,0.29508196721311475,0.75,348.57142857142856,7.5126175446745105,8.974364841846596,0,train,Established Family Home
310000.0,3.0,2.0,1350,11150,1.0,0,0,3,1110,240,1995,,North Bend,98045,0,1995,19,19.0,229.6296296296296,19.0,1,0.17777777777777778,0.6666666666666666,270.0,7.208600337960199,9.319284458965361,0,test,Established Family Home
989000.0,5.0,3.5,3280,4000,2.0,0,0,3,2440,840,2003,,Seattle,98117,0,2003,11,11.0,301.5243902439024,11.0,1,0.25609756097560976,0.7,385.88235294117646,8.0959035329611,8.294299608857235,3,test,New-Build Suburban Family
685000.0,4.0,2.5,2770,45514,2.0,0,0,4,2770,0,1989,,Woodinville,98077,0,1989,25,25.0,247.2924187725632,25.0,0,0.0,0.625,426.15384615384613,7.9269635448629785,10.72579722093939,3,train,New-Build Suburban Family
907500.0,4.0,2.5,2770,8642,2.0,0,0,4,2770,0,1987,,Bellevue,98007,0,1987,27,27.0,327.6173285198556,27.0,0,0.0,0.625,426.15384615384613,7.9269635448629785,9.064505023752638,3,train,New-Build Suburban Family
427500.0,4.0,2.5,2460,5091,2.0,0,0,3,2460,0,2003,,Renton,98058,0,2003,11,11.0,173.78048780487805,11.0,0,0.0,0.625,378.46153846153845,7.8083230503910555,8.535425959677298,3,train,New-Build Suburban Family
860000.0,3.0,3.25,4720,32467,2.0,0,2,3,3190,1530,1998,,Renton,98059,0,1998,16,16.0,182.20338983050848,16.0,1,0.3241525423728814,1.0833333333333333,755.2,8.459775920546287,10.388010267881066,2,train,Premium View Property
365000.0,2.0,1.0,1250,8100,1.0,0,0,4,1250,0,1947,,Seattle,98125,0,1947,67,67.0,292.0,67.0,0,0.0,0.5,416.6666666666667,7.1316985104669115,8.999742789830492,1,test,Compact Entry-Level
250500.0,3.0,2.0,1710,7225,2.0,0,0,4,1710,0,1988,,Federal Way,98023,0,1988,26,26.0,146.49122807017545,26.0,0,0.0,0.6666666666666666,342.0,7.444833273892193,8.885440911707585,3,train,New-Build Suburban Family
411715.0,3.0,1.75,1840,5101,1.0,0,0,5,1040,800,1952,,Seattle,98108,0,1952,62,62.0,223.75815217391303,62.0,1,0.43478260869565216,0.5833333333333334,387.36842105263156,7.518064181233078,8.537387898701757,0,train,Established Family Home
415000.0,4.0,2.5,2000,5962,2.0,0,0,3,2000,0,1999,,Shoreline,98133,0,1999,15,15.0,207.5,15.0,0,0.0,0.625,307.6923076923077,7.601402334583733,8.693328989123106,3,train,New-Build Suburban Family
129000.0,1.0,1.0,650,15364,1.0,0,0,4,650,0,1967,,Kent,98042,0,1967,47,47.0,198.46153846153845,47.0,0,0.0,1.0,325.0,6.478509642208569,9.639847474564585,1,train,Compact Entry-Level
489000.0,3.0,1.5,1020,9072,1.0,0,0,3,920,100,1930,,Seattle,98115,0,1930,84,84.0,479.4117647058824,84.0,1,0.09803921568627451,0.5,226.66666666666666,6.928537818164665,9.11305824916963,1,train,Compact Entry-Level
170000.0,2.0,1.0,1500,18540,1.0,0,0,3,1500,0,1950,,Tukwila,98168,0,1950,64,64.0,113.33333333333331,64.0,0,0.0,0.5,500.0,7.313886831633462,9.827739775097854,1,train,Compact Entry-Level
418500.0,3.0,2.5,2060,4399,2.0,0,0,3,2060,0,2007,,Snoqualmie,98065,0,2007,7,7.0,203.15533980582524,7.0,0,0.0,0.8333333333333334,374.54545454545456,7.630946580890459,8.389359819906353,3,test,New-Build Suburban Family
261000.0,3.0,1.5,1810,29308,1.0,0,0,3,950,860,1983,,Covington,98042,0,1983,31,31.0,144.1988950276243,31.0,1,0.47513812154696133,0.5,402.22222222222223,7.501634457883413,10.285649915074456,0,train,Established Family Home
2005000.0,6.0,4.5,3810,28176,1.0,0,4,5,3810,0,1969,,Shoreline,98177,0,1969,45,45.0,526.2467191601049,45.0,0,0.0,0.75,362.85714285714283,8.24564690087386,10.246261321304372,2,train,Premium View Property
355000.0,2.0,1.75,1650,4000,1.0,0,0,4,950,700,1947,,Seattle,98108,0,1947,67,67.0,215.1515151515152,67.0,1,0.42424242424242425,0.875,440.0,7.409136443920128,8.294299608857235,1,test,Compact Entry-Level
742000.0,3.0,3.25,1540,704,3.0,0,0,3,1540,0,2011,,Seattle,98122,0,2011,3,3.0,481.8181818181818,3.0,0,0.0,1.0833333333333333,246.4,7.340186835320115,6.558197802812269,3,train,New-Build Suburban Family
399950.0,3.0,1.5,2080,5244,1.0,0,0,3,1190,890,1959,,Seattle,98125,0,1959,55,55.0,192.28365384615384,55.0,1,0.42788461538461536,0.5,462.22222222222223,7.640603826393634,8.565030520830398,0,train,Established Family Home
791000.0,3.0,2.25,2430,5500,2.0,0,0,3,1810,620,1989,,Kirkland,98033,0,1989,25,25.0,325.51440329218104,25.0,1,0.2551440329218107,0.75,462.85714285714283,7.796057974316123,8.612685172875459,3,train,New-Build Suburban Family
190000.0,5.0,2.0,1750,10284,1.0,0,0,4,1750,0,1943,,Renton,98056,0,1943,71,71.0,108.57142857142856,71.0,0,0.0,0.4,250.0,7.467942332285852,9.238441802087058,0,train,Established Family Home
229500.0,3.0,1.75,1770,33224,1.0,0,0,4,1770,0,1968,,Auburn,98092,0,1968,46,46.0,129.66101694915255,46.0,0,0.0,0.5833333333333334,372.63157894736844,7.479299637782834,10.411057883581446,1,train,Compact Entry-Level
539000.0,3.0,2.5,1710,2300,2.0,0,0,3,1570,140,2005,,Redmond,98052,0,2005,9,9.0,315.2046783625731,9.0,1,0.08187134502923976,0.8333333333333334,310.90909090909093,7.444833273892193,7.741099090035366,3,train,New-Build Suburban Family
549000.0,4.0,2.25,2740,88426,2.0,0,0,3,2740,0,1991,,Issaquah,98027,0,1991,23,23.0,200.36496350364965,23.0,0,0.0,0.5625,438.4,7.916078096302786,11.389932631855782,3,test,New-Build Suburban Family
545000.0,5.0,2.5,2730,17240,1.0,0,0,5,1660,1070,1958,,Kenmore,98028,0,1958,56,56.0,199.6336996336996,56.0,1,0.39194139194139194,0.5,364.0,7.912423121473705,9.75504554717585,0,train,Established Family Home
285000.0,3.0,2.5,2437,5136,2.0,0,0,3,2437,0,2011,,Auburn,98002,0,2011,3,3.0,116.9470660648338,3.0,0,0.0,0.8333333333333334,443.09090909090907,7.798933310041217,8.544224530467268,3,train,New-Build Suburban Family
648000.0,4.0,2.5,3290,6203,2.0,0,0,3,3290,0,2008,,Snoqualmie,98065,0,2008,6,6.0,196.96048632218844,6.0,0,0.0,0.625,506.15384615384613,8.098946748943339,8.73294952429643,3,train,New-Build Suburban Family
610000.0,4.0,3.5,2910,5260,2.0,0,0,3,2910,0,2012,,Snoqualmie,98065,0,2012,2,2.0,209.62199312714776,2.0,0,0.0,0.875,388.0,7.976251943745623,8.568076401730806,3,test,New-Build Suburban Family
767450.0,3.0,2.0,1630,7599,1.0,0,0,3,1630,0,2006,,Seattle,98117,0,2006,8,8.0,470.8282208588957,8.0,0,0.0,0.6666666666666666,326.0,7.396948602621014,8.935903526274423,1,test,Compact Entry-Level
765000.0,4.0,3.0,4410,5104,2.0,0,0,3,3400,1010,2006,,Snoqualmie,98065,0,2006,8,8.0,173.46938775510205,8.0,1,0.2290249433106576,0.75,630.0,8.39185670010494,8.537975730598767,3,train,New-Build Suburban Family
586500.0,3.0,2.5,1780,1487,3.0,0,0,3,1600,180,2006,,Seattle,98103,0,2006,8,8.0,329.4943820224719,8.0,1,0.10112359550561797,0.8333333333333334,323.6363636363636,7.484930283289661,7.305188215393037,3,train,New-Build Suburban Family
520000.0,3.0,3.25,1540,1487,2.0,0,0,3,1540,0,2011,,Issaquah,98029,0,2011,3,3.0,337.6623376623377,3.0,0,0.0,1.0833333333333333,246.4,7.340186835320115,7.305188215393037,3,train,New-Build Suburban Family
455000.0,3.0,1.75,1420,1189,3.0,0,0,3,1420,0,2006,,Seattle,98103,0,2006,8,8.0,320.4225352112676,8.0,0,0.0,0.5833333333333334,298.94736842105266,7.259116128097101,7.081708586105575,3,train,New-Build Suburban Family
653000.0,3.0,2.5,2680,9750,1.0,0,0,4,1610,1070,1979,,Kirkland,98034,0,1979,35,35.0,243.65671641791045,35.0,1,0.39925373134328357,0.8333333333333334,487.27272727272725,7.893945138235959,9.18512512283512,0,train,Established Family Home
279950.0,3.0,2.0,1750,9750,1.0,0,0,3,1350,400,1961,,Des Moines,98198,0,1961,53,53.0,159.97142857142856,53.0,1,0.22857142857142856,0.6666666666666666,350.0,7.467942332285852,9.18512512283512,0,train,Established Family Home
449950.0,3.0,2.5,2170,4912,2.0,0,0,3,2170,0,2003,,Kenmore,98028,0,2003,11,11.0,207.35023041474653,11.0,0,0.0,0.8333333333333334,394.54545454545456,7.682943169878292,8.499640032168648,3,train,New-Build Suburban Family
565000.0,3.0,2.75,2390,9966,1.0,0,0,5,1360,1030,1977,,Bellevue,98006,0,1977,37,37.0,236.40167364016736,37.0,1,0.4309623430962343,0.9166666666666666,415.6521739130435,7.779466967458324,9.207034914967457,0,train,Established Family Home
620000.0,4.0,2.25,2400,5350,1.5,0,0,4,1460,940,1929,,Seattle,98117,0,1929,85,85.0,258.3333333333333,85.0,1,0.39166666666666666,0.5625,384.0,7.783640596221253,8.585038738311304,0,train,Established Family Home
269000.0,3.0,1.0,1690,4250,1.0,0,0,3,1020,670,1967,,Seattle,98178,0,1967,47,47.0,159.1715976331361,47.0,1,0.39644970414201186,0.3333333333333333,422.5,7.43307534889858,8.35490952835879,1,train,Compact Entry-Level
875000.0,3.0,3.5,3250,6000,2.0,0,0,3,2500,750,2001,,Seattle,98136,0,2001,13,13.0,269.2307692307692,13.0,1,0.23076923076923078,1.1666666666666667,500.0,8.086717920303906,8.699681400989514,3,train,New-Build Suburban Family
630000.0,4.0,3.75,4610,40202,1.0,0,0,4,2500,2110,1980,,Issaquah,98027,0,1980,34,34.0,136.65943600867678,34.0,1,0.45770065075921906,0.9375,594.8387096774194,8.436200032206706,10.601696898688338,0,train,Established Family Home
425000.0,4.0,2.75,2440,15349,2.0,0,1,4,2440,0,1957,,Des Moines,98198,0,1957,57,57.0,174.18032786885246,57.0,0,0.0,0.6875,361.48148148148147,7.80016307039296,9.638870753015343,3,train,New-Build Suburban Family
647500.0,3.0,1.75,1290,3870,1.0,0,0,5,1290,0,1916,,Seattle,98144,0,1916,98,98.0,501.9379844961241,98.0,0,0.0,0.5833333333333334,271.57894736842104,7.1631723908466425,8.261268150577648,1,train,Compact Entry-Level
450000.0,4.0,1.0,2000,4676,1.5,0,0,3,1250,750,1916,1986.0,Seattle,98118,1,1986,98,28.0,225.0,28.0,1,0.375,0.25,400.0,7.601402334583733,8.450412157725886,0,train,Established Family Home
440000.0,3.0,1.0,1050,7500,1.0,0,0,3,1050,0,1900,,Seattle,98136,0,1900,114,114.0,419.04761904761904,114.0,0,0.0,0.3333333333333333,262.5,6.957497370876951,8.922791623969637,1,train,Compact Entry-Level
445000.0,4.0,2.5,2340,3784,2.0,0,0,3,2340,0,2008,,Seattle,98106,0,2008,6,6.0,190.17094017094016,6.0,0,0.0,0.625,360.0,7.75833346749091,8.23880116587155,3,test,New-Build Suburban Family
530000.0,4.0,2.25,2210,7665,2.0,0,0,4,2210,0,1968,,Bellevue,98006,0,1968,46,46.0,239.81900452488688,46.0,0,0.0,0.5625,353.6,7.701200180857446,8.9445502459405,3,train,New-Build Suburban Family
875000.0,5.0,2.5,2920,5568,2.0,0,0,3,2320,600,1906,,Seattle,98112,0,1906,108,108.0,299.6575342465753,108.0,1,0.2054794520547945,0.5,389.3333333333333,7.979681302387741,8.624970783589669,0,train,Established Family Home
685000.0,3.0,2.75,3150,219978,2.0,0,0,4,3000,150,1990,,Preston,98050,0,1990,24,24.0,217.46031746031747,24.0,1,0.047619047619047616,0.9166666666666666,547.8260869565217,8.055475141757274,12.30128736623297,0,train,Established Family Home
798000.0,3.0,3.5,3590,6402,2.0,0,0,3,3590,0,1999,,Sammamish,98074,0,1999,15,15.0,222.2841225626741,15.0,0,0.0,1.1666666666666667,552.3076923076923,8.186185994226083,8.764521909518802,3,test,New-Build Suburban Family
297500.0,4.0,2.5,1910,5000,2.0,0,0,3,1910,0,2005,,Maple Valley,98038,0,2005,9,9.0,155.7591623036649,9.0,0,0.0,0.625,293.84615384615387,7.555381944240273,8.517393171418904,3,train,New-Build Suburban Family
749950.0,4.0,2.75,3110,35235,2.0,0,0,4,3110,0,1983,,Woodinville,98072,0,1983,31,31.0,241.1414790996785,31.0,0,0.0,0.6875,460.74074074074076,8.042699496897637,10.469823566229687,3,train,New-Build Suburban Family
495000.0,5.0,3.0,2440,4750,1.0,0,0,3,1450,990,2006,,Seattle,98108,0,2006,8,8.0,202.8688524590164,8.0,1,0.4057377049180328,0.6,305.0,7.80016307039296,8.46611040118692,0,train,Established Family Home
540000.0,4.0,2.25,1330,8400,1.5,0,0,3,1330,0,1962,,Bellevue,98005,0,1962,52,52.0,406.01503759398497,52.0,0,0.0,0.5625,212.8,7.193685818395112,9.036106025364846,1,train,Compact Entry-Level
395000.0,3.0,1.75,1460,22651,1.0,0,0,4,1460,0,1961,,Issaquah,98027,0,1961,53,53.0,270.54794520547944,53.0,0,0.0,0.5833333333333334,307.36842105263156,7.2868764117507,10.028003427233696,1,train,Compact Entry-Level
1300000.0,6.0,4.5,3902,3880,3.0,0,4,4,2782,1120,1977,,Seattle,98116,0,1977,37,37.0,333.1624807790877,37.0,1,0.2870322911327524,0.75,371.6190476190476,8.269500767180615,8.263848131368906,2,train,Premium View Property
1075000.0,5.0,4.75,5180,17811,2.0,0,2,3,4070,1110,2001,,Snoqualmie,98065,0,2001,13,13.0,207.52895752895756,13.0,1,0.21428571428571427,0.95,531.2820512820513,8.552753366814787,9.787627666441592,2,test,Premium View Property
214100.0,2.0,2.5,1150,2064,2.0,0,0,3,1150,0,2004,,Auburn,98001,0,2004,10,10.0,186.17391304347825,10.0,0,0.0,1.25,255.55555555555554,7.048386408721883,7.632885505395133,3,train,New-Build Suburban Family
210000.0,4.0,1.5,1920,10403,1.0,0,0,3,1370,550,1959,,Federal Way,98023,0,1959,55,55.0,109.375,55.0,1,0.2864583333333333,0.375,349.09090909090907,7.560601162768557,9.249945626568541,0,train,Established Family Home
499500.0,3.0,2.5,2520,53143,1.5,0,0,3,2520,0,1988,,Duvall,98019,0,1988,26,26.0,198.2142857142857,26.0,0,0.0,0.8333333333333334,458.1818181818182,7.83241092718792,10.880760489345077,3,train,New-Build Suburban Family
546000.0,2.0,1.0,970,3400,1.0,0,0,3,970,0,1924,,Seattle,98109,0,1924,90,90.0,562.8865979381443,90.0,0,0.0,0.5,323.3333333333333,6.878326468291325,8.131824785007195,1,train,Compact Entry-Level
292000.0,5.0,2.5,2490,7666,1.0,0,0,4,1490,1000,1989,,Kent,98031,0,1989,25,25.0,117.26907630522088,25.0,1,0.40160642570281124,0.5,332.0,7.820439515262181,8.944680683558895,0,test,Established Family Home
289000.0,3.0,2.0,1680,8424,1.0,0,0,3,1680,0,1993,,Enumclaw,98022,0,1993,21,21.0,172.02380952380952,21.0,0,0.0,0.6666666666666666,336.0,7.427144133408616,9.038958755220563,1,train,Compact Entry-Level
240000.0,3.0,1.0,1150,4825,1.0,0,0,4,1150,0,1957,,Issaquah,98027,0,1957,57,57.0,208.69565217391303,57.0,0,0.0,0.3333333333333333,287.5,7.048386408721883,8.481773246184977,1,train,Compact Entry-Level
395000.0,4.0,3.0,1980,7931,1.0,0,0,4,1160,820,1983,,Shoreline,98133,0,1983,31,31.0,199.4949494949495,31.0,1,0.41414141414141414,0.75,282.85714285714283,7.591357046698551,8.978660489639687,0,train,Established Family Home
795000.0,4.0,2.25,2070,13084,1.0,0,0,4,1700,370,1967,,Mercer Island,98040,0,1967,47,47.0,384.0579710144928,47.0,1,0.178743961352657,0.5625,331.2,7.635786861395585,9.479221814964246,0,train,Established Family Home
955000.0,4.0,4.25,5660,193593,2.0,0,0,3,4100,1560,2001,,Duvall,98019,0,2001,13,13.0,168.72791519434628,13.0,1,0.2756183745583039,1.0625,686.060606060606,8.64135583403666,12.173518461608822,3,train,New-Build Suburban Family
725000.0,4.0,2.75,2420,10962,1.0,0,0,3,1530,890,1977,,Bellevue,98007,0,1977,37,37.0,299.58677685950414,37.0,1,0.3677685950413223,0.6875,358.51851851851853,7.791935956938058,9.30228124567454,0,train,Established Family Home
335000.0,4.0,2.5,2610,4781,2.0,0,0,3,2610,0,2009,,Auburn,98001,0,2009,5,5.0,128.35249042145594,5.0,0,0.0,0.625,401.53846153846155,7.8674885686991285,8.47261414801827,3,train,New-Build Suburban Family
492000.0,4.0,3.75,2810,10840,2.0,0,2,4,2070,740,1994,,North Bend,98045,0,1994,20,20.0,175.08896797153025,20.0,1,0.26334519572953735,0.9375,362.5806451612903,7.941295570906532,9.291090521661292,2,train,Premium View Property
250000.0,3.0,2.5,1510,10384,1.0,0,0,2,1030,480,1976,,Woodinville,98077,0,1976,38,38.0,165.56291390728478,38.0,1,0.31788079470198677,0.8333333333333334,274.54545454545456,7.32052696227274,9.248117736310213,0,test,Established Family Home
700000.0,3.0,1.75,1910,4800,1.0,0,0,3,1080,830,1959,,Seattle,98103,0,1959,55,55.0,366.4921465968586,55.0,1,0.43455497382198954,0.5833333333333334,402.10526315789474,7.555381944240273,8.476579508530941,0,train,Established Family Home
545000.0,3.0,1.75,1700,51649,1.5,0,0,5,1700,0,1931,,Renton,98059,0,1931,83,83.0,320.5882352941176,83.0,0,0.0,0.5833333333333334,357.89473684210526,7.438971592395862,10.852245474547784,1,train,Compact Entry-Level
555000.0,4.0,2.75,2020,10720,1.0,0,0,4,1420,600,1976,,Redmond,98052,0,1976,38,38.0,274.7524752475247,38.0,1,0.297029702970297,0.6875,299.25925925925924,7.611347717403621,9.27995971385624,0,train,Established Family Home
640000.0,3.0,1.75,2340,4206,1.0,0,0,5,1170,1170,1917,,Seattle,98144,0,1917,97,97.0,273.5042735042735,97.0,1,0.5,0.5833333333333334,492.63157894736844,7.75833346749091,8.344505083590521,0,train,Established Family Home
390000.0,3.0,2.0,1463,868,3.0,0,0,3,1463,0,2003,,Seattle,98115,0,2003,11,11.0,266.57552973342445,11.0,0,0.0,0.6666666666666666,292.6,7.288927694521257,6.767343125265392,3,train,New-Build Suburban Family
466500.0,3.0,1.0,1430,3840,1.0,0,0,3,950,480,1945,,Seattle,98117,0,1945,69,69.0,326.2237762237762,69.0,1,0.3356643356643357,0.3333333333333333,357.5,7.266128779556451,8.253488028345904,1,test,Compact Entry-Level
372500.0,3.0,1.5,1180,12324,1.0,0,0,3,800,380,1981,,Sammamish,98074,0,1981,33,33.0,315.6779661016949,33.0,1,0.3220338983050847,0.5,262.22222222222223,7.074116816197362,9.41938499891089,0,test,Established Family Home
1800000.0,5.0,4.5,4400,15580,2.0,0,0,3,3390,1010,2003,,Bellevue,98004,0,2003,11,11.0,409.09090909090907,11.0,1,0.22954545454545455,0.9,463.1578947368421,8.38958706681109,9.653807502217354,3,train,New-Build Suburban Family
255000.0,3.0,2.5,1610,6176,2.0,0,0,3,1610,0,1994,,Kent,98030,0,1994,20,20.0,158.38509316770185,20.0,0,0.0,0.8333333333333334,292.72727272727275,7.384610383176974,8.728587995695898,3,train,New-Build Suburban Family
466800.0,3.0,2.5,1480,14250,2.0,0,0,3,1480,0,1996,,Kirkland,98033,0,1996,18,18.0,315.4054054054054,18.0,0,0.0,0.8333333333333334,269.09090909090907,7.300472814267799,9.564582358673212,3,train,New-Build Suburban Family
749000.0,3.0,2.5,2670,10338,2.0,0,0,3,2670,0,1987,,Bellevue,98007,0,1987,27,27.0,280.5243445692884,27.0,0,0.0,0.8333333333333334,485.45454545454544,7.890208213109961,9.243678431586693,3,train,New-Build Suburban Family
610000.0,4.0,1.75,1830,29110,2.0,0,0,3,1230,600,1990,,Mercer Island,98040,0,1990,24,24.0,333.3333333333333,24.0,1,0.32786885245901637,0.4375,318.2608695652174,7.5126175446745105,10.278871388605838,0,test,Established Family Home
356000.0,2.0,1.0,920,4095,1.0,0,0,4,920,0,1914,,Seattle,98118,0,1914,100,100.0,386.9565217391304,100.0,0,0.0,0.5,306.6666666666667,6.825460036255307,8.317766166719343,1,train,Compact Entry-Level
165000.0,3.0,1.0,1150,19200,1.0,0,0,4,1150,0,1908,,Auburn,98001,0,1908,106,106.0,143.47826086956522,106.0,0,0.0,0.3333333333333333,287.5,7.048386408721883,9.862717639992917,1,train,Compact Entry-Level
229000.0,2.0,1.0,1190,7408,1.0,0,0,3,830,360,1941,,Seattle,98168,0,1941,73,73.0,192.436974789916,73.0,1,0.3025210084033613,0.5,396.6666666666667,7.0825485693553,8.910450756416656,1,train,Compact Entry-Level
530000.0,4.0,3.25,4160,35654,2.0,0,0,3,2760,1400,1973,,Issaquah,98027,0,1973,41,41.0,127.40384615384616,41.0,1,0.33653846153846156,0.8125,573.7931034482758,8.333510708982942,10.481644668462405,3,train,New-Build Suburban Family
499950.0,3.0,2.5,2370,12753,2.0,0,0,3,2370,0,2001,,Duvall,98019,0,2001,13,13.0,210.9493670886076,13.0,0,0.0,0.8333333333333334,430.90909090909093,7.771067086065406,9.453600226875217,3,train,New-Build Suburban Family
619000.0,4.0,1.75,1660,3800,1.5,0,0,3,1660,0,1926,,Seattle,98115,0,1926,88,88.0,372.89156626506025,88.0,0,0.0,0.4375,288.69565217391306,7.415175109613295,8.24301946898925,1,train,Compact Entry-Level
547000.0,3.0,2.5,1480,8381,1.0,0,0,4,1480,0,1968,,Seattle,98125,0,1968,46,46.0,369.5945945945946,46.0,0,0.0,0.8333333333333334,269.09090909090907,7.300472814267799,9.033841828485016,1,train,Compact Entry-Level
359800.0,4.0,2.5,2390,6426,2.0,0,0,3,2390,0,1999,,Auburn,98092,0,1999,15,15.0,150.5439330543933,15.0,0,0.0,0.625,367.6923076923077,7.779466967458324,8.768263145371286,3,train,New-Build Suburban Family
499000.0,3.0,3.5,1690,1432,2.0,0,0,3,1360,330,2008,,Seattle,98199,0,2008,6,6.0,295.26627218934914,6.0,1,0.1952662721893491,1.1666666666666667,260.0,7.43307534889858,7.267525427828172,3,train,New-Build Suburban Family
189000.0,3.0,1.0,1010,7560,1.0,0,0,3,1010,0,1958,,Renton,98058,0,1958,56,56.0,187.12871287128712,56.0,0,0.0,0.3333333333333333,252.5,6.918695219020472,8.93075873555827,1,test,Compact Entry-Level
799000.0,4.0,3.5,3500,8547,2.0,0,0,3,2500,1000,1994,,Bellevue,98006,0,1994,20,20.0,228.28571428571428,20.0,1,0.2857142857142857,0.875,466.6666666666667,8.160803920954665,9.053452616439039,3,train,New-Build Suburban Family
257000.0,4.0,2.75,2330,7642,1.0,0,0,3,1800,530,1990,,Federal Way,98023,0,1990,24,24.0,110.30042918454936,24.0,1,0.22746781115879827,0.6875,345.18518518518516,7.754052639035757,8.941545475242885,0,train,Established Family Home
270000.0,3.0,1.5,1890,9450,1.0,0,0,3,1090,800,1957,,Burien,98146,0,1957,57,57.0,142.85714285714286,57.0,1,0.42328042328042326,0.5,420.0,7.544861068658458,9.153875834995056,0,train,Established Family Home
453500.0,4.0,1.75,2000,6032,1.0,0,2,3,1300,700,1959,,Seattle,98146,0,1959,55,55.0,226.75,55.0,1,0.35,0.4375,347.82608695652175,7.601402334583733,8.704999678440762,2,train,Premium View Property
237000.0,3.0,1.0,1130,10650,1.0,0,0,3,1130,0,1954,,SeaTac,98188,0,1954,60,60.0,209.73451327433628,60.0,0,0.0,0.3333333333333333,282.5,7.030857476116121,9.273409063443166,1,train,Compact Entry-Level
456000.0,4.0,1.75,1670,9886,1.0,0,0,5,1670,0,1947,,Seattle,98125,0,1947,67,67.0,273.05389221556885,67.0,0,0.0,0.4375,290.4347826086956,7.421177528595393,9.198976041897133,1,train,Compact Entry-Level
355500.0,3.0,2.5,2600,5540,2.0,0,0,3,2600,0,2004,,Maple Valley,98038,0,2004,10,10.0,136.73076923076923,10.0,0,0.0,0.8333333333333334,472.72727272727275,7.8636512654486515,8.61993026886735,3,test,New-Build Suburban Family
299950.0,4.0,1.75,1560,31299,1.0,0,0,4,1560,0,1965,,Auburn,98092,0,1965,49,49.0,192.27564102564105,49.0,0,0.0,0.4375,271.30434782608694,7.353081920515432,10.351373376528244,1,train,Compact Entry-Level
335000.0,3.0,2.0,1170,5360,1.0,0,0,3,1170,0,1919,,Seattle,98106,0,1919,95,95.0,286.3247863247863,95.0,0,0.0,0.6666666666666666,234.0,7.065613363597717,8.586905803827538,1,train,Compact Entry-Level
268500.0,4.0,2.5,2100,4237,2.0,0,0,3,2100,0,2006,,Kent,98031,0,2006,8,8.0,127.85714285714286,8.0,0,0.0,0.625,323.0769230769231,7.650168700845001,8.351846738828245,3,train,New-Build Suburban Family
385000.0,3.0,2.25,1710,11500,1.0,0,0,3,1210,500,1978,,Kenmore,98028,0,1978,36,36.0,225.14619883040936,36.0,1,0.29239766081871343,0.75,325.7142857142857,7.444833273892193,9.350189267092581,0,train,Established Family Home
376000.0,4.0,2.75,2420,5773,2.0,0,0,3,2420,0,2005,,Maple Valley,98038,0,2005,9,9.0,155.37190082644628,9.0,0,0.0,0.6875,358.51851851851853,7.791935956938058,8.661120360222881,3,train,New-Build Suburban Family
605004.0,4.0,2.0,1370,4000,2.0,0,0,3,1370,0,1951,1994.0,Seattle,98199,1,1994,63,20.0,441.6087591240876,20.0,0,0.0,0.5,228.33333333333334,7.223295679562314,8.294299608857235,3,train,New-Build Suburban Family
886000.0,4.0,2.0,2660,3900,1.5,0,0,4,1480,1180,1923,,Seattle,98112,0,1923,91,91.0,333.0827067669173,91.0,1,0.44360902255639095,0.5,443.3333333333333,7.886457270977689,8.268988209506656,0,test,Established Family Home
560000.0,4.0,2.5,2260,3713,2.0,0,0,3,2260,0,2003,,Kirkland,98034,0,2003,11,11.0,247.78761061946904,11.0,0,0.0,0.625,347.6923076923077,7.72356247227797,8.219864741912652,3,train,New-Build Suburban Family
343000.0,4.0,2.5,2070,4500,2.0,0,0,3,2070,0,2004,,Maple Valley,98038,0,2004,10,10.0,165.70048309178745,10.0,0,0.0,0.625,318.46153846153845,7.635786861395585,8.412054873292933,3,test,New-Build Suburban Family
1415000.0,4.0,5.25,4670,43950,2.0,0,0,3,4670,0,1989,,Bellevue,98006,0,1989,25,25.0,302.9978586723769,25.0,0,0.0,1.3125,504.86486486486484,8.449128460502108,10.69083065598303,3,test,New-Build Suburban Family
270000.0,3.0,1.0,1500,13500,1.0,0,0,4,1500,0,1968,,Renton,98059,0,1968,46,46.0,180.0,46.0,0,0.0,0.3333333333333333,375.0,7.313886831633462,9.510519035757246,1,train,Compact Entry-Level
411605.0,4.0,2.5,2658,3960,2.0,0,0,3,2658,0,2014,,Auburn,98092,0,2014,0,0.0,154.85515425131678,0.0,0,0.0,0.625,408.9230769230769,7.88570539124302,8.284251797621916,3,train,New-Build Suburban Family
550000.0,4.0,2.5,2700,5150,2.0,0,0,3,2700,0,2007,,Renton,98059,0,2007,7,7.0,203.7037037037037,7.0,0,0.0,0.625,415.38461538461536,7.901377353792616,8.546946149565585,3,train,New-Build Suburban Family
465000.0,3.0,2.25,1530,1245,2.0,0,0,3,1050,480,2014,,Seattle,98122,0,2014,0,0.0,303.921568627451,0.0,1,0.3137254901960784,0.75,291.42857142857144,7.333676395657684,7.1276936993473985,3,train,New-Build Suburban Family
584000.0,3.0,2.5,1480,1485,2.0,0,0,3,1280,200,2007,,Seattle,98102,0,2007,7,7.0,394.5945945945946,7.0,1,0.13513513513513514,0.8333333333333334,269.09090909090907,7.300472814267799,7.303843225277705,3,train,New-Build Suburban Family
275000.0,3.0,3.0,1390,1080,2.0,0,0,3,1140,250,2006,,Seattle,98118,0,2006,8,8.0,197.84172661870505,8.0,1,0.17985611510791366,1.0,231.66666666666666,7.237778191923443,6.985641817639208,3,train,New-Build Suburban Family
324500.0,3.0,2.5,1660,3990,2.0,0,0,3,1660,0,2009,,Seattle,98118,0,2009,5,5.0,195.48192771084337,5.0,0,0.0,0.8333333333333334,301.8181818181818,7.415175109613295,8.291797105048733,3,train,New-Build Suburban Family
700000.0,3.0,2.5,2050,4185,2.0,0,0,3,2050,0,2011,,Seattle,98117,0,2011,3,3.0,341.4634146341463,3.0,0,0.0,0.8333333333333334,372.72727272727275,7.62608275807238,8.339500903005945,3,train,New-Build Suburban Family
385200.0,4.0,1.0,1550,7740,1.5,0,0,3,1550,0,1954,,Seattle,98126,0,1954,60,60.0,248.51612903225808,60.0,0,0.0,0.25,310.0,7.346655163176539,8.954286157204713,1,test,Compact Entry-Level
270000.0,4.0,2.25,1900,8600,1.0,0,0,4,1900,0,1975,,Federal Way,98023,0,1975,39,39.0,142.10526315789474,39.0,0,0.0,0.5625,304.0,7.550135342488429,9.059633754551479,0,test,Established Family Home
735000.0,4.0,2.5,2820,6180,2.0,0,0,3,2050,770,2013,,Seattle,98118,0,2013,1,1.0,260.63829787234044,1.0,1,0.2730496453900709,0.625,433.84615384615387,7.944846711001996,8.729235349659273,3,test,New-Build Suburban Family
389250.0,2.0,1.5,1490,4080,1.0,0,0,3,930,560,1956,,Seattle,98126,0,1956,58,58.0,261.241610738255,58.0,1,0.37583892617449666,0.75,425.7142857142857,7.307202314764738,8.314097335405807,1,train,Compact Entry-Level
315000.0,3.0,1.5,1750,12500,1.0,0,0,3,1150,600,1954,,Fall City,98024,0,1954,60,60.0,180.0,60.0,1,0.34285714285714286,0.5,388.8888888888889,7.467942332285852,9.433563920090563,0,train,Established Family Home
545000.0,4.0,2.5,2040,6034,2.0,0,0,3,2040,0,1990,,Seattle,98115,0,1990,24,24.0,267.15686274509807,24.0,0,0.0,0.625,313.84615384615387,7.621195162809845,8.705331133531631,3,train,New-Build Suburban Family
550000.0,3.0,1.5,1900,5000,1.5,0,0,3,1640,260,1926,,Seattle,98115,0,1926,88,88.0,289.4736842105263,88.0,1,0.1368421052631579,0.5,422.22222222222223,7.550135342488429,8.517393171418904,0,train,Established Family Home
415000.0,3.0,1.75,1910,12596,1.0,0,0,3,1340,570,1977,,Woodinville,98072,0,1977,37,37.0,217.27748691099475,37.0,1,0.29842931937172773,0.5833333333333334,402.10526315789474,7.555381944240273,9.441213969352303,0,train,Established Family Home
387500.0,3.0,1.0,1560,14333,1.0,0,0,4,1560,0,1953,,Normandy Park,98166,0,1953,61,61.0,248.39743589743588,61.0,0,0.0,0.3333333333333333,390.0,7.353081920515432,9.570389616553864,1,train,Compact Entry-Level
432000.0,3.0,1.75,1470,6250,1.0,0,3,4,1070,400,1939,,Lake Forest Park,98155,0,1939,75,75.0,293.8775510204082,75.0,1,0.272108843537415,0.5833333333333334,309.4736842105263,7.293697720601438,8.740496729931813,2,train,Premium View Property
402000.0,3.0,2.5,2700,9994,1.0,0,3,4,1350,1350,1959,,Des Moines,98198,0,1959,55,55.0,148.88888888888889,55.0,1,0.5,0.8333333333333334,490.90909090909093,7.901377353792616,9.209840246934501,2,train,Premium View Property
1035000.0,4.0,3.25,3450,11240,2.0,0,3,4,2430,1020,1960,2001.0,Burien,98166,1,2001,54,13.0,300.0,13.0,1,0.2956521739130435,0.8125,475.86206896551727,8.146419323098003,9.327323087461798,2,train,Premium View Property
294700.0,3.0,2.0,1970,9600,1.0,0,0,4,1300,670,1967,,Federal Way,98003,0,1967,47,47.0,149.5939086294416,47.0,1,0.3401015228426396,0.6666666666666666,394.0,7.58629630715272,9.169622538697624,0,train,Established Family Home
744000.0,3.0,2.5,2670,12187,2.0,0,0,3,2670,0,1986,,Redmond,98052,0,1986,28,28.0,278.65168539325845,28.0,0,0.0,0.8333333333333334,485.45454545454544,7.890208213109961,9.408207140105599,3,train,New-Build Suburban Family
715000.0,3.0,2.5,2550,13458,2.0,0,0,3,2550,0,1990,,Bellevue,98006,0,1990,24,24.0,280.3921568627451,24.0,0,0.0,0.8333333333333334,463.6363636363636,7.844240718141811,9.507403306233716,3,train,New-Build Suburban Family
500000.0,4.0,1.0,1720,4011,1.5,0,0,4,1720,0,1904,,Seattle,98107,0,1904,110,110.0,290.69767441860466,110.0,0,0.0,0.25,344.0,7.450660796211539,8.297045149081827,1,train,Compact Entry-Level
1300000.0,4.0,4.0,4270,6002,2.0,0,3,3,3180,1090,2004,,Issaquah,98029,0,2004,10,10.0,304.4496487119438,10.0,1,0.25526932084309134,1.0,533.75,8.359603270841466,8.700014623251842,2,train,Premium View Property
1150000.0,3.0,1.5,2170,16600,1.0,1,2,3,1130,1040,1979,,Redmond,98052,0,1979,35,35.0,529.9539170506912,35.0,1,0.4792626728110599,0.5,482.22222222222223,7.682943169878292,9.717218213494077,2,test,Premium View Property
650000.0,4.0,2.5,2840,9354,2.0,0,0,3,2840,0,1990,,Sammamish,98074,0,1990,24,24.0,228.8732394366197,24.0,0,0.0,0.625,436.9230769230769,7.951911381854188,9.14366623870819,3,train,New-Build Suburban Family
435000.0,4.0,2.75,3270,50994,2.0,0,0,4,2720,550,1983,,Kent,98042,0,1983,31,31.0,133.0275229357798,31.0,1,0.16819571865443425,0.6875,484.44444444444446,8.092851027538384,10.839482867684618,0,train,Established Family Home
510000.0,3.0,1.75,1480,7040,1.0,0,0,3,1480,0,1974,,Kirkland,98033,0,1974,40,40.0,344.5945945945946,40.0,0,0.0,0.5833333333333334,311.57894736842104,7.300472814267799,8.859505484519133,1,train,Compact Entry-Level
525000.0,5.0,2.75,2440,8000,1.0,0,0,4,1240,1200,1972,,Kirkland,98034,0,1972,42,42.0,215.1639344262295,42.0,1,0.4918032786885246,0.55,314.83870967741933,7.80016307039296,8.987321812850125,0,train,Established Family Home
920000.0,4.0,2.75,2880,5750,1.5,0,0,5,1710,1170,1928,,Seattle,98116,0,1928,86,86.0,319.44444444444446,86.0,1,0.40625,0.6875,426.6666666666667,7.9658927350845286,8.657129031713755,0,train,Established Family Home
200000.0,2.0,1.0,1730,9610,1.0,0,0,3,1380,350,1962,,Auburn,98001,0,1962,52,52.0,115.60693641618496,52.0,1,0.2023121387283237,0.5,576.6666666666666,7.456454555176209,9.170663554823284,1,train,Compact Entry-Level
435000.0,2.0,1.0,1260,4080,1.5,0,0,5,1260,0,1926,,Seattle,98115,0,1926,88,88.0,345.23809523809524,88.0,0,0.0,0.5,420.0,7.13966033596492,8.314097335405807,1,train,Compact Entry-Level
809950.0,4.0,2.0,2230,9900,1.5,0,0,5,2230,0,1959,,Bellevue,98005,0,1959,55,55.0,363.2062780269058,55.0,0,0.0,0.5,371.6666666666667,7.7102051944325325,9.200391041122515,0,train,Established Family Home
1370000.0,2.0,2.25,2460,16940,1.5,0,4,4,1930,530,1936,,Seattle,98117,0,1936,78,78.0,556.910569105691,78.0,1,0.21544715447154472,1.125,578.8235294117648,7.8083230503910555,9.737491998340946,2,train,Premium View Property
455000.0,4.0,1.75,2050,94525,1.0,0,0,4,1250,800,1959,,Renton,98058,0,1959,55,55.0,221.9512195121951,55.0,1,0.3902439024390244,0.4375,356.5217391304348,7.62608275807238,11.456630207915023,0,train,Established Family Home
471000.0,3.0,2.5,2030,2805,2.0,0,0,3,1720,310,2001,,Issaquah,98027,0,2001,13,13.0,232.01970443349757,13.0,1,0.15270935960591134,0.8333333333333334,369.09090909090907,7.616283561580385,7.939515260662406,3,test,New-Build Suburban Family
253500.0,2.0,1.0,810,4800,1.0,0,0,3,810,0,1948,,Seattle,98126,0,1948,66,66.0,312.962962962963,66.0,0,0.0,0.5,270.0,6.698268054115413,8.476579508530941,1,train,Compact Entry-Level
185000.0,3.0,1.0,1840,8100,1.0,0,0,4,920,920,1953,,Burien,98166,0,1953,61,61.0,100.54347826086956,61.0,1,0.5,0.3333333333333333,460.0,7.518064181233078,8.999742789830492,0,test,Established Family Home
535500.0,3.0,1.5,1730,40250,2.0,0,0,4,1730,0,1983,,Woodinville,98072,0,1983,31,31.0,309.53757225433526,31.0,0,0.0,0.5,384.44444444444446,7.456454555176209,10.602890127258581,1,test,Compact Entry-Level
835000.0,2.0,2.0,2280,6815,1.0,0,0,3,2280,0,2002,,Redmond,98053,0,2002,12,12.0,366.2280701754386,12.0,0,0.0,1.0,570.0,7.732369222284388,8.827028068509152,1,train,Compact Entry-Level
589500.0,4.0,2.5,2630,6326,2.0,0,0,3,2630,0,2008,,Snoqualmie,98065,0,2008,6,6.0,224.1444866920152,6.0,0,0.0,0.625,404.61538461538464,7.875119281040293,8.752581469146884,3,train,New-Build Suburban Family
680000.0,3.0,2.25,2270,23900,1.0,0,0,3,1820,450,1975,,Shoreline,98177,0,1975,39,39.0,299.5594713656388,39.0,1,0.19823788546255505,0.75,432.3809523809524,7.7279755421055585,10.081675578048475,0,train,Established Family Home
360000.0,3.0,1.75,1020,7020,1.5,0,0,4,1020,0,1953,,Shoreline,98155,0,1953,61,61.0,352.94117647058823,61.0,0,0.0,0.5833333333333334,214.73684210526315,6.928537818164665,8.85666093701725,1,train,Compact Entry-Level
595000.0,4.0,2.5,1990,2175,2.0,0,0,3,1680,310,2005,,Seattle,98107,0,2005,9,9.0,298.99497487437185,9.0,1,0.15577889447236182,0.625,306.15384615384613,7.596392304064196,7.685243607975833,3,train,New-Build Suburban Family
300000.0,4.0,2.5,2680,15508,2.0,0,0,3,2680,0,1999,,Federal Way,98023,0,1999,15,15.0,111.94029850746269,15.0,0,0.0,0.625,412.3076923076923,7.893945138235959,9.649175779559453,3,train,New-Build Suburban Family
660000.0,3.0,1.75,1980,3300,1.5,0,0,4,1140,840,1926,,Seattle,98115,0,1926,88,88.0,333.3333333333333,88.0,1,0.42424242424242425,0.5833333333333334,416.8421052631579,7.591357046698551,8.101980731853192,0,train,Established Family Home
570000.0,3.0,2.5,2400,6975,2.0,0,0,3,2400,0,1993,,Newcastle,98056,0,1993,21,21.0,237.5,21.0,0,0.0,0.8333333333333334,436.3636363636364,7.783640596221253,8.850230965588816,3,test,New-Build Suburban Family
285000.0,2.0,1.0,780,5000,1.0,0,0,4,780,0,1943,,Seattle,98146,0,1943,71,71.0,365.38461538461536,71.0,0,0.0,0.5,260.0,6.660575149839686,8.517393171418904,1,train,Compact Entry-Level
435000.0,3.0,2.0,980,5000,1.0,0,0,3,980,0,1940,,Seattle,98144,0,1940,74,74.0,443.8775510204082,74.0,0,0.0,0.6666666666666666,196.0,6.8885724595653635,8.517393171418904,1,train,Compact Entry-Level
160000.0,3.0,1.0,1210,103237,1.0,0,0,2,1210,0,1918,1960.0,Vashon,98070,1,1960,96,54.0,132.23140495867767,54.0,0,0.0,0.3333333333333333,302.5,7.099201743553092,11.5447922813086,1,train,Compact Entry-Level
805000.0,5.0,2.5,4600,19831,1.0,0,3,3,2300,2300,1956,2013.0,Shoreline,98177,1,2013,58,1.0,175.0,1.0,1,0.5,0.5,613.3333333333334,8.434028950155469,9.895052073715027,2,test,Premium View Property
450000.0,3.0,2.5,1480,1961,2.0,0,0,3,1480,0,2005,,Issaquah,98029,0,2005,9,9.0,304.05405405405406,9.0,0,0.0,0.8333333333333334,269.09090909090907,7.300472814267799,7.581719640125308,3,train,New-Build Suburban Family
510000.0,4.0,1.5,1320,14250,1.0,0,0,4,1320,0,1954,,Kirkland,98033,0,1954,60,60.0,386.3636363636364,60.0,0,0.0,0.375,240.0,7.186144304522325,9.564582358673212,1,test,Compact Entry-Level
1120000.0,5.0,2.75,4400,18500,1.0,0,3,5,2250,2150,1963,,Kenmore,98028,0,1963,51,51.0,254.54545454545453,51.0,1,0.48863636363636365,0.55,567.741935483871,8.38958706681109,9.825580063659602,2,train,Premium View Property
1280000.0,4.0,3.5,3010,3600,2.0,0,0,3,2370,640,1999,,Seattle,98112,0,1999,15,15.0,425.249169435216,15.0,1,0.21262458471760798,0.875,401.3333333333333,8.010027528481734,8.188966863648876,3,train,New-Build Suburban Family
539000.0,3.0,2.0,2260,9568,1.0,0,0,3,1780,480,1985,,Sammamish,98074,0,1985,29,29.0,238.4955752212389,29.0,1,0.21238938053097345,0.6666666666666666,452.0,7.72356247227797,9.166283985779263,0,train,Established Family Home
407193.0,4.0,2.0,1880,14653,2.0,0,0,3,1880,0,1978,,Carnation,98014,0,1978,36,36.0,216.59202127659572,36.0,0,0.0,0.5,313.3333333333333,7.53955882930103,9.592468614719909,3,test,New-Build Suburban Family
320000.0,3.0,1.75,1370,9900,1.0,0,0,4,1370,0,1983,,Milton,98354,0,1983,31,31.0,233.5766423357664,31.0,0,0.0,0.5833333333333334,288.42105263157896,7.223295679562314,9.200391041122515,1,train,Compact Entry-Level
739000.0,4.0,3.0,2720,3800,2.0,0,0,5,1800,920,1919,,Seattle,98115,0,1919,95,95.0,271.69117647058823,95.0,1,0.3382352941176471,0.75,388.57142857142856,7.908754738783246,8.24301946898925,0,train,Established Family Home
452000.0,2.0,1.75,1740,5400,1.0,0,0,4,990,750,1946,,Seattle,98115,0,1946,68,68.0,259.7701149425287,68.0,1,0.43103448275862066,0.875,464.0,7.462214939768189,8.594339400592892,0,train,Established Family Home
600000.0,4.0,2.5,2560,5593,2.0,0,0,3,2560,0,2001,,Redmond,98053,0,2001,13,13.0,234.375,13.0,0,0.0,0.625,393.84615384615387,7.848153086199526,8.629449873761905,3,test,New-Build Suburban Family
279000.0,5.0,2.5,2690,5557,2.0,0,0,3,2690,0,2012,,Seattle,98178,0,2012,2,2.0,103.71747211895912,2.0,0,0.0,0.5,358.6666666666667,7.897668150726906,8.62299361030245,3,train,New-Build Suburban Family
895000.0,4.0,3.0,3240,5562,2.0,0,0,3,3240,0,2013,,Sammamish,98075,0,2013,1,1.0,276.2345679012346,1.0,0,0.0,0.75,462.85714285714283,8.083637203141548,8.623892810075294,3,test,New-Build Suburban Family
585000.0,4.0,2.5,2430,4747,2.0,0,0,3,2430,0,2008,,Issaquah,98027,0,2008,6,6.0,240.74074074074076,6.0,0,0.0,0.625,373.84615384615387,7.796057974316123,8.465478755729558,3,train,New-Build Suburban Family
405000.0,2.0,2.0,1405,1073,2.0,0,0,3,1140,265,2007,,Seattle,98122,0,2007,7,7.0,288.2562277580071,7.0,1,0.18861209964412812,1.0,351.25,7.2485040723706105,6.97914527506881,3,train,New-Build Suburban Family
837219.0,5.0,2.75,3030,7679,2.0,0,0,3,3030,0,2014,,Sammamish,98075,0,2014,0,0.0,276.30990099009904,0.0,0,0.0,0.55,390.96774193548384,8.016647877057803,8.946374826141717,3,train,New-Build Suburban Family
969990.0,4.0,2.5,4150,8436,2.0,0,0,3,4150,0,2014,,Sammamish,98075,0,2014,0,0.0,233.73253012048195,0.0,0,0.0,0.625,638.4615384615385,8.33110454805304,9.040382074165628,3,test,New-Build Suburban Family
490000.0,3.0,3.0,1730,2940,3.0,0,0,3,1730,0,1985,,Seattle,98117,0,1985,29,29.0,283.2369942196532,29.0,0,0.0,1.0,288.3333333333333,7.456454555176209,7.9865049385539955,3,train,New-Build Suburban Family
611000.0,6.0,2.5,3820,53173,1.0,0,0,4,2040,1780,1974,,Issaquah,98027,0,1974,40,40.0,159.9476439790576,40.0,1,0.46596858638743455,0.4166666666666667,449.4117647058824,8.2482674474469,10.881324834061799,0,train,Established Family Home
462000.0,4.0,2.5,3070,6432,2.0,0,0,3,3070,0,2006,,Renton,98055,0,2006,8,8.0,150.4885993485342,8.0,0,0.0,0.625,472.3076923076923,8.029758520440822,8.769196271411001,3,train,New-Build Suburban Family
540000.0,4.0,2.5,1780,4169,2.0,0,0,3,1780,0,1994,,Issaquah,98029,0,1994,20,20.0,303.3707865168539,20.0,0,0.0,0.625,273.84615384615387,7.484930283289661,8.335671314792847,3,train,New-Build Suburban Family
260000.0,4.0,2.5,1811,4381,2.0,0,0,3,1811,0,2007,,Renton,98055,0,2007,7,7.0,143.5670900055218,7.0,0,0.0,0.625,278.61538461538464,7.502186486602924,8.385260520155413,3,train,New-Build Suburban Family
510000.0,4.0,2.25,2450,62290,2.0,0,0,3,2450,0,1976,,Woodinville,98077,0,1976,38,38.0,208.16326530612244,38.0,0,0.0,0.5625,392.0,7.804251383528112,11.039572232060571,3,train,New-Build Suburban Family
567500.0,3.0,2.5,2300,7398,2.0,0,0,3,2300,0,2001,,Snoqualmie,98065,0,2001,13,13.0,246.7391304347826,13.0,0,0.0,0.8333333333333334,418.1818181818182,7.741099090035366,8.90910013492555,3,train,New-Build Suburban Family
445000.0,2.0,1.0,1440,3225,1.0,0,0,3,960,480,1915,,Seattle,98103,0,1915,99,99.0,309.02777777777777,99.0,1,0.3333333333333333,0.5,480.0,7.273092595999522,8.078998258685154,1,train,Compact Entry-Level
684680.0,4.0,2.25,2370,9360,2.0,0,0,4,2370,0,1979,,Redmond,98052,0,1979,35,35.0,288.8945147679325,35.0,0,0.0,0.5625,379.2,7.771067086065406,9.144307401371744,3,train,New-Build Suburban Family
2700000.0,4.0,3.25,4420,7850,2.0,1,4,3,3150,1270,2001,,Bellevue,98008,0,2001,13,13.0,610.8597285067873,13.0,1,0.2873303167420814,0.8125,609.6551724137931,8.394121193826242,8.968396191198256,2,train,Premium View Property
455000.0,3.0,1.0,1300,3550,1.5,0,0,3,1300,0,1927,,Seattle,98105,0,1927,87,87.0,350.0,87.0,0,0.0,0.3333333333333333,325.0,7.170888478512505,8.174984532943087,1,train,Compact Entry-Level
540000.0,5.0,3.0,2870,4369,2.0,0,0,3,2090,780,2007,,Bothell,98011,0,2007,7,7.0,188.1533101045296,7.0,1,0.27177700348432055,0.6,358.75,7.962415680121064,8.382518288089635,3,test,New-Build Suburban Family
530000.0,3.0,2.75,3400,7200,2.0,0,2,3,2470,930,2009,,Renton,98056,0,2009,5,5.0,155.88235294117646,5.0,1,0.2735294117647059,0.9166666666666666,591.304347826087,8.131824785007195,8.881975184248867,2,test,Premium View Property
410000.0,3.0,1.0,1410,5060,1.0,0,0,4,910,500,1956,,Seattle,98133,0,1956,58,58.0,290.78014184397165,58.0,1,0.3546099290780142,0.3333333333333333,352.5,7.252053951852814,8.529319371214077,1,train,Compact Entry-Level
450000.0,3.0,1.75,1640,13500,1.0,0,0,3,1110,530,1940,,Seattle,98125,0,1940,74,74.0,274.390243902439,74.0,1,0.3231707317073171,0.5833333333333334,345.2631578947368,7.403061091090091,9.510519035757246,0,train,Established Family Home
609900.0,4.0,2.5,3190,7399,2.0,0,0,3,3190,0,2006,,Maple Valley,98038,0,2006,8,8.0,191.1912225705329,8.0,0,0.0,0.625,490.7692307692308,8.068089626278244,8.909235279192261,3,train,New-Build Suburban Family
648000.0,4.0,2.5,2380,13435,2.0,0,0,3,2380,0,1992,,Issaquah,98075,0,1992,22,22.0,272.2689075630252,22.0,0,0.0,0.625,366.15384615384613,7.7752758464868625,9.505692950732183,3,train,New-Build Suburban Family
550000.0,3.0,2.5,2260,4165,2.0,0,0,3,2260,0,2005,,Sammamish,98075,0,2005,9,9.0,243.36283185840708,9.0,0,0.0,0.8333333333333334,410.90909090909093,7.72356247227797,8.334711621820917,3,test,New-Build Suburban Family
347000.0,3.0,1.75,1240,8050,1.0,0,0,4,1240,0,1978,,Sammamish,98074,0,1978,36,36.0,279.83870967741933,36.0,0,0.0,0.5833333333333334,261.05263157894734,7.123672785204607,8.993551586299981,1,test,Compact Entry-Level
1635000.0,5.0,3.5,4220,26784,1.0,0,0,3,2110,2110,1958,2006.0,Bellevue,98004,1,2006,56,8.0,387.4407582938389,8.0,1,0.5,0.7,496.47058823529414,8.347827345782498,10.19559730831506,0,test,Established Family Home
1339000.0,4.0,2.5,4250,19387,2.0,0,2,4,3260,990,1972,,Mercer Island,98040,0,1972,42,42.0,315.05882352941177,42.0,1,0.23294117647058823,0.625,653.8461538461538,8.35490952835879,9.872409596965266,2,train,Premium View Property
288350.0,3.0,1.5,1860,7963,1.0,0,0,3,1200,660,1963,,Tukwila,98188,0,1963,51,51.0,155.0268817204301,51.0,1,0.3548387096774194,0.5,413.3333333333333,7.528869256642251,8.982686665184087,0,train,Established Family Home
1150000.0,3.0,2.5,2850,10474,1.0,0,0,4,1730,1120,1954,,Bellevue,98004,0,1954,60,60.0,403.50877192982455,60.0,1,0.3929824561403509,0.8333333333333334,518.1818181818181,7.955425088912672,9.25674674479034,0,train,Established Family Home
525000.0,3.0,3.0,2470,36445,2.0,0,0,4,2470,0,1980,,Issaquah,98027,0,1980,34,34.0,212.5506072874494,34.0,0,0.0,1.0,411.6666666666667,7.81237820598861,10.503586992046001,3,test,New-Build Suburban Family
250250.0,3.0,2.25,2210,8000,2.0,0,0,4,2210,0,1969,,Federal Way,98023,0,1969,45,45.0,113.23529411764706,45.0,0,0.0,0.75,420.95238095238096,7.701200180857446,8.987321812850125,3,train,New-Build Suburban Family
341000.0,4.0,1.75,1920,7665,1.0,0,0,4,1500,420,1975,,Renton,98058,0,1975,39,39.0,177.60416666666666,39.0,1,0.21875,0.4375,333.9130434782609,7.560601162768557,8.9445502459405,0,train,Established Family Home
700000.0,4.0,3.0,3150,7778,2.0,0,0,3,3150,0,2000,,Sammamish,98075,0,2000,14,14.0,222.22222222222223,14.0,0,0.0,0.75,450.0,8.055475141757274,8.959183074206774,3,train,New-Build Suburban Family
390000.0,4.0,1.75,2700,7875,1.5,0,0,4,2700,0,1968,,Renton,98058,0,1968,46,46.0,144.44444444444446,46.0,0,0.0,0.4375,469.5652173913044,7.901377353792616,8.971575439759016,0,train,Established Family Home
539950.0,3.0,2.25,2190,7149,1.0,0,1,4,1240,950,1963,,Renton,98056,0,1963,51,51.0,246.55251141552512,51.0,1,0.4337899543378995,0.75,417.14285714285717,7.692113339595466,8.874867635688053,0,train,Established Family Home
552000.0,2.0,2.5,1380,951,3.0,0,0,3,1380,0,2006,,Seattle,98103,0,2006,8,8.0,400.0,8.0,0,0.0,1.25,306.6666666666667,7.2305631534092925,6.858565034791365,3,train,New-Build Suburban Family
250000.0,5.0,1.5,2520,5753,1.5,0,0,4,1510,1010,1928,,Enumclaw,98022,0,1928,86,86.0,99.2063492063492,86.0,1,0.4007936507936508,0.3,387.6923076923077,7.83241092718792,8.657650544111494,0,train,Established Family Home
502000.0,3.0,1.75,1300,8800,1.0,0,0,4,1300,0,1963,,Bellevue,98008,0,1963,51,51.0,386.1538461538461,51.0,0,0.0,0.5833333333333334,273.6842105263158,7.170888478512505,9.082620630373812,1,train,Compact Entry-Level
480000.0,4.0,1.75,2220,6500,2.0,0,3,4,2220,0,1964,,Burien,98166,0,1964,50,50.0,216.21621621621625,50.0,0,0.0,0.4375,386.0869565217391,7.7057128238944275,8.77971129020447,2,train,Premium View Property
378500.0,2.0,1.0,730,7528,1.0,0,0,3,730,0,1946,,Seattle,98115,0,1946,68,68.0,518.4931506849315,68.0,0,0.0,0.5,243.33333333333334,6.594413459749778,8.926517509850122,1,train,Compact Entry-Level
1350000.0,4.0,3.25,3300,15907,2.0,0,0,5,3300,0,1985,,Mercer Island,98040,0,1985,29,29.0,409.09090909090907,29.0,0,0.0,0.8125,455.17241379310343,8.101980731853192,9.67457740632758,3,train,New-Build Suburban Family
1900000.0,4.0,3.25,4130,112521,2.0,0,0,3,4130,0,1978,,Bellevue,98005,0,1978,36,36.0,460.0484261501211,36.0,0,0.0,0.8125,569.6551724137931,8.326274787396764,11.630904037063672,3,train,New-Build Suburban Family
605000.0,3.0,2.5,2670,47480,2.0,0,3,3,2670,0,1981,,Woodinville,98072,0,1981,33,33.0,226.59176029962543,33.0,0,0.0,0.8333333333333334,485.45454545454544,7.890208213109961,10.768084910001393,2,train,Premium View Property
307550.0,4.0,2.5,1980,5909,2.0,0,0,3,1980,0,2003,,Kent,98031,0,2003,11,11.0,155.32828282828282,11.0,0,0.0,0.625,304.61538461538464,7.591357046698551,8.684401110400144,3,test,New-Build Suburban Family
304700.0,2.0,1.0,740,5995,1.0,0,0,4,740,0,1949,,Seattle,98133,0,1949,65,65.0,411.7567567567568,65.0,0,0.0,0.5,246.66666666666666,6.608000625296087,8.698847859222488,1,train,Compact Entry-Level
568000.0,3.0,1.75,2050,3520,1.0,0,0,4,1070,980,1977,,Seattle,98136,0,1977,37,37.0,277.0731707317073,37.0,1,0.47804878048780486,0.5833333333333334,431.57894736842104,7.62608275807238,8.166500319155052,0,train,Established Family Home
385000.0,3.0,1.75,1230,7500,1.0,0,0,3,1230,0,1987,,Kirkland,98034,0,1987,27,27.0,313.0081300813008,27.0,0,0.0,0.5833333333333334,258.94736842105266,7.115582126184454,8.922791623969637,1,train,Compact Entry-Level
345000.0,3.0,2.5,1210,1420,3.0,0,0,3,1210,0,2008,,Seattle,98103,0,2008,6,6.0,285.12396694214874,6.0,0,0.0,0.8333333333333334,220.0,7.099201743553092,7.259116128097101,3,train,New-Build Suburban Family
435000.0,3.0,2.25,1890,7200,1.0,0,0,4,1230,660,1973,,Seattle,98125,0,1973,41,41.0,230.15873015873012,41.0,1,0.3492063492063492,0.75,360.0,7.544861068658458,8.881975184248867,0,train,Established Family Home
579000.0,2.0,2.0,1870,6275,1.0,0,0,3,1870,0,2003,,Redmond,98053,0,2003,11,11.0,309.62566844919786,11.0,0,0.0,1.0,467.5,7.534228326274089,8.744488113852924,1,train,Compact Entry-Level
236000.0,3.0,1.75,1330,6301,1.0,0,0,3,1330,0,1998,,Auburn,98002,0,1998,16,16.0,177.4436090225564,16.0,0,0.0,0.5833333333333334,280.0,7.193685818395112,8.74862232231722,1,train,Compact Entry-Level
305100.0,3.0,2.0,1590,35988,1.0,0,0,4,1590,0,1974,,Renton,98058,0,1974,40,40.0,191.88679245283015,40.0,0,0.0,0.6666666666666666,318.0,7.372118028337787,10.49096861519108,1,train,Compact Entry-Level
368000.0,3.0,1.75,1710,10800,1.0,0,0,4,1710,0,1958,,Kenmore,98028,0,1958,56,56.0,215.2046783625731,56.0,0,0.0,0.5833333333333334,360.0,7.444833273892193,9.287394001418473,1,train,Compact Entry-Level
255000.0,2.0,1.0,1200,9000,1.0,0,2,5,1200,0,1917,,Des Moines,98198,0,1917,97,97.0,212.5,97.0,0,0.0,0.5,400.0,7.0909098220799835,9.105090961257085,1,train,Compact Entry-Level
400000.0,2.0,1.0,1140,5100,1.0,0,0,3,1140,0,1942,,Seattle,98136,0,1942,72,72.0,350.87719298245617,72.0,0,0.0,0.5,380.0,7.039660349862076,8.537191877922927,1,train,Compact Entry-Level
440000.0,3.0,1.75,2240,8153,1.0,0,0,3,1120,1120,1948,,Seattle,98125,0,1948,66,66.0,196.42857142857144,66.0,1,0.5,0.5833333333333334,471.57894736842104,7.714677473800927,9.006263883379198,0,train,Established Family Home
417000.0,2.0,1.0,920,6600,1.0,0,0,3,920,0,1919,2003.0,Seattle,98118,1,2003,95,11.0,453.2608695652174,11.0,0,0.0,0.5,306.6666666666667,6.825460036255307,8.79497643168877,1,train,Compact Entry-Level
435000.0,2.0,1.0,800,5000,1.0,0,0,3,800,0,1906,,Seattle,98107,0,1906,108,108.0,543.75,108.0,0,0.0,0.5,266.6666666666667,6.68586094706836,8.517393171418904,1,train,Compact Entry-Level
475000.0,4.0,2.75,1980,11443,1.0,0,0,5,1980,0,1952,,Lake Forest Park,98155,0,1952,62,62.0,239.8989898989899,62.0,0,0.0,0.6875,293.3333333333333,7.591357046698551,9.345220854170002,0,train,Established Family Home
563500.0,4.0,2.5,2800,12831,2.0,0,0,3,2800,0,2001,,Duvall,98019,0,2001,13,13.0,201.25,13.0,0,0.0,0.625,430.7692307692308,7.937731775260109,9.459697330106296,3,test,New-Build Suburban Family
285000.0,3.0,2.25,1680,35127,2.0,0,0,3,1680,0,1987,,Auburn,98092,0,1987,27,27.0,169.64285714285714,27.0,0,0.0,0.75,320.0,7.427144133408616,10.466753812241553,3,train,New-Build Suburban Family
471000.0,4.0,2.5,2330,9928,2.0,0,0,3,2330,0,1998,,North Bend,98045,0,1998,16,16.0,202.1459227467811,16.0,0,0.0,0.625,358.46153846153845,7.754052639035757,9.203215047033595,3,train,New-Build Suburban Family
500000.0,4.0,1.75,2240,9886,1.5,0,0,4,2240,0,1965,,Bellevue,98008,0,1965,49,49.0,223.2142857142857,49.0,0,0.0,0.4375,389.5652173913044,7.714677473800927,9.198976041897133,0,train,Established Family Home
640000.0,3.0,2.5,2140,8925,2.0,0,0,3,2140,0,1991,,Sammamish,98074,0,1991,23,23.0,299.06542056074767,23.0,0,0.0,0.8333333333333334,389.09090909090907,7.669028288589683,9.096723645189215,3,train,New-Build Suburban Family
442500.0,4.0,2.5,2170,14024,2.0,0,0,3,2170,0,1992,,Duvall,98019,0,1992,22,22.0,203.91705069124424,22.0,0,0.0,0.625,333.84615384615387,7.682943169878292,9.548596730390898,3,train,New-Build Suburban Family
213400.0,3.0,1.5,1150,8686,1.0,0,0,4,1150,0,1963,,Renton,98055,0,1963,51,51.0,185.56521739130437,51.0,0,0.0,0.5,255.55555555555554,7.048386408721883,9.06958293425992,1,train,Compact Entry-Level
831000.0,4.0,2.5,2030,3905,1.5,0,0,4,1630,400,1926,,Seattle,98103,0,1926,88,88.0,409.3596059113301,88.0,1,0.19704433497536947,0.625,312.3076923076923,7.616283561580385,8.270269111436624,0,train,Established Family Home
325000.0,3.0,2.0,1350,11805,1.0,0,0,3,1350,0,1986,,Duvall,98019,0,1986,28,28.0,240.74074074074076,28.0,0,0.0,0.6666666666666666,270.0,7.208600337960199,9.376363155800634,1,train,Compact Entry-Level
425000.0,2.0,1.0,910,4635,1.0,0,0,4,910,0,1905,,Seattle,98107,0,1905,109,109.0,467.032967032967,109.0,0,0.0,0.5,303.3333333333333,6.814542897259958,8.441607204459642,1,train,Compact Entry-Level
550000.0,4.0,2.5,2700,5100,1.0,0,0,4,1440,1260,1968,,Seattle,98136,0,1968,46,46.0,203.7037037037037,46.0,1,0.4666666666666667,0.625,415.38461538461536,7.901377353792616,8.537191877922927,0,train,Established Family Home
599950.0,4.0,3.5,3730,15029,2.0,0,2,3,2440,1290,1991,,Kent,98042,0,1991,23,23.0,160.84450402144773,23.0,1,0.34584450402144773,0.875,497.3333333333333,8.224431573221159,9.61780348274702,2,train,Premium View Property
1225000.0,4.0,2.5,2740,16007,2.0,0,0,3,2740,0,1984,,Medina,98039,0,1984,30,30.0,447.0802919708029,30.0,0,0.0,0.625,421.53846153846155,7.916078096302786,9.68084387626357,3,train,New-Build Suburban Family
750000.0,4.0,3.25,2050,5000,2.0,0,0,4,1370,680,1987,,Seattle,98112,0,1987,27,27.0,365.8536585365854,27.0,1,0.33170731707317075,0.8125,282.7586206896552,7.62608275807238,8.517393171418904,3,train,New-Build Suburban Family
290000.0,4.0,3.0,2390,4500,2.0,0,0,3,2390,0,1974,,Renton,98057,0,1974,40,40.0,121.3389121338912,40.0,0,0.0,0.75,341.42857142857144,7.779466967458324,8.412054873292933,3,train,New-Build Suburban Family
270000.0,4.0,2.75,1990,7252,1.0,0,0,3,1270,720,1999,,Auburn,98002,0,1999,15,15.0,135.678391959799,15.0,1,0.36180904522613067,0.6875,294.81481481481484,7.596392304064196,8.889170455363413,0,train,Established Family Home
229950.0,4.0,1.75,1300,21000,1.0,0,0,4,1300,0,1969,,Federal Way,98001,0,1969,45,45.0,176.8846153846154,45.0,0,0.0,0.4375,226.08695652173913,7.170888478512505,9.952325334619427,1,train,Compact Entry-Level
234999.0,3.0,1.0,1330,8912,1.0,0,0,3,1330,0,1948,,SeaTac,98188,0,1948,66,66.0,176.69097744360903,66.0,0,0.0,0.3333333333333333,332.5,7.193685818395112,9.095266164130717,1,train,Compact Entry-Level
265000.0,2.0,1.0,1000,31505,1.0,0,0,3,1000,0,1960,,Duvall,98019,0,1960,54,54.0,265.0,54.0,0,0.0,0.5,333.3333333333333,6.90875477931522,10.357933282865915,1,train,Compact Entry-Level
367300.0,4.0,2.75,2190,14937,2.0,0,0,3,2190,0,1993,,Auburn,98001,0,1993,21,21.0,167.71689497716895,21.0,0,0.0,0.6875,324.44444444444446,7.692113339595466,9.611663580917012,3,train,New-Build Suburban Family
550000.0,3.0,1.75,1380,3402,1.5,0,0,3,1380,0,1900,2000.0,Seattle,98122,1,2000,114,14.0,398.5507246376812,14.0,0,0.0,0.5833333333333334,290.5263157894737,7.2305631534092925,8.132412674500905,1,train,Compact Entry-Level
743700.0,4.0,2.5,2610,33206,2.0,0,0,3,2610,0,1988,,Redmond,98053,0,1988,26,26.0,284.9425287356322,26.0,0,0.0,0.625,401.53846153846155,7.8674885686991285,10.410515976053734,3,train,New-Build Suburban Family
352750.0,2.0,1.75,1060,1241,2.0,0,0,3,960,100,2008,,Seattle,98144,0,2008,6,6.0,332.7830188679245,6.0,1,0.09433962264150944,0.875,282.6666666666667,6.966967138613983,7.124478262493424,3,train,New-Build Suburban Family
403950.0,2.0,1.0,710,1136,2.0,0,0,4,710,0,1943,,Seattle,98102,0,1943,71,71.0,568.943661971831,71.0,0,0.0,0.5,236.66666666666666,6.566672429803241,7.036148493750536,1,train,Compact Entry-Level
980000.0,4.0,2.5,2730,4800,1.5,0,0,5,2230,500,1909,,Seattle,98119,0,1909,105,105.0,358.9743589743589,105.0,1,0.18315018315018314,0.625,420.0,7.912423121473705,8.476579508530941,0,train,Established Family Home
585000.0,4.0,1.75,2470,131790,2.0,0,2,3,2470,0,1937,,Vashon,98070,0,1937,77,77.0,236.8421052631579,77.0,0,0.0,0.4375,429.5652173913044,7.81237820598861,11.78897261343827,2,train,Premium View Property
554000.0,3.0,1.75,1760,10780,1.0,0,0,3,1760,0,1977,,Bellevue,98005,0,1977,37,37.0,314.77272727272725,37.0,0,0.0,0.5833333333333334,370.5263157894737,7.473637108496206,9.285540604539118,1,test,Compact Entry-Level
546000.0,3.0,2.5,1530,3464,2.0,0,0,3,1530,0,1998,,Bellevue,98007,0,1998,16,16.0,356.8627450980392,16.0,0,0.0,0.8333333333333334,278.1818181818182,7.333676395657684,8.150467911624004,3,train,New-Build Suburban Family
280000.0,2.0,1.75,1610,158558,1.5,0,0,2,1610,0,1948,,Snoqualmie,98065,0,1948,66,66.0,173.91304347826087,66.0,0,0.0,0.875,429.3333333333333,7.384610383176974,11.97388204278308,1,test,Compact Entry-Level
212500.0,2.0,2.0,1030,21712,1.0,0,0,4,1030,0,1938,,Seattle,98168,0,1938,76,76.0,206.3106796116505,76.0,0,0.0,1.0,257.5,6.93828448401696,9.985666438493771,1,train,Compact Entry-Level
739000.0,4.0,2.5,2800,246114,2.0,0,0,3,2800,0,1999,,Carnation,98014,0,1999,15,15.0,263.92857142857144,15.0,0,0.0,0.625,430.7692307692308,7.937731775260109,12.413554185354716,3,train,New-Build Suburban Family
428000.0,3.0,2.0,1310,2550,1.0,0,0,3,780,530,1986,,Seattle,98103,0,1986,28,28.0,326.7175572519084,28.0,1,0.40458015267175573,0.6666666666666666,262.0,7.1785454837637,7.844240718141811,0,train,Established Family Home
965000.0,4.0,2.25,3160,34560,1.0,0,0,4,3160,0,1981,,Woodinville,98072,0,1981,33,33.0,305.37974683544303,33.0,0,0.0,0.5625,505.6,8.058643712215618,10.450481157684562,0,train,Established Family Home
364900.0,3.0,3.0,2500,8304,2.0,0,0,3,2500,0,1997,,Kent,98031,0,1997,17,17.0,145.96,17.0,0,0.0,1.0,416.6666666666667,7.824445930877619,9.024613022047395,3,train,New-Build Suburban Family
559000.0,3.0,1.5,2070,5386,1.0,0,0,4,1140,930,1948,,Seattle,98117,0,1948,66,66.0,270.048309178744,66.0,1,0.4492753623188406,0.5,460.0,7.635786861395585,8.591743922680534,0,train,Established Family Home
213000.0,4.0,1.75,1980,9000,1.0,0,0,2,1480,500,1978,,Federal Way,98023,0,1978,36,36.0,107.57575757575758,36.0,1,0.25252525252525254,0.4375,344.3478260869565,7.591357046698551,9.105090961257085,0,train,Established Family Home
620000.0,3.0,2.5,2590,7237,2.0,0,0,3,2590,0,2004,,Seattle,98125,0,2004,10,10.0,239.3822393822394,10.0,0,0.0,0.8333333333333334,470.90909090909093,7.85979918056211,8.887100204123687,3,train,New-Build Suburban Family
240000.0,4.0,1.0,1910,16320,1.5,0,0,3,1910,0,1934,,Seattle,98106,0,1934,80,80.0,125.6544502617801,80.0,0,0.0,0.25,382.0,7.555381944240273,9.700207901150696,1,train,Compact Entry-Level
852500.0,3.0,2.5,2630,10100,1.0,0,0,4,1580,1050,1967,,Bellevue,98006,0,1967,47,47.0,324.1444866920152,47.0,1,0.39923954372623577,0.8333333333333334,478.1818181818182,7.875119281040293,9.220389707829185,0,train,Established Family Home
600000.0,3.0,2.5,2630,77972,2.0,0,0,3,2630,0,2004,,Duvall,98019,0,2004,10,10.0,228.1368821292776,10.0,0,0.0,0.8333333333333334,478.1818181818182,7.875119281040293,11.264117891900502,3,train,New-Build Suburban Family
410000.0,3.0,2.5,1960,4400,2.0,0,0,3,1960,0,2006,,Snoqualmie,98065,0,2006,8,8.0,209.1836734693877,8.0,0,0.0,0.8333333333333334,356.3636363636364,7.581209826196346,8.38958706681109,3,test,New-Build Suburban Family
328000.0,3.0,1.75,1440,45302,2.0,0,0,3,1440,0,1977,,Duvall,98019,0,1977,37,37.0,227.77777777777777,37.0,0,0.0,0.5833333333333334,303.1578947368421,7.273092595999522,10.7211285344439,3,train,New-Build Suburban Family
625000.0,3.0,1.75,2210,16200,1.0,0,0,3,1390,820,1958,,Bellevue,98005,0,1958,56,56.0,282.80542986425337,56.0,1,0.37104072398190047,0.5833333333333334,465.2631578947368,7.701200180857446,9.692828247710418,0,train,Established Family Home
649950.0,4.0,2.5,2350,63162,2.0,0,0,4,2350,0,1994,,Woodinville,98077,0,1994,20,20.0,276.5744680851064,20.0,0,0.0,0.625,361.53846153846155,7.762596048540069,11.053473965658284,3,train,New-Build Suburban Family
235000.0,3.0,1.0,1590,13000,1.5,0,0,3,1590,0,1944,,Burien,98166,0,1944,70,70.0,147.7987421383648,70.0,0,0.0,0.3333333333333333,397.5,7.372118028337787,9.472781556562168,1,test,Compact Entry-Level
489000.0,3.0,3.5,1500,1249,2.0,0,0,3,1240,260,2004,,Seattle,98107,0,2004,10,10.0,326.0,10.0,1,0.17333333333333334,1.1666666666666667,230.76923076923077,7.313886831633462,7.1308988302963465,3,test,New-Build Suburban Family
536000.0,3.0,2.5,1900,6224,2.0,0,0,3,1900,0,2005,,Sammamish,98075,0,2005,9,9.0,282.10526315789474,9.0,0,0.0,0.8333333333333334,345.45454545454544,7.550135342488429,8.736328721332908,3,train,New-Build Suburban Family
400000.0,4.0,3.5,2370,3692,2.5,0,0,3,2370,0,2013,,Renton,98056,0,2013,1,1.0,168.77637130801688,1.0,0,0.0,0.875,316.0,7.771067086065406,8.214194414852564,3,train,New-Build Suburban Family
398000.0,3.0,2.5,1720,1715,2.0,0,0,3,1240,480,2004,,Seattle,98136,0,2004,10,10.0,231.3953488372093,10.0,1,0.27906976744186046,0.8333333333333334,312.72727272727275,7.450660796211539,7.447751280047908,3,train,New-Build Suburban Family
379000.0,4.0,1.5,2020,7560,1.0,0,0,4,2020,0,1960,,Renton,98059,0,1960,54,54.0,187.62376237623764,54.0,0,0.0,0.375,367.27272727272725,7.611347717403621,8.93075873555827,1,train,Compact Entry-Level
345000.0,2.0,1.5,1340,1210,2.0,0,0,3,1120,220,2008,,Seattle,98144,0,2008,6,6.0,257.46268656716416,6.0,1,0.16417910447761194,0.75,382.85714285714283,7.201170883281678,7.099201743553092,3,train,New-Build Suburban Family
365000.0,3.0,2.5,1800,2700,2.0,0,0,3,1800,0,2011,,Seattle,98126,0,2011,3,3.0,202.77777777777777,3.0,0,0.0,0.8333333333333334,327.27272727272725,7.496097345175956,7.901377353792616,3,train,New-Build Suburban Family
315000.0,3.0,2.5,1480,1590,2.0,0,0,3,1150,330,2010,,Seattle,98106,0,2010,4,4.0,212.83783783783784,4.0,1,0.22297297297297297,0.8333333333333334,269.09090909090907,7.300472814267799,7.372118028337787,3,train,New-Build Suburban Family
571000.0,4.0,2.0,2750,7807,1.5,0,0,5,2250,500,1916,,Seattle,98125,0,1916,98,98.0,207.63636363636363,98.0,1,0.18181818181818182,0.5,458.3333333333333,7.919719760924575,8.962904128092928,0,train,Established Family Home
1025000.0,5.0,4.0,3760,28040,2.0,0,0,3,3760,0,1983,,Kirkland,98033,0,1983,31,31.0,272.6063829787234,31.0,0,0.0,0.8,417.77777777777777,8.232440158470336,10.241423003850693,3,train,New-Build Suburban Family
695000.0,3.0,2.75,2540,4694,2.0,0,0,3,2540,0,2005,,Sammamish,98074,0,2005,9,9.0,273.62204724409446,9.0,0,0.0,0.9166666666666666,441.7391304347826,7.840312983320164,8.454253391642363,3,test,New-Build Suburban Family
225000.0,3.0,1.75,1760,26055,1.0,0,0,3,920,840,1979,,Covington,98042,0,1979,35,35.0,127.8409090909091,35.0,1,0.4772727272727273,0.5833333333333334,370.5263157894737,7.473637108496206,10.16800334695607,0,train,Established Family Home
740000.0,3.0,2.5,3000,25341,2.0,0,0,3,3000,0,1995,,Redmond,98053,0,1995,19,19.0,246.66666666666663,19.0,0,0.0,0.8333333333333334,545.4545454545455,8.006700845440367,10.140218377358854,3,train,New-Build Suburban Family
315000.0,4.0,2.5,1930,9643,2.0,0,0,4,1930,0,1992,,Kent,98031,0,1992,22,22.0,163.21243523316062,22.0,0,0.0,0.625,296.9230769230769,7.565793282428515,9.174091239301061,3,train,New-Build Suburban Family
1230000.0,4.0,2.5,3040,7000,2.0,0,0,3,3040,0,2001,,Mercer Island,98040,0,2001,13,13.0,404.60526315789474,13.0,0,0.0,0.625,467.6923076923077,8.019941687677365,8.853808274977197,3,test,New-Build Suburban Family
420000.0,2.0,1.0,860,3880,1.0,0,0,4,860,0,1916,,Seattle,98117,0,1916,98,98.0,488.3720930232558,98.0,0,0.0,0.5,286.6666666666667,6.7580945044277305,8.263848131368906,1,train,Compact Entry-Level
310000.0,3.0,1.75,1420,7650,1.0,0,0,4,1100,320,1984,,Renton,98056,0,1984,30,30.0,218.3098591549296,30.0,1,0.22535211267605634,0.5833333333333334,298.94736842105266,7.259116128097101,8.942591637231851,0,train,Established Family Home
700000.0,3.0,2.0,2080,3880,1.0,0,0,5,1160,920,1954,,Seattle,98117,0,1954,60,60.0,336.53846153846155,60.0,1,0.4423076923076923,0.6666666666666666,416.0,7.640603826393634,8.263848131368906,0,test,Established Family Home
269000.0,3.0,2.5,1560,4200,2.0,0,0,3,1560,0,2003,,Maple Valley,98038,0,2003,11,11.0,172.43589743589743,11.0,0,0.0,0.8333333333333334,283.6363636363636,7.353081920515432,8.343077871169383,3,train,New-Build Suburban Family
369990.0,4.0,2.5,1960,7133,2.0,0,0,3,1960,0,2002,,Renton,98056,0,2002,12,12.0,188.7704081632653,12.0,0,0.0,0.625,301.53846153846155,7.581209826196346,8.872627365918836,3,train,New-Build Suburban Family
800000.0,3.0,2.25,1620,4500,2.0,0,0,4,1620,0,1926,,Seattle,98119,0,1926,88,88.0,493.8271604938272,88.0,0,0.0,0.75,308.57142857142856,7.390798521735676,8.412054873292933,1,train,Compact Entry-Level
569000.0,5.0,3.0,3670,10583,1.0,0,0,5,2060,1610,1952,,Lake Forest Park,98155,0,1952,62,62.0,155.0408719346049,62.0,1,0.43869209809264303,0.6,458.75,8.208219383496834,9.267098705794792,0,train,Established Family Home
175000.0,6.0,1.5,1930,8400,1.0,0,0,3,1030,900,1971,,Burien,98146,0,1971,43,43.0,90.67357512953367,43.0,1,0.46632124352331605,0.25,257.3333333333333,7.565793282428515,9.036106025364846,0,train,Established Family Home
440000.0,3.0,1.5,1290,1286,3.0,0,0,3,1290,0,2000,,Seattle,98103,0,2000,14,14.0,341.08527131782944,14.0,0,0.0,0.5,286.6666666666667,7.1631723908466425,7.160069207596127,3,train,New-Build Suburban Family
435000.0,5.0,2.25,1970,15247,1.0,0,0,3,1450,520,1986,,Fall City,98024,0,1986,28,28.0,220.81218274111677,28.0,1,0.2639593908629442,0.45,271.7241379310345,7.58629630715272,9.632203625893982,0,test,Established Family Home
345000.0,3.0,1.75,1540,6909,1.0,0,0,4,920,620,1955,,Shoreline,98155,0,1955,59,59.0,224.025974025974,59.0,1,0.4025974025974026,0.5833333333333334,324.2105263157895,7.340186835320115,8.840724916761715,0,train,Established Family Home
558000.0,4.0,2.0,2180,3870,1.0,0,0,3,1020,1160,1900,,Seattle,98122,0,1900,114,114.0,255.9633027522936,114.0,1,0.5321100917431193,0.5,363.3333333333333,7.687538766201629,8.261268150577648,0,train,Established Family Home
475000.0,2.0,1.75,1490,224334,1.0,0,2,3,1490,0,1983,,Auburn,98092,0,1983,31,31.0,318.79194630872485,31.0,0,0.0,0.875,397.3333333333333,7.307202314764738,12.320895749351662,1,train,Compact Entry-Level
490000.0,3.0,2.0,2220,10275,2.0,0,0,3,1640,580,1980,,Issaquah,98027,0,1980,34,34.0,220.72072072072072,34.0,1,0.26126126126126126,0.6666666666666666,444.0,7.7057128238944275,9.237566358229774,3,train,New-Build Suburban Family
335000.0,3.0,1.75,2430,9133,1.0,0,0,4,1410,1020,1978,,Renton,98059,0,1978,36,36.0,137.86008230452674,36.0,1,0.41975308641975306,0.5833333333333334,511.57894736842104,7.796057974316123,9.119758993744945,0,train,Established Family Home
350000.0,2.0,0.75,1392,43710,1.5,0,0,4,1392,0,1978,,Vashon,98070,0,1978,36,36.0,251.4367816091954,36.0,0,0.0,0.375,506.1818181818182,7.239214973779806,10.685355065655601,1,test,Compact Entry-Level
100000.0,4.0,1.0,1120,2685,1.0,0,0,3,860,260,1939,,Renton,98057,0,1939,75,75.0,89.28571428571429,75.0,1,0.23214285714285715,0.25,224.0,7.02197642307216,7.895808377083183,1,train,Compact Entry-Level
417500.0,4.0,1.0,1390,10800,1.5,0,0,4,1390,0,1941,,Seattle,98177,0,1941,73,73.0,300.35971223021585,73.0,0,0.0,0.25,278.0,7.237778191923443,9.287394001418473,1,train,Compact Entry-Level
253000.0,3.0,1.75,2040,7281,1.0,0,0,3,1020,1020,1962,,Tukwila,98188,0,1962,52,52.0,124.01960784313724,52.0,1,0.5,0.5833333333333334,429.4736842105263,7.621195162809845,8.893160828735379,0,train,Established Family Home
1240000.0,5.0,3.0,2830,7500,2.0,0,0,3,2460,370,1923,,Seattle,98105,0,1923,91,91.0,438.1625441696113,91.0,1,0.13074204946996468,0.6,353.75,7.9483852851118995,8.922791623969637,0,test,Established Family Home
490000.0,4.0,2.5,3020,8302,2.0,0,0,4,3020,0,1994,,Covington,98042,0,1994,20,20.0,162.2516556291391,20.0,0,0.0,0.625,464.61538461538464,8.013343181386672,9.02437217426203,3,train,New-Build Suburban Family
470000.0,3.0,1.75,2290,14800,1.0,0,0,3,1620,670,1965,,Lake Forest Park,98155,0,1965,49,49.0,205.24017467248908,49.0,1,0.2925764192139738,0.5833333333333334,482.10526315789474,7.736743682453495,9.60245002503719,0,train,Established Family Home
483300.0,4.0,2.0,1210,11100,1.0,0,0,4,1210,0,1955,,Bellevue,98006,0,1955,59,59.0,399.42148760330576,59.0,0,0.0,0.5,201.66666666666666,7.099201743553092,9.314790473332646,1,train,Compact Entry-Level
659000.0,3.0,2.5,2510,6320,2.0,0,0,3,2510,0,1996,,Sammamish,98075,0,1996,18,18.0,262.54980079681275,18.0,0,0.0,0.8333333333333334,456.3636363636364,7.828436359157585,8.751632702472298,3,train,New-Build Suburban Family
480000.0,4.0,1.75,2320,4322,1.0,0,0,3,1140,1180,1910,,Seattle,98144,0,1910,104,104.0,206.89655172413796,104.0,1,0.5086206896551724,0.4375,403.4782608695652,7.749753406274437,8.371704884667631,0,train,Established Family Home
165000.0,3.0,1.0,970,6600,1.0,0,0,3,970,0,1965,,Burien,98168,0,1965,49,49.0,170.10309278350516,49.0,0,0.0,0.3333333333333333,242.5,6.878326468291325,8.79497643168877,1,train,Compact Entry-Level
659500.0,3.0,1.75,1820,5500,1.0,0,0,4,1620,200,1957,,Seattle,98115,0,1957,57,57.0,362.3626373626374,57.0,1,0.10989010989010989,0.5833333333333334,383.1578947368421,7.507141079727608,8.612685172875459,0,test,Established Family Home
219900.0,3.0,1.0,970,7742,1.0,0,0,4,970,0,1967,,Federal Way,98003,0,1967,47,47.0,226.70103092783503,47.0,0,0.0,0.3333333333333333,242.5,6.878326468291325,8.954544488386723,1,train,Compact Entry-Level
315000.0,2.0,1.0,1740,3622,1.0,0,0,4,950,790,1924,,Seattle,98118,0,1924,90,90.0,181.0344827586207,90.0,1,0.4540229885057471,0.5,580.0,7.462214939768189,8.195057690895077,1,train,Compact Entry-Level
250000.0,3.0,1.75,1590,7560,1.0,0,0,3,1130,460,1984,,Kent,98031,0,1984,30,30.0,157.23270440251574,30.0,1,0.2893081761006289,0.5833333333333334,334.7368421052632,7.372118028337787,8.93075873555827,0,train,Established Family Home
268000.0,2.0,1.0,1380,5000,1.0,0,0,3,870,510,1943,,Seattle,98108,0,1943,71,71.0,194.20289855072463,71.0,1,0.3695652173913043,0.5,460.0,7.2305631534092925,8.517393171418904,1,train,Compact Entry-Level
380000.0,4.0,1.5,1680,11123,1.0,0,0,3,1130,550,1959,,Shoreline,98177,0,1959,55,55.0,226.1904761904762,55.0,1,0.3273809523809524,0.375,305.45454545454544,7.427144133408616,9.316860215353856,0,train,Established Family Home
499000.0,2.0,1.0,1220,3000,1.0,0,0,3,920,300,1926,,Seattle,98117,0,1926,88,88.0,409.0163934426229,88.0,1,0.2459016393442623,0.5,406.6666666666667,7.107425474110705,8.006700845440367,1,train,Compact Entry-Level
285000.0,2.0,2.0,1651,18200,1.0,0,0,3,1651,0,1946,,Vashon,98070,0,1946,68,68.0,172.62265293761357,68.0,0,0.0,1.0,412.75,7.409741954080923,9.809231816610408,1,train,Compact Entry-Level
183000.0,3.0,1.75,1330,9200,1.0,0,0,4,1330,0,1973,,Auburn,98092,0,1973,41,41.0,137.593984962406,41.0,0,0.0,0.5833333333333334,280.0,7.193685818395112,9.127067452782361,1,test,Compact Entry-Level
1070000.0,3.0,3.0,2940,4622,2.0,0,0,4,2230,710,1988,,Seattle,98105,0,1988,26,26.0,363.9455782312925,26.0,1,0.24149659863945577,1.0,490.0,7.9865049385539955,8.438799123988225,3,train,New-Build Suburban Family
429000.0,3.0,3.25,1410,1246,3.0,0,0,3,1410,0,2005,,Seattle,98103,0,2005,9,9.0,304.25531914893617,9.0,0,0.0,1.0833333333333333,225.6,7.252053951852814,7.1284959456800365,3,test,New-Build Suburban Family
403000.0,2.0,1.0,1100,3598,1.0,0,0,4,1100,0,1926,,Seattle,98144,0,1926,88,88.0,366.3636363636364,88.0,0,0.0,0.5,366.6666666666667,7.00397413672268,8.188411308079031,1,train,Compact Entry-Level
375500.0,3.0,1.5,1530,7200,1.0,0,0,3,1530,0,1975,,Lake Forest Park,98155,0,1975,39,39.0,245.4248366013072,39.0,0,0.0,0.5,340.0,7.333676395657684,8.881975184248867,1,train,Compact Entry-Level
1795000.0,5.0,3.25,5270,17232,2.0,0,1,3,4010,1260,1977,2003.0,Mercer Island,98040,1,2003,37,11.0,340.607210626186,11.0,1,0.23908918406072105,0.65,638.7878787878788,8.569975376855206,9.754581429281577,2,test,Premium View Property
516200.0,3.0,2.0,2110,5150,1.0,0,0,5,1080,1030,1919,,Seattle,98118,0,1919,95,95.0,244.6445497630332,95.0,1,0.4881516587677725,0.6666666666666666,422.0,7.65491704784832,8.546946149565585,0,train,Established Family Home
385000.0,4.0,1.75,1720,8750,1.0,0,0,3,860,860,1971,,Kirkland,98034,0,1971,43,43.0,223.8372093023256,43.0,1,0.5,0.4375,299.1304347826087,7.450660796211539,9.076923258535832,0,train,Established Family Home
515000.0,3.0,2.5,1800,5001,2.0,0,0,3,1800,0,1996,,Kirkland,98034,0,1996,18,18.0,286.1111111111111,18.0,0,0.0,0.8333333333333334,327.27272727272725,7.496097345175956,8.517593111437565,3,train,New-Build Suburban Family
375000.0,4.0,2.5,2210,9427,2.0,0,0,3,2210,0,1999,,Burien,98148,0,1999,15,15.0,169.68325791855204,15.0,0,0.0,0.625,340.0,7.701200180857446,9.151439264056021,3,test,New-Build Suburban Family
650000.0,4.0,2.25,2560,9731,2.0,0,0,4,2560,0,1973,,Kirkland,98034,0,1973,41,41.0,253.90625,41.0,0,0.0,0.5625,409.6,7.848153086199526,9.183174703903413,3,train,New-Build Suburban Family
306888.0,2.0,1.5,1010,7719,2.0,0,0,3,1010,0,1981,,Renton,98056,0,1981,33,33.0,303.84950495049503,33.0,0,0.0,0.75,288.57142857142856,6.918695219020472,8.951569643018821,1,train,Compact Entry-Level
870000.0,4.0,2.5,3340,12248,2.0,0,1,3,2470,870,1998,,Seattle,98126,0,1998,16,16.0,260.47904191616766,16.0,1,0.26047904191616766,0.625,513.8461538461538,8.114025442356757,9.413199579987685,3,test,New-Build Suburban Family
310000.0,4.0,1.0,1740,11075,1.5,0,0,3,1740,0,1965,,Shoreline,98133,0,1965,49,49.0,178.16091954022988,49.0,0,0.0,0.25,348.0,7.462214939768189,9.312535884290853,1,train,Compact Entry-Level
251750.0,3.0,2.0,1320,7200,1.0,0,0,5,1320,0,1975,,Kent,98031,0,1975,39,39.0,190.71969696969697,39.0,0,0.0,0.6666666666666666,264.0,7.186144304522325,8.881975184248867,1,train,Compact Entry-Level
366000.0,3.0,1.75,1520,8625,1.0,0,0,3,1520,0,1976,,Bothell,98011,0,1976,38,38.0,240.7894736842105,38.0,0,0.0,0.5833333333333334,320.0,7.327123292259293,9.062536177207788,1,train,Compact Entry-Level
429950.0,3.0,1.5,2010,9480,1.0,0,0,3,1570,440,1951,,Seattle,98125,0,1951,63,63.0,213.90547263681592,63.0,1,0.21890547263681592,0.5,446.6666666666667,7.606387389772652,9.15704507491796,0,train,Established Family Home
710000.0,3.0,3.5,2440,3427,2.0,0,0,3,1990,450,2000,,Bellevue,98005,0,2000,14,14.0,290.9836065573771,14.0,1,0.18442622950819673,1.1666666666666667,375.38461538461536,7.80016307039296,8.13973227971767,3,train,New-Build Suburban Family
895000.0,5.0,2.5,2550,20875,1.0,0,0,4,1610,940,1953,,Bellevue,98004,0,1953,61,61.0,350.9803921568628,61.0,1,0.3686274509803922,0.5,340.0,7.844240718141811,9.946355452763305,0,train,Established Family Home
149500.0,3.0,1.0,1010,9450,1.0,0,0,4,1010,0,1959,,Des Moines,98198,0,1959,55,55.0,148.01980198019805,55.0,0,0.0,0.3333333333333333,252.5,6.918695219020472,9.153875834995056,1,train,Compact Entry-Level
310000.0,3.0,2.5,1780,6771,1.0,0,0,3,1230,550,1990,,Seattle,98106,0,1990,24,24.0,174.1573033707865,24.0,1,0.3089887640449438,0.8333333333333334,323.6363636363636,7.484930283289661,8.820551743253025,0,train,Established Family Home
555000.0,3.0,2.0,2180,4976,1.5,0,2,4,1680,500,1930,,Seattle,98126,0,1930,84,84.0,254.5871559633028,84.0,1,0.22935779816513763,0.6666666666666666,436.0,7.687538766201629,8.512582578858554,2,test,Premium View Property
750000.0,5.0,3.25,2750,7500,2.0,0,1,3,2150,600,1937,1997.0,Kirkland,98033,1,1997,77,17.0,272.72727272727275,17.0,1,0.21818181818181817,0.65,333.3333333333333,7.919719760924575,8.922791623969637,2,train,Premium View Property
745000.0,4.0,3.25,3490,7024,2.0,0,0,3,3490,0,2006,,Sammamish,98075,0,2006,8,8.0,213.4670487106017,8.0,0,0.0,0.8125,481.37931034482756,8.157943507105037,8.857230494201946,3,test,New-Build Suburban Family
695000.0,3.0,2.5,2550,45254,2.0,0,0,3,2550,0,2001,,Redmond,98053,0,2001,13,13.0,272.54901960784315,13.0,0,0.0,0.8333333333333334,463.6363636363636,7.844240718141811,10.72006844026127,3,train,New-Build Suburban Family
433000.0,3.0,1.75,1870,7189,1.0,0,0,3,1270,600,1959,,Seattle,98118,0,1959,55,55.0,231.55080213903744,55.0,1,0.32085561497326204,0.5833333333333334,393.6842105263158,7.534228326274089,8.880446450715093,0,train,Established Family Home
307000.0,4.0,1.0,1150,8184,1.5,0,0,3,1150,0,1947,,Shoreline,98155,0,1947,67,67.0,266.95652173913044,67.0,0,0.0,0.25,230.0,7.048386408721883,9.010058489805235,1,test,Compact Entry-Level
655275.0,3.0,1.75,2050,11856,1.0,0,0,3,1460,590,1962,,Bellevue,98006,0,1962,52,52.0,319.6463414634146,52.0,1,0.28780487804878047,0.5833333333333334,431.57894736842104,7.62608275807238,9.380673689458071,0,train,Established Family Home
392000.0,4.0,2.75,1940,6555,2.0,0,0,3,1940,0,1990,,Maple Valley,98038,0,1990,24,24.0,202.06185567010309,24.0,0,0.0,0.6875,287.4074074074074,7.57095858316901,8.78813593986372,3,train,New-Build Suburban Family
1180000.0,5.0,3.75,3630,6000,1.5,0,0,3,2470,1160,2004,,Kirkland,98033,0,2004,10,10.0,325.068870523416,10.0,1,0.31955922865013775,0.75,414.85714285714283,8.197263371414335,8.699681400989514,3,test,New-Build Suburban Family
359950.0,3.0,1.75,1890,9100,2.0,0,0,4,1890,0,1952,,Shoreline,98133,0,1952,62,62.0,190.44973544973544,62.0,0,0.0,0.5833333333333334,397.89473684210526,7.544861068658458,9.116139576577355,1,train,Compact Entry-Level
360000.0,4.0,2.0,1630,10375,1.0,0,0,5,1630,0,1968,,Woodinville,98077,0,1968,46,46.0,220.85889570552143,46.0,0,0.0,0.5,271.6666666666667,7.396948602621014,9.24725072599628,0,train,Established Family Home
566000.0,4.0,1.75,2440,5000,1.0,0,0,3,1340,1100,1954,,Seattle,98117,0,1954,60,60.0,231.9672131147541,60.0,1,0.45081967213114754,0.4375,424.3478260869565,7.80016307039296,8.517393171418904,0,train,Established Family Home
700000.0,5.0,2.75,3100,9825,2.0,0,2,4,3100,0,1950,1982.0,Seattle,98125,1,1982,64,32.0,225.80645161290323,32.0,0,0.0,0.55,400.0,8.03947991910045,9.192787212728593,2,train,Premium View Property
415000.0,3.0,2.5,2090,6045,2.0,0,0,3,2090,0,2000,,Renton,98056,0,2000,14,14.0,198.5645933014354,14.0,0,0.0,0.8333333333333334,380.0,7.645397699428633,8.707152175339404,3,train,New-Build Suburban Family
199500.0,3.0,1.0,920,9812,1.0,0,0,4,920,0,1962,,Auburn,98001,0,1962,52,52.0,216.84782608695653,52.0,0,0.0,0.3333333333333333,230.0,6.825460036255307,9.191463316206494,1,train,Compact Entry-Level
749000.0,3.0,1.0,1580,5000,1.5,0,0,3,1580,0,1926,,Seattle,98117,0,1926,88,88.0,474.0506329113924,88.0,0,0.0,0.3333333333333333,395.0,7.365812837209472,8.517393171418904,1,train,Compact Entry-Level
680000.0,3.0,1.75,1760,8400,1.0,0,0,4,1460,300,1960,,Seattle,98136,0,1960,54,54.0,386.3636363636364,54.0,1,0.17045454545454544,0.5833333333333334,370.5263157894737,7.473637108496206,9.036106025364846,0,train,Established Family Home
400000.0,4.0,2.5,2530,7563,1.0,0,0,3,1440,1090,1978,,Bothell,98011,0,1978,36,36.0,158.10276679841897,36.0,1,0.4308300395256917,0.625,389.2307692307692,7.836369760545124,8.931155429778348,0,train,Established Family Home
608000.0,4.0,2.75,2490,9714,1.0,0,0,4,1400,1090,1983,,Bothell,98011,0,1983,31,31.0,244.17670682730923,31.0,1,0.43775100401606426,0.6875,368.8888888888889,7.820439515262181,9.18142636181154,0,train,Established Family Home
589900.0,4.0,4.5,3870,35889,2.0,0,0,3,2530,1340,2001,,Issaquah,98027,0,2001,13,13.0,152.42894056847544,13.0,1,0.3462532299741602,1.125,455.29411764705884,8.261268150577648,10.488213984141654,3,train,New-Build Suburban Family
480000.0,5.0,2.5,2732,9500,1.0,0,2,4,1870,862,1975,,Federal Way,98003,0,1975,39,39.0,175.69546120058564,39.0,1,0.31551976573938506,0.5,364.26666666666665,7.913155185928068,9.15915233520675,2,train,Premium View Property
1059500.0,5.0,3.25,3230,3825,2.0,0,0,3,2480,750,2014,,Seattle,98117,0,2014,0,0.0,328.0185758513932,0.0,1,0.23219814241486067,0.65,391.5151515151515,8.080546965824498,8.249575150000199,3,train,New-Build Suburban Family
915000.0,6.0,3.75,2930,14980,2.0,0,3,3,2930,0,2013,,Bellevue,98006,0,2013,1,1.0,312.2866894197952,1.0,0,0.0,0.625,300.5128205128205,7.983098940710892,9.614538010517382,2,train,Premium View Property
695000.0,4.0,3.5,3510,9364,2.0,0,0,3,3510,0,2001,,Snoqualmie,98065,0,2001,13,13.0,198.005698005698,13.0,0,0.0,0.875,468.0,8.163656176168432,9.144734614878189,3,train,New-Build Suburban Family
899900.0,4.0,2.5,2580,3909,2.0,0,0,3,2580,0,2013,,Kirkland,98033,0,2013,1,1.0,348.7984496124031,1.0,0,0.0,0.625,396.9230769230769,7.855932199718614,8.271292652979412,3,train,New-Build Suburban Family
499950.0,2.0,2.25,1060,1208,2.0,0,0,3,940,120,2005,,Seattle,98102,0,2005,9,9.0,471.6509433962264,9.0,1,0.11320754716981132,1.125,249.41176470588235,6.966967138613983,7.097548850614793,3,test,New-Build Suburban Family
533112.0,4.0,2.75,2790,8853,2.0,0,0,3,2790,0,2013,,North Bend,98045,0,2013,1,1.0,191.07956989247316,1.0,0,0.0,0.6875,413.3333333333333,7.934155233536322,9.088624613292087,3,train,New-Build Suburban Family
303210.0,4.0,2.5,2009,5000,2.0,0,0,3,2009,0,2014,,Auburn,98092,0,2014,0,0.0,150.9258337481334,0.0,0,0.0,0.625,309.0769230769231,7.605890001053122,8.517393171418904,3,test,New-Build Suburban Family
525000.0,5.0,2.75,2880,8364,2.0,0,0,3,2880,0,2006,,Renton,98059,0,2006,8,8.0,182.29166666666663,8.0,0,0.0,0.55,371.61290322580646,7.9658927350845286,9.031811613420924,3,train,New-Build Suburban Family
399950.0,2.0,1.0,710,1157,2.0,0,0,4,710,0,1943,,Seattle,98102,0,1943,71,71.0,563.3098591549295,71.0,0,0.0,0.5,236.66666666666666,6.566672429803241,7.05444965813294,1,train,Compact Entry-Level
850830.0,3.0,2.5,2070,13241,1.5,0,0,5,1270,800,1910,,Seattle,98102,0,1910,104,104.0,411.0289855072464,104.0,1,0.3864734299516908,0.8333333333333334,376.3636363636364,7.635786861395585,9.491148875484791,0,train,Established Family Home
371500.0,3.0,2.0,1370,8336,1.0,0,0,5,1370,0,1964,,Shoreline,98133,0,1964,50,50.0,271.1678832116788,50.0,0,0.0,0.6666666666666666,274.0,7.223295679562314,9.028458718410613,1,train,Compact Entry-Level
522000.0,3.0,1.75,1730,8400,1.0,0,0,4,1400,330,1980,,Redmond,98052,0,1980,34,34.0,301.73410404624275,34.0,1,0.1907514450867052,0.5833333333333334,364.2105263157895,7.456454555176209,9.036106025364846,0,test,Established Family Home
588000.0,4.0,2.0,1680,5000,1.0,0,0,3,980,700,1950,,Seattle,98115,0,1950,64,64.0,350.0,64.0,1,0.4166666666666667,0.5,280.0,7.427144133408616,8.517393171418904,0,train,Established Family Home
276900.0,2.0,1.0,1350,10096,1.0,0,2,4,1350,0,1952,,North Bend,98045,0,1952,62,62.0,205.11111111111111,62.0,0,0.0,0.5,450.0,7.208600337960199,9.219993629004321,1,train,Compact Entry-Level
248000.0,5.0,1.5,1510,9078,1.0,0,0,4,1510,0,1959,,SeaTac,98168,0,1959,55,55.0,164.23841059602648,55.0,0,0.0,0.3,232.30769230769232,7.32052696227274,9.113719333371757,0,train,Established Family Home
280000.0,3.0,2.5,1860,6607,2.0,0,0,3,1860,0,1989,,Federal Way,98023,0,1989,25,25.0,150.53763440860214,25.0,0,0.0,0.8333333333333334,338.1818181818182,7.528869256642251,8.796036315200814,3,train,New-Build Suburban Family
495000.0,6.0,5.0,3440,4500,2.0,0,0,3,3280,160,2007,,Renton,98057,0,2007,7,7.0,143.8953488372093,7.0,1,0.046511627906976744,0.8333333333333334,312.72727272727275,8.14351740579748,8.412054873292933,3,train,New-Build Suburban Family
665000.0,6.0,3.0,4250,4400,2.5,0,0,4,3020,1230,1902,,Seattle,98118,0,1902,112,112.0,156.47058823529412,112.0,1,0.28941176470588237,0.5,472.22222222222223,8.35490952835879,8.38958706681109,0,train,Established Family Home
290300.0,2.0,1.0,860,3874,1.0,0,0,4,860,0,1931,,Renton,98057,0,1931,83,83.0,337.5581395348837,83.0,0,0.0,0.5,286.6666666666667,6.7580945044277305,8.262300941787448,1,train,Compact Entry-Level
527000.0,2.0,1.75,1640,4080,1.0,0,0,3,840,800,1921,,Seattle,98105,0,1921,93,93.0,321.3414634146341,93.0,1,0.4878048780487805,0.875,437.3333333333333,7.403061091090091,8.314097335405807,1,train,Compact Entry-Level
487028.0,2.0,1.5,1295,1093,2.0,0,0,3,1105,190,2007,,Seattle,98122,0,2007,7,7.0,376.08339768339766,7.0,1,0.14671814671814673,0.75,370.0,7.16703787691222,6.9975959829819265,3,train,New-Build Suburban Family
325000.0,3.0,1.75,1790,27427,1.0,0,0,3,1130,660,1978,,Snoqualmie,98065,0,1978,36,36.0,181.5642458100559,36.0,1,0.3687150837988827,0.5833333333333334,376.8421052631579,7.490529402060711,10.219319668404255,0,train,Established Family Home
799000.0,3.0,1.5,2210,6300,1.5,0,0,5,2210,0,1916,,Seattle,98144,0,1916,98,98.0,361.5384615384616,98.0,0,0.0,0.5,491.1111111111111,7.701200180857446,8.748463629942055,1,train,Compact Entry-Level
7062500.0,5.0,4.5,10040,37325,2.0,1,2,3,7680,2360,1940,2001.0,Bellevue,98004,1,2001,74,13.0,703.4362549800796,13.0,1,0.2350597609561753,0.9,1056.842105263158,9.214431989879436,10.527445413743076,2,train,Premium View Property
354000.0,3.0,1.0,940,10368,1.0,0,0,3,940,0,1965,,Redmond,98052,0,1965,49,49.0,376.5957446808511,49.0,0,0.0,0.3333333333333333,235.0,6.846943139585379,9.246575864558277,1,train,Compact Entry-Level
262500.0,3.0,1.5,1160,8906,1.0,0,0,3,1160,0,1962,,Seattle,98118,0,1962,52,52.0,226.29310344827587,52.0,0,0.0,0.5,257.77777777777777,7.057036981697891,9.09459276343187,1,train,Compact Entry-Level
560200.0,3.0,2.5,1990,3984,2.0,0,0,3,1990,0,2004,,Sammamish,98075,0,2004,10,10.0,281.5075376884422,10.0,0,0.0,0.8333333333333334,361.8181818181818,7.596392304064196,8.290292591224315,3,train,New-Build Suburban Family
220000.0,3.0,1.0,1050,6300,1.0,0,0,3,1050,0,1942,,Seattle,98146,0,1942,72,72.0,209.52380952380952,72.0,0,0.0,0.3333333333333333,262.5,6.957497370876951,8.748463629942055,1,train,Compact Entry-Level
650000.0,2.0,1.0,1030,5750,1.0,0,0,5,1030,0,1928,,Seattle,98116,0,1928,86,86.0,631.0679611650486,86.0,0,0.0,0.5,343.3333333333333,6.93828448401696,8.657129031713755,1,train,Compact Entry-Level
435000.0,3.0,2.5,1420,2581,3.0,0,0,3,1420,0,2004,,Seattle,98133,0,2004,10,10.0,306.3380281690141,10.0,0,0.0,0.8333333333333334,258.1818181818182,7.259116128097101,7.856319571406588,3,train,New-Build Suburban Family
800000.0,4.0,3.75,2690,4000,2.0,0,3,4,2120,570,1909,1989.0,Seattle,98119,1,1989,105,25.0,297.3977695167286,25.0,1,0.21189591078066913,0.9375,347.0967741935484,7.897668150726906,8.294299608857235,2,test,Premium View Property
1010000.0,4.0,2.5,3760,29224,2.0,0,0,3,3760,0,1987,,Redmond,98052,0,1987,27,27.0,268.6170212765957,27.0,0,0.0,0.625,578.4615384615385,8.232440158470336,10.282779786340269,3,train,New-Build Suburban Family
200000.0,2.0,1.0,700,4700,1.0,0,0,5,700,0,1953,,Renton,98056,0,1953,61,61.0,285.7142857142857,61.0,0,0.0,0.5,233.33333333333334,6.55250788703459,8.45553053102413,1,train,Compact Entry-Level
295000.0,5.0,3.5,2100,5107,2.0,0,0,3,1410,690,1999,,Seattle,98178,0,1999,15,15.0,140.47619047619048,15.0,1,0.32857142857142857,0.7,247.05882352941177,7.650168700845001,8.53856321715243,3,train,New-Build Suburban Family
580379.0,4.0,2.75,2240,27820,1.5,0,0,4,2240,0,1976,,Sammamish,98075,0,1976,38,38.0,259.09776785714286,38.0,0,0.0,0.6875,331.85185185185185,7.714677473800927,10.233546410194464,3,test,New-Build Suburban Family
875000.0,4.0,2.5,3470,32109,2.0,0,0,3,3470,0,1995,,Woodinville,98077,0,1995,19,19.0,252.1613832853026,19.0,0,0.0,0.625,533.8461538461538,8.152198015861787,10.37692278708356,3,train,New-Build Suburban Family
515000.0,3.0,2.5,3370,19585,2.0,0,0,3,3200,170,1951,,Shoreline,98133,0,1951,63,63.0,152.81899109792286,63.0,1,0.050445103857566766,0.8333333333333334,612.7272727272727,8.12296471523406,9.88257030428074,0,test,Established Family Home
599000.0,4.0,2.5,2790,230868,2.0,0,0,3,2790,0,1989,,Woodinville,98077,0,1989,25,25.0,214.6953405017921,25.0,0,0.0,0.625,429.2307692307692,7.934155233536322,12.349605729075051,3,train,New-Build Suburban Family
285000.0,3.0,2.5,1870,4060,2.0,0,0,3,1870,0,2005,,Kent,98042,0,2005,9,9.0,152.4064171122995,9.0,0,0.0,0.8333333333333334,340.0,7.534228326274089,8.309184527686298,3,train,New-Build Suburban Family
290000.0,3.0,1.75,1520,15090,1.0,0,0,4,1520,0,1968,,Maple Valley,98038,0,1968,46,46.0,190.7894736842105,46.0,0,0.0,0.5833333333333334,320.0,7.327123292259293,9.62185381861855,1,train,Compact Entry-Level
355000.0,1.0,1.75,750,20339,1.0,0,0,4,550,200,1946,,Renton,98059,0,1946,68,68.0,473.3333333333333,68.0,1,0.26666666666666666,1.75,272.72727272727275,6.621405651764134,9.920344669602551,1,test,Compact Entry-Level
381000.0,3.0,1.5,1460,11407,1.0,0,0,3,1460,0,1954,,Lake Forest Park,98155,0,1954,60,60.0,260.958904109589,60.0,0,0.0,0.5,324.44444444444446,7.2868764117507,9.342070142654077,1,train,Compact Entry-Level
571000.0,3.0,2.5,2600,7465,2.0,0,0,3,2600,0,1988,,Bothell,98011,0,1988,26,26.0,219.6153846153846,26.0,0,0.0,0.8333333333333334,472.72727272727275,7.8636512654486515,8.91811465947453,3,train,New-Build Suburban Family
852600.0,4.0,2.5,3320,11901,2.0,0,0,5,2650,670,1977,,Bellevue,98006,0,1977,37,37.0,256.8072289156627,37.0,1,0.20180722891566266,0.625,510.7692307692308,8.108021221376747,9.384461732204798,0,train,Established Family Home
1085000.0,5.0,2.5,2340,6000,2.0,0,0,4,2340,0,1922,,Seattle,98144,0,1922,92,92.0,463.6752136752137,92.0,0,0.0,0.5,312.0,7.75833346749091,8.699681400989514,0,train,Established Family Home
371000.0,3.0,1.0,890,7200,1.0,0,0,3,890,0,1951,,Seattle,98125,0,1951,63,63.0,416.85393258426967,63.0,0,0.0,0.3333333333333333,222.5,6.792344427470809,8.881975184248867,1,train,Compact Entry-Level
514000.0,3.0,1.75,1720,5899,1.0,0,1,3,1220,500,1986,,Seattle,98136,0,1986,28,28.0,298.8372093023256,28.0,1,0.29069767441860467,0.5833333333333334,362.10526315789474,7.450660796211539,8.68270762989381,0,test,Established Family Home
386000.0,3.0,1.5,1270,1318,2.0,0,0,3,1080,190,2004,,Seattle,98199,0,2004,10,10.0,303.93700787401576,10.0,1,0.14960629921259844,0.5,282.22222222222223,7.147559271189454,7.1846291527173145,3,train,New-Build Suburban Family
464000.0,4.0,2.5,2180,7203,2.0,0,0,4,2180,0,1989,,Renton,98059,0,1989,25,25.0,212.8440366972477,25.0,0,0.0,0.625,335.38461538461536,7.687538766201629,8.882391706295847,3,train,New-Build Suburban Family
335000.0,4.0,2.25,2030,13500,1.0,0,0,3,1230,800,1963,,Renton,98059,0,1963,51,51.0,165.02463054187191,51.0,1,0.39408866995073893,0.5625,324.8,7.616283561580385,9.510519035757246,0,train,Established Family Home
740000.0,4.0,2.75,2490,17833,2.0,0,2,3,1490,1000,1979,,Seattle,98125,0,1979,35,35.0,297.1887550200803,35.0,1,0.40160642570281124,0.6875,368.8888888888889,7.820439515262181,9.788862026694824,2,train,Premium View Property
465000.0,4.0,1.75,1470,5350,1.0,0,0,3,980,490,1955,,Seattle,98125,0,1955,59,59.0,316.3265306122449,59.0,1,0.3333333333333333,0.4375,255.65217391304347,7.293697720601438,8.585038738311304,0,train,Established Family Home
700000.0,3.0,2.75,2500,7378,1.0,0,0,5,1390,1110,1948,,Seattle,98177,0,1948,66,66.0,280.0,66.0,1,0.444,0.9166666666666666,434.7826086956522,7.824445930877619,8.906393407058367,0,train,Established Family Home
785000.0,3.0,3.5,4500,21870,2.0,0,0,3,4500,0,2004,,Auburn,98092,0,2004,10,10.0,174.44444444444446,10.0,0,0.0,1.1666666666666667,692.3076923076923,8.412054873292933,9.992916837362552,3,train,New-Build Suburban Family
350000.0,3.0,3.25,1460,1592,2.0,0,0,3,1130,330,2006,,Seattle,98126,0,2006,8,8.0,239.72602739726028,8.0,1,0.22602739726027396,1.0833333333333333,233.6,7.2868764117507,7.373374309910049,3,train,New-Build Suburban Family
148000.0,1.0,1.0,620,8261,1.0,0,0,3,620,0,1939,,Seattle,98106,0,1939,75,75.0,238.70967741935485,75.0,0,0.0,1.0,310.0,6.431331081933479,9.01942196795671,1,test,Compact Entry-Level
530000.0,3.0,1.75,1550,3680,1.0,0,0,3,1050,500,1927,,Seattle,98117,0,1927,87,87.0,341.93548387096774,87.0,1,0.3225806451612903,0.5833333333333334,326.3157894736842,7.346655163176539,8.210939733379021,0,train,Established Family Home
349000.0,3.0,2.5,1430,1002,3.0,0,0,3,1430,0,2002,,Seattle,98103,0,2002,12,12.0,244.05594405594405,12.0,0,0.0,0.8333333333333334,260.0,7.266128779556451,6.910750787961936,3,test,New-Build Suburban Family
240000.0,3.0,1.5,1360,9760,1.5,0,0,5,1360,0,1984,,North Bend,98045,0,1984,30,30.0,176.47058823529412,30.0,0,0.0,0.5,302.22222222222223,7.215975002651466,9.186150133174966,1,train,Compact Entry-Level
330000.0,3.0,2.5,2210,7557,2.0,0,0,3,2210,0,1989,,Federal Way,98023,0,1989,25,25.0,149.3212669683258,25.0,0,0.0,0.8333333333333334,401.8181818181818,7.701200180857446,8.930361883909434,3,train,New-Build Suburban Family
735000.0,4.0,1.75,2460,5100,1.5,0,0,5,1450,1010,1909,,Seattle,98115,0,1909,105,105.0,298.780487804878,105.0,1,0.4105691056910569,0.4375,427.82608695652175,7.8083230503910555,8.537191877922927,0,test,Established Family Home
545000.0,3.0,2.5,2180,15693,1.0,0,0,4,1850,330,1979,,Sammamish,98075,0,1979,35,35.0,250.0,35.0,1,0.15137614678899083,0.8333333333333334,396.3636363636364,7.687538766201629,9.661033752687418,0,train,Established Family Home
214950.0,3.0,1.75,1570,4875,1.0,0,0,4,1310,260,1977,,Covington,98042,0,1977,37,37.0,136.9108280254777,37.0,1,0.16560509554140126,0.5833333333333334,330.5263157894737,7.359467638255621,8.492080490601163,0,test,Established Family Home
657500.0,4.0,2.75,4140,24190,2.0,0,0,3,4140,0,2002,,Auburn,98092,0,2002,12,12.0,158.81642512077295,12.0,0,0.0,0.6875,613.3333333333334,8.328692583545568,10.093735942146068,3,train,New-Build Suburban Family
476000.0,3.0,1.0,1140,5500,1.5,0,0,4,1140,0,1908,,Seattle,98199,0,1908,106,106.0,417.5438596491228,106.0,0,0.0,0.3333333333333333,285.0,7.039660349862076,8.612685172875459,1,train,Compact Entry-Level
2888000.0,5.0,6.25,8670,64033,2.0,0,4,3,6120,2550,1965,2003.0,Seattle,98177,1,2003,49,11.0,333.10265282583623,11.0,1,0.29411764705882354,1.25,770.6666666666666,9.06773940337716,11.067169471278484,2,train,Premium View Property
110000.0,2.0,1.0,800,15000,1.0,0,0,3,800,0,1927,,Seattle,98168,0,1927,87,87.0,137.5,87.0,0,0.0,0.5,266.6666666666667,6.68586094706836,9.61587214452889,1,train,Compact Entry-Level
292000.0,4.0,2.75,2414,7693,2.0,0,0,3,2414,0,2006,,Auburn,98002,0,2006,8,8.0,120.96106048053024,8.0,0,0.0,0.6875,357.6296296296296,7.789454566086673,8.94819608331224,3,test,New-Build Suburban Family
317000.0,3.0,1.0,1160,8813,1.0,0,0,3,1160,0,1952,,Seattle,98125,0,1952,62,62.0,273.2758620689655,62.0,0,0.0,0.3333333333333333,290.0,7.057036981697891,9.084096645401932,1,train,Compact Entry-Level
455000.0,4.0,2.5,3170,10688,2.0,0,2,3,3170,0,2001,,Auburn,98001,0,2001,13,13.0,143.53312302839117,13.0,0,0.0,0.625,487.6923076923077,8.061802274538348,9.276970454273945,2,train,Premium View Property
1365000.0,5.0,3.5,4210,17258,2.0,0,3,3,4210,0,1995,,Bellevue,98006,0,1995,19,19.0,324.22802850356294,19.0,0,0.0,0.7,495.29411764705884,8.345455428161928,9.756089025531404,2,test,Premium View Property
460000.0,3.0,2.0,2060,4437,1.0,0,0,3,1030,1030,1929,,Seattle,98126,0,1929,85,85.0,223.3009708737864,85.0,1,0.5,0.6666666666666666,412.0,7.630946580890459,8.39795910349254,0,train,Established Family Home
405000.0,3.0,2.0,1640,7201,1.0,0,0,3,1640,0,1948,,Seattle,98125,0,1948,66,66.0,246.9512195121951,66.0,0,0.0,0.6666666666666666,328.0,7.403061091090091,8.882114044208821,1,train,Compact Entry-Level
333000.0,2.0,1.0,720,6686,1.0,0,0,3,720,0,1942,,Seattle,98117,0,1942,72,72.0,462.5,72.0,0,0.0,0.5,240.0,6.580639137284949,8.80792062205398,1,train,Compact Entry-Level
427000.0,4.0,1.0,1860,4736,1.5,0,0,1,1860,0,1901,,Seattle,98112,0,1901,113,113.0,229.56989247311827,113.0,0,0.0,0.25,372.0,7.528869256642251,8.463159302923751,1,train,Compact Entry-Level
742000.0,4.0,2.5,2810,10986,2.0,0,0,3,2810,0,1997,,Sammamish,98075,0,1997,17,17.0,264.05693950177937,17.0,0,0.0,0.625,432.3076923076923,7.941295570906532,9.30446803470088,3,train,New-Build Suburban Family
465000.0,4.0,2.5,2090,9702,1.0,0,0,5,1320,770,1965,,Shoreline,98133,0,1965,49,49.0,222.488038277512,49.0,1,0.3684210526315789,0.625,321.53846153846155,7.645397699428633,9.1801903950253,0,train,Established Family Home
809950.0,4.0,2.5,3280,6181,2.0,0,0,3,3280,0,2001,,Sammamish,98074,0,2001,13,13.0,246.9359756097561,13.0,0,0.0,0.625,504.61538461538464,8.0959035329611,8.729397122692061,3,train,New-Build Suburban Family
619400.0,4.0,2.0,2090,3610,1.5,0,0,5,1790,300,1927,,Seattle,98115,0,1927,87,87.0,296.3636363636364,87.0,1,0.14354066985645933,0.5,348.3333333333333,7.645397699428633,8.191740021277457,0,test,Established Family Home
762400.0,3.0,1.75,2430,14607,1.0,0,1,3,1230,1200,1949,1970.0,Mercer Island,98040,1,1970,65,44.0,313.7448559670782,44.0,1,0.49382716049382713,0.5833333333333334,511.57894736842104,7.796057974316123,9.58932460283475,0,train,Established Family Home
535000.0,5.0,2.25,2520,49222,2.0,0,0,4,2520,0,1978,,Issaquah,98027,0,1978,36,36.0,212.3015873015873,36.0,0,0.0,0.45,347.58620689655174,7.83241092718792,10.804116272920615,3,train,New-Build Suburban Family
881000.0,5.0,3.0,2510,4125,1.5,0,3,5,1590,920,1925,,Seattle,98144,0,1925,89,89.0,350.996015936255,89.0,1,0.3665338645418327,0.6,313.75,7.828436359157585,8.325063693631197,2,train,Premium View Property
813000.0,4.0,2.75,3370,6675,1.0,0,3,4,1920,1450,1948,,Seattle,98144,0,1948,66,66.0,241.24629080118692,66.0,1,0.43026706231454004,0.6875,499.25925925925924,8.12296471523406,8.806274284781725,2,train,Premium View Property
234000.0,3.0,2.0,1640,5280,1.5,0,0,5,1640,0,1910,,Auburn,98002,0,1910,104,104.0,142.6829268292683,104.0,0,0.0,0.6666666666666666,328.0,7.403061091090091,8.571870752706934,1,train,Compact Entry-Level
308900.0,3.0,2.5,2250,7294,2.0,0,0,3,2250,0,1994,,Auburn,98092,0,1994,20,20.0,137.2888888888889,20.0,0,0.0,0.8333333333333334,409.09090909090907,7.719129840906732,8.894944460956886,3,train,New-Build Suburban Family
450000.0,4.0,2.5,2300,19250,1.0,0,0,4,2300,0,1955,,North Bend,98045,0,1955,59,59.0,195.65217391304347,59.0,0,0.0,0.625,353.84615384615387,7.741099090035366,9.865318286418624,0,train,Established Family Home
547500.0,3.0,3.5,1650,2262,3.0,0,0,3,1650,0,2010,,Seattle,98103,0,2010,4,4.0,331.8181818181818,4.0,0,0.0,1.1666666666666667,253.84615384615384,7.409136443920128,7.724446645633537,3,train,New-Build Suburban Family
399950.0,2.0,1.0,710,1131,2.0,0,0,4,710,0,1943,,Seattle,98102,0,1943,71,71.0,563.3098591549295,71.0,0,0.0,0.5,236.66666666666666,6.566672429803241,7.0317412587631285,1,train,Compact Entry-Level
516000.0,4.0,3.5,2550,8698,2.0,0,0,3,2550,0,2007,,Snoqualmie,98065,0,2007,7,7.0,202.35294117647055,7.0,0,0.0,0.875,340.0,7.844240718141811,9.07096335550754,3,test,New-Build Suburban Family
250000.0,2.0,1.5,982,846,2.0,0,0,3,806,176,2006,,Seattle,98133,0,2006,8,8.0,254.5824847250509,8.0,1,0.17922606924643583,0.75,280.57142857142856,6.890609120147166,6.741700694652055,1,train,Compact Entry-Level
475000.0,3.0,2.25,1630,2520,2.0,0,0,3,1630,0,2005,,Issaquah,98029,0,2005,9,9.0,291.41104294478527,9.0,0,0.0,0.75,310.4761904761905,7.396948602621014,7.83241092718792,3,train,New-Build Suburban Family
415000.0,4.0,2.5,2550,4500,2.0,0,0,3,2550,0,2009,,Renton,98059,0,2009,5,5.0,162.7450980392157,5.0,0,0.0,0.625,392.3076923076923,7.844240718141811,8.412054873292933,3,train,New-Build Suburban Family
545000.0,2.0,1.25,1240,2150,2.0,0,0,3,1240,0,2014,,Seattle,98117,0,2014,0,0.0,439.5161290322581,0.0,0,0.0,0.625,381.53846153846155,7.123672785204607,7.67368812926773,1,train,Compact Entry-Level
329950.0,3.0,2.5,2456,7566,2.0,0,0,3,2456,0,2012,,Federal Way,98023,0,2012,2,2.0,134.34446254071662,2.0,0,0.0,0.8333333333333334,446.54545454545456,7.806696372521179,8.931551966694522,3,train,New-Build Suburban Family
1325000.0,5.0,2.25,3200,20158,1.0,0,0,3,1600,1600,1965,,Clyde Hill,98004,0,1965,49,49.0,414.0625,49.0,1,0.5,0.45,441.37931034482756,8.071218539969863,9.911406117780423,0,train,Established Family Home
784000.0,3.0,3.5,3950,111078,1.5,0,0,3,2460,1490,1989,,Redmond,98053,0,1989,25,25.0,198.48101265822783,25.0,1,0.37721518987341773,1.1666666666666667,607.6923076923077,8.281723990411392,11.617996938859507,0,train,Established Family Home
610750.0,4.0,2.25,2180,7297,2.0,0,0,3,2180,0,1984,,Sammamish,98074,0,1984,30,30.0,280.1605504587156,30.0,0,0.0,0.5625,348.8,7.687538766201629,8.895355616996392,3,train,New-Build Suburban Family
578000.0,4.0,2.5,3140,9225,1.0,0,2,5,1770,1370,1966,,Renton,98057,0,1966,48,48.0,184.0764331210191,48.0,1,0.43630573248407645,0.625,483.0769230769231,8.052296499538647,9.129780864117766,2,train,Premium View Property
1485000.0,4.0,3.75,4030,10800,2.0,0,0,3,4030,0,2006,,Kirkland,98033,0,2006,8,8.0,368.4863523573201,8.0,0,0.0,0.9375,520.0,8.301769763117166,9.287394001418473,3,train,New-Build Suburban Family
501000.0,3.0,1.75,1970,7972,1.0,0,3,5,1370,600,1976,,Renton,98057,0,1976,38,38.0,254.31472081218277,38.0,1,0.30456852791878175,0.5833333333333334,414.7368421052632,7.58629630715272,8.983816112502495,2,train,Premium View Property
465250.0,5.0,2.0,1940,7642,1.5,0,0,3,1940,0,1957,,Shoreline,98177,0,1957,57,57.0,239.819587628866,57.0,0,0.0,0.4,277.14285714285717,7.57095858316901,8.941545475242885,3,train,New-Build Suburban Family
2250000.0,5.0,4.25,4860,9453,1.5,0,1,5,3100,1760,1905,,Seattle,98112,0,1905,109,109.0,462.962962962963,109.0,1,0.36213991769547327,0.85,525.4054054054054,8.488999457045455,9.154193211353181,2,train,Premium View Property
1095000.0,4.0,2.5,3064,4764,3.5,0,2,3,3064,0,1990,,Seattle,98102,0,1990,24,24.0,357.3759791122715,24.0,0,0.0,0.625,471.38461538461536,8.027802848370312,8.469052816088302,3,train,New-Build Suburban Family
315000.0,2.0,1.0,970,5665,1.0,0,0,4,970,0,1908,,Seattle,98118,0,1908,106,106.0,324.74226804123714,106.0,0,0.0,0.5,323.3333333333333,6.878326468291325,8.642238680390461,1,train,Compact Entry-Level
900000.0,4.0,2.25,2460,44431,1.0,0,0,4,2460,0,1957,,Bellevue,98007,0,1957,57,57.0,365.8536585365854,57.0,0,0.0,0.5625,393.6,7.8083230503910555,10.701715209546581,0,test,Established Family Home
789500.0,4.0,2.5,3010,6100,2.0,0,0,3,3010,0,2005,,Redmond,98052,0,2005,9,9.0,262.2923588039867,9.0,0,0.0,0.625,463.0769230769231,8.010027528481734,8.716207971151853,3,train,New-Build Suburban Family
678500.0,3.0,2.0,2460,6600,1.0,0,2,4,1370,1090,1952,,Seattle,98136,0,1952,62,62.0,275.8130081300813,62.0,1,0.44308943089430897,0.6666666666666666,492.0,7.8083230503910555,8.79497643168877,2,test,Premium View Property
342500.0,3.0,2.0,2080,11375,1.0,0,0,3,2080,0,2002,,Enumclaw,98022,0,2002,12,12.0,164.66346153846155,12.0,0,0.0,0.6666666666666666,416.0,7.640603826393634,9.339261152043022,3,test,New-Build Suburban Family
860000.0,4.0,3.25,3960,7012,2.0,0,0,3,3960,0,2005,,Sammamish,98075,0,2005,9,9.0,217.1717171717172,9.0,0,0.0,0.8125,546.2068965517242,8.284251797621916,8.85552084853691,3,train,New-Build Suburban Family
306000.0,4.0,2.5,2490,8124,2.0,0,0,3,2490,0,2001,,Auburn,98092,0,2001,13,13.0,122.89156626506023,13.0,0,0.0,0.625,383.0769230769231,7.820439515262181,9.002701007197938,3,test,New-Build Suburban Family
580000.0,5.0,2.0,2060,6000,2.0,0,0,3,2060,0,1903,,Seattle,98105,0,1903,111,111.0,281.5533980582524,111.0,0,0.0,0.4,294.2857142857143,7.630946580890459,8.699681400989514,0,train,Established Family Home
405000.0,3.0,1.0,1330,15678,1.0,0,0,3,900,430,1984,,Sammamish,98074,0,1984,30,30.0,304.5112781954887,30.0,1,0.3233082706766917,0.3333333333333333,332.5,7.193685818395112,9.66007751636045,1,train,Compact Entry-Level
510000.0,3.0,1.75,1600,19200,1.0,0,0,4,1600,0,1967,,Kirkland,98034,0,1967,47,47.0,318.75,47.0,0,0.0,0.5833333333333334,336.8421052631579,7.3783837129967145,9.862717639992917,1,train,Compact Entry-Level
173000.0,2.0,1.0,820,10450,1.0,0,0,4,820,0,1965,,Renton,98055,0,1965,49,49.0,210.97560975609755,49.0,0,0.0,0.5,273.3333333333333,6.710523109452428,9.254452946594503,1,train,Compact Entry-Level
210000.0,4.0,1.75,1200,7680,1.0,0,0,3,1200,0,1968,,Auburn,98092,0,1968,46,46.0,175.0,46.0,0,0.0,0.4375,208.69565217391303,7.0909098220799835,8.946505025998682,1,train,Compact Entry-Level
445000.0,3.0,1.0,1050,5664,1.0,0,0,4,910,140,1947,,Seattle,98115,0,1947,67,67.0,423.8095238095238,67.0,1,0.13333333333333333,0.3333333333333333,262.5,6.957497370876951,8.642062173462106,1,test,Compact Entry-Level
585000.0,3.0,2.5,1910,1501,2.5,0,0,3,1530,380,2007,,Seattle,98199,0,2007,7,7.0,306.282722513089,7.0,1,0.19895287958115182,0.8333333333333334,347.27272727272725,7.555381944240273,7.31455283232408,3,test,New-Build Suburban Family
381000.0,3.0,1.75,1800,6000,1.0,0,0,5,900,900,1950,,Shoreline,98155,0,1950,64,64.0,211.66666666666663,64.0,1,0.5,0.5833333333333334,378.94736842105266,7.496097345175956,8.699681400989514,0,train,Established Family Home
890000.0,3.0,2.25,2060,8640,1.0,0,0,4,2060,0,1966,,Kirkland,98033,0,1966,48,48.0,432.0388349514563,48.0,0,0.0,0.75,392.3809523809524,7.630946580890459,9.0642735958414,1,train,Compact Entry-Level
235000.0,3.0,1.75,1840,9697,1.0,0,0,4,1500,340,1985,,Kent,98030,0,1985,29,29.0,127.71739130434784,29.0,1,0.18478260869565216,0.5833333333333334,387.36842105263156,7.518064181233078,9.179674957665297,0,train,Established Family Home
480000.0,3.0,2.5,1250,1103,3.0,0,2,3,1250,0,2005,,Seattle,98103,0,2005,9,9.0,384.0,9.0,0,0.0,0.8333333333333334,227.27272727272728,7.1316985104669115,7.00669522683704,3,train,New-Build Suburban Family
575000.0,2.0,1.0,1510,4032,1.5,0,0,3,1310,200,1935,,Seattle,98199,0,1935,79,79.0,380.7947019867549,79.0,1,0.13245033112582782,0.5,503.3333333333333,7.32052696227274,8.302265794873367,1,test,Compact Entry-Level
350000.0,4.0,2.25,2300,4600,1.5,0,0,4,1340,960,1904,,Seattle,98144,0,1904,110,110.0,152.17391304347825,110.0,1,0.41739130434782606,0.5625,368.0,7.741099090035366,8.434028950155469,0,train,Established Family Home
259000.0,4.0,1.5,1490,7560,2.0,0,0,3,1490,0,1966,,Des Moines,98198,0,1966,48,48.0,173.8255033557047,48.0,0,0.0,0.375,270.90909090909093,7.307202314764738,8.93075873555827,3,train,New-Build Suburban Family
599000.0,5.0,2.75,2820,4608,1.0,0,0,3,1450,1370,1967,,Seattle,98117,0,1967,47,47.0,212.4113475177305,47.0,1,0.4858156028368794,0.55,363.8709677419355,7.944846711001996,8.435766192720509,0,train,Established Family Home
210000.0,4.0,1.5,1130,7840,1.0,0,0,4,1130,0,1970,,Federal Way,98023,0,1970,44,44.0,185.84070796460176,44.0,0,0.0,0.375,205.45454545454547,7.030857476116121,8.967121656230923,1,train,Compact Entry-Level
1184000.0,4.0,2.5,3200,7500,1.5,0,1,5,1860,1340,1948,,Seattle,98115,0,1948,66,66.0,370.0,66.0,1,0.41875,0.625,492.3076923076923,8.071218539969863,8.922791623969637,0,train,Established Family Home
545000.0,3.0,1.0,1510,5000,1.5,0,0,3,1510,0,1909,,Seattle,98105,0,1909,105,105.0,360.9271523178808,105.0,0,0.0,0.3333333333333333,377.5,7.32052696227274,8.517393171418904,1,train,Compact Entry-Level
299995.0,3.0,2.5,1970,7500,2.0,0,0,3,1970,0,1988,,Auburn,98092,0,1988,26,26.0,152.28172588832487,26.0,0,0.0,0.8333333333333334,358.1818181818182,7.58629630715272,8.922791623969637,3,train,New-Build Suburban Family
440000.0,3.0,1.0,1210,5750,1.5,0,0,4,1210,0,1910,,Seattle,98136,0,1910,104,104.0,363.6363636363636,104.0,0,0.0,0.3333333333333333,302.5,7.099201743553092,8.657129031713755,1,train,Compact Entry-Level
699000.0,4.0,2.5,3280,27441,2.0,0,0,3,3280,0,1996,,Redmond,98053,0,1996,18,18.0,213.109756097561,18.0,0,0.0,0.625,504.61538461538464,8.0959035329611,10.21982996548112,3,train,New-Build Suburban Family
795000.0,3.0,2.0,2420,17859,1.0,0,1,5,1500,920,1979,,Kirkland,98034,0,1979,35,35.0,328.5123966942149,35.0,1,0.38016528925619836,0.6666666666666666,484.0,7.791935956938058,9.79031885443049,0,train,Established Family Home
445000.0,5.0,1.75,2460,6846,1.5,0,0,5,1340,1120,1911,,Seattle,98108,0,1911,103,103.0,180.89430894308944,103.0,1,0.45528455284552843,0.35,364.44444444444446,7.8083230503910555,8.831565879121063,0,train,Established Family Home
397990.0,3.0,1.0,1180,11862,1.0,0,0,4,1180,0,1948,,Seattle,98177,0,1948,66,66.0,337.27966101694915,66.0,0,0.0,0.3333333333333333,295.0,7.074116816197362,9.381179591661104,1,train,Compact Entry-Level
706000.0,3.0,2.75,1900,6400,1.0,0,0,5,1410,490,1942,,Seattle,98105,0,1942,72,72.0,371.578947368421,72.0,1,0.2578947368421053,0.9166666666666666,330.4347826086956,7.550135342488429,8.764209507142004,0,train,Established Family Home
363000.0,3.0,3.25,1651,1779,2.0,0,0,3,1341,310,2008,,Seattle,98133,0,2008,6,6.0,219.86674742580252,6.0,1,0.18776499091459722,1.0833333333333333,264.16,7.409741954080923,7.484368643286131,3,train,New-Build Suburban Family
850000.0,4.0,2.25,2130,11843,2.0,0,0,4,2130,0,1972,,Mercer Island,98040,0,1972,42,42.0,399.0610328638498,42.0,0,0.0,0.5625,340.8,7.664346632098617,9.379576689221482,3,train,New-Build Suburban Family
620000.0,2.0,1.0,1430,3000,1.5,0,0,3,1300,130,1929,,Seattle,98112,0,1929,85,85.0,433.5664335664336,85.0,1,0.09090909090909091,0.5,476.6666666666667,7.266128779556451,8.006700845440367,1,train,Compact Entry-Level
1228000.0,4.0,2.5,5730,44947,2.0,0,4,3,4280,1450,1991,,Sammamish,98074,0,1991,23,23.0,214.31064572425828,23.0,1,0.2530541012216405,0.625,881.5384615384615,8.653645314551737,10.713261545027793,2,train,Premium View Property
333000.0,4.0,2.5,1910,9244,1.0,0,0,4,1910,0,1963,,Renton,98059,0,1963,51,51.0,174.3455497382199,51.0,0,0.0,0.625,293.84615384615387,7.555381944240273,9.131838143821225,0,train,Established Family Home
743000.0,3.0,1.75,2110,11250,1.0,0,0,4,2110,0,1961,,Mercer Island,98040,0,1961,53,53.0,352.13270142180096,53.0,0,0.0,0.5833333333333334,444.2105263157895,7.65491704784832,9.328212292571072,1,train,Compact Entry-Level
448000.0,2.0,1.5,1630,3780,1.0,0,0,4,890,740,1940,,Seattle,98107,0,1940,74,74.0,274.8466257668712,74.0,1,0.4539877300613497,0.75,465.7142857142857,7.396948602621014,8.237743803890933,1,train,Compact Entry-Level
485000.0,4.0,2.5,2470,35073,2.0,0,0,3,2470,0,1989,,Auburn,98092,0,1989,25,25.0,196.3562753036437,25.0,0,0.0,0.625,380.0,7.81237820598861,10.465215394229238,3,train,New-Build Suburban Family
489950.0,4.0,2.25,2640,31941,1.0,0,0,4,2640,0,1986,,Auburn,98092,0,1986,28,28.0,185.5871212121212,28.0,0,0.0,0.5625,422.4,7.878912912297133,10.371677037216255,0,train,Established Family Home
498500.0,5.0,2.75,2990,7420,2.0,0,0,3,2990,0,1996,,Renton,98059,0,1996,18,18.0,166.72240802675586,18.0,0,0.0,0.55,385.80645161290323,8.003363058629947,8.912069097970134,3,test,New-Build Suburban Family
531000.0,3.0,2.5,2120,9736,2.0,0,0,3,2120,0,1988,,Bothell,98011,0,1988,26,26.0,250.47169811320757,26.0,0,0.0,0.8333333333333334,385.45454545454544,7.659642954564682,9.183688340978756,3,train,New-Build Suburban Family
670000.0,3.0,2.5,2050,6420,1.0,0,3,3,1730,320,1956,,Seattle,98116,0,1956,58,58.0,326.8292682926829,58.0,1,0.15609756097560976,0.8333333333333334,372.72727272727275,7.62608275807238,8.76732914779405,2,train,Premium View Property
310000.0,5.0,3.0,1880,5000,1.0,0,0,3,1100,780,1997,,Seattle,98106,0,1997,17,17.0,164.89361702127658,17.0,1,0.4148936170212766,0.6,235.0,7.53955882930103,8.517393171418904,0,train,Established Family Home
835000.0,3.0,3.0,2790,12523,2.0,1,4,4,1600,1190,1977,,Des Moines,98198,0,1977,37,37.0,299.2831541218638,37.0,1,0.4265232974910394,1.0,465.0,7.934155233536322,9.435402082446297,2,train,Premium View Property
1688000.0,4.0,2.5,3000,7500,2.0,0,0,3,3000,0,1937,1994.0,Seattle,98105,1,1994,77,20.0,562.6666666666666,20.0,0,0.0,0.625,461.53846153846155,8.006700845440367,8.922791623969637,3,train,New-Build Suburban Family
495000.0,4.0,2.5,2140,7245,2.0,0,0,3,2140,0,2003,,Seattle,98133,0,2003,11,11.0,231.30841121495328,11.0,0,0.0,0.625,329.2307692307692,7.669028288589683,8.888204871455022,3,train,New-Build Suburban Family
495000.0,3.0,2.0,1769,9300,1.0,0,0,4,1769,0,1955,2009.0,Normandy Park,98166,1,2009,59,5.0,279.8191068400226,5.0,0,0.0,0.6666666666666666,353.8,7.478734825567875,9.137877200242468,1,test,Compact Entry-Level
440000.0,3.0,1.0,1710,6556,1.5,0,0,4,1200,510,1926,,Seattle,98133,0,1926,88,88.0,257.3099415204678,88.0,1,0.2982456140350877,0.3333333333333333,427.5,7.444833273892193,8.788288460263619,0,test,Established Family Home
280000.0,1.0,0.75,420,6720,1.0,0,0,3,420,0,1922,,Seattle,98108,0,1922,92,92.0,666.6666666666666,92.0,0,0.0,0.75,240.0,6.042632833682381,8.812992231969966,1,train,Compact Entry-Level
1070000.0,4.0,2.5,3270,35445,2.0,0,0,3,3270,0,1989,,Bellevue,98006,0,1989,25,25.0,327.217125382263,25.0,0,0.0,0.625,503.0769230769231,8.092851027538384,10.475765690615084,3,test,New-Build Suburban Family
1034500.0,4.0,2.5,2370,10858,2.0,0,0,3,2370,0,2003,,Bellevue,98004,0,2003,11,11.0,436.4978902953587,11.0,0,0.0,0.625,364.61538461538464,7.771067086065406,9.2927495082169,3,train,New-Build Suburban Family
248000.0,4.0,2.5,1770,5855,2.0,0,0,3,1770,0,2003,,Maple Valley,98038,0,2003,11,11.0,140.1129943502825,11.0,0,0.0,0.625,272.3076923076923,7.479299637782834,8.675222055641148,3,train,New-Build Suburban Family
294000.0,4.0,2.5,2210,8465,1.0,0,0,3,1490,720,1990,,Auburn,98092,0,1990,24,24.0,133.0316742081448,24.0,1,0.3257918552036199,0.625,340.0,7.701200180857446,9.04381342108087,0,test,Established Family Home
561000.0,3.0,2.25,1710,4140,2.0,0,0,3,1710,0,2004,,Issaquah,98029,0,2004,10,10.0,328.0701754385965,10.0,0,0.0,0.75,325.7142857142857,7.444833273892193,8.328692583545568,3,train,New-Build Suburban Family
656500.0,4.0,2.0,2710,4750,1.0,0,0,4,1460,1250,1919,,Seattle,98115,0,1919,95,95.0,242.2509225092251,95.0,1,0.4612546125461255,0.5,451.6666666666667,7.905072849498666,8.46611040118692,0,train,Established Family Home
660000.0,3.0,3.0,2340,2970,2.0,0,0,5,2160,180,1925,,Seattle,98103,0,1925,89,89.0,282.05128205128204,89.0,1,0.07692307692307693,1.0,390.0,7.75833346749091,7.9966538754626075,0,train,Established Family Home
370000.0,2.0,1.0,1220,17172,1.0,0,0,4,1220,0,1947,,Kirkland,98033,0,1947,67,67.0,303.27868852459017,67.0,0,0.0,0.5,406.6666666666667,7.107425474110705,9.751093661983862,1,train,Compact Entry-Level
349950.0,3.0,1.0,1060,9525,1.0,0,0,3,1060,0,1966,,Redmond,98052,0,1966,48,48.0,330.14150943396226,48.0,0,0.0,0.3333333333333333,265.0,6.966967138613983,9.161780181360806,1,train,Compact Entry-Level
223000.0,2.0,1.0,910,9869,1.0,0,0,3,910,0,1957,,Renton,98058,0,1957,57,57.0,245.05494505494505,57.0,0,0.0,0.5,303.3333333333333,6.814542897259958,9.197255132427527,1,train,Compact Entry-Level
560000.0,4.0,1.75,1880,3880,1.5,0,0,4,1090,790,1944,,Seattle,98107,0,1944,70,70.0,297.8723404255319,70.0,1,0.42021276595744683,0.4375,326.95652173913044,7.53955882930103,8.263848131368906,0,train,Established Family Home
594000.0,4.0,1.75,1870,5200,2.0,0,0,4,1200,670,1937,,Seattle,98115,0,1937,77,77.0,317.6470588235294,77.0,1,0.3582887700534759,0.4375,325.2173913043478,7.534228326274089,8.556606193773073,0,train,Established Family Home
600000.0,3.0,2.25,1480,5400,2.0,0,0,4,1480,0,1914,,Seattle,98122,0,1914,100,100.0,405.4054054054054,100.0,0,0.0,0.75,281.9047619047619,7.300472814267799,8.594339400592892,1,test,Compact Entry-Level
315000.0,3.0,2.5,1880,7000,2.0,0,0,3,1880,0,1993,,Kent,98031,0,1993,21,21.0,167.5531914893617,21.0,0,0.0,0.8333333333333334,341.8181818181818,7.53955882930103,8.853808274977197,3,train,New-Build Suburban Family
430000.0,4.0,1.75,1890,6000,1.0,0,0,4,1110,780,1947,,Seattle,98125,0,1947,67,67.0,227.51322751322752,67.0,1,0.4126984126984127,0.4375,328.69565217391306,7.544861068658458,8.699681400989514,0,train,Established Family Home
440000.0,3.0,2.75,1560,7392,1.0,0,0,5,1030,530,1972,,Kirkland,98034,0,1972,42,42.0,282.05128205128204,42.0,1,0.33974358974358976,0.9166666666666666,271.30434782608694,7.353081920515432,8.9082888855571,0,train,Established Family Home
312500.0,2.0,1.5,1070,1200,2.0,0,0,3,1070,0,1999,,Seattle,98103,0,1999,15,15.0,292.05607476635515,15.0,0,0.0,0.75,305.7142857142857,6.976348070447749,7.0909098220799835,1,train,Compact Entry-Level
1240000.0,5.0,4.0,4410,14380,2.0,0,0,3,4410,0,2006,,Redmond,98052,0,2006,8,8.0,281.1791383219955,8.0,0,0.0,0.8,490.0,8.39185670010494,9.57366316988638,3,train,New-Build Suburban Family
300000.0,3.0,3.25,1470,1235,2.0,0,0,3,1180,290,2008,,Seattle,98108,0,2008,6,6.0,204.08163265306123,6.0,1,0.19727891156462585,1.0833333333333333,235.2,7.293697720601438,7.119635638017636,3,train,New-Build Suburban Family
680000.0,3.0,2.5,2570,3600,2.5,0,0,3,2570,0,2007,,Issaquah,98029,0,2007,7,7.0,264.591439688716,7.0,0,0.0,0.8333333333333334,467.27272727272725,7.852050207265889,8.188966863648876,3,train,New-Build Suburban Family
336750.0,2.0,2.25,1170,1011,2.0,0,0,3,1170,0,2009,,Issaquah,98027,0,2009,5,5.0,287.8205128205128,5.0,0,0.0,1.125,275.29411764705884,7.065613363597717,6.919683849847411,3,test,New-Build Suburban Family
822500.0,5.0,3.5,2320,4960,2.0,0,0,5,1720,600,1926,,Seattle,98103,0,1926,88,88.0,354.5258620689655,88.0,1,0.25862068965517243,0.7,272.94117647058823,7.749753406274437,8.509362612301048,0,train,Established Family Home
589000.0,4.0,3.0,2440,9600,2.0,0,0,5,2440,0,1961,,Kirkland,98034,0,1961,53,53.0,241.39344262295083,53.0,0,0.0,0.75,348.57142857142856,7.80016307039296,9.169622538697624,3,train,New-Build Suburban Family
863000.0,4.0,2.5,4120,22370,2.0,0,0,3,4120,0,1997,,Sammamish,98074,0,1997,17,17.0,209.4660194174757,17.0,0,0.0,0.625,633.8461538461538,8.323851131338817,10.015520756211904,3,train,New-Build Suburban Family
210000.0,2.0,1.75,1440,5680,1.0,0,0,4,1440,0,1978,,Des Moines,98198,0,1978,36,36.0,145.83333333333334,36.0,0,0.0,0.875,384.0,7.273092595999522,8.644882552557126,1,train,Compact Entry-Level
206135.0,3.0,1.0,1340,11070,1.0,0,0,4,1340,0,1978,,Kent,98030,0,1978,36,36.0,153.8320895522388,36.0,0,0.0,0.3333333333333333,335.0,7.201170883281678,9.312084355859467,1,train,Compact Entry-Level
1125000.0,6.0,3.75,3010,4360,2.0,0,0,3,2000,1010,2014,,Seattle,98103,0,2014,0,0.0,373.75415282392026,0.0,1,0.33554817275747506,0.625,308.71794871794873,8.010027528481734,8.380456667842767,3,train,New-Build Suburban Family
285000.0,3.0,1.75,1840,8601,1.0,0,0,3,920,920,1905,2014.0,Seattle,98118,1,2014,109,0.0,154.8913043478261,0.0,1,0.5,0.5833333333333334,387.36842105263156,7.518064181233078,9.059750013343681,0,train,Established Family Home
230000.0,2.0,1.0,930,7550,1.0,0,0,3,930,0,1986,,SeaTac,98168,0,1986,28,28.0,247.31182795698925,28.0,0,0.0,0.5,310.0,6.836259277277067,8.929435283803425,1,train,Compact Entry-Level
845000.0,4.0,2.75,4070,115434,2.0,0,0,3,4070,0,2002,,North Bend,98045,0,2002,12,12.0,207.61670761670763,12.0,0,0.0,0.6875,602.9629629629629,8.31164394850298,11.656462879966424,3,train,New-Build Suburban Family
350000.0,3.0,1.75,1820,9545,1.0,0,0,3,1230,590,1976,,Lake Forest Park,98155,0,1976,38,38.0,192.30769230769232,38.0,1,0.3241758241758242,0.5833333333333334,383.1578947368421,7.507141079727608,9.163877497565842,0,test,Established Family Home
304000.0,3.0,1.0,1280,8184,1.5,0,0,4,1280,0,1947,,Shoreline,98155,0,1947,67,67.0,237.5,67.0,0,0.0,0.3333333333333333,320.0,7.155396301896734,9.010058489805235,1,train,Compact Entry-Level
370000.0,2.0,1.0,900,4600,1.0,0,0,3,900,0,1951,,Seattle,98117,0,1951,63,63.0,411.1111111111111,63.0,0,0.0,0.5,300.0,6.803505257608338,8.434028950155469,1,train,Compact Entry-Level
810000.0,3.0,1.75,1980,13503,1.0,0,2,4,1320,660,1952,,Bellevue,98008,0,1952,62,62.0,409.09090909090907,62.0,1,0.3333333333333333,0.5833333333333334,416.8421052631579,7.591357046698551,9.510741216835738,2,test,Premium View Property
440000.0,4.0,2.25,2010,7575,1.0,0,0,3,1220,790,1974,,Kirkland,98034,0,1974,40,40.0,218.90547263681592,40.0,1,0.39303482587064675,0.5625,321.6,7.606387389772652,8.932740634865914,0,test,Established Family Home
1030000.0,4.0,2.5,2750,4800,2.0,0,0,3,1960,790,1905,2005.0,Seattle,98103,1,2005,109,9.0,374.54545454545456,9.0,1,0.2872727272727273,0.625,423.0769230769231,7.919719760924575,8.476579508530941,0,test,Established Family Home
775000.0,4.0,2.0,3140,10875,1.0,0,1,3,1940,1200,1939,1969.0,Seattle,98199,1,1969,75,45.0,246.81528662420385,45.0,1,0.3821656050955414,0.5,523.3333333333334,8.052296499538647,9.294313805752362,0,train,Established Family Home
1335000.0,5.0,2.25,4200,5800,2.5,0,0,4,2910,1290,1906,,Seattle,98112,0,1906,108,108.0,317.85714285714283,108.0,1,0.30714285714285716,0.45,579.3103448275862,8.343077871169383,8.665785595466064,0,train,Established Family Home
235000.0,3.0,1.75,1900,8540,1.0,0,0,3,950,950,1980,,SeaTac,98168,0,1980,34,34.0,123.6842105263158,34.0,1,0.5,0.5833333333333334,400.0,7.550135342488429,9.052633375946147,0,train,Established Family Home
499950.0,3.0,1.0,1830,3000,1.5,0,0,3,1430,400,1926,,Seattle,98103,0,1926,88,88.0,273.1967213114754,88.0,1,0.2185792349726776,0.3333333333333333,457.5,7.5126175446745105,8.006700845440367,1,test,Compact Entry-Level
622500.0,5.0,2.75,3320,23760,2.0,0,0,4,2190,1130,1975,,Woodinville,98072,0,1975,39,39.0,187.5,39.0,1,0.34036144578313254,0.55,428.38709677419354,8.108021221376747,10.075800860133013,0,test,Established Family Home
300000.0,4.0,2.5,2700,10814,1.0,0,0,4,1560,1140,1966,,Kent,98030,0,1966,48,48.0,111.11111111111111,48.0,1,0.4222222222222222,0.625,415.38461538461536,7.901377353792616,9.28868933838716,0,train,Established Family Home
205000.0,3.0,1.0,1290,6566,1.0,0,0,5,1290,0,1976,,Federal Way,98023,0,1976,38,38.0,158.91472868217053,38.0,0,0.0,0.3333333333333333,322.5,7.1631723908466425,8.789812386190972,1,train,Compact Entry-Level
435000.0,3.0,1.75,1500,8173,1.0,0,0,3,1500,0,1997,,Kirkland,98034,0,1997,17,17.0,290.0,17.0,0,0.0,0.5833333333333334,315.7894736842105,7.313886831633462,9.008713664124222,1,train,Compact Entry-Level
697000.0,4.0,2.75,3650,48351,1.5,0,0,4,3650,0,1978,,Woodinville,98077,0,1978,36,36.0,190.95890410958904,36.0,0,0.0,0.6875,540.7407407407408,8.202756381655638,10.786262865072466,3,train,New-Build Suburban Family
153000.0,3.0,1.0,1270,6405,1.5,0,0,3,1270,0,1944,,Seattle,98178,0,1944,70,70.0,120.4724409448819,70.0,0,0.0,0.3333333333333333,317.5,7.147559271189454,8.764990330169104,1,test,Compact Entry-Level
454000.0,4.0,2.25,2630,39000,2.0,0,0,3,2630,0,1979,,Kent,98042,0,1979,35,35.0,172.6235741444867,35.0,0,0.0,0.5625,420.8,7.875119281040293,10.571342565808699,3,train,New-Build Suburban Family
345000.0,2.0,1.5,1800,26615,1.0,0,0,5,1240,560,1987,,Auburn,98092,0,1987,27,27.0,191.66666666666663,27.0,1,0.3111111111111111,0.75,514.2857142857143,7.496097345175956,10.189267817698312,0,test,Established Family Home
585000.0,3.0,1.0,1870,2807,1.5,0,0,4,1580,290,1927,,Seattle,98107,0,1927,87,87.0,312.83422459893046,87.0,1,0.15508021390374332,0.3333333333333333,467.5,7.534228326274089,7.940227765145702,0,test,Established Family Home
380000.0,4.0,2.5,2540,6365,2.0,0,0,3,1870,670,2000,,Renton,98055,0,2000,14,14.0,149.60629921259843,14.0,1,0.2637795275590551,0.625,390.7692307692308,7.840312983320164,8.758726607842037,3,train,New-Build Suburban Family
250600.0,4.0,2.5,1930,8660,1.0,0,0,3,1120,810,1981,,Auburn,98001,0,1981,33,33.0,129.84455958549222,33.0,1,0.41968911917098445,0.625,296.9230769230769,7.565793282428515,9.066585468331045,0,train,Established Family Home
890000.0,4.0,2.25,2770,13500,2.0,0,0,3,2770,0,1974,,Mercer Island,98040,0,1974,40,40.0,321.2996389891697,40.0,0,0.0,0.5625,443.2,7.9269635448629785,9.510519035757246,3,train,New-Build Suburban Family
370000.0,4.0,2.5,2220,5338,2.0,0,0,3,2220,0,2001,,Renton,98059,0,2001,13,13.0,166.66666666666666,13.0,0,0.0,0.625,341.53846153846155,7.7057128238944275,8.582793648500186,3,train,New-Build Suburban Family
369500.0,3.0,1.5,1650,9957,1.0,0,0,4,1100,550,1961,,Seattle,98125,0,1961,53,53.0,223.93939393939397,53.0,1,0.3333333333333333,0.5,366.6666666666667,7.409136443920128,9.206131527202128,0,train,Established Family Home
883000.0,4.0,2.5,3670,54450,2.0,0,0,3,3670,0,1999,,Sammamish,98074,0,1999,15,15.0,240.59945504087196,15.0,0,0.0,0.625,564.6153846153846,8.208219383496834,10.905056493665374,3,train,New-Build Suburban Family
950000.0,4.0,2.5,3770,35081,2.0,0,0,3,3770,0,1989,,Redmond,98053,0,1989,25,25.0,251.9893899204244,25.0,0,0.0,0.625,580.0,8.235095497258357,10.465443457403726,3,train,New-Build Suburban Family
615000.0,3.0,1.75,2350,20820,1.0,0,0,4,1800,550,1978,,Sammamish,98074,0,1978,36,36.0,261.70212765957444,36.0,1,0.23404255319148937,0.5833333333333334,494.7368421052632,7.762596048540069,9.943717371755195,0,train,Established Family Home
305000.0,3.0,1.5,1210,5240,1.0,0,0,4,610,600,1983,,Seattle,98106,0,1983,31,31.0,252.06611570247932,31.0,1,0.49586776859504134,0.5,268.8888888888889,7.099201743553092,8.564267598802166,0,test,Established Family Home
590000.0,4.0,2.5,2010,7972,2.0,0,0,4,2010,0,1989,,Issaquah,98029,0,1989,25,25.0,293.5323383084577,25.0,0,0.0,0.625,309.2307692307692,7.606387389772652,8.983816112502495,3,train,New-Build Suburban Family
485000.0,3.0,2.5,1580,6065,2.0,0,0,3,1580,0,1985,,Issaquah,98029,0,1985,29,29.0,306.9620253164557,29.0,0,0.0,0.8333333333333334,287.27272727272725,7.365812837209472,8.710454688248527,3,train,New-Build Suburban Family
215000.0,2.0,1.0,710,7200,1.0,0,0,3,710,0,1943,,Seattle,98178,0,1943,71,71.0,302.8169014084507,71.0,0,0.0,0.5,236.66666666666666,6.566672429803241,8.881975184248867,1,train,Compact Entry-Level
430000.0,3.0,2.0,1910,5040,1.5,0,0,3,1910,0,1971,,Sammamish,98074,0,1971,43,43.0,225.130890052356,43.0,0,0.0,0.6666666666666666,382.0,7.555381944240273,8.525359754082631,3,test,New-Build Suburban Family
324900.0,4.0,2.5,1880,7965,2.0,0,0,3,1880,0,2000,,Maple Valley,98038,0,2000,14,14.0,172.81914893617022,14.0,0,0.0,0.625,289.2307692307692,7.53955882930103,8.982937763741589,3,train,New-Build Suburban Family
849900.0,2.0,2.0,2280,641203,2.0,0,0,3,2280,0,1990,,Vashon,98070,0,1990,24,24.0,372.7631578947368,24.0,0,0.0,1.0,570.0,7.732369222284388,13.371102938001258,3,train,New-Build Suburban Family
975000.0,5.0,2.75,3100,10014,1.0,0,2,4,1660,1440,1973,,Mercer Island,98040,0,1973,41,41.0,314.51612903225805,41.0,1,0.4645161290322581,0.55,400.0,8.03947991910045,9.211839248099919,2,test,Premium View Property
910000.0,5.0,2.5,2350,4000,2.0,0,0,3,2350,0,1993,,Seattle,98112,0,1993,21,21.0,387.2340425531915,21.0,0,0.0,0.5,313.3333333333333,7.762596048540069,8.294299608857235,3,train,New-Build Suburban Family
459950.0,3.0,1.75,1850,6869,1.0,0,2,5,1100,750,1919,1934.0,Burien,98166,1,1934,95,80.0,248.6216216216216,80.0,1,0.40540540540540543,0.5833333333333334,389.4736842105263,7.523481312573497,8.834919385216395,0,train,Established Family Home
325000.0,3.0,2.5,2070,8337,2.0,0,0,3,2070,0,1997,,Kent,98030,0,1997,17,17.0,157.0048309178744,17.0,0,0.0,0.8333333333333334,376.3636363636364,7.635786861395585,9.028578658440741,3,train,New-Build Suburban Family
513000.0,4.0,2.75,2020,7070,1.0,0,0,5,1010,1010,1958,,Seattle,98126,0,1958,56,56.0,253.96039603960395,56.0,1,0.5,0.6875,299.25925925925924,7.611347717403621,8.863757191604241,0,train,Established Family Home
475000.0,3.0,2.25,1580,12177,1.0,0,0,3,1200,380,1981,,Sammamish,98074,0,1981,33,33.0,300.63291139240505,33.0,1,0.24050632911392406,0.75,300.95238095238096,7.365812837209472,9.40738632416852,0,train,Established Family Home
419000.0,4.0,2.5,2690,7947,2.0,0,0,3,2690,0,1993,,Renton,98058,0,1993,21,21.0,155.76208178438662,21.0,0,0.0,0.625,413.84615384615387,7.897668150726906,8.980675603671708,3,train,New-Build Suburban Family
760000.0,4.0,2.5,2420,10285,1.0,0,4,3,1700,720,1958,,Burien,98146,0,1958,56,56.0,314.0495867768595,56.0,1,0.2975206611570248,0.625,372.3076923076923,7.791935956938058,9.23853902633486,2,test,Premium View Property
1120000.0,5.0,1.5,2540,6660,2.0,0,3,4,2340,200,1954,,Seattle,98136,0,1954,60,60.0,440.9448818897638,60.0,1,0.07874015748031496,0.3,390.7692307692308,7.840312983320164,8.804024902413179,2,train,Premium View Property
129000.0,2.0,1.0,1150,30184,1.0,0,0,3,1150,0,1950,,Renton,98055,0,1950,64,64.0,112.17391304347828,64.0,0,0.0,0.5,383.3333333333333,7.048386408721883,10.315100391230526,1,train,Compact Entry-Level
725000.0,5.0,2.5,3210,12000,1.0,0,0,4,1830,1380,1968,,Bellevue,98007,0,1968,46,46.0,225.85669781931463,46.0,1,0.42990654205607476,0.5,428.0,8.074337694089515,9.392745258631441,0,train,Established Family Home
580000.0,3.0,2.5,2040,4627,2.0,0,0,3,2040,0,1992,,Redmond,98052,0,1992,22,22.0,284.3137254901961,22.0,0,0.0,0.8333333333333334,370.90909090909093,7.621195162809845,8.439880088313567,3,train,New-Build Suburban Family
385000.0,3.0,2.25,1920,4833,1.0,0,0,4,1060,860,1921,,Seattle,98133,0,1921,93,93.0,200.52083333333331,93.0,1,0.4479166666666667,0.75,365.7142857142857,7.560601162768557,8.483429561263428,0,test,Established Family Home
265000.0,4.0,1.75,1900,10588,1.0,0,0,5,1900,0,1958,,Auburn,98002,0,1958,56,56.0,139.47368421052633,56.0,0,0.0,0.4375,330.4347826086956,7.550135342488429,9.267571005430455,0,test,Established Family Home
1735000.0,3.0,2.5,4310,32093,1.5,0,4,5,2510,1800,1982,,Shoreline,98177,0,1982,32,32.0,402.5522041763341,32.0,1,0.4176334106728538,0.8333333333333334,783.6363636363636,8.368925174747135,10.376424375759305,2,train,Premium View Property
330000.0,3.0,2.5,1070,1155,2.0,0,0,3,720,350,2005,,Seattle,98116,0,2005,9,9.0,308.41121495327104,9.0,1,0.32710280373831774,0.8333333333333334,194.54545454545453,6.976348070447749,7.052721049232323,3,train,New-Build Suburban Family
665000.0,4.0,2.5,2790,43091,2.0,0,0,4,2790,0,1989,,Woodinville,98077,0,1989,25,25.0,238.35125448028677,25.0,0,0.0,0.625,429.2307692307692,7.934155233536322,10.671092644014083,3,train,New-Build Suburban Family
799000.0,3.0,2.5,2860,4442,2.0,0,0,3,2860,0,2000,,Seattle,98199,0,2000,14,14.0,279.3706293706294,14.0,0,0.0,0.8333333333333334,520.0,7.95892649305011,8.399085102935908,3,test,New-Build Suburban Family
589000.0,3.0,2.0,2250,8800,1.0,0,0,4,1250,1000,1925,,Seattle,98116,0,1925,89,89.0,261.77777777777777,89.0,1,0.4444444444444444,0.6666666666666666,450.0,7.719129840906732,9.082620630373812,0,test,Established Family Home
1695000.0,2.0,2.25,3170,3000,2.0,0,2,5,1990,1180,1900,,Seattle,98109,0,1900,114,114.0,534.7003154574132,114.0,1,0.3722397476340694,1.125,745.8823529411765,8.061802274538348,8.006700845440367,2,test,Premium View Property
538000.0,3.0,1.0,1460,7200,1.0,0,0,3,1260,200,1906,,Seattle,98103,0,1906,108,108.0,368.4931506849315,108.0,1,0.136986301369863,0.3333333333333333,365.0,7.2868764117507,8.881975184248867,1,train,Compact Entry-Level
530100.0,3.0,1.0,1540,3399,1.5,0,0,3,1200,340,1926,,Seattle,98117,0,1926,88,88.0,344.2207792207792,88.0,1,0.22077922077922077,0.3333333333333333,385.0,7.340186835320115,8.131530710604252,1,train,Compact Entry-Level
718500.0,3.0,2.0,2910,6600,2.0,0,0,4,1920,990,1900,1988.0,Seattle,98118,1,1988,114,26.0,246.90721649484536,26.0,1,0.3402061855670103,0.6666666666666666,582.0,7.976251943745623,8.79497643168877,0,train,Established Family Home
299000.0,3.0,1.75,1180,13927,1.0,0,0,5,1180,0,1962,,Renton,98059,0,1962,52,52.0,253.38983050847455,52.0,0,0.0,0.5833333333333334,248.42105263157896,7.074116816197362,9.541656481448024,1,train,Compact Entry-Level
556000.0,3.0,1.75,1640,7437,1.0,0,0,3,1090,550,1948,,Seattle,98126,0,1948,66,66.0,339.0243902439024,66.0,1,0.3353658536585366,0.5833333333333334,345.2631578947368,7.403061091090091,8.914357274485015,0,train,Established Family Home
171000.0,4.0,2.0,1520,19672,1.0,0,0,3,1020,500,1920,,Tukwila,98188,0,1920,94,94.0,112.5,94.0,1,0.32894736842105265,0.5,253.33333333333334,7.327123292259293,9.887002416276266,0,train,Established Family Home
540000.0,5.0,3.0,3610,9775,2.0,0,0,3,3610,0,2003,,Maple Valley,98038,0,2003,11,11.0,149.58448753462605,11.0,0,0.0,0.6,451.25,8.191740021277457,9.187685681411377,3,train,New-Build Suburban Family
250000.0,3.0,2.25,1400,3814,2.0,0,0,3,1400,0,2012,,Covington,98042,0,2012,2,2.0,178.57142857142858,2.0,0,0.0,0.75,266.6666666666667,7.244941546337007,8.246695943718557,3,train,New-Build Suburban Family
795000.0,4.0,3.5,3200,3250,2.0,0,0,3,2670,530,2007,,Issaquah,98029,0,2007,7,7.0,248.4375,7.0,1,0.165625,0.875,426.6666666666667,8.071218539969863,8.086717920303906,3,train,New-Build Suburban Family
575000.0,3.0,3.0,1384,1287,2.0,0,0,3,1144,240,2006,,Seattle,98102,0,2006,8,8.0,415.4624277456648,8.0,1,0.17341040462427745,1.0,230.66666666666666,7.233455418621439,7.160845906664299,3,train,New-Build Suburban Family
379500.0,3.0,2.25,1410,1287,2.0,0,0,3,1290,120,2005,,Issaquah,98027,0,2005,9,9.0,269.1489361702128,9.0,1,0.0851063829787234,0.75,268.57142857142856,7.252053951852814,7.160845906664299,3,train,New-Build Suburban Family
385000.0,4.0,2.5,2050,5276,2.0,0,0,3,2050,0,2006,,Renton,98059,0,2006,8,8.0,187.8048780487805,8.0,0,0.0,0.625,315.38461538461536,7.62608275807238,8.571113033405668,3,test,New-Build Suburban Family
415500.0,4.0,2.5,1750,4779,2.0,0,0,3,1750,0,2009,,Kenmore,98028,0,2009,5,5.0,237.42857142857144,5.0,0,0.0,0.625,269.2307692307692,7.467942332285852,8.472195825485501,3,train,New-Build Suburban Family
397500.0,3.0,2.0,1510,6710,1.0,0,0,3,1070,440,1972,,Kirkland,98034,0,1972,42,42.0,263.2450331125828,42.0,1,0.2913907284768212,0.6666666666666666,302.0,7.32052696227274,8.811503250158239,0,train,Established Family Home
530000.0,3.0,2.5,1930,7214,2.0,0,0,3,1930,0,2005,,Seattle,98125,0,2005,9,9.0,274.6113989637305,9.0,0,0.0,0.8333333333333334,350.90909090909093,7.565793282428515,8.88391747120797,3,train,New-Build Suburban Family
883000.0,4.0,2.5,2960,41656,2.0,0,0,3,2960,0,1985,,Woodinville,98072,0,1985,29,29.0,298.31081081081084,29.0,0,0.0,0.625,455.38461538461536,7.993282328101591,10.637224700700166,3,train,New-Build Suburban Family
850000.0,5.0,2.75,2920,11880,1.0,0,0,5,1660,1260,1968,,Issaquah,98027,0,1968,46,46.0,291.09589041095893,46.0,1,0.4315068493150685,0.55,376.7741935483871,7.979681302387741,9.382695764458287,0,train,Established Family Home
496752.0,2.0,1.0,1980,5000,1.0,0,0,4,1090,890,1923,,Seattle,98144,0,1923,91,91.0,250.88484848484848,91.0,1,0.4494949494949495,0.5,660.0,7.591357046698551,8.517393171418904,1,train,Compact Entry-Level
330000.0,3.0,1.75,1430,8865,1.0,0,0,3,1430,0,1950,,Seattle,98125,0,1950,64,64.0,230.7692307692308,64.0,0,0.0,0.5833333333333334,301.05263157894734,7.266128779556451,9.089979015305,1,train,Compact Entry-Level
735000.0,4.0,2.75,2450,4187,2.0,0,2,3,2450,0,2010,,Issaquah,98029,0,2010,4,4.0,300.0,4.0,0,0.0,0.6875,362.962962962963,7.804251383528112,8.339978571990427,3,train,New-Build Suburban Family
525000.0,4.0,2.75,2360,4924,2.0,0,0,3,2360,0,2008,,Kenmore,98028,0,2008,6,6.0,222.45762711864407,6.0,0,0.0,0.6875,349.6296296296296,7.766840537085513,8.502079553606189,3,train,New-Build Suburban Family
269950.0,3.0,2.5,1890,4838,2.0,0,0,3,1730,160,2002,,Tukwila,98168,0,2002,12,12.0,142.83068783068782,12.0,1,0.08465608465608465,0.8333333333333334,343.6363636363636,7.544861068658458,8.48446336679332,3,test,New-Build Suburban Family
650000.0,3.0,1.75,2140,9484,1.0,0,0,3,1290,850,1953,,Bellevue,98004,0,1953,61,61.0,303.7383177570093,61.0,1,0.397196261682243,0.5833333333333334,450.5263157894737,7.669028288589683,9.157466882369114,0,train,Established Family Home
520500.0,3.0,2.0,1900,8100,1.0,0,0,4,950,950,1940,,Seattle,98115,0,1940,74,74.0,273.94736842105266,74.0,1,0.5,0.6666666666666666,380.0,7.550135342488429,8.999742789830492,0,train,Established Family Home
652500.0,4.0,2.5,2700,9122,2.0,0,0,3,2700,0,1990,,Issaquah,98029,0,1990,24,24.0,241.66666666666663,24.0,0,0.0,0.625,415.38461538461536,7.901377353792616,9.118553976345474,3,train,New-Build Suburban Family
506000.0,5.0,3.0,2430,8000,1.0,0,0,4,1370,1060,1957,,Bellevue,98008,0,1957,57,57.0,208.23045267489712,57.0,1,0.43621399176954734,0.6,303.75,7.796057974316123,8.987321812850125,0,test,Established Family Home
416000.0,3.0,1.0,1110,12150,1.0,0,0,4,1110,0,1957,,Bellevue,98008,0,1957,57,57.0,374.7747747747748,57.0,0,0.0,0.3333333333333333,277.5,7.01301578963963,9.405166749908611,1,test,Compact Entry-Level
500000.0,4.0,2.75,2280,15347,1.0,0,0,5,2280,0,1960,,Newcastle,98059,0,1960,54,54.0,219.2982456140351,54.0,0,0.0,0.6875,337.77777777777777,7.732369222284388,9.638740451366843,0,train,Established Family Home
460000.0,3.0,1.75,1550,4708,1.0,0,0,4,860,690,1949,,Seattle,98115,0,1949,65,65.0,296.7741935483871,65.0,1,0.44516129032258067,0.5833333333333334,326.3157894736842,7.346655163176539,8.457230850243555,0,test,Established Family Home
371025.0,3.0,2.0,1530,8925,1.0,0,0,3,1530,0,1977,,Bothell,98011,0,1977,37,37.0,242.5,37.0,0,0.0,0.6666666666666666,306.0,7.333676395657684,9.096723645189215,1,train,Compact Entry-Level
576000.0,4.0,2.5,2440,28405,2.0,0,0,3,2440,0,2002,,Kenmore,98028,0,2002,12,12.0,236.0655737704918,12.0,0,0.0,0.625,375.38461538461536,7.80016307039296,10.254355669441074,3,test,New-Build Suburban Family
353500.0,4.0,2.25,1760,9602,2.0,0,0,3,1760,0,1987,,Renton,98058,0,1987,27,27.0,200.85227272727272,27.0,0,0.0,0.5625,281.6,7.473637108496206,9.169830828637973,3,train,New-Build Suburban Family
1735000.0,4.0,2.25,3040,5000,2.0,0,3,4,2080,960,1926,,Seattle,98105,0,1926,88,88.0,570.7236842105264,88.0,1,0.3157894736842105,0.5625,486.4,8.019941687677365,8.517393171418904,2,train,Premium View Property
183000.0,3.0,1.75,1070,8100,1.0,0,0,4,1070,0,1957,,Auburn,98002,0,1957,57,57.0,171.02803738317758,57.0,0,0.0,0.5833333333333334,225.26315789473685,6.976348070447749,8.999742789830492,1,train,Compact Entry-Level
763101.0,3.0,1.75,1990,5560,1.0,0,0,4,1100,890,1939,,Seattle,98105,0,1939,75,75.0,383.4678391959799,75.0,1,0.4472361809045226,0.5833333333333334,418.94736842105266,7.596392304064196,8.623533227187563,0,test,Established Family Home
460000.0,2.0,1.5,1090,4000,1.0,0,0,3,970,120,1951,,Seattle,98116,0,1951,63,63.0,422.0183486238532,63.0,1,0.11009174311926606,0.75,311.42857142857144,6.994849985833071,8.294299608857235,1,train,Compact Entry-Level
825000.0,4.0,1.5,1890,6938,1.5,0,0,3,1890,0,1919,,Seattle,98116,0,1919,95,95.0,436.5079365079365,95.0,0,0.0,0.375,343.6363636363636,7.544861068658458,8.844912950899548,1,train,Compact Entry-Level
265000.0,3.0,1.0,1000,9150,1.0,0,0,3,1000,0,1969,,Renton,98059,0,1969,45,45.0,265.0,45.0,0,0.0,0.3333333333333333,250.0,6.90875477931522,9.121618441915379,1,train,Compact Entry-Level
295000.0,3.0,1.75,1770,8235,1.0,0,0,3,1030,740,1960,,Burien,98148,0,1960,54,54.0,166.66666666666666,54.0,1,0.4180790960451977,0.5833333333333334,372.63157894736844,7.479299637782834,9.01627006814768,0,train,Established Family Home
418000.0,4.0,3.0,2360,6250,1.0,0,2,3,1460,900,1960,,Seattle,98118,0,1960,54,54.0,177.11864406779662,54.0,1,0.3813559322033898,0.75,337.14285714285717,7.766840537085513,8.740496729931813,2,train,Premium View Property
554000.0,3.0,3.5,3380,108900,2.0,0,0,3,2700,680,1999,,Renton,98058,0,1999,15,15.0,163.90532544378698,15.0,1,0.20118343195266272,1.1666666666666667,520.0,8.125926802707886,11.598194491615347,3,train,New-Build Suburban Family
534500.0,3.0,2.5,1700,3150,2.0,0,0,3,1700,0,2005,,Issaquah,98029,0,2005,9,9.0,314.4117647058824,9.0,0,0.0,0.8333333333333334,309.09090909090907,7.438971592395862,8.055475141757274,3,test,New-Build Suburban Family
690000.0,2.0,1.75,1600,4000,1.0,0,0,5,850,750,1918,,Seattle,98112,0,1918,96,96.0,431.25,96.0,1,0.46875,0.875,426.6666666666667,7.3783837129967145,8.294299608857235,0,test,Established Family Home
530000.0,4.0,2.5,2050,6360,2.0,0,0,3,2050,0,1988,,Issaquah,98029,0,1988,26,26.0,258.5365853658537,26.0,0,0.0,0.625,315.38461538461536,7.62608275807238,8.757940876678804,3,train,New-Build Suburban Family
357186.0,2.0,1.75,1210,1040,2.0,0,0,3,1210,0,2014,,Issaquah,98029,0,2014,0,0.0,295.19504132231407,0.0,0,0.0,0.875,322.6666666666667,7.099201743553092,6.947937068614969,3,test,New-Build Suburban Family
300000.0,5.0,3.0,1940,6355,1.0,0,0,3,1200,740,2007,,Seattle,98168,0,2007,7,7.0,154.63917525773195,7.0,1,0.38144329896907214,0.6,242.5,7.57095858316901,8.757154527656606,0,train,Established Family Home
304000.0,4.0,2.0,1810,8750,1.0,0,0,2,1110,700,1967,,Renton,98058,0,1967,47,47.0,167.95580110497238,47.0,1,0.3867403314917127,0.5,301.6666666666667,7.501634457883413,9.076923258535832,0,test,Established Family Home
385000.0,4.0,1.75,1690,4080,1.0,0,0,4,870,820,1984,,Seattle,98144,0,1984,30,30.0,227.810650887574,30.0,1,0.48520710059171596,0.4375,293.9130434782609,7.43307534889858,8.314097335405807,0,train,Established Family Home
415000.0,4.0,2.0,1800,2970,1.0,0,0,4,1000,800,1923,,Seattle,98115,0,1923,91,91.0,230.55555555555557,91.0,1,0.4444444444444444,0.5,300.0,7.496097345175956,7.9966538754626075,0,train,Established Family Home
963000.0,4.0,3.5,3280,6603,2.0,0,0,3,3280,0,2007,,Bellevue,98006,0,2007,7,7.0,293.5975609756098,7.0,0,0.0,0.875,437.3333333333333,8.0959035329611,8.795430805040018,3,train,New-Build Suburban Family
792500.0,4.0,2.5,4290,175421,2.0,0,0,3,4290,0,2004,,Ravensdale,98051,0,2004,10,10.0,184.73193473193476,10.0,0,0.0,0.625,660.0,8.364275084991524,12.074949778648907,3,train,New-Build Suburban Family
309212.0,3.0,1.75,1150,9600,1.0,0,0,3,1150,0,1979,,North Bend,98045,0,1979,35,35.0,268.88,35.0,0,0.0,0.5833333333333334,242.10526315789474,7.048386408721883,9.169622538697624,1,train,Compact Entry-Level
235000.0,2.0,1.5,880,1805,2.0,0,0,3,880,0,1999,,Seattle,98133,0,1999,15,15.0,267.04545454545456,15.0,0,0.0,0.75,251.42857142857142,6.78105762593618,7.498869733976931,1,train,Compact Entry-Level
667000.0,3.0,1.5,1720,8100,2.0,0,0,3,1720,0,1907,,Seattle,98107,0,1907,107,107.0,387.7906976744186,107.0,0,0.0,0.5,382.22222222222223,7.450660796211539,8.999742789830492,1,test,Compact Entry-Level
470000.0,3.0,1.5,1510,8000,1.0,0,0,4,1510,0,1956,,Bellevue,98007,0,1956,58,58.0,311.2582781456954,58.0,0,0.0,0.5,335.55555555555554,7.32052696227274,8.987321812850125,1,train,Compact Entry-Level
375000.0,4.0,2.0,1240,3000,1.0,0,0,3,1040,200,1908,,Seattle,98122,0,1908,106,106.0,302.4193548387097,106.0,1,0.16129032258064516,0.5,206.66666666666666,7.123672785204607,8.006700845440367,0,train,Established Family Home
410000.0,4.0,2.0,1580,9581,1.0,0,0,3,1580,0,1953,,Kirkland,98033,0,1953,61,61.0,259.493670886076,61.0,0,0.0,0.5,263.3333333333333,7.365812837209472,9.167641617443067,1,train,Compact Entry-Level
566000.0,4.0,2.25,2170,7737,2.0,0,0,3,2170,0,1987,,Sammamish,98074,0,1987,27,27.0,260.8294930875576,27.0,0,0.0,0.5625,347.2,7.682943169878292,8.953898535260459,3,train,New-Build Suburban Family
680000.0,4.0,2.75,2500,4950,2.0,0,0,3,2500,0,2010,,Redmond,98053,0,2010,4,4.0,272.0,4.0,0,0.0,0.6875,370.3703703703704,7.824445930877619,8.507344855361422,3,train,New-Build Suburban Family
332000.0,1.0,1.0,960,2640,1.0,0,0,3,760,200,1908,,Seattle,98112,0,1908,106,106.0,345.8333333333333,106.0,1,0.20833333333333334,1.0,480.0,6.8679744089702925,7.878912912297133,1,train,Compact Entry-Level
902000.0,4.0,2.5,3030,8507,2.0,0,0,3,3030,0,2003,,Kirkland,98033,0,2003,11,11.0,297.6897689768977,11.0,0,0.0,0.625,466.15384615384613,8.016647877057803,9.048762176320128,3,train,New-Build Suburban Family
500000.0,3.0,1.75,1540,10800,1.0,0,0,5,770,770,1947,,Mercer Island,98040,0,1947,67,67.0,324.6753246753247,67.0,1,0.5,0.5833333333333334,324.2105263157895,7.340186835320115,9.287394001418473,0,train,Established Family Home
445000.0,3.0,1.75,1890,32340,1.5,0,3,3,1890,0,1976,,Vashon,98070,0,1976,38,38.0,235.44973544973544,38.0,0,0.0,0.5833333333333334,397.89473684210526,7.544861068658458,10.384091054112533,2,train,Premium View Property
825000.0,4.0,2.5,2810,9800,1.0,0,0,4,1710,1100,1973,,Bellevue,98006,0,1973,41,41.0,293.5943060498221,41.0,1,0.3914590747330961,0.625,432.3076923076923,7.941295570906532,9.19023970026918,0,test,Established Family Home
1095000.0,4.0,4.0,3530,8400,2.0,0,0,5,2630,900,1958,,Seattle,98199,0,1958,56,56.0,310.19830028328613,56.0,1,0.254957507082153,1.0,441.25,8.169336395928386,9.036106025364846,0,train,Established Family Home
277000.0,3.0,1.0,1100,8536,1.0,0,0,4,1100,0,1957,,Seattle,98118,0,1957,57,57.0,251.8181818181818,57.0,0,0.0,0.3333333333333333,275.0,7.00397413672268,9.052164937010307,1,train,Compact Entry-Level
545000.0,3.0,2.5,1940,9775,1.0,0,2,3,1440,500,1975,,Kirkland,98034,0,1975,39,39.0,280.9278350515464,39.0,1,0.25773195876288657,0.8333333333333334,352.72727272727275,7.57095858316901,9.187685681411377,2,train,Premium View Property
435000.0,3.0,2.5,2300,9521,2.0,0,0,3,2300,0,2003,,Duvall,98019,0,2003,11,11.0,189.1304347826087,11.0,0,0.0,0.8333333333333334,418.1818181818182,7.741099090035366,9.161360189754465,3,train,New-Build Suburban Family
638000.0,3.0,2.5,2110,3600,2.0,0,0,3,2110,0,2005,,Redmond,98052,0,2005,9,9.0,302.3696682464455,9.0,0,0.0,0.8333333333333334,383.6363636363636,7.65491704784832,8.188966863648876,3,train,New-Build Suburban Family
418000.0,4.0,1.5,1220,10580,1.0,0,0,3,1220,0,1965,,Bellevue,98008,0,1965,49,49.0,342.62295081967216,49.0,0,0.0,0.375,221.8181818181818,7.107425474110705,9.266815218904162,1,train,Compact Entry-Level
499000.0,3.0,1.75,1750,12325,1.0,0,0,4,1470,280,1968,,Redmond,98052,0,1968,46,46.0,285.1428571428572,46.0,1,0.16,0.5833333333333334,368.42105263157896,7.467942332285852,9.419466131522189,0,train,Established Family Home
150000.0,3.0,1.5,1230,8056,1.0,0,0,4,1230,0,1949,,Burien,98168,0,1949,65,65.0,121.95121951219512,65.0,0,0.0,0.5,273.3333333333333,7.115582126184454,8.994296557777195,1,train,Compact Entry-Level
759950.0,3.0,2.5,3100,23790,2.0,0,0,3,3100,0,2002,,Sammamish,98075,0,2002,12,12.0,245.1451612903226,12.0,0,0.0,0.8333333333333334,563.6363636363636,8.03947991910045,10.077062636881843,3,train,New-Build Suburban Family
427000.0,3.0,2.5,1830,65340,1.0,0,0,3,1520,310,1991,,North Bend,98045,0,1991,23,23.0,233.33333333333331,23.0,1,0.16939890710382513,0.8333333333333334,332.72727272727275,7.5126175446745105,11.087374989598707,0,train,Established Family Home
632500.0,5.0,2.5,2640,7096,2.0,0,0,3,2640,0,2003,,Redmond,98053,0,2003,11,11.0,239.58333333333331,11.0,0,0.0,0.5,352.0,7.878912912297133,8.867427438524983,3,train,New-Build Suburban Family
660000.0,6.0,1.75,1840,2774,1.0,0,0,3,1060,780,1900,,Seattle,98122,0,1900,114,114.0,358.69565217391306,114.0,1,0.42391304347826086,0.2916666666666667,237.41935483870967,7.518064181233078,7.928406026180535,0,train,Established Family Home
862000.0,4.0,2.5,3190,14565,2.0,0,0,3,3190,0,1990,,Woodinville,98077,0,1990,24,24.0,270.2194357366771,24.0,0,0.0,0.625,490.7692307692308,8.068089626278244,9.586445324777861,3,train,New-Build Suburban Family
524000.0,2.0,1.0,1120,2000,1.5,0,0,3,1120,0,1910,,Seattle,98109,0,1910,104,104.0,467.8571428571428,104.0,0,0.0,0.5,373.3333333333333,7.02197642307216,7.601402334583733,1,test,Compact Entry-Level
470000.0,3.0,1.5,1760,6723,1.0,0,0,3,1160,600,1958,,Seattle,98118,0,1958,56,56.0,267.04545454545456,56.0,1,0.3409090909090909,0.5,391.1111111111111,7.473637108496206,8.813438494528507,0,train,Established Family Home
385000.0,3.0,2.0,1590,9912,2.0,0,0,3,1590,0,2000,,Vashon,98070,0,2000,14,14.0,242.13836477987425,14.0,0,0.0,0.6666666666666666,318.0,7.372118028337787,9.201602306032898,3,train,New-Build Suburban Family
575000.0,4.0,2.5,2120,9603,2.0,0,0,3,2120,0,1985,,Issaquah,98027,0,1985,29,29.0,271.22641509433964,29.0,0,0.0,0.625,326.15384615384613,7.659642954564682,9.169934957341145,3,train,New-Build Suburban Family
220000.0,4.0,2.5,2240,9826,1.0,0,0,4,1370,870,1988,,Federal Way,98023,0,1988,26,26.0,98.21428571428572,26.0,1,0.38839285714285715,0.625,344.61538461538464,7.714677473800927,9.192888978362427,0,train,Established Family Home
460000.0,2.0,1.0,890,2100,1.0,0,0,4,760,130,1919,,Seattle,98107,0,1919,95,95.0,516.8539325842696,95.0,1,0.14606741573033707,0.5,296.6666666666667,6.792344427470809,7.650168700845001,1,test,Compact Entry-Level
1712500.0,3.0,3.25,2940,5432,3.0,0,3,4,2440,500,1978,,Seattle,98109,0,1978,36,36.0,582.4829931972789,36.0,1,0.17006802721088435,1.0833333333333333,470.4,7.9865049385539955,8.600246746551523,2,train,Premium View Property
175000.0,3.0,1.5,1220,7300,1.0,0,0,3,1220,0,1973,,Auburn,98001,0,1973,41,41.0,143.44262295081967,41.0,0,0.0,0.5,271.1111111111111,7.107425474110705,8.895766604056085,1,train,Compact Entry-Level
465000.0,3.0,2.25,2670,7500,1.0,0,0,4,1640,1030,1966,,Burien,98166,0,1966,48,48.0,174.1573033707865,48.0,1,0.3857677902621723,0.75,508.57142857142856,7.890208213109961,8.922791623969637,0,train,Established Family Home
552000.0,3.0,1.0,1120,2300,1.0,0,0,4,820,300,1912,,Seattle,98117,0,1912,102,102.0,492.8571428571428,102.0,1,0.26785714285714285,0.3333333333333333,280.0,7.02197642307216,7.741099090035366,1,train,Compact Entry-Level
565000.0,4.0,2.75,3130,139392,2.0,0,0,4,3130,0,1981,,Kent,98030,0,1981,33,33.0,180.5111821086262,33.0,0,0.0,0.6875,463.7037037037037,8.049107721326406,11.8450525608397,3,test,New-Build Suburban Family
518000.0,4.0,2.5,1740,7500,1.0,0,0,4,1220,520,1976,,Redmond,98052,0,1976,38,38.0,297.7011494252874,38.0,1,0.2988505747126437,0.625,267.6923076923077,7.462214939768189,8.922791623969637,0,train,Established Family Home
899950.0,4.0,3.5,3290,5414,2.0,0,1,3,2360,930,2006,,Kirkland,98034,0,2006,8,8.0,273.54103343465044,8.0,1,0.2826747720364742,0.875,438.6666666666667,8.098946748943339,8.596928159435091,3,train,New-Build Suburban Family
373000.0,3.0,1.0,1770,5720,1.5,0,0,4,1140,630,1926,,Seattle,98126,0,1926,88,88.0,210.73446327683612,88.0,1,0.3559322033898305,0.3333333333333333,442.5,7.479299637782834,8.651898894268529,0,train,Established Family Home
385000.0,4.0,2.5,2960,5054,2.0,0,0,3,2960,0,2006,,Maple Valley,98038,0,2006,8,8.0,130.06756756756758,8.0,0,0.0,0.625,455.38461538461536,7.993282328101591,8.528133131454572,3,test,New-Build Suburban Family
245000.0,2.0,1.0,1200,4880,1.0,0,0,3,980,220,1943,,Seattle,98106,0,1943,71,71.0,204.16666666666663,71.0,1,0.18333333333333332,0.5,400.0,7.0909098220799835,8.493105395887147,1,train,Compact Entry-Level
375000.0,4.0,2.0,2400,6000,2.0,0,0,3,2400,0,1913,1945.0,Bothell,98011,1,1945,101,69.0,156.25,69.0,0,0.0,0.5,400.0,7.783640596221253,8.699681400989514,3,test,New-Build Suburban Family
699850.0,4.0,3.5,2690,6164,2.0,0,0,3,2690,0,2002,,Sammamish,98075,0,2002,12,12.0,260.1672862453532,12.0,0,0.0,0.875,358.6666666666667,7.897668150726906,8.726643415598444,3,train,New-Build Suburban Family
450000.0,6.0,2.25,3550,11780,1.0,0,0,4,2960,590,1948,,Seattle,98125,0,1948,66,66.0,126.7605633802817,66.0,1,0.16619718309859155,0.375,430.3030303030303,8.174984532943087,9.37424334324612,0,train,Established Family Home
455000.0,2.0,1.5,1310,12196,1.5,0,0,3,1310,0,1970,,Redmond,98052,0,1970,44,44.0,347.32824427480915,44.0,0,0.0,0.75,374.2857142857143,7.1785454837637,9.40894529884324,1,train,Compact Entry-Level
650000.0,4.0,2.75,2610,4160,3.0,0,0,5,1910,700,1910,,Seattle,98103,0,1910,104,104.0,249.0421455938697,104.0,1,0.2681992337164751,0.6875,386.6666666666667,7.8674885686991285,8.333510708982942,0,train,Established Family Home
378000.0,5.0,2.5,2760,8015,1.0,0,0,4,1600,1160,1960,,Seattle,98125,0,1960,54,54.0,136.95652173913044,54.0,1,0.42028985507246375,0.5,368.0,7.923348211930154,8.989194823324645,0,train,Established Family Home
220000.0,3.0,2.0,1410,7998,1.0,0,0,4,1410,0,1940,,Tukwila,98178,0,1940,74,74.0,156.02836879432624,74.0,0,0.0,0.6666666666666666,282.0,7.252053951852814,8.987071812848821,1,test,Compact Entry-Level
285500.0,4.0,1.75,1960,7950,1.0,0,0,4,1960,0,1967,,Federal Way,98023,0,1967,47,47.0,145.66326530612244,47.0,0,0.0,0.4375,340.8695652173913,7.581209826196346,8.981052985901483,0,train,Established Family Home
340000.0,3.0,2.5,1212,1174,3.0,0,0,3,1212,0,2004,,Seattle,98125,0,2004,10,10.0,280.52805280528054,10.0,0,0.0,0.8333333333333334,220.36363636363637,7.10085190894405,7.069023426578259,3,test,New-Build Suburban Family
921000.0,4.0,1.5,2220,9496,1.0,0,0,4,1490,730,1954,,Bellevue,98004,0,1954,60,60.0,414.8648648648648,60.0,1,0.32882882882882886,0.375,403.6363636363636,7.7057128238944275,9.158731238242952,0,train,Established Family Home
375000.0,4.0,2.5,2040,109336,1.5,0,0,4,2040,0,1973,,Maple Valley,98038,0,1973,41,41.0,183.8235294117647,41.0,0,0.0,0.625,313.84615384615387,7.621195162809845,11.602190134721198,0,train,Established Family Home
999000.0,4.0,2.75,2800,19168,2.0,0,0,3,2800,0,1992,,Sammamish,98075,0,1992,22,22.0,356.7857142857143,22.0,0,0.0,0.6875,414.81481481481484,7.937731775260109,9.86104966983816,3,train,New-Build Suburban Family
335000.0,3.0,1.5,2040,6000,1.0,0,0,3,1340,700,1957,,Seattle,98118,0,1957,57,57.0,164.2156862745098,57.0,1,0.3431372549019608,0.5,453.3333333333333,7.621195162809845,8.699681400989514,0,test,Established Family Home
1920000.0,4.0,2.5,3070,34412,1.0,0,3,4,2070,1000,1950,,Medina,98039,0,1950,64,64.0,625.4071661237786,64.0,1,0.3257328990228013,0.625,472.3076923076923,8.029758520440822,10.446189678949377,2,test,Premium View Property
385000.0,2.0,1.0,830,26329,1.0,1,3,4,830,0,1928,,Vashon,98070,0,1928,86,86.0,463.855421686747,86.0,0,0.0,0.5,276.6666666666667,6.7226297948554485,10.178464252490356,1,train,Compact Entry-Level
850000.0,4.0,3.5,4140,7089,2.0,0,0,3,3160,980,2003,,Kirkland,98034,0,2003,11,11.0,205.3140096618357,11.0,1,0.23671497584541062,0.875,552.0,8.328692583545568,8.866440619526173,3,train,New-Build Suburban Family
429000.0,5.0,2.5,2340,4500,2.0,0,0,3,2340,0,2009,,Renton,98059,0,2009,5,5.0,183.33333333333331,5.0,0,0.0,0.5,312.0,7.75833346749091,8.412054873292933,3,test,New-Build Suburban Family
523950.0,3.0,2.25,1420,1282,3.0,0,0,3,1420,0,2006,,Seattle,98103,0,2006,8,8.0,368.9788732394366,8.0,0,0.0,0.75,270.4761904761905,7.259116128097101,7.1569563646156364,3,train,New-Build Suburban Family
798800.0,3.0,2.75,2670,3738,1.0,0,0,3,1720,950,2013,,Renton,98056,0,2013,1,1.0,299.1760299625468,1.0,1,0.35580524344569286,0.9166666666666666,464.3478260869565,7.890208213109961,8.226573474977114,0,train,Established Family Home
284000.0,3.0,2.5,1880,6008,2.0,0,0,3,1880,0,2009,,Kent,98042,0,2009,5,5.0,151.06382978723406,5.0,0,0.0,0.8333333333333334,341.8181818181818,7.53955882930103,8.701013624333928,3,train,New-Build Suburban Family
852880.0,4.0,3.25,3450,6184,2.0,0,0,3,3450,0,2014,,Sammamish,98074,0,2014,0,0.0,247.2115942028985,0.0,0,0.0,0.8125,475.86206896551727,8.146419323098003,8.729882284826589,3,train,New-Build Suburban Family
320000.0,3.0,2.25,1200,1400,3.0,0,0,3,1200,0,2005,,Seattle,98133,0,2005,9,9.0,266.6666666666667,9.0,0,0.0,0.75,228.57142857142858,7.0909098220799835,7.244941546337007,3,train,New-Build Suburban Family
749995.0,4.0,3.25,3430,9870,2.0,0,0,3,3430,0,2014,,Bothell,98011,0,2014,0,0.0,218.6574344023324,0.0,0,0.0,0.8125,473.1034482758621,8.14060704285845,9.197356444417888,3,train,New-Build Suburban Family
468500.0,3.0,2.5,1350,1186,2.0,0,0,3,1120,230,2007,,Seattle,98117,0,2007,7,7.0,347.037037037037,7.0,1,0.17037037037037037,0.8333333333333334,245.45454545454547,7.208600337960199,7.079184394609668,3,train,New-Build Suburban Family
492500.0,5.0,2.5,2570,9962,2.0,0,0,3,2570,0,2006,,Duvall,98019,0,2006,8,8.0,191.6342412451362,8.0,0,0.0,0.5,342.6666666666667,7.852050207265889,9.206633510044856,3,train,New-Build Suburban Family
685000.0,4.0,3.5,2840,4637,3.0,0,0,3,2840,0,2008,,Seattle,98125,0,2008,6,6.0,241.19718309859155,6.0,0,0.0,0.875,378.6666666666667,7.951911381854188,8.442038517815478,3,train,New-Build Suburban Family
542525.0,4.0,2.5,2650,5600,2.0,0,0,3,2650,0,2014,,Renton,98059,0,2014,0,0.0,204.7264150943396,0.0,0,0.0,0.625,407.6923076923077,7.8826922062890254,8.630700432209832,3,test,New-Build Suburban Family
435000.0,3.0,2.0,1980,2674,3.0,0,0,3,1980,0,2007,,Seattle,98136,0,2007,7,7.0,219.6969696969697,7.0,0,0.0,0.6666666666666666,396.0,7.591357046698551,7.891704659330107,3,train,New-Build Suburban Family
242000.0,3.0,1.75,1280,7524,1.5,0,0,4,1280,0,1988,,Kent,98031,0,1988,26,26.0,189.0625,26.0,0,0.0,0.5833333333333334,269.4736842105263,7.155396301896734,8.925986089617076,1,train,Compact Entry-Level
325000.0,4.0,2.5,2610,7091,2.0,0,0,3,2610,0,1987,,Federal Way,98023,0,1987,27,27.0,124.52107279693486,27.0,0,0.0,0.625,401.53846153846155,7.8674885686991285,8.866722667194098,3,train,New-Build Suburban Family
837700.0,5.0,2.75,3010,12611,2.0,0,0,3,3010,0,1994,,Redmond,98052,0,1994,20,20.0,278.30564784053155,20.0,0,0.0,0.55,388.38709677419354,8.010027528481734,9.442404020664952,3,train,New-Build Suburban Family
210000.0,1.0,1.0,930,7129,1.0,0,0,3,930,0,1948,,Seattle,98133,0,1948,66,66.0,225.80645161290323,66.0,0,0.0,1.0,465.0,6.836259277277067,8.872066513408342,1,train,Compact Entry-Level
187500.0,3.0,1.5,1180,7000,1.0,0,0,4,1180,0,1977,,Federal Way,98023,0,1977,37,37.0,158.89830508474577,37.0,0,0.0,0.5,262.22222222222223,7.074116816197362,8.853808274977197,1,train,Compact Entry-Level
560000.0,5.0,1.0,1710,9100,1.5,0,0,4,1320,390,1926,,Seattle,98126,0,1926,88,88.0,327.48538011695905,88.0,1,0.22807017543859648,0.2,285.0,7.444833273892193,9.116139576577355,0,train,Established Family Home
272000.0,3.0,2.0,1380,7476,1.0,0,0,3,1380,0,1989,,Auburn,98001,0,1989,25,25.0,197.1014492753623,25.0,0,0.0,0.6666666666666666,276.0,7.2305631534092925,8.919586920999915,1,train,Compact Entry-Level
235000.0,3.0,1.75,1190,7280,1.0,0,0,4,1190,0,1968,,Auburn,98092,0,1968,46,46.0,197.47899159663865,46.0,0,0.0,0.5833333333333334,250.52631578947367,7.0825485693553,8.893023494394711,1,test,Compact Entry-Level
259000.0,3.0,2.0,1870,5909,1.0,0,0,3,1270,600,1986,,Kent,98030,0,1986,28,28.0,138.50267379679144,28.0,1,0.32085561497326204,0.6666666666666666,374.0,7.534228326274089,8.684401110400144,0,train,Established Family Home
866059.0,5.0,3.5,3130,4797,2.0,0,0,3,2570,560,2014,,Bellevue,98006,0,2014,0,0.0,276.6961661341853,0.0,1,0.17891373801916932,0.7,368.2352941176471,8.049107721326406,8.47595444339964,3,test,New-Build Suburban Family
473000.0,2.0,1.0,900,5100,1.0,0,0,4,900,0,1909,,Seattle,98117,0,1909,105,105.0,525.5555555555555,105.0,0,0.0,0.5,300.0,6.803505257608338,8.537191877922927,1,train,Compact Entry-Level
405000.0,3.0,1.5,1880,7400,1.0,0,0,3,1480,400,1968,,Lake Forest Park,98155,0,1968,46,46.0,215.4255319148936,46.0,1,0.2127659574468085,0.5,417.77777777777777,7.53955882930103,8.909370405197466,0,test,Established Family Home
870000.0,4.0,4.25,3010,4887,2.0,0,3,4,1940,1070,1951,1996.0,Seattle,98115,1,1996,63,18.0,289.0365448504984,18.0,1,0.3554817275747508,1.0625,364.8484848484849,8.010027528481734,8.494538500851432,2,test,Premium View Property
475000.0,3.0,2.25,2280,5750,1.0,0,1,4,1150,1130,1985,,Seattle,98116,0,1985,29,29.0,208.33333333333331,29.0,1,0.4956140350877193,0.75,434.2857142857143,7.732369222284388,8.657129031713755,0,train,Established Family Home
499500.0,3.0,2.5,2970,21907,2.0,0,0,3,2970,0,1998,2006.0,Renton,98059,1,2006,16,8.0,168.1818181818182,8.0,0,0.0,0.8333333333333334,540.0,7.9966538754626075,9.994607145903611,3,train,New-Build Suburban Family
386000.0,2.0,2.5,1620,3196,2.0,0,0,3,1620,0,2008,,Snoqualmie,98065,0,2008,6,6.0,238.2716049382716,6.0,0,0.0,1.25,360.0,7.390798521735676,8.069968149059841,3,train,New-Build Suburban Family
458000.0,4.0,1.5,1550,3000,1.5,0,0,3,1350,200,1918,,Seattle,98105,0,1918,96,96.0,295.48387096774195,96.0,1,0.12903225806451613,0.375,281.8181818181818,7.346655163176539,8.006700845440367,0,train,Established Family Home
550000.0,3.0,1.75,2240,78225,2.0,0,0,5,2240,0,1976,,Vashon,98070,0,1976,38,38.0,245.53571428571428,38.0,0,0.0,0.5833333333333334,471.57894736842104,7.714677473800927,11.267357352092318,0,train,Established Family Home
605500.0,3.0,2.5,2830,6536,2.0,0,0,3,2830,0,1989,,Woodinville,98072,0,1989,25,25.0,213.95759717314488,25.0,0,0.0,0.8333333333333334,514.5454545454545,7.9483852851118995,8.78523362361273,3,train,New-Build Suburban Family
421000.0,3.0,2.5,2890,21780,2.0,0,0,3,2890,0,2000,,SeaTac,98188,0,2000,14,14.0,145.6747404844291,14.0,0,0.0,0.8333333333333334,525.4545454545455,7.969357742016346,9.988793309115229,3,train,New-Build Suburban Family
536000.0,4.0,2.25,1990,5948,2.0,0,0,3,1990,0,1991,,Issaquah,98029,0,1991,23,23.0,269.3467336683417,23.0,0,0.0,0.5625,318.4,7.596392304064196,8.690978417187905,3,train,New-Build Suburban Family
247200.0,3.0,1.75,1370,8719,1.0,0,0,3,1370,0,1982,,Covington,98042,0,1982,32,32.0,180.4379562043796,32.0,0,0.0,0.5833333333333334,288.42105263157896,7.223295679562314,9.073374516903025,1,train,Compact Entry-Level
250000.0,2.0,1.5,1088,1360,2.0,0,0,3,1088,0,1983,,Kirkland,98034,0,1983,31,31.0,229.77941176470588,31.0,0,0.0,0.75,310.85714285714283,6.9930151229329605,7.215975002651466,1,train,Compact Entry-Level
204950.0,4.0,1.75,1740,9344,1.0,0,0,3,1180,560,1978,,Federal Way,98023,0,1978,36,36.0,117.78735632183908,36.0,1,0.3218390804597701,0.4375,302.60869565217394,7.462214939768189,9.142596719889664,0,train,Established Family Home
430000.0,3.0,2.0,1730,9000,1.0,0,0,3,1370,360,1978,,Issaquah,98027,0,1978,36,36.0,248.5549132947977,36.0,1,0.20809248554913296,0.6666666666666666,346.0,7.456454555176209,9.105090961257085,0,train,Established Family Home
250000.0,4.0,2.5,1800,8100,2.0,0,0,3,1800,0,1998,,Maple Valley,98038,0,1998,16,16.0,138.88888888888889,16.0,0,0.0,0.625,276.9230769230769,7.496097345175956,8.999742789830492,3,train,New-Build Suburban Family
260000.0,3.0,1.75,1440,12888,1.0,0,2,3,1090,350,1958,,Tukwila,98168,0,1958,56,56.0,180.55555555555557,56.0,1,0.24305555555555555,0.5833333333333334,303.1578947368421,7.273092595999522,9.46412951340478,2,test,Premium View Property
547000.0,4.0,1.0,1720,2800,1.5,0,0,4,1200,520,1926,,Seattle,98115,0,1926,88,88.0,318.0232558139535,88.0,1,0.3023255813953488,0.25,344.0,7.450660796211539,7.937731775260109,0,train,Established Family Home
379900.0,5.0,3.5,2800,7350,2.0,0,0,3,2800,0,1995,,Seattle,98106,0,1995,19,19.0,135.67857142857142,19.0,0,0.0,0.7,329.4117647058824,7.937731775260109,8.902591637374087,3,train,New-Build Suburban Family
738500.0,3.0,2.5,2300,6009,1.0,0,0,3,2300,0,2005,,Redmond,98053,0,2005,9,9.0,321.0869565217391,9.0,0,0.0,0.8333333333333334,418.1818181818182,7.741099090035366,8.701180027529253,3,train,New-Build Suburban Family
545000.0,4.0,2.25,2030,11585,1.0,0,0,4,1590,440,1967,,Redmond,98052,0,1967,47,47.0,268.4729064039409,47.0,1,0.21674876847290642,0.5625,324.8,7.616283561580385,9.35755275165657,0,train,Established Family Home
342000.0,2.0,1.0,740,6180,1.0,0,0,3,740,0,1948,,Seattle,98118,0,1948,66,66.0,462.1621621621622,66.0,0,0.0,0.5,246.66666666666666,6.608000625296087,8.729235349659273,1,train,Compact Entry-Level
4668000.0,5.0,6.75,9640,13068,1.0,1,4,3,4820,4820,1983,2009.0,Mercer Island,98040,1,2009,31,5.0,484.2323651452282,5.0,1,0.5,1.35,820.4255319148937,9.17378011666438,9.477998292597036,2,test,Premium View Property
170000.0,4.0,1.0,1920,13787,1.0,0,0,4,1220,700,1966,,SeaTac,98188,0,1966,48,48.0,88.54166666666667,48.0,1,0.3645833333333333,0.25,384.0,7.560601162768557,9.531553927636756,0,test,Established Family Home
616000.0,4.0,2.5,2490,12929,2.0,0,0,3,2490,0,1983,,Sammamish,98074,0,1983,31,31.0,247.38955823293173,31.0,0,0.0,0.625,383.0769230769231,7.820439515262181,9.467305471765902,3,train,New-Build Suburban Family
640000.0,3.0,2.0,1380,4800,1.0,0,0,3,1380,0,1948,,Seattle,98119,0,1948,66,66.0,463.768115942029,66.0,0,0.0,0.6666666666666666,276.0,7.2305631534092925,8.476579508530941,1,train,Compact Entry-Level
332000.0,3.0,2.5,1530,9406,1.0,0,0,3,1270,260,1993,,Renton,98059,0,1993,21,21.0,216.9934640522876,21.0,1,0.16993464052287582,0.8333333333333334,278.1818181818182,7.333676395657684,9.149209371971951,0,test,Established Family Home
1010000.0,3.0,3.25,2420,1923,2.0,0,2,3,1840,580,2006,,Seattle,98109,0,2006,8,8.0,417.35537190082647,8.0,1,0.2396694214876033,1.0833333333333333,387.2,7.791935956938058,7.562161631225652,2,test,Premium View Property
380000.0,4.0,2.5,2150,37647,2.0,0,0,3,2150,0,1991,,Kent,98042,0,1991,23,23.0,176.74418604651163,23.0,0,0.0,0.625,330.7692307692308,7.67368812926773,10.536035110967143,3,train,New-Build Suburban Family
415000.0,4.0,2.0,1610,9600,1.0,0,0,5,1610,0,1967,,Newcastle,98056,0,1967,47,47.0,257.7639751552795,47.0,0,0.0,0.5,268.3333333333333,7.384610383176974,9.169622538697624,0,test,Established Family Home
1008000.0,4.0,3.5,2650,3060,2.0,0,0,3,2060,590,2001,,Seattle,98103,0,2001,13,13.0,380.37735849056605,13.0,1,0.22264150943396227,0.875,353.3333333333333,7.8826922062890254,8.026496938945412,3,train,New-Build Suburban Family
669000.0,4.0,2.75,2700,35362,2.0,0,0,5,2700,0,1976,,Woodinville,98077,0,1976,38,38.0,247.77777777777777,38.0,0,0.0,0.6875,400.0,7.901377353792616,10.473421354781692,3,train,New-Build Suburban Family
260000.0,3.0,1.5,1270,20700,1.0,0,0,2,1150,120,1948,,Lake Forest Park,98155,0,1948,66,66.0,204.7244094488189,66.0,1,0.09448818897637795,0.5,282.22222222222223,7.147559271189454,9.937937287265354,1,train,Compact Entry-Level
854000.0,4.0,2.75,3150,38865,1.0,0,0,3,2480,670,1986,,Redmond,98052,0,1986,28,28.0,271.1111111111111,28.0,1,0.2126984126984127,0.6875,466.6666666666667,8.055475141757274,10.567875111424648,0,test,Established Family Home
605000.0,3.0,2.25,2010,10760,2.0,0,0,3,2010,0,1985,,Redmond,98052,0,1985,29,29.0,300.9950248756219,29.0,0,0.0,0.75,382.85714285714283,7.606387389772652,9.283683766200392,3,train,New-Build Suburban Family
320000.0,3.0,1.0,860,5060,1.5,0,0,3,860,0,1927,,Seattle,98133,0,1927,87,87.0,372.09302325581393,87.0,0,0.0,0.3333333333333333,215.0,6.7580945044277305,8.529319371214077,1,train,Compact Entry-Level
229950.0,3.0,2.0,1410,7466,1.0,0,0,3,1410,0,1983,,Renton,98058,0,1983,31,31.0,163.08510638297872,31.0,0,0.0,0.6666666666666666,282.0,7.252053951852814,8.918248591035702,1,test,Compact Entry-Level
255000.0,3.0,1.75,1700,7532,1.0,0,0,3,1700,0,1987,,Kent,98030,0,1987,27,27.0,150.0,27.0,0,0.0,0.5833333333333334,357.89473684210526,7.438971592395862,8.927048647825695,1,train,Compact Entry-Level
1170000.0,4.0,2.5,2570,6251,2.0,0,0,3,2570,0,2000,,Bellevue,98004,0,2000,14,14.0,455.25291828793775,14.0,0,0.0,0.625,395.38461538461536,7.852050207265889,8.740656691541368,3,train,New-Build Suburban Family
479000.0,2.0,2.25,1230,932,2.0,0,0,3,1020,210,2004,,Seattle,98112,0,2004,10,10.0,389.4308943089431,10.0,1,0.17073170731707318,1.125,289.4117647058824,7.115582126184454,6.838405200847344,3,train,New-Build Suburban Family
1200000.0,4.0,3.5,4170,9748,2.0,0,0,3,4170,0,2004,,Newcastle,98059,0,2004,10,10.0,287.76978417266184,10.0,0,0.0,0.875,556.0,8.335911094196945,9.184919994629272,3,train,New-Build Suburban Family
472000.0,3.0,2.5,1180,1262,3.0,0,0,3,1180,0,2010,,Seattle,98119,0,2010,4,4.0,400.0,4.0,0,0.0,0.8333333333333334,214.54545454545453,7.074116816197362,7.141245122350491,3,train,New-Build Suburban Family
198000.0,3.0,1.5,1430,7347,1.0,0,0,3,820,610,1980,,Federal Way,98023,0,1980,34,34.0,138.46153846153845,34.0,1,0.42657342657342656,0.5,317.77777777777777,7.266128779556451,8.902183446335016,0,train,Established Family Home
440000.0,4.0,2.0,1450,8400,1.5,0,0,4,1450,0,1962,,Kirkland,98034,0,1962,52,52.0,303.4482758620689,52.0,0,0.0,0.5,241.66666666666666,7.280008252884188,9.036106025364846,1,train,Compact Entry-Level
506000.0,3.0,1.75,2180,7700,1.0,0,0,3,1480,700,1961,,Shoreline,98177,0,1961,53,53.0,232.11009174311928,53.0,1,0.3211009174311927,0.5833333333333334,458.94736842105266,7.687538766201629,8.94910546953925,0,train,Established Family Home
382500.0,4.0,2.5,2210,7079,2.0,0,0,3,2210,0,1993,,Kent,98031,0,1993,21,21.0,173.07692307692307,21.0,0,0.0,0.625,340.0,7.701200180857446,8.865029186687766,3,train,New-Build Suburban Family
269500.0,2.0,1.5,1480,7276,1.0,0,0,4,940,540,1978,,Renton,98056,0,1978,36,36.0,182.09459459459455,36.0,1,0.36486486486486486,0.75,422.85714285714283,7.300472814267799,8.892473968347087,1,test,Compact Entry-Level
560000.0,3.0,2.0,2340,3477,1.0,0,1,5,1170,1170,1971,,Seattle,98118,0,1971,43,43.0,239.3162393162393,43.0,1,0.5,0.6666666666666666,468.0,7.75833346749091,8.154212694914229,0,train,Established Family Home
840000.0,4.0,3.5,3860,18334,2.0,0,0,3,3120,740,1996,,Woodinville,98077,0,1996,18,18.0,217.61658031088083,18.0,1,0.19170984455958548,0.875,514.6666666666666,8.258681496264236,9.816567080505427,3,test,New-Build Suburban Family
479500.0,3.0,2.75,2300,4637,2.0,0,0,3,2300,0,2008,,Snoqualmie,98065,0,2008,6,6.0,208.4782608695652,6.0,0,0.0,0.9166666666666666,400.0,7.741099090035366,8.442038517815478,3,train,New-Build Suburban Family
402000.0,3.0,1.5,1450,7375,1.0,0,0,3,1010,440,1968,,Kirkland,98034,0,1968,46,46.0,277.2413793103448,46.0,1,0.30344827586206896,0.5,322.22222222222223,7.280008252884188,8.90598676523643,0,train,Established Family Home
549000.0,2.0,2.5,1380,953,3.0,0,0,3,1380,0,2006,,Seattle,98103,0,2006,8,8.0,397.82608695652175,8.0,0,0.0,1.25,306.6666666666667,7.2305631534092925,6.860663671448287,3,train,New-Build Suburban Family
449950.0,4.0,2.5,2470,3811,2.0,0,0,3,2470,0,1999,,Snoqualmie,98065,0,1999,15,15.0,182.165991902834,15.0,0,0.0,0.625,380.0,7.81237820598861,8.245909264774093,3,train,New-Build Suburban Family
493000.0,4.0,1.75,2030,18295,1.5,0,0,4,2030,0,1975,,Kirkland,98034,0,1975,39,39.0,242.8571428571429,39.0,0,0.0,0.4375,353.04347826086956,7.616283561580385,9.814437735702617,0,train,Established Family Home
142500.0,4.0,0.75,1440,13300,1.0,0,0,3,1440,0,1948,,Burien,98166,0,1948,66,66.0,98.95833333333331,66.0,0,0.0,0.1875,303.1578947368421,7.273092595999522,9.495594499353297,1,train,Compact Entry-Level
250000.0,3.0,1.75,1160,6134,1.0,0,0,3,1160,0,1998,,Auburn,98002,0,1998,16,16.0,215.51724137931035,16.0,0,0.0,0.5833333333333334,244.21052631578948,7.057036981697891,8.721765357145012,1,train,Compact Entry-Level
729000.0,3.0,1.0,1580,3840,2.0,0,0,3,1580,0,1908,,Seattle,98102,0,1908,106,106.0,461.3924050632912,106.0,0,0.0,0.3333333333333333,395.0,7.365812837209472,8.253488028345904,1,train,Compact Entry-Level
465000.0,2.0,2.75,1430,1425,2.0,0,0,3,995,435,2006,,Seattle,98112,0,2006,8,8.0,325.1748251748252,8.0,1,0.3041958041958042,1.375,301.05263157894734,7.266128779556451,7.262628600974241,3,train,New-Build Suburban Family
465000.0,2.0,2.0,1494,19271,2.0,1,4,3,1494,0,1943,1997.0,Vashon,98070,1,1997,71,17.0,311.2449799196787,17.0,0,0.0,1.0,373.5,7.3098814858247865,9.866408544294707,2,train,Premium View Property
280000.0,4.0,2.25,1930,7207,1.0,0,0,4,1360,570,1988,,Kent,98030,0,1988,26,26.0,145.0777202072539,26.0,1,0.29533678756476683,0.5625,308.8,7.565793282428515,8.882946799288174,0,train,Established Family Home
675000.0,6.0,1.75,2740,6360,1.0,0,3,3,1370,1370,1953,,Seattle,98146,0,1953,61,61.0,246.35036496350364,61.0,1,0.5,0.2916666666666667,353.5483870967742,7.916078096302786,8.757940876678804,2,train,Premium View Property
667500.0,3.0,2.0,1880,3800,1.0,0,0,5,1030,850,1927,,Seattle,98115,0,1927,87,87.0,355.0531914893617,87.0,1,0.4521276595744681,0.6666666666666666,376.0,7.53955882930103,8.24301946898925,0,train,Established Family Home
809000.0,3.0,2.5,2590,7720,2.0,0,0,3,2590,0,1988,,Bellevue,98007,0,1988,26,26.0,312.3552123552124,26.0,0,0.0,0.8333333333333334,470.90909090909093,7.85979918056211,8.951699168308815,3,test,New-Build Suburban Family
400000.0,3.0,2.25,2140,11266,2.0,0,0,3,2140,0,1986,,Duvall,98019,0,1986,28,28.0,186.9158878504673,28.0,0,0.0,0.75,407.6190476190476,7.669028288589683,9.329633378164166,3,train,New-Build Suburban Family
310000.0,4.0,2.0,1870,6000,1.5,0,0,3,1870,0,1956,,Seattle,98125,0,1956,58,58.0,165.77540106951872,58.0,0,0.0,0.5,311.6666666666667,7.534228326274089,8.699681400989514,3,train,New-Build Suburban Family
435000.0,2.0,1.0,1230,3800,1.0,0,0,3,1230,0,1928,,Seattle,98115,0,1928,86,86.0,353.6585365853659,86.0,0,0.0,0.5,410.0,7.115582126184454,8.24301946898925,1,test,Compact Entry-Level
465950.0,4.0,2.5,2340,6896,2.0,0,0,3,2340,0,2001,,Renton,98059,0,2001,13,13.0,199.1239316239316,13.0,0,0.0,0.625,360.0,7.75833346749091,8.83884181343129,3,test,New-Build Suburban Family
1538000.0,3.0,2.25,2880,7599,1.0,0,2,3,1710,1170,1958,2002.0,Kirkland,98033,1,2002,56,12.0,534.0277777777778,12.0,1,0.40625,0.75,548.5714285714286,7.9658927350845286,8.935903526274423,2,train,Premium View Property
253000.0,3.0,1.5,880,6600,1.0,0,0,5,880,0,1945,,Seattle,98178,0,1945,69,69.0,287.5,69.0,0,0.0,0.5,195.55555555555554,6.78105762593618,8.79497643168877,1,train,Compact Entry-Level
330000.0,3.0,2.5,3040,7232,2.0,0,0,3,3040,0,2003,,Auburn,98092,0,2003,11,11.0,108.55263157894736,11.0,0,0.0,0.8333333333333334,552.7272727272727,8.019941687677365,8.886409166849282,3,train,New-Build Suburban Family
554000.0,4.0,1.0,1120,7104,1.5,0,0,3,1120,0,1946,,Seattle,98177,0,1946,68,68.0,494.6428571428572,68.0,0,0.0,0.25,224.0,7.02197642307216,8.868554040531201,1,train,Compact Entry-Level
350000.0,3.0,2.0,1380,3600,3.0,0,0,3,1380,0,2013,,Seattle,98122,0,2013,1,1.0,253.6231884057971,1.0,0,0.0,0.6666666666666666,276.0,7.2305631534092925,8.188966863648876,3,train,New-Build Suburban Family
294999.0,4.0,2.5,1660,9760,2.0,0,0,3,1660,0,1994,,Kent,98030,0,1994,20,20.0,177.71024096385543,20.0,0,0.0,0.625,255.3846153846154,7.415175109613295,9.186150133174966,3,train,New-Build Suburban Family
1185001.0,3.0,2.75,2500,5568,2.0,0,0,5,2500,0,1905,,Seattle,98112,0,1905,109,109.0,474.0004,109.0,0,0.0,0.9166666666666666,434.7826086956522,7.824445930877619,8.624970783589669,0,train,Established Family Home
752000.0,4.0,2.5,2940,10382,2.0,0,0,4,2940,0,1991,,Newcastle,98059,0,1991,23,23.0,255.7823129251701,23.0,0,0.0,0.625,452.3076923076923,7.9865049385539955,9.247925132303454,3,train,New-Build Suburban Family
451000.0,4.0,2.5,1670,3315,2.0,0,0,3,1670,0,2005,,Issaquah,98029,0,2005,9,9.0,270.05988023952096,9.0,0,0.0,0.625,256.9230769230769,7.421177528595393,8.106514516255185,3,test,New-Build Suburban Family
725000.0,4.0,2.75,2630,7505,2.0,0,0,3,2630,0,1994,,Redmond,98052,0,1994,20,20.0,275.6653992395437,20.0,0,0.0,0.6875,389.6296296296296,7.875119281040293,8.923457979694966,3,train,New-Build Suburban Family
345000.0,4.0,2.75,2250,7412,1.0,0,0,4,1480,770,1975,,Renton,98058,0,1975,39,39.0,153.33333333333334,39.0,1,0.3422222222222222,0.6875,333.3333333333333,7.719129840906732,8.910990494656719,0,train,Established Family Home
206000.0,3.0,1.0,1320,7000,1.0,0,0,4,1320,0,1967,,Auburn,98002,0,1967,47,47.0,156.06060606060606,47.0,0,0.0,0.3333333333333333,330.0,7.186144304522325,8.853808274977197,1,train,Compact Entry-Level
2027000.0,4.0,3.75,4100,22798,1.5,0,3,5,2540,1560,1934,1979.0,Mercer Island,98040,1,1979,80,35.0,494.390243902439,35.0,1,0.3804878048780488,0.9375,529.0322580645161,8.31898612539206,10.034471954331547,2,train,Premium View Property
2475000.0,3.0,3.25,4340,4947,2.0,0,3,3,3060,1280,1993,,Seattle,98107,0,1993,21,21.0,570.2764976958525,21.0,1,0.29493087557603687,1.0833333333333333,694.4,8.375860015299594,8.506738733512378,2,train,Premium View Property
1728000.0,4.0,3.0,3700,20570,1.0,0,0,4,1850,1850,1976,,Bellevue,98004,0,1976,38,38.0,467.02702702702703,38.0,1,0.5,0.75,528.5714285714286,8.216358332386156,9.931637595952473,0,train,Established Family Home
580000.0,5.0,2.0,2700,10875,1.0,0,0,4,1540,1160,1962,,Bellevue,98007,0,1962,52,52.0,214.8148148148148,52.0,1,0.42962962962962964,0.4,385.7142857142857,7.901377353792616,9.294313805752362,0,train,Established Family Home
430000.0,3.0,1.0,980,7200,1.0,0,0,4,980,0,1950,,Seattle,98116,0,1950,64,64.0,438.7755102040816,64.0,0,0.0,0.3333333333333333,245.0,6.8885724595653635,8.881975184248867,1,test,Compact Entry-Level
720000.0,4.0,2.5,2650,11520,2.0,0,0,3,2110,540,1988,,Kirkland,98033,0,1988,26,26.0,271.6981132075472,26.0,1,0.2037735849056604,0.625,407.6923076923077,7.8826922062890254,9.351926736038054,3,test,New-Build Suburban Family
824000.0,7.0,4.25,3670,4000,2.0,0,1,3,2800,870,1964,,Seattle,98199,0,1964,50,50.0,224.5231607629428,50.0,1,0.23705722070844687,0.6071428571428571,326.22222222222223,8.208219383496834,8.294299608857235,2,train,Premium View Property
936000.0,3.0,1.75,2960,12420,1.0,0,2,4,1480,1480,1952,,Seattle,98116,0,1952,62,62.0,316.2162162162162,62.0,1,0.5,0.5833333333333334,623.1578947368421,7.993282328101591,9.427143867544194,2,train,Premium View Property
535000.0,4.0,2.75,3070,7201,2.0,0,0,3,3070,0,2006,,Renton,98059,0,2006,8,8.0,174.2671009771987,8.0,0,0.0,0.6875,454.81481481481484,8.029758520440822,8.882114044208821,3,train,New-Build Suburban Family
286800.0,3.0,2.5,1413,3600,2.0,0,0,3,1413,0,2011,,Kent,98031,0,2011,3,3.0,202.9723991507431,3.0,0,0.0,0.8333333333333334,256.90909090909093,7.254177846456518,8.188966863648876,3,train,New-Build Suburban Family
350000.0,2.0,2.5,1260,1347,3.0,0,0,3,1260,0,2005,,Seattle,98103,0,2005,9,9.0,277.77777777777777,9.0,0,0.0,1.25,280.0,7.13966033596492,7.206377291472252,3,train,New-Build Suburban Family
345000.0,3.0,2.5,1680,2229,2.0,0,0,3,1680,0,2007,,Shoreline,98155,0,2007,7,7.0,205.3571428571429,7.0,0,0.0,0.8333333333333334,305.45454545454544,7.427144133408616,7.709756864454165,3,test,New-Build Suburban Family
435000.0,3.0,2.25,1230,1238,2.0,0,0,3,1080,150,2009,,Seattle,98199,0,2009,5,5.0,353.6585365853659,5.0,1,0.12195121951219512,0.75,234.28571428571428,7.115582126184454,7.122059881629142,3,train,New-Build Suburban Family
1555000.0,3.0,3.5,4360,6240,2.0,0,3,3,2960,1400,2008,,Seattle,98103,0,2008,6,6.0,356.651376146789,6.0,1,0.3211009174311927,1.1666666666666667,670.7692307692307,8.380456667842767,8.738895704934043,2,train,Premium View Property
1325000.0,4.0,4.0,4420,16526,2.0,0,0,3,4420,0,2013,,Sammamish,98075,0,2013,1,1.0,299.7737556561086,1.0,0,0.0,1.0,552.5,8.394121193826242,9.712750686140826,3,test,New-Build Suburban Family
461000.0,3.0,3.25,2770,6278,2.0,0,0,3,1980,790,2006,,Renton,98056,0,2006,8,8.0,166.4259927797834,8.0,1,0.2851985559566787,1.0833333333333333,443.2,7.9269635448629785,8.744966011114109,3,train,New-Build Suburban Family
770000.0,3.0,2.25,2910,10204,2.0,0,0,3,2910,0,1990,,Redmond,98052,0,1990,24,24.0,264.6048109965636,24.0,0,0.0,0.75,554.2857142857143,7.976251943745623,9.230633075243945,3,train,New-Build Suburban Family
1384000.0,4.0,3.25,4290,12103,1.0,0,3,3,2690,1600,1997,,Bellevue,98006,0,1997,17,17.0,322.61072261072263,17.0,1,0.372960372960373,0.8125,591.7241379310345,8.364275084991524,9.401291255468191,2,test,Premium View Property
330000.0,3.0,2.5,1600,26977,2.0,0,0,3,1600,0,2005,,Duvall,98019,0,2005,9,9.0,206.25,9.0,0,0.0,0.8333333333333334,290.90909090909093,7.3783837129967145,10.202776998029625,3,train,New-Build Suburban Family
322500.0,4.0,2.5,1820,6753,2.0,0,0,3,1820,0,1994,,Maple Valley,98038,0,1994,20,20.0,177.1978021978022,20.0,0,0.0,0.625,280.0,7.507141079727608,8.817890200945513,3,train,New-Build Suburban Family
1600000.0,6.0,5.0,6050,230652,2.0,0,3,3,6050,0,2001,,Fall City,98024,0,2001,13,13.0,264.46280991735534,13.0,0,0.0,0.8333333333333334,550.0,8.707978826622321,12.348669695621519,2,train,Premium View Property
475000.0,3.0,1.75,1700,8432,1.0,0,0,3,1230,470,1977,,Seattle,98125,0,1977,37,37.0,279.4117647058824,37.0,1,0.27647058823529413,0.5833333333333334,357.89473684210526,7.438971592395862,9.039907859574642,0,train,Established Family Home
250275.0,2.0,1.0,790,11234,1.0,0,0,4,790,0,1942,,Normandy Park,98166,0,1942,72,72.0,316.80379746835445,72.0,0,0.0,0.5,263.3333333333333,6.673297967767654,9.326789184619429,1,train,Compact Entry-Level
274500.0,3.0,2.25,1720,9000,1.0,0,0,4,1320,400,1969,,Federal Way,98023,0,1969,45,45.0,159.59302325581396,45.0,1,0.23255813953488372,0.75,327.6190476190476,7.450660796211539,9.105090961257085,0,train,Established Family Home
284950.0,3.0,1.0,990,10723,1.0,0,0,5,990,0,1960,,Renton,98059,0,1960,54,54.0,287.82828282828285,54.0,0,0.0,0.3333333333333333,247.5,6.898714534329988,9.28023949935585,1,train,Compact Entry-Level
264950.0,4.0,1.75,1770,9011,1.0,0,0,5,1050,720,1983,,Covington,98042,0,1983,31,31.0,149.68926553672316,31.0,1,0.4067796610169492,0.4375,307.82608695652175,7.479299637782834,9.106312301552135,0,test,Established Family Home
242000.0,3.0,2.0,1260,8092,1.0,0,0,3,1260,0,1986,,Maple Valley,98038,0,1986,28,28.0,192.06349206349208,28.0,0,0.0,0.6666666666666666,252.0,7.13966033596492,8.998754769495703,1,train,Compact Entry-Level
913000.0,4.0,2.5,3640,10576,2.0,0,0,3,3640,0,1999,,Sammamish,98075,0,1999,15,15.0,250.82417582417585,15.0,0,0.0,0.625,560.0,8.200013648175434,9.266437111328052,3,train,New-Build Suburban Family
555000.0,3.0,1.75,2040,6000,1.0,0,0,5,1120,920,1958,,Seattle,98116,0,1958,56,56.0,272.05882352941177,56.0,1,0.45098039215686275,0.5833333333333334,429.4736842105263,7.621195162809845,8.699681400989514,0,train,Established Family Home
711000.0,4.0,1.75,1980,10800,1.0,0,0,5,990,990,1948,,Mercer Island,98040,0,1948,66,66.0,359.09090909090907,66.0,1,0.5,0.4375,344.3478260869565,7.591357046698551,9.287394001418473,0,train,Established Family Home
403500.0,5.0,2.5,3600,17300,1.0,0,0,4,2410,1190,1968,,Normandy Park,98166,0,1968,46,46.0,112.08333333333331,46.0,1,0.33055555555555555,0.5,480.0,8.188966863648876,9.758519582283522,0,train,Established Family Home
975000.0,4.0,2.5,4270,43386,1.0,0,0,3,2680,1590,1991,,Redmond,98053,0,1991,23,23.0,228.33723653395785,23.0,1,0.37236533957845436,0.625,656.9230769230769,8.359603270841466,10.677915136047172,0,train,Established Family Home
253779.0,4.0,2.0,2030,9600,1.5,0,0,3,1430,600,1947,,SeaTac,98188,0,1947,67,67.0,125.01428571428572,67.0,1,0.2955665024630542,0.5,338.3333333333333,7.616283561580385,9.169622538697624,0,train,Established Family Home
384400.0,3.0,3.25,1689,1388,3.0,0,0,3,1689,0,2008,,Seattle,98125,0,2008,6,6.0,227.5902901124926,6.0,0,0.0,1.0833333333333333,270.24,7.432483807917119,7.236339342754344,3,train,New-Build Suburban Family
646000.0,5.0,2.75,2870,4461,1.0,0,0,3,1650,1220,1976,,Seattle,98107,0,1976,38,38.0,225.0871080139373,38.0,1,0.4250871080139373,0.55,370.3225806451613,7.962415680121064,8.403352374992478,0,train,Established Family Home
415000.0,3.0,1.75,1270,4800,1.0,0,0,3,1270,0,1952,2014.0,Seattle,98126,1,2014,62,0.0,326.7716535433071,0.0,0,0.0,0.5833333333333334,267.36842105263156,7.147559271189454,8.476579508530941,1,train,Compact Entry-Level
764000.0,4.0,2.5,2790,7938,2.0,0,0,3,2790,0,1997,,Sammamish,98074,0,1997,17,17.0,273.8351254480287,17.0,0,0.0,0.625,429.2307692307692,7.934155233536322,8.979542601725113,3,train,New-Build Suburban Family
507000.0,5.0,3.25,3850,16249,2.0,0,2,3,3030,820,2002,,Auburn,98092,0,2002,12,12.0,131.6883116883117,12.0,1,0.21298701298701297,0.65,466.6666666666667,8.25608813381491,9.695848187757884,2,test,Premium View Property
545500.0,3.0,2.5,1560,9361,1.5,0,0,4,1360,200,1936,,Seattle,98108,0,1936,78,78.0,349.6794871794872,78.0,1,0.1282051282051282,0.8333333333333334,283.6363636363636,7.353081920515432,9.144414221860016,0,train,Established Family Home
450000.0,3.0,1.75,1180,4080,1.0,0,0,4,760,420,1928,,Seattle,98117,0,1928,86,86.0,381.3559322033898,86.0,1,0.3559322033898305,0.5833333333333334,248.42105263157896,7.074116816197362,8.314097335405807,0,test,Established Family Home
264000.0,4.0,1.75,1820,8118,1.0,0,0,4,1080,740,1980,,Kent,98031,0,1980,34,34.0,145.05494505494505,34.0,1,0.4065934065934066,0.4375,316.5217391304348,7.507141079727608,9.001962272862446,0,train,Established Family Home
650000.0,5.0,1.75,1260,4500,1.5,0,0,3,1260,0,1926,,Seattle,98119,0,1926,88,88.0,515.8730158730159,88.0,0,0.0,0.35,186.66666666666666,7.13966033596492,8.412054873292933,1,train,Compact Entry-Level
365000.0,3.0,2.5,2640,6715,2.0,0,0,3,1680,960,1991,,Renton,98058,0,1991,23,23.0,138.25757575757575,23.0,1,0.36363636363636365,0.8333333333333334,480.0,7.878912912297133,8.812248018197431,3,train,New-Build Suburban Family
343566.0,2.0,1.0,1100,4200,1.0,0,0,3,1100,0,1954,,Seattle,98136,0,1954,60,60.0,312.33272727272725,60.0,0,0.0,0.5,366.6666666666667,7.00397413672268,8.343077871169383,1,train,Compact Entry-Level
375000.0,3.0,2.5,1950,6871,2.0,0,0,3,1950,0,1997,,Shoreline,98155,0,1997,17,17.0,192.30769230769232,17.0,0,0.0,0.8333333333333334,354.54545454545456,7.576097340623111,8.835210463664092,3,train,New-Build Suburban Family
295000.0,3.0,2.0,1380,8682,1.0,0,0,4,1380,0,1966,,Des Moines,98148,0,1966,48,48.0,213.768115942029,48.0,0,0.0,0.6666666666666666,276.0,7.2305631534092925,9.069122370060645,1,train,Compact Entry-Level
325000.0,3.0,2.75,2200,7000,1.0,0,0,4,1280,920,1977,,Renton,98058,0,1977,37,37.0,147.72727272727272,37.0,1,0.41818181818181815,0.9166666666666666,382.60869565217394,7.696667081526462,8.853808274977197,0,test,Established Family Home
265000.0,4.0,1.5,2050,7100,1.0,0,0,3,1050,1000,1963,,Auburn,98001,0,1963,51,51.0,129.26829268292684,51.0,1,0.4878048780487805,0.375,372.72727272727275,7.62608275807238,8.867990898182093,0,train,Established Family Home
562000.0,5.0,3.0,2795,15101,2.0,0,0,3,2795,0,1996,,Duvall,98019,0,1996,18,18.0,201.07334525939177,18.0,0,0.0,0.6,349.375,7.935945103353701,9.62258246436337,3,test,New-Build Suburban Family
540000.0,4.0,2.5,2050,34222,2.0,0,0,4,2050,0,1989,,Woodinville,98077,0,1989,25,25.0,263.4146341463415,25.0,0,0.0,0.625,315.38461538461536,7.62608275807238,10.44065321163396,3,train,New-Build Suburban Family
4489000.0,4.0,3.0,6430,27517,2.0,0,0,3,6430,0,2001,,Bellevue,98004,0,2001,13,13.0,698.1337480559876,13.0,0,0.0,0.75,918.5714285714286,8.768885326134862,10.222595614987762,3,train,New-Build Suburban Family
279950.0,5.0,1.75,2150,7171,1.0,0,0,4,1460,690,1970,,Kent,98031,0,1970,44,44.0,130.2093023255814,44.0,1,0.3209302325581395,0.35,318.51851851851853,7.67368812926773,8.877939834725023,0,train,Established Family Home
540000.0,3.0,1.75,1970,8200,1.0,0,0,5,1420,550,1963,,Shoreline,98177,0,1963,51,51.0,274.11167512690355,51.0,1,0.27918781725888325,0.5833333333333334,414.7368421052632,7.58629630715272,9.012011377036412,0,train,Established Family Home
310000.0,4.0,2.5,2660,12672,1.0,0,0,4,1740,920,1960,,Federal Way,98003,0,1960,54,54.0,116.54135338345864,54.0,1,0.3458646616541353,0.625,409.2307692307692,7.886457270977689,9.447229025082065,0,test,Established Family Home
190000.0,1.0,1.0,720,4800,1.0,0,0,3,720,0,1914,,Seattle,98118,0,1914,100,100.0,263.8888888888889,100.0,0,0.0,1.0,360.0,6.580639137284949,8.476579508530941,1,train,Compact Entry-Level
440000.0,4.0,2.5,2410,4780,2.0,0,0,3,2410,0,2000,,Snoqualmie,98065,0,2000,14,14.0,182.57261410788385,14.0,0,0.0,0.625,370.7692307692308,7.787796878181171,8.472405008626103,3,train,New-Build Suburban Family
1400000.0,3.0,2.0,2020,5500,1.5,0,3,3,1790,230,1937,,Seattle,98199,0,1937,77,77.0,693.0693069306931,77.0,1,0.11386138613861387,0.6666666666666666,404.0,7.611347717403621,8.612685172875459,2,test,Premium View Property
230000.0,2.0,1.0,1080,9435,1.0,0,0,3,1080,0,1958,,Renton,98058,0,1958,56,56.0,212.96296296296296,56.0,0,0.0,0.5,360.0,6.985641817639208,9.152287440527566,1,train,Compact Entry-Level
455000.0,3.0,1.75,1180,14292,1.0,0,0,3,1180,0,1981,,North Bend,98045,0,1981,33,33.0,385.59322033898303,33.0,0,0.0,0.5833333333333334,248.42105263157896,7.074116816197362,9.567525185909115,1,train,Compact Entry-Level
175000.0,2.0,1.0,660,5000,1.0,0,0,3,660,0,1915,,Seattle,98106,0,1915,99,99.0,265.1515151515151,99.0,0,0.0,0.5,220.0,6.493753839851686,8.517393171418904,1,train,Compact Entry-Level
650000.0,3.0,1.75,2920,9370,1.0,0,0,4,1620,1300,1981,,Bellevue,98006,0,1981,33,33.0,222.6027397260274,33.0,1,0.4452054794520548,0.5833333333333334,614.7368421052631,7.979681302387741,9.145375093123823,0,train,Established Family Home
3000000.0,4.0,4.25,4850,12445,2.0,1,4,5,3850,1000,1989,,Kirkland,98034,0,1989,25,25.0,618.5567010309278,25.0,1,0.20618556701030927,1.0625,587.8787878787879,8.486940148245216,9.429154565129164,2,test,Premium View Property
192500.0,3.0,1.0,1080,8580,1.5,0,0,3,1080,0,1900,,Tukwila,98168,0,1900,114,114.0,178.24074074074073,114.0,0,0.0,0.3333333333333333,270.0,6.985641817639208,9.057305735807121,1,train,Compact Entry-Level
239950.0,3.0,1.75,1670,6900,1.0,0,0,3,1170,500,1978,,Federal Way,98023,0,1978,36,36.0,143.68263473053892,36.0,1,0.2994011976047904,0.5833333333333334,351.57894736842104,7.421177528595393,8.839421607620602,0,train,Established Family Home
175000.0,6.0,1.0,1370,5080,1.5,0,0,3,1120,250,1931,,Seattle,98106,0,1931,83,83.0,127.73722627737226,83.0,1,0.18248175182481752,0.16666666666666666,195.71428571428572,7.223295679562314,8.533263371593732,0,train,Established Family Home
850000.0,5.0,3.5,3450,28324,1.0,0,0,5,2350,1100,1972,,Kirkland,98033,0,1972,42,42.0,246.3768115942029,42.0,1,0.3188405797101449,0.7,405.88235294117646,8.146419323098003,10.251500085896208,0,train,Established Family Home
410000.0,4.0,2.0,1970,10500,1.0,0,0,3,1820,150,1961,,Burien,98166,0,1961,53,53.0,208.12182741116752,53.0,1,0.07614213197969544,0.5,328.3333333333333,7.58629630715272,9.259225769705994,0,train,Established Family Home
570000.0,4.0,2.5,2290,6738,2.0,0,0,3,2290,0,1996,,Issaquah,98029,0,1996,18,18.0,248.90829694323145,18.0,0,0.0,0.625,352.3076923076923,7.736743682453495,8.815666824946216,3,train,New-Build Suburban Family
469000.0,5.0,2.5,2240,7543,1.0,0,0,3,1140,1100,1966,,Shoreline,98177,0,1966,48,48.0,209.375,48.0,1,0.49107142857142855,0.5,298.6666666666667,7.714677473800927,8.928507824313293,0,train,Established Family Home
559000.0,2.0,1.0,1240,6400,1.0,0,1,4,1060,180,1938,,Seattle,98126,0,1938,76,76.0,450.8064516129032,76.0,1,0.14516129032258066,0.5,413.3333333333333,7.123672785204607,8.764209507142004,1,train,Compact Entry-Level
739888.0,3.0,2.5,2420,43177,2.0,0,4,4,1690,730,1989,,Sammamish,98075,0,1989,25,25.0,305.73884297520664,25.0,1,0.30165289256198347,0.8333333333333334,440.0,7.791935956938058,10.673086385256404,2,train,Premium View Property
568450.0,5.0,3.5,3260,58806,2.0,0,0,4,3260,0,1969,,Kent,98042,0,1969,45,45.0,174.37116564417178,45.0,0,0.0,0.7,383.52941176470586,8.089789175789319,10.98201617442016,3,train,New-Build Suburban Family
240000.0,2.0,1.0,670,10920,1.0,0,0,3,670,0,1942,,Seattle,98146,0,1942,72,72.0,358.2089552238806,72.0,0,0.0,0.5,223.33333333333334,6.508769136971682,9.298442820197728,1,train,Compact Entry-Level
574950.0,5.0,3.25,3160,10000,2.0,0,0,4,3160,0,1980,,Issaquah,98027,0,1980,34,34.0,181.9462025316456,34.0,0,0.0,0.65,383.030303030303,8.058643712215618,9.210440366976517,3,test,New-Build Suburban Family
180000.0,3.0,2.25,1990,6350,2.0,0,0,3,1990,0,1967,,Des Moines,98198,0,1967,47,47.0,90.45226130653266,47.0,0,0.0,0.75,379.04761904761904,7.596392304064196,8.756367559802975,3,train,New-Build Suburban Family
1160000.0,4.0,3.5,4680,9700,2.0,0,0,3,3360,1320,2005,,Bellevue,98006,0,2005,9,9.0,247.86324786324784,9.0,1,0.28205128205128205,0.875,624.0,8.45126704130007,9.179984251961283,3,train,New-Build Suburban Family
300000.0,3.0,2.5,1700,3575,2.0,0,0,3,1700,0,2000,,Seattle,98108,0,2000,14,14.0,176.47058823529412,14.0,0,0.0,0.8333333333333334,309.09090909090907,7.438971592395862,8.182000136293405,3,train,New-Build Suburban Family
630000.0,4.0,2.5,2807,9430,2.0,0,0,3,2807,0,1996,,Kenmore,98028,0,1996,18,18.0,224.4389027431421,18.0,0,0.0,0.625,431.84615384615387,7.940227765145702,9.151757414543885,3,train,New-Build Suburban Family
507000.0,4.0,1.75,1770,9375,1.0,0,0,4,1170,600,1968,,Redmond,98052,0,1968,46,46.0,286.4406779661017,46.0,1,0.3389830508474576,0.4375,307.82608695652175,7.479299637782834,9.145908511816794,0,test,Established Family Home
287500.0,4.0,2.5,2570,9000,1.0,0,0,4,1590,980,1979,,Federal Way,98023,0,1979,35,35.0,111.86770428015564,35.0,1,0.38132295719844356,0.625,395.38461538461536,7.852050207265889,9.105090961257085,0,train,Established Family Home
688000.0,3.0,3.0,3450,16200,2.0,0,0,3,3450,0,1983,,Sammamish,98074,0,1983,31,31.0,199.42028985507247,31.0,0,0.0,1.0,575.0,8.146419323098003,9.692828247710418,3,train,New-Build Suburban Family
424000.0,3.0,2.0,1670,7700,1.0,0,0,3,1170,500,1972,,Kirkland,98034,0,1972,42,42.0,253.89221556886227,42.0,1,0.2994011976047904,0.6666666666666666,334.0,7.421177528595393,8.94910546953925,0,train,Established Family Home
400000.0,3.0,1.75,1050,6150,1.5,0,0,4,950,100,1928,,Seattle,98116,0,1928,86,86.0,380.95238095238096,86.0,1,0.09523809523809523,0.5833333333333334,221.05263157894737,6.957497370876951,8.724369949208368,1,test,Compact Entry-Level
620000.0,4.0,2.5,1910,7683,2.0,0,0,3,1910,0,1987,,Issaquah,98027,0,1987,27,27.0,324.607329842932,27.0,0,0.0,0.625,293.84615384615387,7.555381944240273,8.946895523888447,3,train,New-Build Suburban Family
300000.0,3.0,1.0,910,7700,1.0,0,0,4,910,0,1971,,Kirkland,98034,0,1971,43,43.0,329.6703296703297,43.0,0,0.0,0.3333333333333333,227.5,6.814542897259958,8.94910546953925,1,train,Compact Entry-Level
615000.0,5.0,2.25,2480,12070,2.0,0,0,3,2480,0,1978,,Sammamish,98074,0,1978,36,36.0,247.98387096774192,36.0,0,0.0,0.45,342.0689655172414,7.816416983691801,9.398561160701128,3,train,New-Build Suburban Family
206000.0,2.0,1.5,1820,8867,2.0,0,0,3,1820,0,1921,,Tukwila,98168,0,1921,93,93.0,113.18681318681318,93.0,0,0.0,0.75,520.0,7.507141079727608,9.090204570736201,1,train,Compact Entry-Level
515500.0,4.0,2.5,2920,7700,2.0,0,0,3,2920,0,2003,,Duvall,98019,0,2003,11,11.0,176.54109589041096,11.0,0,0.0,0.625,449.2307692307692,7.979681302387741,8.94910546953925,3,train,New-Build Suburban Family
554000.0,5.0,2.25,1870,11411,1.0,0,0,4,1170,700,1961,,Lake Forest Park,98155,0,1961,53,53.0,296.2566844919786,53.0,1,0.37433155080213903,0.45,257.9310344827586,7.534228326274089,9.342420712333391,0,train,Established Family Home
825000.0,4.0,3.5,3810,9792,2.0,0,0,3,3810,0,1938,2013.0,Seattle,98146,1,2013,76,1.0,216.53543307086613,1.0,0,0.0,0.875,508.0,8.24564690087386,9.189423123720795,3,train,New-Build Suburban Family
855000.0,4.0,2.25,2190,4080,2.0,0,0,3,1800,390,1918,,Seattle,98119,0,1918,96,96.0,390.4109589041096,96.0,1,0.1780821917808219,0.5625,350.4,7.692113339595466,8.314097335405807,0,train,Established Family Home
315000.0,3.0,2.5,1730,6368,2.0,0,0,3,1730,0,1993,,Maple Valley,98038,0,1993,21,21.0,182.08092485549133,21.0,0,0.0,0.8333333333333334,314.54545454545456,7.456454555176209,8.759197750371365,3,train,New-Build Suburban Family
299000.0,5.0,2.5,2220,9360,1.0,0,0,4,1110,1110,1968,,Renton,98058,0,1968,46,46.0,134.6846846846847,46.0,1,0.5,0.5,296.0,7.7057128238944275,9.144307401371744,0,test,Established Family Home
650000.0,3.0,1.5,1320,8114,1.0,0,0,3,1320,0,1951,,Bellevue,98004,0,1951,63,63.0,492.4242424242424,63.0,0,0.0,0.5,293.3333333333333,7.186144304522325,9.00146947994869,1,test,Compact Entry-Level
465000.0,3.0,1.75,1510,4800,1.0,0,2,3,860,650,1925,2011.0,Seattle,98126,1,2011,89,3.0,307.94701986754967,3.0,1,0.4304635761589404,0.5833333333333334,317.89473684210526,7.32052696227274,8.476579508530941,2,train,Premium View Property
535000.0,3.0,2.0,2120,4080,2.0,0,0,3,2120,0,2003,,Redmond,98053,0,2003,11,11.0,252.35849056603772,11.0,0,0.0,0.6666666666666666,424.0,7.659642954564682,8.314097335405807,3,train,New-Build Suburban Family
564000.0,2.0,2.0,1690,4500,1.0,0,0,3,1690,0,2004,,Redmond,98053,0,2004,10,10.0,333.7278106508876,10.0,0,0.0,1.0,422.5,7.43307534889858,8.412054873292933,1,test,Compact Entry-Level
515000.0,3.0,3.5,1360,1419,2.0,0,0,3,1040,320,2007,,Seattle,98107,0,2007,7,7.0,378.6764705882353,7.0,1,0.23529411764705882,1.1666666666666667,209.23076923076923,7.215975002651466,7.258412150595307,3,train,New-Build Suburban Family
580000.0,4.0,2.5,3250,5000,2.0,0,0,3,3250,0,2008,,Renton,98059,0,2008,6,6.0,178.46153846153845,6.0,0,0.0,0.625,500.0,8.086717920303906,8.517393171418904,3,train,New-Build Suburban Family
309000.0,3.0,2.25,1490,1294,2.0,0,0,3,1220,270,2010,,Seattle,98106,0,2010,4,4.0,207.38255033557047,4.0,1,0.18120805369127516,0.75,283.8095238095238,7.307202314764738,7.166265974133638,3,train,New-Build Suburban Family
536751.0,3.0,1.75,1930,6360,1.0,0,0,3,1930,0,2013,,Snoqualmie,98065,0,2013,1,1.0,278.10932642487046,1.0,0,0.0,0.5833333333333334,406.3157894736842,7.565793282428515,8.757940876678804,3,train,New-Build Suburban Family
415000.0,4.0,2.5,2020,5501,2.0,0,0,3,2020,0,2010,,Renton,98059,0,2010,4,4.0,205.44554455445544,4.0,0,0.0,0.625,310.7692307692308,7.611347717403621,8.61286694148452,3,train,New-Build Suburban Family
267000.0,3.0,2.25,1584,2800,2.0,0,0,3,1584,0,2012,,Auburn,98002,0,2012,2,2.0,168.56060606060606,2.0,0,0.0,0.75,301.7142857142857,7.368339686311381,7.937731775260109,3,test,New-Build Suburban Family
820000.0,4.0,2.5,3170,8523,2.0,0,0,3,3170,0,2008,,Kirkland,98033,0,2008,6,6.0,258.67507886435334,6.0,0,0.0,0.625,487.6923076923077,8.061802274538348,9.050640993218508,3,train,New-Build Suburban Family
1399950.0,4.0,2.75,3870,10046,2.0,0,0,3,3870,0,2005,,Kirkland,98033,0,2005,9,9.0,361.7441860465116,9.0,0,0.0,0.6875,573.3333333333334,8.261268150577648,9.215029361462314,3,train,New-Build Suburban Family
485000.0,2.0,2.5,1430,923,3.0,0,0,3,1410,20,2008,,Seattle,98103,0,2008,6,6.0,339.16083916083915,6.0,1,0.013986013986013986,1.25,317.77777777777777,7.266128779556451,6.828712071641684,3,train,New-Build Suburban Family
482000.0,3.0,3.25,1380,1120,3.0,0,0,3,1380,0,2008,,Seattle,98103,0,2008,6,6.0,349.27536231884056,6.0,0,0.0,1.0833333333333333,220.8,7.2305631534092925,7.02197642307216,3,train,New-Build Suburban Family
535000.0,4.0,2.5,2610,4595,2.0,0,0,3,2610,0,2008,,Kenmore,98028,0,2008,6,6.0,204.9808429118774,6.0,0,0.0,0.625,401.53846153846155,7.8674885686991285,8.432941638968646,3,train,New-Build Suburban Family
690000.0,3.0,3.25,1540,1428,3.0,0,0,3,1540,0,2013,,Seattle,98103,0,2013,1,1.0,448.0519480519481,1.0,0,0.0,1.0833333333333333,246.4,7.340186835320115,7.264730177929867,3,train,New-Build Suburban Family
576000.0,3.0,2.5,1940,9000,1.0,0,0,4,970,970,1948,,Seattle,98117,0,1948,66,66.0,296.9072164948454,66.0,1,0.5,0.8333333333333334,352.72727272727275,7.57095858316901,9.105090961257085,0,train,Established Family Home
378750.0,3.0,2.5,2160,3000,1.5,0,0,3,1260,900,1909,2011.0,Seattle,98118,1,2011,105,3.0,175.34722222222223,3.0,1,0.4166666666666667,0.8333333333333334,392.72727272727275,7.6783263565068856,8.006700845440367,0,train,Established Family Home
269900.0,4.0,1.75,1530,8750,1.5,0,0,4,1530,0,1968,,Renton,98058,0,1968,46,46.0,176.40522875816993,46.0,0,0.0,0.4375,266.0869565217391,7.333676395657684,9.076923258535832,1,train,Compact Entry-Level
210000.0,3.0,2.0,1440,7210,1.0,0,0,3,1440,0,1983,,Auburn,98092,0,1983,31,31.0,145.83333333333334,31.0,0,0.0,0.6666666666666666,288.0,7.273092595999522,8.88336291691676,1,train,Compact Entry-Level
429900.0,4.0,2.5,2640,8625,2.0,0,0,3,2640,0,1987,,Renton,98058,0,1987,27,27.0,162.8409090909091,27.0,0,0.0,0.625,406.15384615384613,7.878912912297133,9.062536177207788,3,train,New-Build Suburban Family
1525000.0,4.0,3.25,3620,5131,2.0,0,3,4,2350,1270,1927,,Seattle,98119,0,1927,87,87.0,421.2707182320442,87.0,1,0.35082872928176795,0.8125,499.3103448275862,8.19450550976564,8.543250725735527,2,train,Premium View Property
360000.0,4.0,2.5,2850,4650,2.0,0,0,3,2850,0,2004,,Maple Valley,98038,0,2004,10,10.0,126.3157894736842,10.0,0,0.0,0.625,438.46153846153845,7.955425088912672,8.444837529224097,3,train,New-Build Suburban Family
405000.0,2.0,1.0,1260,4377,1.0,0,0,4,1260,0,1947,,Seattle,98103,0,1947,67,67.0,321.42857142857144,67.0,0,0.0,0.5,420.0,7.13966033596492,8.384347278082808,1,train,Compact Entry-Level
450000.0,3.0,1.75,1610,11200,1.0,0,0,3,1610,0,1955,,Kirkland,98033,0,1955,59,59.0,279.5031055900621,59.0,0,0.0,0.5833333333333334,338.94736842105266,7.384610383176974,9.32375833901174,1,train,Compact Entry-Level
703000.0,3.0,2.0,1360,5980,1.5,0,0,3,1360,0,1945,2008.0,Seattle,98116,1,2008,69,6.0,516.9117647058823,6.0,0,0.0,0.6666666666666666,272.0,7.215975002651466,8.696343057044556,1,train,Compact Entry-Level
661000.0,4.0,2.5,2496,8058,2.0,0,0,3,2496,0,1998,,Redmond,98052,0,1998,16,16.0,264.823717948718,16.0,0,0.0,0.625,384.0,7.822845290279774,8.994544758324512,3,train,New-Build Suburban Family
580000.0,4.0,2.25,2160,9593,1.0,0,0,3,2160,0,1969,,Bellevue,98008,0,1969,45,45.0,268.51851851851853,45.0,0,0.0,0.5625,345.6,7.6783263565068856,9.168893182062009,0,train,Established Family Home
464000.0,3.0,1.0,1320,3625,2.0,0,0,3,1320,0,1900,,Seattle,98122,0,1900,114,114.0,351.5151515151515,114.0,0,0.0,0.3333333333333333,330.0,7.186144304522325,8.195885391314796,1,train,Compact Entry-Level
945000.0,2.0,2.5,2540,7089,2.0,0,0,3,2540,0,2004,,Seattle,98116,0,2004,10,10.0,372.0472440944882,10.0,0,0.0,1.25,564.4444444444445,7.840312983320164,8.866440619526173,3,train,New-Build Suburban Family
659500.0,4.0,3.0,2620,18362,1.0,0,0,4,1870,750,1956,,Bellevue,98006,0,1956,58,58.0,251.7175572519084,58.0,1,0.2862595419847328,0.75,374.2857142857143,7.8713112033234065,9.81809304951918,0,train,Established Family Home
200000.0,3.0,1.5,1140,8340,1.0,0,0,3,1140,0,1960,,Tukwila,98168,0,1960,54,54.0,175.43859649122808,54.0,0,0.0,0.5,253.33333333333334,7.039660349862076,9.028938392241612,1,train,Compact Entry-Level
280000.0,3.0,2.0,1790,42399,1.0,0,0,4,1790,0,1990,,Auburn,98092,0,1990,24,24.0,156.4245810055866,24.0,0,0.0,0.6666666666666666,358.0,7.490529402060711,10.654903641220049,1,train,Compact Entry-Level
1325000.0,4.0,2.5,2440,3600,2.5,0,0,4,2440,0,1902,,Seattle,98119,0,1902,112,112.0,543.0327868852459,112.0,0,0.0,0.625,375.38461538461536,7.80016307039296,8.188966863648876,3,train,New-Build Suburban Family
346150.0,3.0,2.0,2140,7200,1.0,0,0,4,1480,660,1966,,Renton,98056,0,1966,48,48.0,161.75233644859813,48.0,1,0.308411214953271,0.6666666666666666,428.0,7.669028288589683,8.881975184248867,0,train,Established Family Home
197500.0,3.0,1.0,1330,5412,2.0,0,0,5,1330,0,1905,,Enumclaw,98022,0,1905,109,109.0,148.49624060150376,109.0,0,0.0,0.3333333333333333,332.5,7.193685818395112,8.596558746796978,1,train,Compact Entry-Level
799000.0,4.0,2.5,2590,7910,2.0,0,0,3,2590,0,2001,,Seattle,98115,0,2001,13,13.0,308.4942084942085,13.0,0,0.0,0.625,398.46153846153845,7.85979918056211,8.976009475021396,3,train,New-Build Suburban Family
1309500.0,4.0,4.5,4750,13912,2.0,0,2,3,3600,1150,2005,,Seattle,98118,0,2005,9,9.0,275.6842105263158,9.0,1,0.24210526315789474,1.125,558.8235294117648,8.46611040118692,9.540578933841877,2,train,Premium View Property
350000.0,2.0,1.0,1620,9205,1.0,0,0,5,850,770,1921,,Kirkland,98034,0,1921,93,93.0,216.0493827160494,93.0,1,0.47530864197530864,0.5,540.0,7.390798521735676,9.127610724377186,1,train,Compact Entry-Level
720000.0,4.0,2.5,2440,34290,2.0,0,0,3,2440,0,1987,,Redmond,98053,0,1987,27,27.0,295.08196721311475,27.0,0,0.0,0.625,375.38461538461536,7.80016307039296,10.442638208053022,3,train,New-Build Suburban Family
519000.0,3.0,2.75,2020,10744,1.0,0,0,5,1270,750,1954,,Normandy Park,98166,0,1954,60,60.0,256.9306930693069,60.0,1,0.3712871287128713,0.9166666666666666,351.30434782608694,7.611347717403621,9.282195809076612,0,test,Established Family Home
590300.0,3.0,1.5,1470,7200,2.0,0,0,4,1470,0,1907,,Seattle,98118,0,1907,107,107.0,401.5646258503401,107.0,0,0.0,0.5,326.6666666666667,7.293697720601438,8.881975184248867,1,train,Compact Entry-Level
2200000.0,5.0,4.75,5990,10450,2.0,1,4,3,4050,1940,2002,,Issaquah,98027,0,2002,12,12.0,367.2787979966611,12.0,1,0.32387312186978295,0.95,614.3589743589744,8.698013622083925,9.254452946594503,2,test,Premium View Property
410000.0,6.0,2.75,2520,9324,1.0,0,0,4,1320,1200,1962,,Lake Forest Park,98155,0,1962,52,52.0,162.6984126984127,52.0,1,0.47619047619047616,0.4583333333333333,288.0,7.83241092718792,9.140454244512016,0,train,Established Family Home
437000.0,2.0,1.75,1440,4225,1.0,0,0,3,1440,0,2005,,Redmond,98053,0,2005,9,9.0,303.47222222222223,9.0,0,0.0,0.875,384.0,7.273092595999522,8.349011198176003,1,train,Compact Entry-Level
221000.0,3.0,2.25,1640,7350,1.0,0,0,3,1140,500,1984,,Federal Way,98003,0,1984,30,30.0,134.7560975609756,30.0,1,0.3048780487804878,0.75,312.3809523809524,7.403061091090091,8.902591637374087,0,train,Established Family Home
380000.0,4.0,2.25,2150,20181,1.0,0,0,3,1090,1060,1963,,Kenmore,98028,0,1963,51,51.0,176.74418604651163,51.0,1,0.4930232558139535,0.5625,344.0,7.67368812926773,9.912546397024474,0,train,Established Family Home
506000.0,2.0,1.0,1570,8210,1.0,0,0,4,1150,420,1952,,Seattle,98177,0,1952,62,62.0,322.2929936305732,62.0,1,0.267515923566879,0.5,523.3333333333334,7.359467638255621,9.01322999770879,1,train,Compact Entry-Level
395000.0,4.0,1.0,1980,10350,1.0,0,0,4,1430,550,1968,,Issaquah,98027,0,1968,46,46.0,199.4949494949495,46.0,1,0.2777777777777778,0.25,396.0,7.591357046698551,9.24483841238375,0,train,Established Family Home
285000.0,3.0,1.0,1210,4731,1.5,0,0,3,1210,0,1901,,Seattle,98117,0,1901,113,113.0,235.53719008264463,113.0,0,0.0,0.3333333333333333,302.5,7.099201743553092,8.462103225098277,1,train,Compact Entry-Level
311000.0,3.0,1.75,1900,3000,1.5,0,0,5,1070,830,1903,,Seattle,98118,0,1903,111,111.0,163.68421052631578,111.0,1,0.4368421052631579,0.5833333333333334,400.0,7.550135342488429,8.006700845440367,0,train,Established Family Home
520000.0,3.0,1.75,1940,219527,1.0,0,0,3,1940,0,1991,,Maple Valley,98038,0,1991,23,23.0,268.0412371134021,23.0,0,0.0,0.5833333333333334,408.42105263157896,7.57095858316901,12.29923506600431,1,train,Compact Entry-Level
435000.0,3.0,1.75,1310,8065,1.0,0,0,4,1310,0,1948,,Seattle,98117,0,1948,66,66.0,332.0610687022901,66.0,0,0.0,0.5833333333333334,275.7894736842105,7.1785454837637,8.995412975433313,1,test,Compact Entry-Level
120000.0,2.0,1.0,990,39964,1.0,0,0,2,990,0,1945,,Kent,98042,0,1945,69,69.0,121.21212121212122,69.0,0,0.0,0.5,330.0,6.898714534329988,10.595759350060119,1,test,Compact Entry-Level
1440000.0,3.0,3.5,3870,3819,2.0,0,0,3,2760,1110,2002,,Seattle,98102,0,2002,12,12.0,372.09302325581393,12.0,1,0.2868217054263566,1.1666666666666667,595.3846153846154,8.261268150577648,8.24800570160062,3,train,New-Build Suburban Family
186000.0,3.0,2.0,1340,4320,1.0,0,0,3,920,420,1912,1993.0,Auburn,98002,1,1993,102,21.0,138.80597014925374,21.0,1,0.31343283582089554,0.6666666666666666,268.0,7.201170883281678,8.371242135931933,0,train,Established Family Home
756000.0,4.0,2.25,2160,5600,1.0,0,0,5,1080,1080,1947,,Seattle,98119,0,1947,67,67.0,350.0,67.0,1,0.5,0.5625,345.6,7.6783263565068856,8.630700432209832,0,test,Established Family Home
248000.0,4.0,2.0,2080,13510,1.0,0,0,3,1040,1040,1950,,Seattle,98178,0,1950,64,64.0,119.23076923076924,64.0,1,0.5,0.5,346.6666666666667,7.640603826393634,9.51125944745996,0,train,Established Family Home
287000.0,3.0,2.0,1300,11374,1.5,0,0,5,1300,0,1933,,SeaTac,98168,0,1933,81,81.0,220.7692307692308,81.0,0,0.0,0.6666666666666666,260.0,7.170888478512505,9.33917324381915,1,train,Compact Entry-Level
510000.0,4.0,2.5,2610,8031,2.0,0,0,3,2610,0,1998,,Lake Forest Park,98155,0,1998,16,16.0,195.4022988505747,16.0,0,0.0,0.625,401.53846153846155,7.8674885686991285,8.99118884193151,3,train,New-Build Suburban Family
249000.0,3.0,1.0,1050,8498,1.0,0,0,4,1050,0,1959,,Kent,98031,0,1959,55,55.0,237.14285714285717,55.0,0,0.0,0.3333333333333333,262.5,6.957497370876951,9.047703788498627,1,test,Compact Entry-Level
340000.0,3.0,2.5,2480,6112,2.0,0,0,3,2480,0,2004,,Renton,98058,0,2004,10,10.0,137.09677419354838,10.0,0,0.0,0.8333333333333334,450.90909090909093,7.816416983691801,8.718172930028725,3,test,New-Build Suburban Family
399888.0,4.0,2.25,1820,8255,1.5,0,0,4,1320,500,1930,,Seattle,98133,0,1930,84,84.0,219.7186813186813,84.0,1,0.27472527472527475,0.5625,291.2,7.507141079727608,9.018695487721343,0,train,Established Family Home
440000.0,3.0,1.75,1170,8740,1.0,0,0,4,1170,0,1968,,Redmond,98052,0,1968,46,46.0,376.0683760683761,46.0,0,0.0,0.5833333333333334,246.31578947368422,7.065613363597717,9.075779878580487,1,train,Compact Entry-Level
899000.0,4.0,2.25,2370,6000,1.0,0,2,3,1440,930,1959,,Seattle,98177,0,1959,55,55.0,379.324894514768,55.0,1,0.3924050632911392,0.5625,379.2,7.771067086065406,8.699681400989514,2,train,Premium View Property
540500.0,5.0,3.75,3090,7415,2.0,0,0,3,3090,0,2014,,Burien,98148,0,2014,0,0.0,174.9190938511327,0.0,0,0.0,0.75,353.14285714285717,8.036249942132116,8.91139510724569,3,train,New-Build Suburban Family
385000.0,3.0,1.75,2310,11200,1.0,0,0,4,1630,680,1978,,Kent,98030,0,1978,36,36.0,166.66666666666666,36.0,1,0.2943722943722944,0.5833333333333334,486.3157894736842,7.745435610274381,9.32375833901174,0,train,Established Family Home
558000.0,4.0,2.25,2060,10358,1.0,0,0,4,1320,740,1962,,Bellevue,98006,0,1962,52,52.0,270.873786407767,52.0,1,0.3592233009708738,0.5625,329.6,7.630946580890459,9.245610986058102,0,train,Established Family Home
600000.0,3.0,2.0,2540,237402,1.0,0,0,3,2540,0,2007,,Enumclaw,98022,0,2007,7,7.0,236.2204724409449,7.0,0,0.0,0.6666666666666666,508.0,7.840312983320164,12.377514397977608,3,train,New-Build Suburban Family
450000.0,4.0,2.5,2400,7693,2.0,0,0,3,2400,0,2003,,Renton,98059,0,2003,11,11.0,187.5,11.0,0,0.0,0.625,369.2307692307692,7.783640596221253,8.94819608331224,3,test,New-Build Suburban Family
232500.0,3.0,1.0,1320,8450,1.0,0,0,3,880,440,1961,,Federal Way,98023,0,1961,53,53.0,176.13636363636363,53.0,1,0.3333333333333333,0.3333333333333333,330.0,7.186144304522325,9.042040056544483,1,train,Compact Entry-Level
436000.0,2.0,1.0,790,6600,1.0,0,0,3,790,0,1949,,Seattle,98122,0,1949,65,65.0,551.8987341772151,65.0,0,0.0,0.5,263.3333333333333,6.673297967767654,8.79497643168877,1,train,Compact Entry-Level
240000.0,4.0,2.0,1790,14690,1.0,0,1,4,1670,120,1960,,Des Moines,98198,0,1960,54,54.0,134.0782122905028,54.0,1,0.0670391061452514,0.5,298.3333333333333,7.490529402060711,9.594990340370426,0,train,Established Family Home
489950.0,3.0,2.25,1820,7326,2.0,0,0,3,1820,0,1983,,Kirkland,98034,0,1983,31,31.0,269.2032967032967,31.0,0,0.0,0.75,346.6666666666667,7.507141079727608,8.899321434159964,3,train,New-Build Suburban Family
680000.0,6.0,2.0,1670,3000,1.0,0,0,5,900,770,1911,,Seattle,98105,0,1911,103,103.0,407.18562874251495,103.0,1,0.46107784431137727,0.3333333333333333,208.75,7.421177528595393,8.006700845440367,0,train,Established Family Home
1068000.0,5.0,3.5,3990,9938,2.0,0,0,3,3990,0,2001,,Newcastle,98059,0,2001,13,13.0,267.6691729323308,13.0,0,0.0,0.7,469.4117647058824,8.291797105048733,9.204221690968005,3,train,New-Build Suburban Family
352450.0,3.0,2.0,1430,6000,1.0,0,0,5,1430,0,1945,,Shoreline,98155,0,1945,69,69.0,246.46853146853147,69.0,0,0.0,0.6666666666666666,286.0,7.266128779556451,8.699681400989514,1,test,Compact Entry-Level
335000.0,4.0,2.0,2030,103672,1.0,0,0,4,2030,0,1969,,Enumclaw,98022,0,1969,45,45.0,165.02463054187191,45.0,0,0.0,0.5,338.3333333333333,7.616283561580385,11.548996993874734,0,test,Established Family Home
549000.0,4.0,1.75,1290,3060,2.0,0,0,4,1290,0,1906,,Seattle,98103,0,1906,108,108.0,425.5813953488372,108.0,0,0.0,0.4375,224.34782608695653,7.1631723908466425,8.026496938945412,1,test,Compact Entry-Level
1240000.0,4.0,3.5,3820,13224,2.0,0,0,3,3280,540,1990,,Bellevue,98004,0,1990,24,24.0,324.607329842932,24.0,1,0.14136125654450263,0.875,509.3333333333333,8.2482674474469,9.4898642567265,3,train,New-Build Suburban Family
618250.0,4.0,3.25,2520,3360,1.5,0,0,4,1550,970,1931,,Seattle,98115,0,1931,83,83.0,245.3373015873016,83.0,1,0.38492063492063494,0.8125,347.58620689655174,7.83241092718792,8.119993827725105,0,train,Established Family Home
1815000.0,5.0,3.0,3880,13000,2.0,0,0,3,3880,0,1972,2003.0,Mercer Island,98040,1,2003,42,11.0,467.7835051546392,11.0,0,0.0,0.6,485.0,8.263848131368906,9.472781556562168,3,train,New-Build Suburban Family
850000.0,2.0,1.75,1590,5136,1.5,0,3,3,1320,270,1927,,Seattle,98199,0,1927,87,87.0,534.5911949685535,87.0,1,0.16981132075471697,0.875,424.0,7.372118028337787,8.544224530467268,2,train,Premium View Property
930000.0,5.0,2.0,3530,9385,1.5,0,0,3,3530,0,1925,,Seattle,98144,0,1925,89,89.0,263.4560906515581,89.0,0,0.0,0.4,504.2857142857143,8.169336395928386,9.146974496354362,0,train,Established Family Home
505000.0,3.0,2.5,1610,4611,2.0,0,0,3,1610,0,1996,,Issaquah,98029,0,1996,18,18.0,313.6645962732919,18.0,0,0.0,0.8333333333333334,292.72727272727275,7.384610383176974,8.436416881388949,3,train,New-Build Suburban Family
925000.0,4.0,2.5,3280,209088,2.0,0,0,3,3280,0,1994,,Redmond,98053,0,1994,20,20.0,282.0121951219512,20.0,0,0.0,0.625,504.61538461538464,8.0959035329611,12.250515277624542,3,train,New-Build Suburban Family
275000.0,3.0,1.75,1860,15681,1.0,0,0,4,1860,0,1971,,Federal Way,98023,0,1971,43,43.0,147.8494623655914,43.0,0,0.0,0.5833333333333334,391.57894736842104,7.528869256642251,9.660268836790868,1,train,Compact Entry-Level
499000.0,3.0,1.75,1840,5000,1.0,0,0,4,920,920,1910,,Seattle,98117,0,1910,104,104.0,271.19565217391306,104.0,1,0.5,0.5833333333333334,387.36842105263156,7.518064181233078,8.517393171418904,0,train,Established Family Home
507000.0,3.0,2.5,2120,7201,2.0,0,0,3,2120,0,2003,,Seattle,98133,0,2003,11,11.0,239.1509433962264,11.0,0,0.0,0.8333333333333334,385.45454545454544,7.659642954564682,8.882114044208821,3,train,New-Build Suburban Family
619850.0,4.0,2.5,2270,9247,1.0,0,0,5,1500,770,1972,,Bellevue,98006,0,1972,42,42.0,273.0616740088106,42.0,1,0.3392070484581498,0.625,349.2307692307692,7.7279755421055585,9.13216259091216,0,train,Established Family Home
500000.0,3.0,2.5,2840,48716,1.0,0,3,3,1870,970,1994,,Carnation,98014,0,1994,20,20.0,176.05633802816902,20.0,1,0.3415492957746479,0.8333333333333334,516.3636363636364,7.951911381854188,10.793783324133198,2,train,Premium View Property
310000.0,4.0,1.5,1220,9600,1.0,0,0,3,1220,0,1980,,Carnation,98014,0,1980,34,34.0,254.0983606557377,34.0,0,0.0,0.375,221.8181818181818,7.107425474110705,9.169622538697624,1,train,Compact Entry-Level
646000.0,4.0,2.5,2310,4079,2.0,0,0,3,2310,0,2008,,Seattle,98117,0,2008,6,6.0,279.65367965367966,6.0,0,0.0,0.625,355.38461538461536,7.745435610274381,8.313852267398207,3,train,New-Build Suburban Family
265000.0,3.0,1.75,1840,7300,1.0,0,0,3,1840,0,1966,,Federal Way,98023,0,1966,48,48.0,144.02173913043478,48.0,0,0.0,0.5833333333333334,387.36842105263156,7.518064181233078,8.895766604056085,1,train,Compact Entry-Level
475000.0,3.0,2.5,950,1110,2.0,0,0,3,950,0,2003,,Seattle,98102,0,2003,11,11.0,500.0,11.0,0,0.0,0.8333333333333334,172.72727272727272,6.85751406254539,7.01301578963963,3,train,New-Build Suburban Family
600000.0,4.0,2.25,3070,8400,2.0,0,0,4,3070,0,1970,,Kirkland,98034,0,1970,44,44.0,195.4397394136808,44.0,0,0.0,0.5625,491.2,8.029758520440822,9.036106025364846,3,test,New-Build Suburban Family
470000.0,3.0,2.0,1730,38884,1.0,0,0,3,1730,0,1997,,Maple Valley,98038,0,1997,17,17.0,271.67630057803467,17.0,0,0.0,0.6666666666666666,346.0,7.456454555176209,10.568363851129044,1,train,Compact Entry-Level
319950.0,2.0,1.0,920,8341,1.0,0,0,3,920,0,1939,,Seattle,98146,0,1939,75,75.0,347.7717391304348,75.0,0,0.0,0.5,306.6666666666667,6.825460036255307,9.02905827475689,1,train,Compact Entry-Level
712000.0,3.0,2.75,3200,6699,2.0,0,0,3,3200,0,2004,,Sammamish,98075,0,2004,10,10.0,222.5,10.0,0,0.0,0.9166666666666666,556.5217391304348,8.071218539969863,8.809862805379057,3,test,New-Build Suburban Family
775000.0,4.0,2.75,3010,15992,2.0,0,0,3,3010,0,1996,,Sammamish,98075,0,1996,18,18.0,257.4750830564784,18.0,0,0.0,0.6875,445.9259259259259,8.010027528481734,9.67990640549087,3,train,New-Build Suburban Family
390000.0,3.0,2.25,1600,10240,1.0,0,0,3,1090,510,1979,,Kirkland,98034,0,1979,35,35.0,243.75,35.0,1,0.31875,0.75,304.76190476190476,7.3783837129967145,9.234154550075438,0,train,Established Family Home
585000.0,4.0,2.5,2840,11044,2.0,0,0,3,2840,0,2001,,Kirkland,98034,0,2001,13,13.0,205.98591549295776,13.0,0,0.0,0.625,436.9230769230769,7.951911381854188,9.309733115854218,3,train,New-Build Suburban Family
1027000.0,3.0,2.5,2430,10500,2.0,0,1,3,2430,0,1989,,Bellevue,98004,0,1989,25,25.0,422.6337448559671,25.0,0,0.0,0.8333333333333334,441.8181818181818,7.796057974316123,9.259225769705994,3,train,New-Build Suburban Family
232603.0,3.0,1.75,1750,11461,2.0,0,0,4,1750,0,1976,,Auburn,98002,0,1976,38,38.0,132.916,38.0,0,0.0,0.5833333333333334,368.42105263157896,7.467942332285852,9.346792495111682,3,train,New-Build Suburban Family
543000.0,3.0,2.25,1240,949,3.0,0,0,3,1240,0,2008,,Seattle,98103,0,2008,6,6.0,437.9032258064516,6.0,0,0.0,0.75,236.1904761904762,7.123672785204607,6.856461984594587,3,train,New-Build Suburban Family
607500.0,3.0,3.25,1530,1612,3.0,0,0,3,1530,0,2006,,Seattle,98107,0,2006,8,8.0,397.05882352941177,8.0,0,0.0,1.0833333333333333,244.8,7.333676395657684,7.385851078125209,3,train,New-Build Suburban Family
750000.0,3.0,3.5,3390,10078,2.0,0,0,3,3040,350,2012,,Newcastle,98059,0,2012,2,2.0,221.2389380530973,2.0,1,0.10324483775811209,1.1666666666666667,521.5384615384615,8.128880142125638,9.218209330354878,3,train,New-Build Suburban Family
728050.0,3.0,2.5,2320,6775,1.0,0,0,3,2320,0,2008,,Redmond,98053,0,2008,6,6.0,313.8146551724138,6.0,0,0.0,0.8333333333333334,421.8181818181818,7.749753406274437,8.821142236331891,3,train,New-Build Suburban Family
734990.0,4.0,2.5,2650,6884,2.0,0,0,3,2650,0,2012,,Redmond,98053,0,2012,2,2.0,277.35471698113207,2.0,0,0.0,0.625,407.6923076923077,7.8826922062890254,8.837100411162755,3,train,New-Build Suburban Family
330000.0,3.0,2.5,2238,7209,2.0,0,0,3,2238,0,2011,,Federal Way,98023,0,2011,3,3.0,147.45308310991956,3.0,0,0.0,0.8333333333333334,406.90909090909093,7.713784616598755,8.883224230278994,3,train,New-Build Suburban Family
605000.0,4.0,2.5,2620,7553,2.0,0,0,3,2620,0,1996,,Newcastle,98056,0,1996,18,18.0,230.91603053435117,18.0,0,0.0,0.625,403.0769230769231,7.8713112033234065,8.929832503272403,3,train,New-Build Suburban Family
441000.0,3.0,2.75,1910,7280,1.0,0,0,3,1160,750,1979,,Kirkland,98034,0,1979,35,35.0,230.89005235602093,35.0,1,0.39267015706806285,0.9166666666666666,332.17391304347825,7.555381944240273,8.893023494394711,0,test,Established Family Home
650000.0,4.0,2.5,3040,6587,2.0,0,0,3,3040,0,2003,,Redmond,98053,0,2003,11,11.0,213.81578947368425,11.0,0,0.0,0.625,467.6923076923077,8.019941687677365,8.79300509129753,3,train,New-Build Suburban Family
1950000.0,7.0,3.5,4640,15235,2.0,0,1,3,2860,1780,1965,2003.0,Mercer Island,98040,1,2003,49,11.0,420.2586206896552,11.0,1,0.38362068965517243,0.5,441.9047619047619,8.442685139241176,9.631416327598494,2,train,Premium View Property
395000.0,3.0,1.0,1500,4000,1.0,0,0,3,900,600,1925,,Seattle,98117,0,1925,89,89.0,263.3333333333333,89.0,1,0.4,0.3333333333333333,375.0,7.313886831633462,8.294299608857235,1,train,Compact Entry-Level
245000.0,1.0,0.75,380,15000,1.0,0,0,3,380,0,1963,,Burien,98168,0,1963,51,51.0,644.7368421052631,51.0,0,0.0,0.75,217.14285714285714,5.942799375126701,9.61587214452889,1,train,Compact Entry-Level
905000.0,4.0,3.5,2970,14486,2.0,0,0,3,2340,630,1997,,Mercer Island,98040,0,1997,17,17.0,304.71380471380473,17.0,1,0.21212121212121213,0.875,396.0,7.9966538754626075,9.581006974541651,3,test,New-Build Suburban Family
660000.0,4.0,3.25,3030,9273,2.0,0,0,5,3030,0,1988,,Issaquah,98029,0,1988,26,26.0,217.82178217821783,26.0,0,0.0,0.8125,417.9310344827586,8.016647877057803,9.134970064951407,3,train,New-Build Suburban Family
378000.0,4.0,2.5,1890,12236,1.0,0,0,3,1230,660,1978,,North Bend,98045,0,1978,36,36.0,200.0,36.0,1,0.3492063492063492,0.625,290.7692307692308,7.544861068658458,9.412219427985669,0,train,Established Family Home
600000.0,2.0,1.0,1040,3600,1.0,0,0,4,1040,0,1919,1980.0,Seattle,98112,1,1980,95,34.0,576.9230769230769,34.0,0,0.0,0.5,346.6666666666667,6.947937068614969,8.188966863648876,1,train,Compact Entry-Level
632500.0,4.0,2.5,2090,10306,2.0,0,0,3,2090,0,1986,,Sammamish,98074,0,1986,28,28.0,302.63157894736844,28.0,0,0.0,0.625,321.53846153846155,7.645397699428633,9.240578555036793,3,train,New-Build Suburban Family
210000.0,2.0,2.0,1680,5756,2.0,0,0,4,1680,0,1910,,Auburn,98002,0,1910,104,104.0,125.0,104.0,0,0.0,1.0,420.0,7.427144133408616,8.65817178467581,1,train,Compact Entry-Level
754800.0,2.0,2.5,2770,7781,2.0,0,0,3,2770,0,2006,,Redmond,98053,0,2006,8,8.0,272.4909747292419,8.0,0,0.0,1.25,615.5555555555555,7.9269635448629785,8.9595686535445,3,train,New-Build Suburban Family
175000.0,2.0,1.0,1020,5130,1.0,0,0,4,1020,0,1948,,Auburn,98002,0,1948,66,66.0,171.5686274509804,66.0,0,0.0,0.5,340.0,6.928537818164665,8.543055850941965,1,train,Compact Entry-Level
455000.0,3.0,2.25,1470,4653,2.0,0,0,4,1470,0,1985,,Issaquah,98029,0,1985,29,29.0,309.5238095238095,29.0,0,0.0,0.75,280.0,7.293697720601438,8.445482343862237,3,train,New-Build Suburban Family
450000.0,3.0,2.0,1430,3480,1.0,0,0,3,980,450,1947,,Seattle,98103,0,1947,67,67.0,314.68531468531467,67.0,1,0.3146853146853147,0.6666666666666666,286.0,7.266128779556451,8.15507488781144,0,test,Established Family Home
790000.0,4.0,1.75,2050,10920,1.0,0,3,3,1450,600,1974,,Lake Forest Park,98155,0,1974,40,40.0,385.3658536585366,40.0,1,0.2926829268292683,0.4375,356.5217391304348,7.62608275807238,9.298442820197728,2,train,Premium View Property
480000.0,4.0,1.0,2080,5500,1.0,0,0,3,1040,1040,1941,,Seattle,98117,0,1941,73,73.0,230.7692307692308,73.0,1,0.5,0.25,416.0,7.640603826393634,8.612685172875459,0,train,Established Family Home
850000.0,3.0,2.25,2870,8170,2.0,0,0,3,2250,620,1995,,Seattle,98136,0,1995,19,19.0,296.1672473867596,19.0,1,0.21602787456445993,0.75,546.6666666666666,7.962415680121064,9.008346579384707,3,train,New-Build Suburban Family
725000.0,4.0,3.25,3940,27591,2.0,0,3,3,3440,500,2000,,Renton,98059,0,2000,14,14.0,184.010152284264,14.0,1,0.12690355329949238,0.8125,543.448275862069,8.279189777195004,10.225281154616678,2,train,Premium View Property
380000.0,3.0,1.5,1520,4288,1.0,0,0,3,1020,500,1949,,Seattle,98136,0,1949,65,65.0,250.0,65.0,1,0.32894736842105265,0.5,337.77777777777777,7.327123292259293,8.36380888451688,0,train,Established Family Home
979000.0,3.0,1.5,1700,14133,1.0,0,1,4,1700,0,1954,,Bellevue,98004,0,1954,60,60.0,575.8823529411765,60.0,0,0.0,0.5,377.77777777777777,7.438971592395862,9.5563385212508,1,train,Compact Entry-Level
359950.0,3.0,2.25,1940,11612,1.0,0,0,4,1100,840,1981,,Seattle,98178,0,1981,33,33.0,185.54123711340208,33.0,1,0.4329896907216495,0.75,369.5238095238095,7.57095858316901,9.359880439245758,0,train,Established Family Home
665900.0,4.0,2.25,2870,5453,2.0,0,1,4,2220,650,1926,,Seattle,98146,0,1926,88,88.0,232.0209059233449,88.0,1,0.2264808362369338,0.5625,459.2,7.962415680121064,8.604104563405533,0,train,Established Family Home
812000.0,3.0,3.25,3240,8338,2.0,0,0,3,3240,0,2001,,Sammamish,98074,0,2001,13,13.0,250.6172839506173,13.0,0,0.0,1.0833333333333333,518.4,8.083637203141548,9.028698584086985,3,train,New-Build Suburban Family
203000.0,3.0,1.0,1150,7156,1.0,0,0,4,1150,0,1953,,Burien,98168,0,1953,61,61.0,176.52173913043478,61.0,0,0.0,0.3333333333333333,287.5,7.048386408721883,8.875846177738598,1,train,Compact Entry-Level
456000.0,3.0,1.5,1440,28516,1.0,0,0,4,1440,0,1975,,Sammamish,98075,0,1975,39,39.0,316.6666666666667,39.0,0,0.0,0.5,320.0,7.273092595999522,10.258255679654631,1,train,Compact Entry-Level
547000.0,5.0,2.5,2200,4080,1.5,0,0,5,1420,780,1916,,Seattle,98103,0,1916,98,98.0,248.63636363636363,98.0,1,0.35454545454545455,0.5,293.3333333333333,7.696667081526462,8.314097335405807,0,train,Established Family Home
280000.0,3.0,2.0,1470,8089,1.0,0,0,3,1470,0,1987,,Des Moines,98198,0,1987,27,27.0,190.47619047619048,27.0,0,0.0,0.6666666666666666,294.0,7.293697720601438,8.998384010052538,1,train,Compact Entry-Level
640000.0,2.0,1.75,1760,4400,1.0,0,0,4,880,880,1930,,Seattle,98103,0,1930,84,84.0,363.6363636363636,84.0,1,0.5,0.875,469.3333333333333,7.473637108496206,8.38958706681109,0,train,Established Family Home
477000.0,3.0,1.75,1780,8085,1.0,0,0,3,1210,570,1976,,Bothell,98011,0,1976,38,38.0,267.97752808988764,38.0,1,0.3202247191011236,0.5833333333333334,374.7368421052632,7.484930283289661,8.997889450200717,0,train,Established Family Home
455000.0,4.0,2.25,2450,21000,1.0,0,2,4,1650,800,1954,,Burien,98166,0,1954,60,60.0,185.7142857142857,60.0,1,0.32653061224489793,0.5625,392.0,7.804251383528112,9.952325334619427,2,train,Premium View Property
587206.0,3.0,3.5,1890,1710,2.0,0,0,3,1640,250,1999,,Seattle,98103,0,1999,15,15.0,310.6910052910053,15.0,1,0.13227513227513227,1.1666666666666667,290.7692307692308,7.544861068658458,7.444833273892193,3,train,New-Build Suburban Family
425000.0,3.0,2.5,2540,5612,2.0,0,0,3,2540,0,1999,,Renton,98059,0,1999,15,15.0,167.3228346456693,15.0,0,0.0,0.8333333333333334,461.8181818181818,7.840312983320164,8.6328406149422,3,train,New-Build Suburban Family
511500.0,4.0,1.0,1360,6000,1.5,0,0,3,1360,0,1917,,Seattle,98115,0,1917,97,97.0,376.1029411764706,97.0,0,0.0,0.25,272.0,7.215975002651466,8.699681400989514,1,train,Compact Entry-Level
218000.0,2.0,2.0,1310,2841,2.0,0,0,3,1310,0,2004,,Maple Valley,98038,0,2004,10,10.0,166.412213740458,10.0,0,0.0,1.0,327.5,7.1785454837637,7.952263308657046,3,test,New-Build Suburban Family
332000.0,3.0,2.0,1510,7884,1.0,0,0,3,1510,0,1942,2014.0,Burien,98166,1,2014,72,0.0,219.86754966887415,0.0,0,0.0,0.6666666666666666,302.0,7.32052696227274,8.972717499397138,1,train,Compact Entry-Level
291000.0,3.0,1.5,1860,60960,1.0,0,0,4,1140,720,1967,,Covington,98042,0,1967,47,47.0,156.4516129032258,47.0,1,0.3870967741935484,0.5,413.3333333333333,7.528869256642251,11.017989594425455,0,train,Established Family Home
279000.0,4.0,2.0,2200,7700,1.0,0,0,3,1100,1100,1979,,Renton,98058,0,1979,35,35.0,126.8181818181818,35.0,1,0.5,0.5,366.6666666666667,7.696667081526462,8.94910546953925,0,train,Established Family Home
950000.0,4.0,2.5,3360,11548,2.0,0,0,3,3360,0,1988,,Kirkland,98033,0,1988,26,26.0,282.73809523809524,26.0,0,0.0,0.625,516.9230769230769,8.119993827725105,9.354354132115088,3,train,New-Build Suburban Family
970500.0,3.0,2.75,2470,10125,2.0,0,0,3,2470,0,1960,2012.0,Mercer Island,98040,1,2012,54,2.0,392.914979757085,2.0,0,0.0,0.9166666666666666,429.5652173913044,7.81237820598861,9.222861652529854,3,test,New-Build Suburban Family
412000.0,2.0,1.0,1260,3960,1.0,0,0,3,690,570,1925,,Seattle,98117,0,1925,89,89.0,326.984126984127,89.0,1,0.4523809523809524,0.5,420.0,7.13966033596492,8.284251797621916,1,train,Compact Entry-Level
400000.0,3.0,1.0,1430,10005,1.5,0,0,4,1430,0,1950,,Seattle,98133,0,1950,64,64.0,279.72027972027973,64.0,0,0.0,0.3333333333333333,357.5,7.266128779556451,9.21094019204815,1,train,Compact Entry-Level
200000.0,3.0,2.25,1230,7420,1.5,0,0,5,1230,0,1913,,Auburn,98002,0,1913,101,101.0,162.60162601626016,101.0,0,0.0,0.75,234.28571428571428,7.115582126184454,8.912069097970134,1,test,Compact Entry-Level
397000.0,4.0,2.5,2320,11717,2.0,0,0,3,2320,0,1997,,North Bend,98045,0,1997,17,17.0,171.1206896551724,17.0,0,0.0,0.625,356.9230769230769,7.749753406274437,9.368881400104733,3,train,New-Build Suburban Family
715000.0,4.0,2.5,3290,6628,2.0,0,0,3,3290,0,2003,,Sammamish,98075,0,2003,11,11.0,217.32522796352583,11.0,0,0.0,0.625,506.15384615384613,8.098946748943339,8.79920924224139,3,train,New-Build Suburban Family
371000.0,4.0,2.5,2550,4770,2.0,0,0,3,2550,0,2005,,Maple Valley,98038,0,2005,9,9.0,145.49019607843138,9.0,0,0.0,0.625,392.3076923076923,7.844240718141811,8.470311205516108,3,train,New-Build Suburban Family
458000.0,3.0,2.5,1870,5013,2.0,0,0,3,1870,0,2003,,Bothell,98011,0,2003,11,11.0,244.91978609625667,11.0,0,0.0,0.8333333333333334,340.0,7.534228326274089,8.519989278718239,3,train,New-Build Suburban Family
436500.0,5.0,3.0,3110,12429,1.0,0,0,3,1790,1320,1977,,Bothell,98011,0,1977,37,37.0,140.35369774919613,37.0,1,0.42443729903536975,0.6,388.75,8.042699496897637,9.427868184504756,0,test,Established Family Home
329950.0,3.0,2.5,1820,8085,2.0,0,0,3,1820,0,1983,,Renton,98055,0,1983,31,31.0,181.2912087912088,31.0,0,0.0,0.8333333333333334,330.90909090909093,7.507141079727608,8.997889450200717,3,test,New-Build Suburban Family
950000.0,3.0,3.25,3050,18892,1.0,1,4,4,1650,1400,1962,,Des Moines,98198,0,1962,52,52.0,311.4754098360656,52.0,1,0.45901639344262296,1.0833333333333333,488.0,8.02322468471667,9.846546762073318,2,test,Premium View Property
282000.0,4.0,2.0,1890,6302,2.0,0,0,3,1890,0,1997,,Kent,98030,0,1997,17,17.0,149.20634920634922,17.0,0,0.0,0.5,315.0,7.544861068658458,8.74878098951311,3,train,New-Build Suburban Family
250000.0,1.0,1.0,800,16306,1.0,0,0,2,680,120,1931,,Seattle,98168,0,1931,83,83.0,312.5,83.0,1,0.15,1.0,400.0,6.68586094706836,9.699349742461278,1,train,Compact Entry-Level
1135000.0,6.0,4.25,6900,244716,2.0,0,0,4,4820,2080,2002,,Woodinville,98077,0,2002,12,12.0,164.4927536231884,12.0,1,0.30144927536231886,0.7083333333333334,673.170731707317,8.839421607620602,12.407857719841504,3,train,New-Build Suburban Family
400000.0,4.0,1.75,2670,189486,2.0,0,4,3,2670,0,1972,,Auburn,98092,0,1972,42,42.0,149.812734082397,42.0,0,0.0,0.4375,464.3478260869565,7.890208213109961,12.152075699568309,2,test,Premium View Property
681500.0,5.0,2.75,3260,11700,1.0,0,0,3,1630,1630,1964,,Bellevue,98008,0,1964,50,50.0,209.0490797546012,50.0,1,0.5,0.55,420.64516129032256,8.089789175789319,9.367429587218957,0,test,Established Family Home
200000.0,2.0,1.0,860,6600,1.0,0,0,5,860,0,1949,,Burien,98168,0,1949,65,65.0,232.5581395348837,65.0,0,0.0,0.5,286.6666666666667,6.7580945044277305,8.79497643168877,1,test,Compact Entry-Level
1300000.0,5.0,4.0,3366,7800,2.5,0,2,3,2966,400,1937,,Seattle,98199,0,1937,77,77.0,386.21509209744505,77.0,1,0.11883541295306001,0.8,374.0,8.121777419161074,8.962007209588313,2,train,Premium View Property
1462497.0,5.0,3.25,3840,4800,3.0,0,3,3,2750,1090,2008,,Seattle,98144,0,2008,6,6.0,380.85859375,6.0,1,0.2838541666666667,0.65,465.45454545454544,8.253488028345904,8.476579508530941,2,train,Premium View Property
995000.0,4.0,4.5,3850,13551,2.0,0,2,3,3000,850,1998,,Bellevue,98006,0,1998,16,16.0,258.4415584415584,16.0,1,0.22077922077922077,1.125,452.94117647058823,8.25608813381491,9.514289416891836,2,train,Premium View Property
355000.0,4.0,2.5,2040,8265,2.0,0,0,3,2040,0,1996,,Seattle,98146,0,1996,18,18.0,174.0196078431373,18.0,0,0.0,0.625,313.84615384615387,7.621195162809845,9.019905995071678,3,test,New-Build Suburban Family
425000.0,3.0,2.25,1790,10209,1.0,0,0,3,1290,500,1967,,Woodinville,98072,0,1967,47,47.0,237.43016759776535,47.0,1,0.27932960893854747,0.75,340.95238095238096,7.490529402060711,9.231122911158712,0,train,Established Family Home
869000.0,4.0,3.0,3740,30884,2.0,0,0,3,3060,680,1988,,Woodinville,98072,0,1988,26,26.0,232.35294117647055,26.0,1,0.18181818181818182,0.75,534.2857142857143,8.227108234348146,10.33802590813,3,train,New-Build Suburban Family
915000.0,3.0,3.25,2660,4000,2.0,0,0,3,2170,490,2003,,Seattle,98122,0,2003,11,11.0,343.98496240601503,11.0,1,0.18421052631578946,1.0833333333333333,425.6,7.886457270977689,8.294299608857235,3,train,New-Build Suburban Family
2110000.0,3.0,2.25,3230,17833,2.0,0,0,4,3230,0,1973,,Bellevue,98006,0,1973,41,41.0,653.250773993808,41.0,0,0.0,0.75,615.2380952380952,8.080546965824498,9.788862026694824,3,train,New-Build Suburban Family
925000.0,4.0,2.0,3140,10437,1.0,0,0,4,2040,1100,1959,,Mercer Island,98040,0,1959,55,55.0,294.5859872611465,55.0,1,0.3503184713375796,0.5,523.3333333333334,8.052296499538647,9.25320827220336,0,train,Established Family Home
2400000.0,6.0,4.5,5480,10800,2.0,0,3,4,4430,1050,1999,,Seattle,98119,0,1999,15,15.0,437.95620437956205,15.0,1,0.19160583941605838,0.75,521.9047619047619,8.609042845046117,9.287394001418473,2,train,Premium View Property
390000.0,3.0,1.0,1160,3750,1.5,0,0,3,1160,0,1910,,Seattle,98106,0,1910,104,104.0,336.2068965517241,104.0,0,0.0,0.3333333333333333,290.0,7.057036981697891,8.229777750081887,1,train,Compact Entry-Level
330000.0,3.0,2.25,1860,11227,2.0,0,0,3,1860,0,1995,,Maple Valley,98038,0,1995,19,19.0,177.4193548387097,19.0,0,0.0,0.75,354.2857142857143,7.528869256642251,9.326165937481774,3,train,New-Build Suburban Family
482500.0,4.0,3.0,1630,7626,1.0,0,0,5,1110,520,1990,,Seattle,98125,0,1990,24,24.0,296.0122699386503,24.0,1,0.31901840490797545,0.75,232.85714285714286,7.396948602621014,8.939449862164238,0,train,Established Family Home
525000.0,3.0,2.25,1750,1879,3.0,0,0,3,1750,0,2001,,Seattle,98107,0,2001,13,13.0,300.0,13.0,0,0.0,0.75,333.3333333333333,7.467942332285852,7.539027055823995,3,test,New-Build Suburban Family
237000.0,3.0,1.0,1300,8160,1.0,0,0,4,1300,0,1960,,Renton,98056,0,1960,54,54.0,182.30769230769232,54.0,0,0.0,0.3333333333333333,325.0,7.170888478512505,9.007121989469242,1,train,Compact Entry-Level
205000.0,3.0,1.0,960,7314,1.0,0,0,5,960,0,1960,,Auburn,98002,0,1960,54,54.0,213.54166666666663,54.0,0,0.0,0.3333333333333333,240.0,6.8679744089702925,8.897682313454224,1,train,Compact Entry-Level
623000.0,3.0,2.5,1850,7777,2.0,0,0,5,1850,0,1989,,Kirkland,98033,0,1989,25,25.0,336.7567567567568,25.0,0,0.0,0.8333333333333334,336.3636363636364,7.523481312573497,8.959054514715692,3,train,New-Build Suburban Family
565000.0,4.0,2.75,3260,4900,2.0,0,0,3,3260,0,2013,,Renton,98059,0,2013,1,1.0,173.31288343558282,1.0,0,0.0,0.6875,482.962962962963,8.089789175789319,8.497194544909547,3,test,New-Build Suburban Family
400000.0,4.0,2.25,2420,7927,1.0,0,0,4,1400,1020,1973,,Shoreline,98133,0,1973,41,41.0,165.28925619834712,41.0,1,0.4214876033057851,0.5625,387.2,7.791935956938058,8.978156076009824,0,train,Established Family Home
405000.0,3.0,1.0,1460,10000,1.5,0,0,3,1460,0,2002,,Sammamish,98074,0,2002,12,12.0,277.3972602739726,12.0,0,0.0,0.3333333333333333,365.0,7.2868764117507,9.210440366976517,1,train,Compact Entry-Level
337000.0,4.0,3.0,2240,8504,2.0,0,0,3,2240,0,1992,,Shoreline,98155,0,1992,22,22.0,150.44642857142858,22.0,0,0.0,0.75,320.0,7.714677473800927,9.048409504829962,3,test,New-Build Suburban Family
355000.0,2.0,1.0,1240,27042,1.0,0,1,3,1000,240,1943,,Vashon,98070,0,1943,71,71.0,286.2903225806452,71.0,1,0.1935483870967742,0.5,413.3333333333333,7.123672785204607,10.205183470748327,1,train,Compact Entry-Level
885000.0,3.0,2.25,2060,9552,1.0,0,0,4,1610,450,1975,,Mercer Island,98040,0,1975,39,39.0,429.6116504854369,39.0,1,0.21844660194174756,0.75,392.3809523809524,7.630946580890459,9.164610520270008,0,train,Established Family Home
420000.0,5.0,2.75,2280,10319,1.0,0,0,3,1300,980,1959,,Shoreline,98177,0,1959,55,55.0,184.21052631578948,55.0,1,0.4298245614035088,0.55,294.19354838709677,7.732369222284388,9.241839039035554,0,train,Established Family Home
448000.0,4.0,2.5,2510,6853,2.0,0,2,3,2510,0,2006,,Maple Valley,98038,0,2006,8,8.0,178.48605577689244,8.0,0,0.0,0.625,386.15384615384613,7.828436359157585,8.832587702434553,2,train,Premium View Property
800000.0,4.0,2.75,3150,7035,2.0,0,0,3,3150,0,2004,,Sammamish,98075,0,2004,10,10.0,253.968253968254,10.0,0,0.0,0.6875,466.6666666666667,8.055475141757274,8.85879510585745,3,train,New-Build Suburban Family
830000.0,5.0,2.25,2780,10192,2.0,0,0,4,2780,0,1978,,Bellevue,98007,0,1978,36,36.0,298.56115107913666,36.0,0,0.0,0.45,383.44827586206895,7.930565854233965,9.229456489168413,3,train,New-Build Suburban Family
725000.0,6.0,1.75,2380,4080,2.0,0,0,3,2380,0,1917,,Seattle,98105,0,1917,97,97.0,304.6218487394958,97.0,0,0.0,0.2916666666666667,307.0967741935484,7.7752758464868625,8.314097335405807,3,test,New-Build Suburban Family
780000.0,3.0,2.25,2140,3000,2.0,0,0,3,2140,0,1905,2006.0,Seattle,98103,1,2006,109,8.0,364.4859813084112,8.0,0,0.0,0.75,407.6190476190476,7.669028288589683,8.006700845440367,1,train,Compact Entry-Level
325000.0,2.0,1.0,840,4239,1.0,0,0,3,840,0,1948,,Seattle,98136,0,1948,66,66.0,386.9047619047619,66.0,0,0.0,0.5,280.0,6.734591659972948,8.352318548226004,1,test,Compact Entry-Level
488800.0,4.0,2.25,2170,9665,1.0,0,0,4,1300,870,1976,,Bellevue,98006,0,1976,38,38.0,225.25345622119812,38.0,1,0.4009216589861751,0.5625,347.2,7.682943169878292,9.17636985240503,0,train,Established Family Home
1320000.0,4.0,3.5,4410,36200,2.0,0,0,3,4410,0,1989,,Bellevue,98006,0,1989,25,25.0,299.31972789115645,25.0,0,0.0,0.875,588.0,8.39185670010494,10.49684202174171,3,train,New-Build Suburban Family
489000.0,4.0,2.0,2120,11479,1.0,0,0,4,1060,1060,1940,,Seattle,98125,0,1940,74,74.0,230.66037735849056,74.0,1,0.5,0.5,353.3333333333333,7.659642954564682,9.348361669873558,0,train,Established Family Home
1240000.0,7.0,5.5,6630,13782,2.0,0,0,3,4930,1700,2004,,Bellevue,98006,0,2004,10,10.0,187.0286576168929,10.0,1,0.2564102564102564,0.7857142857142857,530.4,8.799510901368867,9.531191227694439,3,test,New-Build Suburban Family
595000.0,3.0,2.75,3290,22649,2.0,0,0,4,3290,0,1993,,Newcastle,98056,0,1993,21,21.0,180.8510638297872,21.0,0,0.0,0.9166666666666666,572.1739130434783,8.098946748943339,10.02791513091118,3,train,New-Build Suburban Family
359900.0,5.0,2.25,2290,7420,1.0,0,0,3,1290,1000,1973,,Renton,98058,0,1973,41,41.0,157.16157205240174,41.0,1,0.4366812227074236,0.45,315.86206896551727,7.736743682453495,8.912069097970134,0,train,Established Family Home
1080000.0,3.0,3.0,4910,43560,2.0,0,0,4,4000,910,1989,,Bellevue,98007,0,1989,25,25.0,219.959266802444,25.0,1,0.18533604887983707,1.0,818.3333333333334,8.499232866039245,10.681917533624532,3,test,New-Build Suburban Family
925000.0,4.0,2.75,3730,8014,2.0,0,0,3,3730,0,2012,,Sammamish,98074,0,2012,2,2.0,247.98927613941015,2.0,0,0.0,0.6875,552.5925925925926,8.224431573221159,8.989070065043654,3,train,New-Build Suburban Family
625000.0,3.0,2.5,2440,4800,2.0,0,0,3,2440,0,2014,,Seattle,98106,0,2014,0,0.0,256.1475409836066,0.0,0,0.0,0.8333333333333334,443.6363636363636,7.80016307039296,8.476579508530941,3,train,New-Build Suburban Family
339990.0,3.0,2.5,2570,4600,2.0,0,0,3,2570,0,2014,,Auburn,98092,0,2014,0,0.0,132.29182879377433,0.0,0,0.0,0.8333333333333334,467.27272727272725,7.852050207265889,8.434028950155469,3,train,New-Build Suburban Family
775950.0,4.0,2.5,2970,4400,2.0,0,0,3,2970,0,2014,,Redmond,98052,0,2014,0,0.0,261.26262626262627,0.0,0,0.0,0.625,456.9230769230769,7.9966538754626075,8.38958706681109,3,train,New-Build Suburban Family
420000.0,5.0,3.0,2630,3149,2.0,0,0,3,1670,960,2013,,Renton,98056,0,2013,1,1.0,159.6958174904943,1.0,1,0.3650190114068441,0.6,328.75,7.875119281040293,8.055157731819678,3,train,New-Build Suburban Family
654000.0,3.0,3.25,1530,1565,2.0,0,0,3,1280,250,2005,,Seattle,98122,0,2005,9,9.0,427.4509803921569,9.0,1,0.16339869281045752,1.0833333333333333,244.8,7.333676395657684,7.356279876550748,3,train,New-Build Suburban Family
725000.0,3.0,3.5,3690,8837,2.0,0,0,3,3690,0,2001,,Snoqualmie,98065,0,2001,13,13.0,196.4769647696477,13.0,0,0.0,1.1666666666666667,567.6923076923077,8.213652703029998,9.086815885690685,3,test,New-Build Suburban Family
375000.0,2.0,1.0,1230,1820,2.0,0,0,4,830,400,1948,,Seattle,98107,0,1948,66,66.0,304.8780487804878,66.0,1,0.3252032520325203,0.5,410.0,7.115582126184454,7.507141079727608,1,test,Compact Entry-Level
1100000.0,3.0,2.5,2200,20000,1.0,0,1,3,1400,800,1952,,Bellevue,98004,0,1952,62,62.0,500.0,62.0,1,0.36363636363636365,0.8333333333333334,400.0,7.696667081526462,9.90353755128617,0,train,Established Family Home
639500.0,4.0,2.25,2330,8994,2.0,0,0,3,2330,0,1986,,Redmond,98052,0,1986,28,28.0,274.46351931330474,28.0,0,0.0,0.5625,372.8,7.754052639035757,9.104424146384634,3,train,New-Build Suburban Family
849000.0,4.0,2.0,2160,6300,1.5,0,1,4,2160,0,1928,,Seattle,98116,0,1928,86,86.0,393.05555555555554,86.0,0,0.0,0.5,360.0,7.6783263565068856,8.748463629942055,0,train,Established Family Home
418000.0,4.0,1.5,1550,9176,1.0,0,0,3,1000,550,1956,,Bellevue,98008,0,1956,58,58.0,269.6774193548387,58.0,1,0.3548387096774194,0.375,281.8181818181818,7.346655163176539,9.124455632819013,0,train,Established Family Home
442900.0,4.0,1.75,1780,2788,1.0,0,0,4,890,890,1943,,Seattle,98199,0,1943,71,71.0,248.82022471910116,71.0,1,0.5,0.4375,309.5652173913044,7.484930283289661,7.933438387627489,0,train,Established Family Home
750000.0,3.0,1.75,2610,5544,1.5,0,0,3,1680,930,1934,,Seattle,98117,0,1934,80,80.0,287.35632183908046,80.0,1,0.3563218390804598,0.5833333333333334,549.4736842105264,7.8674885686991285,8.620651899784468,0,train,Established Family Home
930000.0,3.0,2.5,3290,6830,2.0,0,0,3,3290,0,2000,,Redmond,98052,0,2000,14,14.0,282.67477203647417,14.0,0,0.0,0.8333333333333334,598.1818181818181,8.098946748943339,8.82922635473185,3,train,New-Build Suburban Family
565000.0,2.0,1.75,1330,6000,1.0,0,0,4,960,370,1914,1945.0,Seattle,98199,1,1945,100,69.0,424.812030075188,69.0,1,0.2781954887218045,0.875,354.6666666666667,7.193685818395112,8.699681400989514,1,train,Compact Entry-Level
874150.0,4.0,3.5,3530,14406,2.0,0,1,3,2570,960,1987,,Kirkland,98034,0,1987,27,27.0,247.6345609065156,27.0,1,0.2719546742209632,0.875,470.6666666666667,8.169336395928386,9.575469478561473,3,train,New-Build Suburban Family
545000.0,4.0,2.5,2090,6023,2.0,0,0,3,2090,0,1990,,Issaquah,98029,0,1990,24,24.0,260.76555023923447,24.0,0,0.0,0.625,321.53846153846155,7.645397699428633,8.703506769479729,3,train,New-Build Suburban Family
500000.0,4.0,2.5,2040,8400,1.0,0,0,3,1420,620,1963,,Bellevue,98006,0,1963,51,51.0,245.09803921568627,51.0,1,0.30392156862745096,0.625,313.84615384615387,7.621195162809845,9.036106025364846,0,train,Established Family Home
687000.0,4.0,2.5,2370,10083,2.0,0,0,5,2370,0,1966,,Kirkland,98033,0,1966,48,48.0,289.873417721519,48.0,0,0.0,0.625,364.61538461538464,7.771067086065406,9.218705288307811,3,train,New-Build Suburban Family
810000.0,4.0,2.5,2810,10613,2.0,0,0,3,2810,0,1989,,Bellevue,98006,0,1989,25,25.0,288.2562277580071,25.0,0,0.0,0.625,432.3076923076923,7.941295570906532,9.26992916338784,3,train,New-Build Suburban Family
439500.0,3.0,2.5,2050,40003,1.0,0,0,4,1570,480,1977,,Issaquah,98027,0,1977,37,37.0,214.390243902439,37.0,1,0.23414634146341465,0.8333333333333334,372.72727272727275,7.62608275807238,10.596734728096406,0,train,Established Family Home
802000.0,3.0,1.75,2870,5000,1.5,0,0,4,1840,1030,1907,,Seattle,98144,0,1907,107,107.0,279.4425087108014,107.0,1,0.3588850174216028,0.5833333333333334,604.2105263157895,7.962415680121064,8.517393171418904,0,train,Established Family Home
732600.0,4.0,2.5,2130,7300,1.0,0,0,4,1230,900,1963,,Bellevue,98005,0,1963,51,51.0,343.943661971831,51.0,1,0.4225352112676056,0.625,327.6923076923077,7.664346632098617,8.895766604056085,0,train,Established Family Home
374000.0,4.0,2.5,2580,6260,2.0,0,0,3,2580,0,2004,,Renton,98056,0,2004,10,10.0,144.96124031007753,10.0,0,0.0,0.625,396.9230769230769,7.855932199718614,8.74209519574531,3,test,New-Build Suburban Family
330000.0,4.0,2.5,2380,13550,2.0,0,0,3,2380,0,1999,,SeaTac,98188,0,1999,15,15.0,138.65546218487395,15.0,0,0.0,0.625,366.15384615384613,7.7752758464868625,9.514215624322715,3,train,New-Build Suburban Family
365000.0,4.0,2.0,1940,25600,1.0,0,0,1,1940,0,1962,,Bellevue,98006,0,1962,52,52.0,188.1443298969072,52.0,0,0.0,0.5,323.3333333333333,7.57095858316901,10.150386692204734,3,train,New-Build Suburban Family
290900.0,2.0,2.0,1610,17600,2.0,0,0,3,1610,0,1930,1983.0,Tukwila,98178,1,1983,84,31.0,180.6832298136646,31.0,0,0.0,1.0,402.5,7.384610383176974,9.77571099759397,1,test,Compact Entry-Level
577000.0,3.0,2.5,2060,5750,1.0,0,0,3,1330,730,1976,,Seattle,98116,0,1976,38,38.0,280.0970873786408,38.0,1,0.35436893203883496,0.8333333333333334,374.54545454545456,7.630946580890459,8.657129031713755,0,test,Established Family Home
280000.0,2.0,1.0,1010,3000,1.0,0,0,4,1010,0,1925,,North Bend,98045,0,1925,89,89.0,277.2277227722772,89.0,0,0.0,0.5,336.6666666666667,6.918695219020472,8.006700845440367,1,train,Compact Entry-Level
675000.0,4.0,2.5,2810,11120,2.0,0,0,3,2810,0,1982,,Sammamish,98074,0,1982,32,32.0,240.2135231316726,32.0,0,0.0,0.625,432.3076923076923,7.941295570906532,9.316590491818841,3,test,New-Build Suburban Family
800000.0,3.0,2.25,2380,11824,1.0,0,0,4,1450,930,1972,,Mercer Island,98040,0,1972,42,42.0,336.1344537815126,42.0,1,0.3907563025210084,0.75,453.3333333333333,7.7752758464868625,9.377971213360134,0,test,Established Family Home
299995.0,2.0,1.0,1060,7200,1.0,0,0,4,1060,0,1951,,Shoreline,98155,0,1951,63,63.0,283.0141509433962,63.0,0,0.0,0.5,353.3333333333333,6.966967138613983,8.881975184248867,1,train,Compact Entry-Level
440000.0,3.0,1.75,1560,7207,1.0,0,0,3,1250,310,1983,,Kirkland,98034,0,1983,31,31.0,282.05128205128204,31.0,1,0.1987179487179487,0.5833333333333334,328.42105263157896,7.353081920515432,8.882946799288174,0,test,Established Family Home
249500.0,2.0,1.75,1500,8645,1.0,0,0,4,1500,0,1963,,Covington,98042,0,1963,51,51.0,166.33333333333334,51.0,0,0.0,0.875,400.0,7.313886831633462,9.064852065227576,1,train,Compact Entry-Level
690000.0,2.0,1.0,970,4560,1.0,0,0,4,970,0,1907,,Seattle,98103,0,1907,107,107.0,711.340206185567,107.0,0,0.0,0.5,323.3333333333333,6.878326468291325,8.4252971767117,1,train,Compact Entry-Level
235000.0,3.0,1.0,1170,11100,1.0,0,0,4,1170,0,1968,,Renton,98059,0,1968,46,46.0,200.85470085470087,46.0,0,0.0,0.3333333333333333,292.5,7.065613363597717,9.314790473332646,1,train,Compact Entry-Level
320000.0,3.0,2.5,2280,7417,2.0,0,0,3,2280,0,1998,,Auburn,98001,0,1998,16,16.0,140.35087719298247,16.0,0,0.0,0.8333333333333334,414.54545454545456,7.732369222284388,8.911664758049536,3,test,New-Build Suburban Family
350000.0,7.0,3.0,2800,9569,1.0,0,2,3,1400,1400,1963,,Renton,98056,0,1963,51,51.0,125.0,51.0,1,0.5,0.42857142857142855,280.0,7.937731775260109,9.166388484447,2,train,Premium View Property
334000.0,4.0,1.5,1150,9360,1.5,0,0,3,1150,0,1970,,Kirkland,98034,0,1970,44,44.0,290.4347826086956,44.0,0,0.0,0.375,209.0909090909091,7.048386408721883,9.144307401371744,1,test,Compact Entry-Level
235000.0,6.0,3.0,2180,7956,2.0,0,0,3,2180,0,1980,,Federal Way,98003,0,1980,34,34.0,107.79816513761467,34.0,0,0.0,0.5,242.22222222222223,7.687538766201629,8.981807323377534,3,train,New-Build Suburban Family
442000.0,4.0,2.5,2520,7253,2.0,0,0,3,2520,0,1990,,Renton,98059,0,1990,24,24.0,175.3968253968254,24.0,0,0.0,0.625,387.6923076923077,7.83241092718792,8.889308319842847,3,test,New-Build Suburban Family
264000.0,3.0,1.75,1760,7482,1.0,0,0,4,1760,0,1966,,Federal Way,98023,0,1966,48,48.0,150.0,48.0,0,0.0,0.5833333333333334,370.5263157894737,7.473637108496206,8.920389060080359,1,train,Compact Entry-Level
275000.0,2.0,1.0,1180,6552,1.0,0,0,4,1180,0,1949,,Shoreline,98133,0,1949,65,65.0,233.05084745762716,65.0,0,0.0,0.5,393.3333333333333,7.074116816197362,8.787678239039497,1,train,Compact Entry-Level
430000.0,2.0,1.5,950,4625,1.0,0,0,4,950,0,1949,,Seattle,98103,0,1949,65,65.0,452.6315789473685,65.0,0,0.0,0.75,271.42857142857144,6.85751406254539,8.439447842791385,1,train,Compact Entry-Level
550000.0,3.0,2.5,1900,3255,2.0,0,0,3,1900,0,1988,2000.0,Bellevue,98007,1,2000,26,14.0,289.4736842105263,14.0,0,0.0,0.8333333333333334,345.45454545454544,7.550135342488429,8.08825472712243,3,train,New-Build Suburban Family
775000.0,4.0,2.5,2300,6158,2.0,0,0,3,2300,0,1999,,Seattle,98115,0,1999,15,15.0,336.95652173913044,15.0,0,0.0,0.625,353.84615384615387,7.741099090035366,8.725669705687043,3,train,New-Build Suburban Family
603500.0,6.0,2.75,2660,8400,1.0,0,0,5,1550,1110,1962,,Bellevue,98006,0,1962,52,52.0,226.8796992481203,52.0,1,0.41729323308270677,0.4583333333333333,304.0,7.886457270977689,9.036106025364846,0,train,Established Family Home
230000.0,3.0,1.0,1530,389126,1.5,0,0,4,1530,0,1919,,Enumclaw,98022,0,1919,95,95.0,150.32679738562092,95.0,0,0.0,0.3333333333333333,382.5,7.333676395657684,12.87166104746729,1,train,Compact Entry-Level
449000.0,4.0,2.5,1850,5040,1.0,0,0,3,1230,620,1930,2013.0,Seattle,98126,1,2013,84,1.0,242.7027027027027,1.0,1,0.33513513513513515,0.625,284.61538461538464,7.523481312573497,8.525359754082631,0,train,Established Family Home
2075000.0,4.0,3.5,4230,20377,2.0,0,0,3,4230,0,1997,,Bellevue,98004,0,1997,17,17.0,490.5437352245863,17.0,0,0.0,0.875,564.0,8.350193650720067,9.92221116653423,3,train,New-Build Suburban Family
420000.0,3.0,2.0,1200,5029,1.0,0,0,3,880,320,1937,,Seattle,98115,0,1937,77,77.0,350.0,77.0,1,0.26666666666666666,0.6666666666666666,240.0,7.0909098220799835,8.523175263093785,0,train,Established Family Home
735000.0,4.0,2.25,2270,5102,1.0,0,0,5,1340,930,1954,,Seattle,98199,0,1954,60,60.0,323.7885462555066,60.0,1,0.40969162995594716,0.5625,363.2,7.7279755421055585,8.537583881063972,0,train,Established Family Home
200000.0,3.0,1.5,1090,9600,1.0,0,0,4,1090,0,1968,,Covington,98042,0,1968,46,46.0,183.4862385321101,46.0,0,0.0,0.5,242.22222222222223,6.994849985833071,9.169622538697624,1,train,Compact Entry-Level
286000.0,3.0,2.75,1100,750,2.0,0,0,3,780,320,2008,,Seattle,98106,0,2008,6,6.0,260.0,6.0,1,0.2909090909090909,0.9166666666666666,191.30434782608697,7.00397413672268,6.621405651764134,3,test,New-Build Suburban Family
579000.0,3.0,2.5,1640,1269,3.0,0,0,3,1640,0,2009,,Seattle,98112,0,2009,5,5.0,353.0487804878049,5.0,0,0.0,0.8333333333333334,298.1818181818182,7.403061091090091,7.146772179452637,3,test,New-Build Suburban Family
345100.0,3.0,3.75,1950,8625,1.0,0,0,3,1360,590,1959,,Seattle,98178,0,1959,55,55.0,176.97435897435898,55.0,1,0.30256410256410254,1.25,288.8888888888889,7.576097340623111,9.062536177207788,0,train,Established Family Home
350000.0,3.0,1.75,1660,10150,1.5,0,0,3,1660,0,1957,,Shoreline,98133,0,1957,57,57.0,210.84337349397592,57.0,0,0.0,0.5833333333333334,349.4736842105263,7.415175109613295,9.225327501784431,1,train,Compact Entry-Level
291500.0,3.0,1.0,880,9238,1.5,0,0,5,880,0,1946,,Shoreline,98155,0,1946,68,68.0,331.25,68.0,0,0.0,0.3333333333333333,220.0,6.78105762593618,9.131188933670746,1,train,Compact Entry-Level
649950.0,3.0,2.5,1500,1375,2.0,0,0,3,1200,300,2014,,Seattle,98119,0,2014,0,0.0,433.3,0.0,1,0.2,0.8333333333333334,272.72727272727275,7.313886831633462,7.226936018493289,3,train,New-Build Suburban Family
458500.0,3.0,2.0,1890,1599,2.0,0,0,3,1430,460,2012,,Seattle,98136,0,2012,2,2.0,242.59259259259255,2.0,1,0.24338624338624337,0.6666666666666666,378.0,7.544861068658458,7.3777589082278725,3,train,New-Build Suburban Family
500000.0,3.0,1.0,1150,5100,2.0,0,0,3,1150,0,1911,2005.0,Seattle,98136,1,2005,103,9.0,434.7826086956522,9.0,0,0.0,0.3333333333333333,287.5,7.048386408721883,8.537191877922927,1,train,Compact Entry-Level
362300.0,3.0,2.5,2430,15264,2.0,0,0,3,2430,0,1997,,Kent,98030,0,1997,17,17.0,149.09465020576133,17.0,0,0.0,0.8333333333333334,441.8181818181818,7.796057974316123,9.633317905168978,3,test,New-Build Suburban Family
324000.0,4.0,1.75,2110,7208,1.0,0,0,3,1170,940,1975,,Renton,98058,0,1975,39,39.0,153.55450236966826,39.0,1,0.44549763033175355,0.4375,366.95652173913044,7.65491704784832,8.883085524404578,0,train,Established Family Home
495000.0,3.0,2.0,2950,12196,2.0,0,0,4,2310,640,1918,,Burien,98166,0,1918,96,96.0,167.79661016949152,96.0,1,0.21694915254237288,0.6666666666666666,590.0,7.989899374942939,9.40894529884324,0,train,Established Family Home
233500.0,3.0,2.25,1650,2958,2.0,0,0,3,1650,0,1985,,Kent,98031,0,1985,29,29.0,141.5151515151515,29.0,0,0.0,0.75,314.2857142857143,7.409136443920128,7.99260665240021,3,train,New-Build Suburban Family
479000.0,3.0,2.25,2110,11319,2.0,0,0,4,2110,0,1978,,Woodinville,98072,0,1978,36,36.0,227.01421800947867,36.0,0,0.0,0.75,401.9047619047619,7.65491704784832,9.334326351757174,3,test,New-Build Suburban Family
322200.0,4.0,2.25,2010,19000,2.0,0,0,4,2010,0,1975,,Covington,98042,0,1975,39,39.0,160.29850746268656,39.0,0,0.0,0.5625,321.6,7.606387389772652,9.852246888342531,3,train,New-Build Suburban Family
835000.0,4.0,2.5,3030,29163,2.0,0,0,3,3030,0,1998,,Redmond,98053,0,1998,16,16.0,275.5775577557756,16.0,0,0.0,0.625,466.15384615384613,8.016647877057803,10.28069035092632,3,train,New-Build Suburban Family
347000.0,3.0,1.0,1270,8400,1.0,0,0,3,1270,0,1955,,Bothell,98011,0,1955,59,59.0,273.2283464566929,59.0,0,0.0,0.3333333333333333,317.5,7.147559271189454,9.036106025364846,1,train,Compact Entry-Level
725000.0,3.0,1.75,1610,8613,1.0,0,0,5,1610,0,1962,,Kirkland,98033,0,1962,52,52.0,450.3105590062112,52.0,0,0.0,0.5833333333333334,338.94736842105266,7.384610383176974,9.061144065614055,1,train,Compact Entry-Level
345000.0,3.0,1.0,1140,4200,2.0,0,0,4,1140,0,1904,,Seattle,98144,0,1904,110,110.0,302.63157894736844,110.0,0,0.0,0.3333333333333333,285.0,7.039660349862076,8.343077871169383,1,train,Compact Entry-Level
345950.0,3.0,2.5,2110,4118,2.0,0,0,3,2110,0,1989,,Kent,98042,0,1989,25,25.0,163.95734597156397,25.0,0,0.0,0.8333333333333334,383.6363636363636,7.65491704784832,8.323365694436081,3,train,New-Build Suburban Family
550000.0,3.0,1.75,1840,8086,1.0,0,0,4,1840,0,1964,,Redmond,98052,0,1964,50,50.0,298.9130434782609,50.0,0,0.0,0.5833333333333334,387.36842105263156,7.518064181233078,8.998013113095823,1,test,Compact Entry-Level
399950.0,3.0,1.75,1560,5223,1.0,0,0,4,810,750,1940,,Seattle,98125,0,1940,74,74.0,256.37820512820514,74.0,1,0.4807692307692308,0.5833333333333334,328.42105263157896,7.353081920515432,8.561018670956267,0,test,Established Family Home
269500.0,3.0,1.75,1840,7412,1.0,0,0,4,1240,600,1976,,Kent,98031,0,1976,38,38.0,146.4673913043478,38.0,1,0.32608695652173914,0.5833333333333334,387.36842105263156,7.518064181233078,8.910990494656719,0,train,Established Family Home
494000.0,4.0,2.5,1830,7345,1.0,0,0,4,1540,290,1973,,Shoreline,98177,0,1973,41,41.0,269.94535519125685,41.0,1,0.15846994535519127,0.625,281.53846153846155,7.5126175446745105,8.901911226379612,0,train,Established Family Home
453000.0,4.0,1.75,2120,7420,1.0,0,0,4,1060,1060,1956,,Bellevue,98008,0,1956,58,58.0,213.67924528301887,58.0,1,0.5,0.4375,368.69565217391306,7.659642954564682,8.912069097970134,0,train,Established Family Home
442500.0,3.0,1.75,1600,10280,1.0,0,0,3,1050,550,1977,,Kirkland,98034,0,1977,37,37.0,276.5625,37.0,1,0.34375,0.5833333333333334,336.8421052631579,7.3783837129967145,9.238052810542719,0,train,Established Family Home
235000.0,4.0,1.75,1450,8891,1.5,0,0,3,1180,270,1962,,Tukwila,98168,0,1962,52,52.0,162.06896551724137,52.0,1,0.18620689655172415,0.4375,252.17391304347825,7.280008252884188,9.092907275084087,0,train,Established Family Home
389800.0,3.0,1.75,1880,12821,1.0,0,0,3,1880,0,1959,,Lake Forest Park,98155,0,1959,55,55.0,207.3404255319149,55.0,0,0.0,0.5833333333333334,395.7894736842105,7.53955882930103,9.458917724547202,1,train,Compact Entry-Level
346000.0,3.0,1.75,1270,8100,1.0,0,0,3,880,390,1950,,Burien,98146,0,1950,64,64.0,272.4409448818898,64.0,1,0.30708661417322836,0.5833333333333334,267.36842105263156,7.147559271189454,8.999742789830492,0,train,Established Family Home
360000.0,4.0,1.5,1720,6417,1.0,0,0,3,1720,0,1953,,Seattle,98125,0,1953,61,61.0,209.3023255813953,61.0,0,0.0,0.375,312.72727272727275,7.450660796211539,8.766861821669803,1,train,Compact Entry-Level
650000.0,4.0,2.5,2400,7351,2.0,0,0,3,2400,0,1990,,Issaquah,98029,0,1990,24,24.0,270.8333333333333,24.0,0,0.0,0.625,369.2307692307692,7.783640596221253,8.902727664035522,3,test,New-Build Suburban Family
290000.0,3.0,1.0,1150,8145,1.0,0,0,4,990,160,1932,,Shoreline,98155,0,1932,82,82.0,252.17391304347825,82.0,1,0.1391304347826087,0.3333333333333333,287.5,7.048386408721883,9.005282288208358,1,train,Compact Entry-Level
234000.0,2.0,1.0,870,11100,1.0,0,0,3,870,0,1940,,Seattle,98146,0,1940,74,74.0,268.9655172413793,74.0,0,0.0,0.5,290.0,6.769641976852503,9.314790473332646,1,test,Compact Entry-Level
260000.0,4.0,2.5,2000,37045,2.0,0,0,3,2000,0,1989,,Kent,98042,0,1989,25,25.0,130.0,25.0,0,0.0,0.625,307.6923076923077,7.601402334583733,10.519915662682669,3,train,New-Build Suburban Family
349900.0,3.0,2.0,2420,38781,1.0,0,0,5,1210,1210,1949,,Issaquah,98027,0,1949,65,65.0,144.58677685950414,65.0,1,0.5,0.6666666666666666,484.0,7.791935956938058,10.565711500442564,0,train,Established Family Home
275000.0,3.0,1.0,1080,6000,1.0,0,0,4,1080,0,1952,,Shoreline,98133,0,1952,62,62.0,254.6296296296296,62.0,0,0.0,0.3333333333333333,270.0,6.985641817639208,8.699681400989514,1,train,Compact Entry-Level
725000.0,4.0,2.5,3420,30410,2.0,0,0,3,3420,0,1988,,Woodinville,98077,0,1988,26,26.0,211.98830409356725,26.0,0,0.0,0.625,526.1538461538462,8.137688184977605,10.322559664050509,3,train,New-Build Suburban Family
375000.0,4.0,2.5,1870,7471,2.0,0,0,3,1870,0,1990,,Renton,98055,0,1990,24,24.0,200.5347593582888,24.0,0,0.0,0.625,287.6923076923077,7.534228326274089,8.918917979908679,3,train,New-Build Suburban Family
806000.0,4.0,2.5,2500,206474,1.0,0,0,3,2500,0,1997,,Redmond,98053,0,1997,17,17.0,322.4,17.0,0,0.0,0.625,384.61538461538464,7.824445930877619,12.237934618678917,3,train,New-Build Suburban Family
470000.0,3.0,2.5,2150,8221,2.0,0,0,3,2150,0,1992,,Renton,98059,0,1992,22,22.0,218.6046511627907,22.0,0,0.0,0.8333333333333334,390.90909090909093,7.67368812926773,9.014568767457824,3,train,New-Build Suburban Family
490000.0,3.0,2.25,1470,2500,2.0,0,0,3,1080,390,1984,,Seattle,98117,0,1984,30,30.0,333.3333333333333,30.0,1,0.2653061224489796,0.75,280.0,7.293697720601438,7.824445930877619,3,train,New-Build Suburban Family
615000.0,5.0,2.0,2130,4180,1.5,0,0,5,1270,860,1926,,Seattle,98116,0,1926,88,88.0,288.7323943661972,88.0,1,0.40375586854460094,0.4,304.2857142857143,7.664346632098617,8.338305731356565,0,train,Established Family Home
249000.0,3.0,1.0,1000,19204,1.0,0,0,3,1000,0,1968,2010.0,Kent,98042,1,2010,46,4.0,249.0,4.0,0,0.0,0.3333333333333333,250.0,6.90875477931522,9.862925940780006,1,train,Compact Entry-Level
396500.0,3.0,1.75,2390,7149,1.0,0,0,3,1350,1040,1955,,Seattle,98125,0,1955,59,59.0,165.89958158995816,59.0,1,0.4351464435146444,0.5833333333333334,503.1578947368421,7.779466967458324,8.874867635688053,0,train,Established Family Home
405000.0,2.0,1.0,860,2599,1.0,0,0,4,860,0,1901,,Seattle,98107,0,1901,113,113.0,470.9302325581396,113.0,0,0.0,0.5,286.6666666666667,6.7580945044277305,7.8632667240095735,1,train,Compact Entry-Level
560000.0,3.0,2.5,1960,12476,2.0,0,0,4,1960,0,1989,,Newcastle,98056,0,1989,25,25.0,285.7142857142857,25.0,0,0.0,0.8333333333333334,356.3636363636364,7.581209826196346,9.431642228411022,3,test,New-Build Suburban Family
459950.0,4.0,2.5,2000,6107,2.0,0,0,3,2000,0,2003,,Bothell,98011,0,2003,11,11.0,229.975,11.0,0,0.0,0.625,307.6923076923077,7.601402334583733,8.717354666338522,3,train,New-Build Suburban Family
265000.0,3.0,1.0,1620,9450,1.5,0,0,3,1620,0,1928,,Seattle,98168,0,1928,86,86.0,163.58024691358025,86.0,0,0.0,0.3333333333333333,405.0,7.390798521735676,9.153875834995056,1,train,Compact Entry-Level
502000.0,6.0,2.5,2890,8122,1.0,0,0,3,1630,1260,1977,,Bellevue,98008,0,1977,37,37.0,173.7024221453287,37.0,1,0.4359861591695502,0.4166666666666667,340.0,7.969357742016346,9.002454823050954,0,train,Established Family Home
430000.0,3.0,1.75,1300,12731,1.0,0,0,3,1300,0,1981,,Sammamish,98074,0,1981,33,33.0,330.7692307692308,33.0,0,0.0,0.5833333333333334,273.6842105263158,7.170888478512505,9.451873788401983,1,train,Compact Entry-Level
525000.0,2.0,1.0,1080,3500,1.0,0,3,3,1080,0,1924,,Seattle,98103,0,1924,90,90.0,486.1111111111111,90.0,0,0.0,0.5,360.0,6.985641817639208,8.160803920954665,1,test,Compact Entry-Level
415000.0,4.0,2.5,2170,8518,1.0,0,3,3,1350,820,1955,,Seattle,98178,0,1955,59,59.0,191.2442396313364,59.0,1,0.3778801843317972,0.625,333.84615384615387,7.682943169878292,9.05005424204284,2,test,Premium View Property
600000.0,3.0,2.5,2260,10153,2.0,0,0,3,2260,0,1987,,Sammamish,98074,0,1987,27,27.0,265.4867256637168,27.0,0,0.0,0.8333333333333334,410.90909090909093,7.72356247227797,9.22562299550734,3,train,New-Build Suburban Family
225000.0,3.0,1.75,1580,8820,1.0,0,0,4,1580,0,1967,,Federal Way,98003,0,1967,47,47.0,142.40506329113924,47.0,0,0.0,0.5833333333333334,332.63157894736844,7.365812837209472,9.084890521258767,1,train,Compact Entry-Level
300000.0,4.0,2.5,2620,4469,2.0,0,0,3,2620,0,2008,,Covington,98042,0,2008,6,6.0,114.50381679389314,6.0,0,0.0,0.625,403.0769230769231,7.8713112033234065,8.405143687607614,3,train,New-Build Suburban Family
491234.0,4.0,2.5,1540,1860,2.0,0,0,3,1540,0,2014,,Issaquah,98029,0,2014,0,0.0,318.9831168831169,0.0,0,0.0,0.625,236.92307692307693,7.340186835320115,7.528869256642251,3,train,New-Build Suburban Family
1580000.0,4.0,2.5,4570,74487,2.0,0,4,5,4570,0,1948,1985.0,Seattle,98177,1,1985,66,29.0,345.73304157549234,29.0,0,0.0,0.625,703.0769230769231,8.427487278331744,11.218393317568365,2,train,Premium View Property
905000.0,4.0,3.25,3440,7661,2.0,0,0,3,3440,0,2006,,Issaquah,98029,0,2006,8,8.0,263.0813953488372,8.0,0,0.0,0.8125,474.48275862068965,8.14351740579748,8.944028325260595,3,train,New-Build Suburban Family
199950.0,5.0,2.5,1740,8750,1.0,0,0,4,1740,0,1959,,Des Moines,98198,0,1959,55,55.0,114.91379310344828,55.0,0,0.0,0.5,232.0,7.462214939768189,9.076923258535832,0,train,Established Family Home
450000.0,4.0,1.75,2160,4333,1.0,0,0,4,1260,900,1942,,Seattle,98117,0,1942,72,72.0,208.33333333333331,72.0,1,0.4166666666666667,0.4375,375.6521739130435,7.6783263565068856,8.374246182096304,0,train,Established Family Home
899000.0,3.0,1.0,1480,6978,2.0,0,0,4,1480,0,1949,1985.0,Yarrow Point,98004,1,1985,65,29.0,607.4324324324324,29.0,0,0.0,0.3333333333333333,370.0,7.300472814267799,8.850660919017152,1,train,Compact Entry-Level
649000.0,2.0,1.75,2260,280962,2.0,0,2,3,1890,370,2005,,Carnation,98014,0,2005,9,9.0,287.16814159292034,9.0,1,0.16371681415929204,0.875,602.6666666666666,7.72356247227797,12.54597826704842,2,train,Premium View Property
780000.0,4.0,3.5,3910,59863,2.0,0,0,4,2490,1420,1987,,Issaquah,98027,0,1987,27,27.0,199.48849104859332,27.0,1,0.3631713554987212,0.875,521.3333333333334,8.271548374755515,10.999830601760195,0,train,Established Family Home
400000.0,4.0,1.75,1700,20283,1.5,0,0,3,1340,360,1965,,Duvall,98019,0,1965,49,49.0,235.2941176470588,49.0,1,0.21176470588235294,0.4375,295.6521739130435,7.438971592395862,9.91758767691491,0,train,Established Family Home
831500.0,5.0,2.5,4470,35124,2.5,0,0,3,4470,0,1984,,Woodinville,98072,0,1984,30,30.0,186.0178970917226,30.0,0,0.0,0.5,596.0,8.405367376233981,10.466668406636046,3,test,New-Build Suburban Family
471001.0,3.0,1.75,1800,6000,1.0,0,0,5,900,900,1905,,Seattle,98103,0,1905,109,109.0,261.6672222222222,109.0,1,0.5,0.5833333333333334,378.94736842105266,7.496097345175956,8.699681400989514,0,train,Established Family Home
385000.0,3.0,3.25,1630,1677,3.0,0,0,3,1630,0,2007,,Seattle,98133,0,2007,7,7.0,236.1963190184049,7.0,0,0.0,1.0833333333333333,260.8,7.396948602621014,7.425357887027151,3,train,New-Build Suburban Family
326000.0,3.0,1.0,1030,9834,1.0,0,0,3,1030,0,1969,,Woodinville,98072,0,1969,45,45.0,316.50485436893206,45.0,0,0.0,0.3333333333333333,257.5,6.93828448401696,9.19370273082316,1,train,Compact Entry-Level
335000.0,1.0,1.0,720,5100,1.0,0,0,3,720,0,1907,,Seattle,98117,0,1907,107,107.0,465.27777777777777,107.0,0,0.0,1.0,360.0,6.580639137284949,8.537191877922927,1,train,Compact Entry-Level
320000.0,4.0,1.5,1890,43560,1.0,0,0,4,1890,0,1974,,Auburn,98092,0,1974,40,40.0,169.31216931216932,40.0,0,0.0,0.375,343.6363636363636,7.544861068658458,10.681917533624532,0,train,Established Family Home
300000.0,4.0,2.5,1840,5550,2.0,0,0,3,1840,0,2004,,Kent,98031,0,2004,10,10.0,163.04347826086956,10.0,0,0.0,0.625,283.0769230769231,7.518064181233078,8.621733370690162,3,train,New-Build Suburban Family
269950.0,4.0,2.5,2540,8400,2.0,0,0,5,2540,0,1977,,Kent,98032,0,1977,37,37.0,106.27952755905513,37.0,0,0.0,0.625,390.7692307692308,7.840312983320164,9.036106025364846,3,train,New-Build Suburban Family
1220000.0,4.0,3.75,3520,3944,1.5,0,0,5,2200,1320,1913,,Seattle,98109,0,1913,101,101.0,346.59090909090907,101.0,1,0.375,0.9375,454.19354838709677,8.166500319155052,8.280204233279974,0,test,Established Family Home
590000.0,4.0,2.5,3220,7875,1.5,0,0,4,3220,0,1966,,Bellevue,98008,0,1966,48,48.0,183.22981366459624,48.0,0,0.0,0.625,495.38461538461536,8.0774471493312,8.971575439759016,3,train,New-Build Suburban Family
750000.0,3.0,2.0,1820,5000,1.5,0,0,4,1720,100,1941,,Seattle,98116,0,1941,73,73.0,412.0879120879121,73.0,1,0.054945054945054944,0.6666666666666666,364.0,7.507141079727608,8.517393171418904,0,train,Established Family Home
239950.0,3.0,1.75,1230,9600,1.0,0,0,4,1230,0,1984,,Covington,98042,0,1984,30,30.0,195.0813008130081,30.0,0,0.0,0.5833333333333334,258.94736842105266,7.115582126184454,9.169622538697624,1,train,Compact Entry-Level
215000.0,3.0,2.0,1340,8505,1.0,0,0,3,1340,0,1931,,SeaTac,98168,0,1931,83,83.0,160.44776119402985,83.0,0,0.0,0.6666666666666666,268.0,7.201170883281678,9.04852707581358,1,test,Compact Entry-Level
165000.0,3.0,1.0,1200,13100,1.0,0,0,3,1200,0,1943,,Tukwila,98168,0,1943,71,71.0,137.5,71.0,0,0.0,0.3333333333333333,300.0,7.0909098220799835,9.48044384215367,1,train,Compact Entry-Level
261350.0,3.0,1.75,1390,18200,1.0,0,0,4,1390,0,1962,,Federal Way,98023,0,1962,52,52.0,188.02158273381292,52.0,0,0.0,0.5833333333333334,292.63157894736844,7.237778191923443,9.809231816610408,1,test,Compact Entry-Level
569000.0,4.0,2.0,1730,3884,1.0,0,0,5,1060,670,1924,,Seattle,98103,0,1924,90,90.0,328.9017341040462,90.0,1,0.3872832369942196,0.5,288.3333333333333,7.456454555176209,8.264878262801748,0,train,Established Family Home
425000.0,3.0,2.25,1580,39189,1.0,0,0,3,1180,400,1992,,Redmond,98053,0,1992,22,22.0,268.9873417721519,22.0,1,0.25316455696202533,0.75,300.95238095238096,7.365812837209472,10.576176891193677,0,train,Established Family Home
800000.0,4.0,3.0,3520,4895,1.0,0,0,3,1980,1540,1954,,Seattle,98107,0,1954,60,60.0,227.27272727272728,60.0,1,0.4375,0.75,502.85714285714283,8.166500319155052,8.496173824192162,0,train,Established Family Home
715000.0,4.0,2.5,2650,30500,1.0,0,0,4,1680,970,1960,,Issaquah,98029,0,1960,54,54.0,269.811320754717,54.0,1,0.3660377358490566,0.625,407.6923076923077,7.8826922062890254,10.32551474894327,0,train,Established Family Home
337000.0,3.0,1.75,1310,12750,1.0,0,0,3,1310,0,1993,,Renton,98059,0,1993,21,21.0,257.2519083969466,21.0,0,0.0,0.5833333333333334,275.7894736842105,7.1785454837637,9.453364978883542,1,train,Compact Entry-Level
560000.0,4.0,2.5,2300,7989,2.0,0,0,3,2300,0,1990,,Sammamish,98074,0,1990,24,24.0,243.4782608695652,24.0,0,0.0,0.625,353.84615384615387,7.741099090035366,8.98594603876032,3,train,New-Build Suburban Family
449500.0,3.0,2.25,1780,7280,1.0,0,2,3,1340,440,1972,,Kirkland,98034,0,1972,42,42.0,252.52808988764045,42.0,1,0.24719101123595505,0.75,339.04761904761904,7.484930283289661,8.893023494394711,2,train,Premium View Property
660000.0,3.0,3.25,1980,2850,3.0,0,0,3,1980,0,1987,,Seattle,98103,0,1987,27,27.0,333.3333333333333,27.0,0,0.0,1.0833333333333333,316.8,7.591357046698551,7.955425088912672,3,train,New-Build Suburban Family
685000.0,2.0,1.5,1300,1676,1.0,0,2,3,1300,0,1943,,Seattle,98122,0,1943,71,71.0,526.9230769230769,71.0,0,0.0,0.75,371.42857142857144,7.170888478512505,7.424761761823209,1,test,Compact Entry-Level
905000.0,5.0,3.5,3500,10155,2.0,0,0,3,2570,930,1996,,Bellevue,98006,0,1996,18,18.0,258.57142857142856,18.0,1,0.26571428571428574,0.7,411.7647058823529,8.160803920954665,9.225819942824568,3,train,New-Build Suburban Family
403500.0,3.0,1.0,1830,8004,1.0,0,0,3,1200,630,1960,,Seattle,98125,0,1960,54,54.0,220.4918032786885,54.0,1,0.3442622950819672,0.3333333333333333,457.5,7.5126175446745105,8.987821625430815,0,train,Established Family Home
405000.0,3.0,2.25,1520,1245,3.0,0,0,3,1520,0,2004,,Seattle,98103,0,2004,10,10.0,266.44736842105266,10.0,0,0.0,0.75,289.5238095238095,7.327123292259293,7.1276936993473985,3,train,New-Build Suburban Family
385000.0,4.0,2.75,2700,37011,2.0,0,0,3,2700,0,1984,,Kent,98042,0,1984,30,30.0,142.59259259259258,30.0,0,0.0,0.6875,400.0,7.901377353792616,10.51899746336892,3,train,New-Build Suburban Family
1700000.0,3.0,2.75,2810,18731,2.0,1,4,4,2810,0,1974,,Redmond,98052,0,1974,40,40.0,604.982206405694,40.0,0,0.0,0.9166666666666666,488.69565217391306,7.941295570906532,9.837988570303432,2,train,Premium View Property
285000.0,3.0,2.5,1660,6263,2.0,0,0,3,1660,0,2003,,Kent,98042,0,2003,11,11.0,171.6867469879518,11.0,0,0.0,0.8333333333333334,301.8181818181818,7.415175109613295,8.74257423767064,3,train,New-Build Suburban Family
249900.0,3.0,2.0,1310,6738,1.0,0,0,4,1310,0,1990,,Covington,98042,0,1990,24,24.0,190.763358778626,24.0,0,0.0,0.6666666666666666,262.0,7.1785454837637,8.815666824946216,1,train,Compact Entry-Level
633634.0,4.0,3.5,2960,6000,2.0,0,0,3,2960,0,2014,,Snoqualmie,98065,0,2014,0,0.0,214.06554054054052,0.0,0,0.0,0.875,394.6666666666667,7.993282328101591,8.699681400989514,3,train,New-Build Suburban Family
329900.0,3.0,2.5,2242,4995,2.0,0,0,3,2242,0,2011,,Auburn,98092,0,2011,3,3.0,147.14540588760036,3.0,0,0.0,0.8333333333333334,407.6363636363636,7.715569534520208,8.516392871245468,3,train,New-Build Suburban Family
310000.0,3.0,2.5,2540,4775,2.0,0,0,3,2540,0,2006,,Kent,98042,0,2006,8,8.0,122.0472440944882,8.0,0,0.0,0.8333333333333334,461.8181818181818,7.840312983320164,8.471358655072438,3,train,New-Build Suburban Family
345000.0,3.0,1.5,1420,1192,2.0,0,0,3,1140,280,2008,,Seattle,98144,0,2008,6,6.0,242.95774647887325,6.0,1,0.19718309859154928,0.5,315.55555555555554,7.259116128097101,7.084226422097916,3,train,New-Build Suburban Family
160797.0,3.0,1.5,1270,2356,2.0,0,0,3,1270,0,2012,,Seattle,98108,0,2012,2,2.0,126.61181102362204,2.0,0,0.0,0.5,282.22222222222223,7.147559271189454,7.7651449029361315,3,test,New-Build Suburban Family
562500.0,3.0,2.25,1300,907,2.0,0,0,3,1000,300,2006,,Seattle,98102,0,2006,8,8.0,432.6923076923077,8.0,1,0.23076923076923078,0.75,247.61904761904762,7.170888478512505,6.811244378601294,3,train,New-Build Suburban Family
664950.0,5.0,3.0,3190,7081,1.0,0,2,3,1890,1300,2013,,Seattle,98178,0,2013,1,1.0,208.44827586206893,1.0,1,0.40752351097178685,0.6,398.75,8.068089626278244,8.86531163267185,2,train,Premium View Property
515000.0,5.0,3.25,2910,5027,2.0,0,0,3,2040,870,2013,,Seattle,98106,0,2013,1,1.0,176.97594501718214,1.0,1,0.29896907216494845,0.65,352.72727272727275,7.976251943745623,8.522777569710138,3,train,New-Build Suburban Family
497000.0,3.0,2.25,1630,3817,2.0,0,0,3,1630,0,2005,,Issaquah,98029,0,2005,9,9.0,304.9079754601227,9.0,0,0.0,0.75,310.4761904761905,7.396948602621014,8.247482004285693,3,train,New-Build Suburban Family
312891.0,5.0,3.0,2300,8214,2.0,0,0,3,2300,0,2013,,Federal Way,98001,0,2013,1,1.0,136.0395652173913,1.0,0,0.0,0.6,287.5,7.741099090035366,9.01371703047137,3,test,New-Build Suburban Family
670000.0,3.0,2.5,3310,5300,2.0,0,2,3,2440,870,2008,,Seattle,98136,0,2008,6,6.0,202.41691842900303,6.0,1,0.2628398791540785,0.8333333333333334,601.8181818181819,8.105005537547246,8.575650760987806,2,train,Premium View Property
362500.0,2.0,1.5,940,1768,2.0,0,0,3,940,0,2009,,Seattle,98144,0,2009,5,5.0,385.6382978723405,5.0,0,0.0,0.75,268.57142857142856,6.846943139585379,7.478169694159785,1,train,Compact Entry-Level
402101.0,2.0,0.75,1020,1350,2.0,0,0,3,1020,0,2009,,Seattle,98144,0,2009,5,5.0,394.2166666666666,5.0,0,0.0,0.375,370.90909090909093,6.928537818164665,7.208600337960199,1,train,Compact Entry-Level
438000.0,3.0,1.75,1520,6380,1.0,0,0,3,790,730,1948,,Seattle,98115,0,1948,66,66.0,288.1578947368421,66.0,1,0.48026315789473684,0.5833333333333334,320.0,7.327123292259293,8.761080103868347,0,train,Established Family Home
687500.0,4.0,1.75,2330,5000,1.5,0,0,4,1510,820,1929,,Seattle,98117,0,1929,85,85.0,295.06437768240346,85.0,1,0.351931330472103,0.4375,405.2173913043478,7.754052639035757,8.517393171418904,0,train,Established Family Home
160000.0,3.0,1.5,1010,9600,1.0,0,0,4,1010,0,1962,,Des Moines,98198,0,1962,52,52.0,158.4158415841584,52.0,0,0.0,0.5,224.44444444444446,6.918695219020472,9.169622538697624,1,train,Compact Entry-Level
415000.0,3.0,1.75,1070,8000,1.0,0,0,3,1070,0,1977,,Redmond,98052,0,1977,37,37.0,387.8504672897196,37.0,0,0.0,0.5833333333333334,225.26315789473685,6.976348070447749,8.987321812850125,1,train,Compact Entry-Level
405000.0,3.0,2.5,3170,12750,2.0,0,0,3,2360,810,1995,,Federal Way,98023,0,1995,19,19.0,127.7602523659306,19.0,1,0.2555205047318612,0.8333333333333334,576.3636363636364,8.061802274538348,9.453364978883542,3,train,New-Build Suburban Family
880000.0,4.0,2.5,3030,3841,3.0,0,0,3,3030,0,2005,,Seattle,98117,0,2005,9,9.0,290.42904290429044,9.0,0,0.0,0.625,466.15384615384613,8.016647877057803,8.253748343328501,3,train,New-Build Suburban Family
585000.0,3.0,2.5,2270,100545,2.0,0,0,3,2270,0,1998,,Vashon,98070,0,1998,16,16.0,257.7092511013216,16.0,0,0.0,0.8333333333333334,412.72727272727275,7.7279755421055585,11.518370613206123,3,train,New-Build Suburban Family
640000.0,4.0,2.5,2341,9594,2.0,0,0,3,2341,0,1997,,Redmond,98052,0,1997,17,17.0,273.3874412644169,17.0,0,0.0,0.625,360.15384615384613,7.758760544157663,9.1689974084418,3,train,New-Build Suburban Family
819000.0,3.0,3.5,2130,6150,2.0,0,2,5,1530,600,1908,,Seattle,98199,0,1908,106,106.0,384.5070422535212,106.0,1,0.28169014084507044,1.1666666666666667,327.6923076923077,7.664346632098617,8.724369949208368,2,train,Premium View Property
520000.0,3.0,1.75,2300,35722,1.0,0,0,3,2300,0,1984,,Woodinville,98072,0,1984,30,30.0,226.08695652173915,30.0,0,0.0,0.5833333333333334,484.2105263157895,7.741099090035366,10.48355001802591,1,train,Compact Entry-Level
367500.0,3.0,1.0,1660,11783,1.0,0,0,4,1160,500,1978,,Woodinville,98077,0,1978,36,36.0,221.3855421686747,36.0,1,0.30120481927710846,0.3333333333333333,415.0,7.415175109613295,9.374497958142467,0,train,Established Family Home
762500.0,4.0,2.75,2610,8760,1.0,0,0,4,1760,850,1978,,Mercer Island,98040,0,1978,36,36.0,292.1455938697318,36.0,1,0.32567049808429116,0.6875,386.6666666666667,7.8674885686991285,9.078065332666364,0,train,Established Family Home
300000.0,3.0,1.0,2150,7007,1.0,0,0,3,2150,0,1954,,Shoreline,98177,0,1954,60,60.0,139.53488372093022,60.0,0,0.0,0.3333333333333333,537.5,7.67368812926773,8.854807632616227,1,train,Compact Entry-Level
625000.0,3.0,2.5,2410,64073,1.0,0,0,4,1820,590,1976,,Woodinville,98072,0,1976,38,38.0,259.33609958506224,38.0,1,0.24481327800829875,0.8333333333333334,438.1818181818182,7.787796878181171,11.0677939443996,0,train,Established Family Home
530000.0,2.0,1.5,1580,3680,1.0,0,2,3,1280,300,1941,,Seattle,98126,0,1941,73,73.0,335.44303797468353,73.0,1,0.189873417721519,0.75,451.42857142857144,7.365812837209472,8.210939733379021,1,train,Compact Entry-Level
379000.0,3.0,2.5,1740,30886,2.0,0,0,3,1740,0,1992,,North Bend,98045,0,1992,22,22.0,217.816091954023,22.0,0,0.0,0.8333333333333334,316.3636363636364,7.462214939768189,10.338090662387614,3,train,New-Build Suburban Family
615000.0,2.0,1.0,1270,5000,1.0,0,0,3,1090,180,1949,,Seattle,98117,0,1949,65,65.0,484.251968503937,65.0,1,0.14173228346456693,0.5,423.3333333333333,7.147559271189454,8.517393171418904,1,train,Compact Entry-Level
660000.0,2.0,2.25,2550,6000,2.0,0,0,5,1860,690,1902,,Seattle,98115,0,1902,112,112.0,258.8235294117647,112.0,1,0.27058823529411763,1.125,600.0,7.844240718141811,8.699681400989514,0,train,Established Family Home
380000.0,3.0,2.25,1860,15559,2.0,0,0,4,1860,0,1963,,Enumclaw,98022,0,1963,51,51.0,204.3010752688172,51.0,0,0.0,0.75,354.2857142857143,7.528869256642251,9.652458797732383,3,train,New-Build Suburban Family
314900.0,4.0,1.75,2700,27072,1.0,0,0,3,1380,1320,1958,,Federal Way,98003,0,1958,56,56.0,116.62962962962963,56.0,1,0.4888888888888889,0.4375,469.5652173913044,7.901377353792616,10.206292200258018,0,train,Established Family Home
324950.0,3.0,1.5,1460,8710,1.0,0,0,3,1460,0,1955,,Burien,98166,0,1955,59,59.0,222.56849315068493,59.0,0,0.0,0.5,324.44444444444446,7.2868764117507,9.072341873818893,1,test,Compact Entry-Level
225000.0,3.0,1.75,1330,13102,1.0,0,0,3,1330,0,1968,,Federal Way,98003,0,1968,46,46.0,169.17293233082708,46.0,0,0.0,0.5833333333333334,280.0,7.193685818395112,9.480596490604585,1,train,Compact Entry-Level
535000.0,3.0,2.5,2070,4132,2.0,0,0,3,2070,0,1999,,Sammamish,98074,0,1999,15,15.0,258.45410628019323,15.0,0,0.0,0.8333333333333334,376.3636363636364,7.635786861395585,8.326758814511733,3,train,New-Build Suburban Family
348500.0,3.0,1.5,1360,10726,1.0,0,0,4,1360,0,1966,,Renton,98059,0,1966,48,48.0,256.25,48.0,0,0.0,0.5,302.22222222222223,7.215975002651466,9.280519206597429,1,train,Compact Entry-Level
725000.0,4.0,2.5,2650,18295,2.0,0,0,3,2650,0,1986,,Bellevue,98005,0,1986,28,28.0,273.58490566037733,28.0,0,0.0,0.625,407.6923076923077,7.8826922062890254,9.814437735702617,3,train,New-Build Suburban Family
925000.0,4.0,3.0,3580,35261,1.5,0,0,3,3580,0,1985,,Woodinville,98072,0,1985,29,29.0,258.37988826815644,29.0,0,0.0,0.75,511.42857142857144,8.183397369998433,10.470561175840706,3,test,New-Build Suburban Family
549000.0,2.0,1.0,2034,13392,1.0,1,4,5,1159,875,1947,,Vashon,98070,0,1947,67,67.0,269.91150442477874,67.0,1,0.4301868239921337,0.5,678.0,7.618251097876695,9.502487461387123,2,train,Premium View Property
400000.0,3.0,2.0,1230,11413,1.0,0,0,3,990,240,1984,,Sammamish,98074,0,1984,30,30.0,325.2032520325203,30.0,1,0.1951219512195122,0.6666666666666666,246.0,7.115582126184454,9.342595951096653,0,train,Established Family Home
620000.0,4.0,2.5,2450,55387,2.0,0,0,3,2450,0,1994,,Redmond,98053,0,1994,20,20.0,253.0612244897959,20.0,0,0.0,0.625,376.9230769230769,7.804251383528112,10.922118242774605,3,train,New-Build Suburban Family
665000.0,6.0,2.75,2840,8346,1.0,0,0,5,1420,1420,1961,,Seattle,98118,0,1961,53,53.0,234.1549295774648,53.0,1,0.5,0.4583333333333333,324.57142857142856,7.951911381854188,9.029657471850737,0,train,Established Family Home
1215000.0,4.0,3.75,3820,53574,1.0,0,0,3,3820,0,1994,,Woodinville,98072,0,1994,20,20.0,318.0628272251309,20.0,0,0.0,0.9375,492.9032258064516,8.2482674474469,10.888837820341777,3,train,New-Build Suburban Family
1157400.0,3.0,2.5,2740,5925,2.0,0,2,3,2740,0,1913,1992.0,Seattle,98112,1,1992,101,22.0,422.4087591240876,22.0,0,0.0,0.8333333333333334,498.1818181818182,7.916078096302786,8.68710472813351,2,train,Premium View Property
349950.0,4.0,2.5,2090,5289,2.0,0,0,3,2090,0,1989,,Renton,98058,0,1989,25,25.0,167.44019138755982,25.0,0,0.0,0.625,321.53846153846155,7.645397699428633,8.573573524852344,3,test,New-Build Suburban Family
2466350.0,5.0,4.75,6390,13180,2.0,0,0,3,4560,1830,1940,,Seattle,98112,0,1940,74,74.0,385.97026604068856,74.0,1,0.2863849765258216,0.95,655.3846153846154,8.762646029650282,9.486531677712465,3,train,New-Build Suburban Family
339000.0,4.0,2.0,2470,5080,1.5,0,0,3,1970,500,1948,1988.0,Seattle,98106,1,1988,66,26.0,137.24696356275302,26.0,1,0.20242914979757085,0.5,411.6666666666667,7.81237820598861,8.533263371593732,0,test,Established Family Home
615000.0,3.0,1.75,1720,4080,1.0,0,0,4,960,760,1924,,Seattle,98144,0,1924,90,90.0,357.5581395348837,90.0,1,0.4418604651162791,0.5833333333333334,362.10526315789474,7.450660796211539,8.314097335405807,0,test,Established Family Home
751000.0,4.0,3.25,3090,9571,2.0,0,0,3,2370,720,2004,,Redmond,98052,0,2004,10,10.0,243.042071197411,10.0,1,0.23300970873786409,0.8125,426.2068965517241,8.036249942132116,9.166597449028265,3,train,New-Build Suburban Family
941000.0,4.0,1.75,2320,3825,1.5,0,0,5,1820,500,1926,,Seattle,98105,0,1926,88,88.0,405.6034482758621,88.0,1,0.21551724137931033,0.4375,403.4782608695652,7.749753406274437,8.249575150000199,0,test,Established Family Home
600000.0,4.0,1.75,1740,7700,1.0,0,0,5,1740,0,1968,,Bellevue,98008,0,1968,46,46.0,344.82758620689657,46.0,0,0.0,0.4375,302.60869565217394,7.462214939768189,8.94910546953925,0,train,Established Family Home
455000.0,4.0,2.5,2950,4502,2.0,0,0,3,2950,0,2005,,Renton,98059,0,2005,9,9.0,154.23728813559322,9.0,0,0.0,0.625,453.84615384615387,7.989899374942939,8.412499120301572,3,train,New-Build Suburban Family
1295648.0,4.0,3.5,4810,28008,2.0,0,0,3,4810,0,1990,,Redmond,98053,0,1990,24,24.0,269.3654885654886,24.0,0,0.0,0.875,641.3333333333334,8.478660241699453,10.240281166081672,3,test,New-Build Suburban Family
485000.0,3.0,2.5,1500,5412,1.0,0,0,5,900,600,1920,,Seattle,98136,0,1920,94,94.0,323.3333333333333,94.0,1,0.4,0.8333333333333334,272.72727272727275,7.313886831633462,8.596558746796978,0,train,Established Family Home
358000.0,3.0,1.5,1810,100188,1.0,0,0,5,1810,0,1969,,Enumclaw,98022,0,1969,45,45.0,197.7900552486188,45.0,0,0.0,0.5,402.22222222222223,7.501634457883413,11.514813681167466,1,train,Compact Entry-Level
339000.0,3.0,1.0,1100,4128,1.0,0,0,4,720,380,1942,,Seattle,98126,0,1942,72,72.0,308.1818181818182,72.0,1,0.34545454545454546,0.3333333333333333,275.0,7.00397413672268,8.32579052588609,1,train,Compact Entry-Level
258000.0,3.0,1.0,1490,7435,1.0,0,0,3,1120,370,1969,,Des Moines,98198,0,1969,45,45.0,173.15436241610738,45.0,1,0.2483221476510067,0.3333333333333333,372.5,7.307202314764738,8.914088348841334,1,test,Compact Entry-Level
455000.0,2.0,1.5,1200,1259,2.0,0,0,3,1000,200,2013,,Seattle,98144,0,2013,1,1.0,379.1666666666667,1.0,1,0.16666666666666666,0.75,342.85714285714283,7.0909098220799835,7.138866999945524,3,train,New-Build Suburban Family
437000.0,4.0,2.5,1890,8505,1.0,0,0,3,1290,600,1980,,Redmond,98052,0,1980,34,34.0,231.2169312169312,34.0,1,0.31746031746031744,0.625,290.7692307692308,7.544861068658458,9.04852707581358,0,train,Established Family Home
689000.0,3.0,1.75,2200,9840,1.0,0,0,5,1500,700,1978,,Bellevue,98006,0,1978,36,36.0,313.1818181818182,36.0,1,0.3181818181818182,0.5833333333333334,463.1578947368421,7.696667081526462,9.194312610898985,0,train,Established Family Home
319000.0,4.0,2.5,2510,7992,1.0,0,0,3,1610,900,1978,,Kent,98032,0,1978,36,36.0,127.09163346613546,36.0,1,0.35856573705179284,0.625,386.15384615384613,7.828436359157585,8.98632143762602,0,train,Established Family Home
510000.0,3.0,2.25,1420,1309,3.0,0,0,3,1420,0,2006,,Seattle,98103,0,2006,8,8.0,359.1549295774648,8.0,0,0.0,0.75,270.4761904761905,7.259116128097101,7.177782416195197,3,train,New-Build Suburban Family
440000.0,3.0,1.75,2000,9900,1.0,0,2,4,1480,520,1957,,Normandy Park,98166,0,1957,57,57.0,220.0,57.0,1,0.26,0.5833333333333334,421.05263157894734,7.601402334583733,9.200391041122515,2,train,Premium View Property
1010000.0,2.0,2.0,1460,9052,1.0,0,2,5,1460,0,1900,,Kirkland,98033,0,1900,114,114.0,691.7808219178082,114.0,0,0.0,1.0,365.0,7.2868764117507,9.11085147347544,1,train,Compact Entry-Level
875000.0,4.0,2.5,3220,22588,2.0,0,0,3,3220,0,1996,,Woodinville,98077,0,1996,18,18.0,271.7391304347826,18.0,0,0.0,0.625,495.38461538461536,8.0774471493312,10.025218341107275,3,train,New-Build Suburban Family
304000.0,4.0,2.0,1310,8454,1.0,0,0,4,1310,0,1953,,Shoreline,98155,0,1953,61,61.0,232.06106870229007,61.0,0,0.0,0.5,218.33333333333334,7.1785454837637,9.042513261332681,1,train,Compact Entry-Level
139000.0,2.0,1.0,690,5280,1.0,0,0,4,690,0,1942,,Renton,98056,0,1942,72,72.0,201.44927536231884,72.0,0,0.0,0.5,230.0,6.53813982376767,8.571870752706934,1,train,Compact Entry-Level
464500.0,3.0,1.75,1150,10466,1.0,0,0,5,1150,0,1959,,Bellevue,98006,0,1959,55,55.0,403.9130434782609,55.0,0,0.0,0.5833333333333334,242.10526315789474,7.048386408721883,9.255982729854884,1,train,Compact Entry-Level
336500.0,3.0,1.0,1480,7284,1.0,0,0,3,970,510,1963,,Shoreline,98133,0,1963,51,51.0,227.36486486486487,51.0,1,0.34459459459459457,0.3333333333333333,370.0,7.300472814267799,8.893572718629306,1,train,Compact Entry-Level
230000.0,4.0,1.75,1850,6000,1.0,0,0,4,1270,580,1944,,Seattle,98178,0,1944,70,70.0,124.32432432432432,70.0,1,0.31351351351351353,0.4375,321.7391304347826,7.523481312573497,8.699681400989514,0,train,Established Family Home
425000.0,3.0,2.5,1930,4500,2.0,0,0,3,1930,0,1990,,Issaquah,98029,0,1990,24,24.0,220.2072538860104,24.0,0,0.0,0.8333333333333334,350.90909090909093,7.565793282428515,8.412054873292933,3,train,New-Build Suburban Family
300000.0,2.0,1.0,750,5120,1.0,0,0,4,750,0,1941,,Seattle,98126,0,1941,73,73.0,400.0,73.0,0,0.0,0.5,250.0,6.621405651764134,8.54110501146255,1,test,Compact Entry-Level
457500.0,3.0,2.25,1430,2003,2.0,0,0,3,980,450,1996,,Seattle,98144,0,1996,18,18.0,319.9300699300699,18.0,1,0.3146853146853147,0.75,272.3809523809524,7.266128779556451,7.602900462204755,3,train,New-Build Suburban Family
366000.0,3.0,1.75,1840,11440,1.0,0,0,4,1340,500,1977,,Renton,98059,0,1977,37,37.0,198.91304347826087,37.0,1,0.2717391304347826,0.5833333333333334,387.36842105263156,7.518064181233078,9.344958673700944,0,train,Established Family Home
502000.0,3.0,2.0,1300,14350,1.0,0,0,3,1300,0,1955,2013.0,Bellevue,98006,1,2013,59,1.0,386.1538461538461,1.0,0,0.0,0.6666666666666666,260.0,7.170888478512505,9.571574905170932,1,test,Compact Entry-Level
194000.0,3.0,1.0,1050,7577,1.0,0,0,3,1050,0,1983,,Federal Way,98023,0,1983,31,31.0,184.7619047619048,31.0,0,0.0,0.3333333333333333,262.5,6.957497370876951,8.933004591578547,1,train,Compact Entry-Level
305000.0,4.0,2.25,2210,9371,2.0,0,0,4,2210,0,1968,,Kent,98032,0,1968,46,46.0,138.00904977375566,46.0,0,0.0,0.5625,353.6,7.701200180857446,9.145481799627687,3,test,New-Build Suburban Family
1250000.0,4.0,2.5,3220,15600,1.0,0,0,5,1680,1540,1973,,Bellevue,98006,0,1973,41,41.0,388.1987577639752,41.0,1,0.4782608695652174,0.625,495.38461538461536,8.0774471493312,9.65509029374725,0,train,Established Family Home
575000.0,4.0,2.5,4620,20793,2.0,0,0,4,4620,0,1991,,Federal Way,98023,0,1991,23,23.0,124.45887445887446,23.0,0,0.0,0.625,710.7692307692307,8.438366410870266,9.942419762537915,3,train,New-Build Suburban Family
343500.0,4.0,1.75,1760,6204,1.0,0,2,4,1180,580,1950,,Seattle,98178,0,1950,64,64.0,195.17045454545453,64.0,1,0.32954545454545453,0.4375,306.0869565217391,7.473637108496206,8.733110697638708,2,train,Premium View Property
325000.0,3.0,1.0,850,6906,1.0,0,0,3,850,0,1948,,Shoreline,98155,0,1948,66,66.0,382.3529411764706,66.0,0,0.0,0.3333333333333333,212.5,6.7464121285733745,8.840290669088972,1,train,Compact Entry-Level
600000.0,4.0,3.25,4690,14930,2.0,0,2,3,3680,1010,1995,,Lake Forest Park,98155,0,1995,19,19.0,127.9317697228145,19.0,1,0.21535181236673773,0.8125,646.8965517241379,8.453401058328458,9.611194867526663,2,test,Premium View Property
850000.0,4.0,3.5,3920,37122,2.0,0,0,3,3920,0,1996,,Redmond,98053,0,1996,18,18.0,216.8367346938776,18.0,0,0.0,0.875,522.6666666666666,8.27410200229233,10.521992002599978,3,train,New-Build Suburban Family
420000.0,3.0,2.5,2140,3821,2.0,0,0,3,2140,0,2005,,Issaquah,98029,0,2005,9,9.0,196.26168224299064,9.0,0,0.0,0.8333333333333334,389.09090909090907,7.669028288589683,8.248529124800218,3,train,New-Build Suburban Family
257500.0,2.0,2.0,1180,9265,1.0,0,0,3,1180,0,1940,,Seattle,98125,0,1940,74,74.0,218.22033898305085,74.0,0,0.0,1.0,295.0,7.074116816197362,9.134107065976593,1,test,Compact Entry-Level
317000.0,5.0,2.5,2360,11375,1.0,0,0,4,1180,1180,1962,,Seattle,98178,0,1962,52,52.0,134.32203389830508,52.0,1,0.5,0.5,314.6666666666667,7.766840537085513,9.339261152043022,0,train,Established Family Home
970000.0,3.0,2.25,3060,9950,1.5,0,2,4,1810,1250,1930,,Seattle,98144,0,1930,84,84.0,316.9934640522876,84.0,1,0.4084967320261438,0.75,582.8571428571429,8.026496938945412,9.205428327615163,2,test,Premium View Property
252000.0,3.0,2.25,1670,7881,1.0,0,0,4,1190,480,1977,,Kent,98031,0,1977,37,37.0,150.89820359281438,37.0,1,0.2874251497005988,0.75,318.0952380952381,7.421177528595393,8.97233695775495,0,train,Established Family Home
683500.0,3.0,1.5,1820,5756,1.5,0,0,3,1640,180,1946,,Seattle,98119,0,1946,68,68.0,375.54945054945057,68.0,1,0.0989010989010989,0.5,404.44444444444446,7.507141079727608,8.65817178467581,0,train,Established Family Home
289000.0,3.0,2.5,1970,9607,2.0,0,0,3,1090,880,1988,,Auburn,98001,0,1988,26,26.0,146.7005076142132,26.0,1,0.4467005076142132,0.8333333333333334,358.1818181818182,7.58629630715272,9.170351363759819,3,train,New-Build Suburban Family
355000.0,2.0,2.25,930,747,2.0,0,0,3,630,300,2007,,Seattle,98144,0,2007,7,7.0,381.7204301075269,7.0,1,0.3225806451612903,1.125,218.8235294117647,6.836259277277067,6.617402977974478,3,train,New-Build Suburban Family
675000.0,3.0,3.5,2300,5611,1.0,0,0,3,2300,0,2004,,Redmond,98053,0,2004,10,10.0,293.4782608695652,10.0,0,0.0,1.1666666666666667,353.84615384615387,7.741099090035366,8.632662441222351,3,test,New-Build Suburban Family
396500.0,3.0,2.5,2590,18980,1.0,0,0,4,2590,0,1976,,Kent,98042,0,1976,38,38.0,153.08880308880308,38.0,0,0.0,0.8333333333333334,470.90909090909093,7.85979918056211,9.851193757814993,0,train,Established Family Home
362500.0,4.0,1.75,1450,8450,1.0,0,0,3,1450,0,1960,,Issaquah,98027,0,1960,54,54.0,250.0,54.0,0,0.0,0.4375,252.17391304347825,7.280008252884188,9.042040056544483,1,train,Compact Entry-Level
395000.0,4.0,1.75,1540,5120,1.0,0,0,5,770,770,1943,,Seattle,98126,0,1943,71,71.0,256.4935064935065,71.0,1,0.5,0.4375,267.82608695652175,7.340186835320115,8.54110501146255,0,train,Established Family Home
599000.0,5.0,2.75,2730,22572,1.0,0,0,3,2080,650,1968,1992.0,Sammamish,98075,1,1992,46,22.0,219.41391941391944,22.0,1,0.23809523809523808,0.55,352.258064516129,7.912423121473705,10.024509780783578,0,train,Established Family Home
218000.0,3.0,1.0,880,18205,1.0,0,0,4,880,0,1945,,Seattle,98178,0,1945,69,69.0,247.72727272727272,69.0,0,0.0,0.3333333333333333,220.0,6.78105762593618,9.809506489065233,1,train,Compact Entry-Level
589950.0,4.0,2.5,3190,8195,2.0,0,0,3,3190,0,2006,,Maple Valley,98038,0,2006,8,8.0,184.93730407523512,8.0,0,0.0,0.625,490.7692307692308,8.068089626278244,9.011401509358791,3,train,New-Build Suburban Family
218000.0,3.0,1.5,1330,7600,1.0,0,0,4,1330,0,1968,,Federal Way,98023,0,1968,46,46.0,163.90977443609023,46.0,0,0.0,0.5,295.55555555555554,7.193685818395112,8.936035096566041,1,train,Compact Entry-Level
360000.0,3.0,1.75,1500,7200,1.0,0,0,3,1500,0,1957,,Shoreline,98133,0,1957,57,57.0,240.0,57.0,0,0.0,0.5833333333333334,315.7894736842105,7.313886831633462,8.881975184248867,1,train,Compact Entry-Level
350000.0,2.0,1.0,740,7680,1.0,0,0,4,740,0,1922,,Seattle,98126,0,1922,92,92.0,472.97297297297297,92.0,0,0.0,0.5,246.66666666666666,6.608000625296087,8.946505025998682,1,train,Compact Entry-Level
350000.0,4.0,3.0,2560,5606,2.0,0,0,3,2560,0,2004,,Auburn,98092,0,2004,10,10.0,136.71875,10.0,0,0.0,0.75,365.7142857142857,7.848153086199526,8.631771096123673,3,train,New-Build Suburban Family
845000.0,3.0,2.0,2540,4750,1.5,0,0,5,1840,700,1930,,Seattle,98117,0,1930,84,84.0,332.6771653543307,84.0,1,0.2755905511811024,0.6666666666666666,508.0,7.840312983320164,8.46611040118692,0,test,Established Family Home
839000.0,3.0,2.5,3200,203425,1.0,0,0,3,3200,0,2000,,Woodinville,98077,0,2000,14,14.0,262.1875,14.0,0,0.0,0.8333333333333334,581.8181818181819,8.071218539969863,12.223057581369416,3,test,New-Build Suburban Family
850000.0,4.0,3.0,3330,4000,1.0,0,0,3,1790,1540,1958,,Seattle,98103,0,1958,56,56.0,255.2552552552553,56.0,1,0.4624624624624625,0.75,475.7142857142857,8.11102783819368,8.294299608857235,0,train,Established Family Home
329950.0,2.0,1.0,900,5220,1.0,0,0,4,900,0,1956,,Seattle,98146,0,1956,58,58.0,366.6111111111111,58.0,0,0.0,0.5,300.0,6.803505257608338,8.560444233410552,1,test,Compact Entry-Level
425000.0,4.0,1.5,1600,6180,1.5,0,0,3,1600,0,1946,,Seattle,98118,0,1946,68,68.0,265.625,68.0,0,0.0,0.375,290.90909090909093,7.3783837129967145,8.729235349659273,1,test,Compact Entry-Level
210000.0,2.0,1.0,970,5500,1.0,0,0,3,970,0,1956,,Seattle,98118,0,1956,58,58.0,216.49484536082477,58.0,0,0.0,0.5,323.3333333333333,6.878326468291325,8.612685172875459,1,test,Compact Entry-Level
631500.0,2.0,1.0,1130,2640,1.0,0,0,4,1130,0,1927,,Seattle,98109,0,1927,87,87.0,558.8495575221239,87.0,0,0.0,0.5,376.6666666666667,7.030857476116121,7.878912912297133,1,train,Compact Entry-Level
295000.0,2.0,1.0,650,5400,1.0,0,0,3,650,0,1950,,Seattle,98122,0,1950,64,64.0,453.84615384615387,64.0,0,0.0,0.5,216.66666666666666,6.478509642208569,8.594339400592892,1,train,Compact Entry-Level
575000.0,3.0,2.25,2400,5000,1.5,0,0,4,1440,960,1926,,Seattle,98117,0,1926,88,88.0,239.58333333333331,88.0,1,0.4,0.75,457.14285714285717,7.783640596221253,8.517393171418904,0,train,Established Family Home
415000.0,3.0,2.5,2280,6031,2.0,0,0,3,2280,0,2011,,Duvall,98019,0,2011,3,3.0,182.01754385964912,3.0,0,0.0,0.8333333333333334,414.54545454545456,7.732369222284388,8.704833909687792,3,train,New-Build Suburban Family
859000.0,4.0,2.25,3550,13900,1.0,0,0,3,1830,1720,2010,,Bellevue,98006,0,2010,4,4.0,241.9718309859155,4.0,1,0.48450704225352115,0.5625,568.0,8.174984532943087,9.539716058977092,0,test,Established Family Home
639888.0,4.0,2.5,2050,2772,2.0,0,0,3,2050,0,2012,,Issaquah,98029,0,2012,2,2.0,312.14048780487803,2.0,0,0.0,0.625,315.38461538461536,7.62608275807238,7.927685045615778,3,train,New-Build Suburban Family
329445.0,2.0,1.5,830,1119,2.0,0,0,3,830,0,2005,,Seattle,98144,0,2005,9,9.0,396.921686746988,9.0,0,0.0,0.75,237.14285714285714,6.7226297948554485,7.02108396428914,1,train,Compact Entry-Level
745641.0,4.0,2.5,2440,4850,2.0,0,0,3,2440,0,2013,,Redmond,98052,0,2013,1,1.0,305.5905737704918,1.0,0,0.0,0.625,375.38461538461536,7.80016307039296,8.486940148245216,3,train,New-Build Suburban Family
395000.0,3.0,2.5,1600,1936,2.0,0,0,3,1600,0,2007,,Seattle,98108,0,2007,7,7.0,246.875,7.0,0,0.0,0.8333333333333334,290.90909090909093,7.3783837129967145,7.5688956634069955,3,train,New-Build Suburban Family
790000.0,4.0,3.5,3190,31450,2.0,0,0,3,3190,0,2010,,Issaquah,98027,0,2010,4,4.0,247.64890282131665,4.0,0,0.0,0.875,425.3333333333333,8.068089626278244,10.356186058125473,3,test,New-Build Suburban Family
890000.0,4.0,1.0,2550,4000,2.0,0,0,3,2370,180,1905,,Seattle,98109,0,1905,109,109.0,349.01960784313724,109.0,1,0.07058823529411765,0.25,510.0,7.844240718141811,8.294299608857235,0,train,Established Family Home
400000.0,3.0,2.5,2180,7508,1.0,0,0,4,1420,760,1962,,Shoreline,98133,0,1962,52,52.0,183.4862385321101,52.0,1,0.3486238532110092,0.8333333333333334,396.3636363636364,7.687538766201629,8.923857580099885,0,train,Established Family Home
365500.0,3.0,2.0,1410,9600,1.0,0,0,4,1410,0,1983,,Woodinville,98072,0,1983,31,31.0,259.21985815602835,31.0,0,0.0,0.6666666666666666,282.0,7.252053951852814,9.169622538697624,1,train,Compact Entry-Level
245000.0,3.0,2.0,1410,5760,1.0,0,0,3,1410,0,1985,,Kent,98030,0,1985,29,29.0,173.75886524822695,29.0,0,0.0,0.6666666666666666,282.0,7.252053951852814,8.658866349732383,1,train,Compact Entry-Level
390000.0,4.0,2.5,2340,8548,2.0,0,0,3,2340,0,1993,,Kent,98031,0,1993,21,21.0,166.66666666666666,21.0,0,0.0,0.625,360.0,7.75833346749091,9.053569596026234,3,train,New-Build Suburban Family
196500.0,3.0,1.0,1320,9000,1.0,0,0,3,1320,0,1966,,Auburn,98001,0,1966,48,48.0,148.86363636363637,48.0,0,0.0,0.3333333333333333,330.0,7.186144304522325,9.105090961257085,1,test,Compact Entry-Level
1200000.0,4.0,1.75,3990,13470,2.0,0,0,3,3990,0,2006,,Newcastle,98059,0,2006,8,8.0,300.7518796992481,8.0,0,0.0,0.4375,693.9130434782609,8.291797105048733,9.508294505698569,3,train,New-Build Suburban Family
276900.0,3.0,1.0,1270,7566,1.0,0,0,4,1270,0,1958,,Renton,98056,0,1958,56,56.0,218.0314960629921,56.0,0,0.0,0.3333333333333333,317.5,7.147559271189454,8.931551966694522,1,train,Compact Entry-Level
995000.0,3.0,4.5,4380,47044,2.0,1,3,3,3720,660,1968,1990.0,Burien,98166,1,1990,46,24.0,227.1689497716895,24.0,1,0.1506849315068493,1.5,584.0,8.385032287813898,10.758859869440865,2,train,Premium View Property
2300000.0,4.0,3.25,4250,8570,2.0,0,0,3,4250,0,2004,,Bellevue,98004,0,2004,10,10.0,541.1764705882352,10.0,0,0.0,0.8125,586.2068965517242,8.35490952835879,9.056139690898883,3,train,New-Build Suburban Family
505000.0,3.0,2.5,1860,8060,2.0,0,0,4,1860,0,1987,,Issaquah,98029,0,1987,27,27.0,271.505376344086,27.0,0,0.0,0.8333333333333334,338.1818181818182,7.528869256642251,8.9947928972836,3,train,New-Build Suburban Family
1229000.0,4.0,3.5,3770,37034,2.0,0,0,3,2830,940,1989,,Bellevue,98007,0,1989,25,25.0,325.9946949602122,25.0,1,0.2493368700265252,0.875,502.6666666666667,8.235095497258357,10.51961869044739,3,train,New-Build Suburban Family
352000.0,4.0,1.0,1530,8890,1.0,0,0,3,980,550,1925,,Seattle,98106,0,1925,89,89.0,230.0653594771242,89.0,1,0.35947712418300654,0.25,306.0,7.333676395657684,9.09279480812114,0,train,Established Family Home
597326.0,4.0,4.0,3570,8250,2.0,0,0,3,2860,710,2013,,Mercer Island,98040,0,2013,1,1.0,167.31820728291316,1.0,1,0.19887955182072828,1.0,446.25,8.18060094759445,9.018089684104343,3,train,New-Build Suburban Family
800000.0,2.0,1.0,1740,5719,1.0,0,0,3,1740,0,1955,,Seattle,98103,0,1955,59,59.0,459.7701149425287,59.0,0,0.0,0.5,580.0,7.462214939768189,8.651724084373843,1,train,Compact Entry-Level
270000.0,3.0,2.5,1670,8364,1.0,0,0,4,1300,370,1990,,Covington,98042,0,1990,24,24.0,161.67664670658684,24.0,1,0.2215568862275449,0.8333333333333334,303.6363636363636,7.421177528595393,9.031811613420924,0,train,Established Family Home
235000.0,4.0,2.0,1570,9415,2.0,0,0,4,1570,0,1984,,Auburn,98092,0,1984,30,30.0,149.6815286624204,30.0,0,0.0,0.5,261.6666666666667,7.359467638255621,9.150165648940114,3,train,New-Build Suburban Family
409900.0,2.0,2.5,1590,1845,2.0,0,0,3,1590,0,1997,,Kirkland,98033,0,1997,17,17.0,257.7987421383648,17.0,0,0.0,1.25,353.3333333333333,7.372118028337787,7.520776415062797,3,train,New-Build Suburban Family
739900.0,5.0,2.5,2980,5377,2.0,0,0,3,2980,0,2006,,Redmond,98052,0,2006,8,8.0,248.28859060402684,8.0,0,0.0,0.5,397.3333333333333,8.000014093678072,8.59007183682881,3,train,New-Build Suburban Family
608000.0,4.0,2.5,2690,4736,2.0,0,0,3,2690,0,2001,,Redmond,98053,0,2001,13,13.0,226.02230483271376,13.0,0,0.0,0.625,413.84615384615387,7.897668150726906,8.463159302923751,3,train,New-Build Suburban Family
381500.0,2.0,1.0,900,2910,1.0,0,0,5,900,0,1924,,Seattle,98115,0,1924,90,90.0,423.8888888888889,90.0,0,0.0,0.5,300.0,6.803505257608338,7.976251943745623,1,train,Compact Entry-Level
562100.0,2.0,0.75,1440,3700,1.0,0,0,3,1200,240,1914,,Seattle,98107,0,1914,100,100.0,390.34722222222223,100.0,1,0.16666666666666666,0.375,523.6363636363636,7.273092595999522,8.216358332386156,1,train,Compact Entry-Level
740000.0,4.0,2.5,3000,10392,2.0,0,0,3,3000,0,1995,,Issaquah,98027,0,1995,19,19.0,246.66666666666663,19.0,0,0.0,0.625,461.53846153846155,8.006700845440367,9.248887781588422,3,train,New-Build Suburban Family
308000.0,3.0,1.0,1640,18144,1.5,0,0,3,1640,0,1942,,Seattle,98168,0,1942,72,72.0,187.8048780487805,72.0,0,0.0,0.3333333333333333,410.0,7.403061091090091,9.806150319647172,1,train,Compact Entry-Level
905000.0,5.0,3.5,3100,10200,1.0,0,4,3,1660,1440,1970,,Bellevue,98008,0,1970,44,44.0,291.93548387096774,44.0,1,0.4645161290322581,0.7,364.70588235294116,8.03947991910045,9.23024103368252,2,train,Premium View Property
762000.0,4.0,3.5,4000,15253,2.0,0,0,3,4000,0,2007,,Snoqualmie,98065,0,2007,7,7.0,190.5,7.0,0,0.0,0.875,533.3333333333334,8.294299608857235,9.632597042724184,3,train,New-Build Suburban Family
356000.0,4.0,2.0,2020,48693,1.5,0,0,3,2020,0,1949,,North Bend,98045,0,1949,65,65.0,176.23762376237624,65.0,0,0.0,0.5,336.6666666666667,7.611347717403621,10.793311098195112,0,train,Established Family Home
750000.0,3.0,1.5,1840,5000,1.5,0,0,5,1340,500,1915,,Seattle,98107,0,1915,99,99.0,407.60869565217394,99.0,1,0.2717391304347826,0.5,408.8888888888889,7.518064181233078,8.517393171418904,0,train,Established Family Home
418800.0,4.0,2.25,2100,9984,1.0,0,0,4,1290,810,1973,,Kenmore,98028,0,1973,41,41.0,199.42857142857144,41.0,1,0.38571428571428573,0.5625,336.0,7.650168700845001,9.208839245849916,0,train,Established Family Home
276000.0,4.0,2.25,2460,11250,1.0,0,0,4,2460,0,1959,,Auburn,98002,0,1959,55,55.0,112.1951219512195,55.0,0,0.0,0.5625,393.6,7.8083230503910555,9.328212292571072,0,train,Established Family Home
725000.0,3.0,2.5,2610,7510,2.0,0,0,3,2610,0,1996,,Redmond,98052,0,1996,18,18.0,277.77777777777777,18.0,0,0.0,0.8333333333333334,474.54545454545456,7.8674885686991285,8.924123891686012,3,train,New-Build Suburban Family
285000.0,3.0,2.0,1460,6377,1.0,0,0,3,1460,0,1995,,Maple Valley,98038,0,1995,19,19.0,195.2054794520548,19.0,0,0.0,0.6666666666666666,292.0,7.2868764117507,8.760609847570002,1,train,Compact Entry-Level
205000.0,3.0,1.0,1050,8498,1.0,0,0,3,1050,0,1958,,Kent,98031,0,1958,56,56.0,195.23809523809524,56.0,0,0.0,0.3333333333333333,262.5,6.957497370876951,9.047703788498627,1,train,Compact Entry-Level
583000.0,3.0,2.5,1790,8144,2.0,0,0,3,1790,0,1989,,Sammamish,98074,0,1989,25,25.0,325.6983240223464,25.0,0,0.0,0.8333333333333334,325.45454545454544,7.490529402060711,9.005159521036145,3,train,New-Build Suburban Family
657000.0,4.0,2.5,2180,3375,1.5,0,0,4,1420,760,1926,,Seattle,98117,0,1926,88,88.0,301.3761467889908,88.0,1,0.3486238532110092,0.625,335.38461538461536,7.687538766201629,8.124446855715847,0,test,Established Family Home
386000.0,4.0,2.25,2050,9583,2.0,0,2,3,1770,280,1965,,Des Moines,98198,0,1965,49,49.0,188.2926829268293,49.0,1,0.13658536585365855,0.5625,328.0,7.62608275807238,9.16785032035523,2,train,Premium View Property
589950.0,5.0,3.0,2790,19439,1.0,0,3,5,1500,1290,1973,,Renton,98058,0,1973,41,41.0,211.4516129032258,41.0,1,0.46236559139784944,0.6,348.75,7.934155233536322,9.87508807801443,2,test,Premium View Property
575000.0,3.0,2.25,1700,3333,1.5,0,0,3,1100,600,1924,,Seattle,98117,0,1924,90,90.0,338.2352941176471,90.0,1,0.35294117647058826,0.75,323.8095238095238,7.438971592395862,8.111928063310739,0,test,Established Family Home
574000.0,3.0,2.5,2380,6832,2.0,0,0,3,2380,0,2002,,Snoqualmie,98065,0,2002,12,12.0,241.1764705882353,12.0,0,0.0,0.8333333333333334,432.72727272727275,7.7752758464868625,8.829519094780778,3,train,New-Build Suburban Family
690500.0,5.0,2.0,2000,4211,1.5,0,2,4,1280,720,1908,,Seattle,98112,0,1908,106,106.0,345.25,106.0,1,0.36,0.4,285.7142857142857,7.601402334583733,8.345692873253865,2,train,Premium View Property
565000.0,2.0,1.75,1670,4008,1.0,0,0,3,1670,0,2005,,Issaquah,98029,0,2005,9,9.0,338.3233532934132,9.0,0,0.0,0.875,445.3333333333333,7.421177528595393,8.296297112642508,1,train,Compact Entry-Level
500000.0,3.0,1.5,1190,4750,1.0,0,0,3,970,220,1940,,Seattle,98107,0,1940,74,74.0,420.16806722689074,74.0,1,0.18487394957983194,0.5,264.44444444444446,7.0825485693553,8.46611040118692,1,test,Compact Entry-Level
330000.0,6.0,2.25,3040,28535,1.0,0,0,3,1890,1150,1951,,Kent,98030,0,1951,63,63.0,108.55263157894736,63.0,1,0.3782894736842105,0.375,368.4848484848485,8.019941687677365,10.258921727038727,0,train,Established Family Home
286000.0,2.0,1.0,780,3475,1.0,0,0,4,780,0,1930,,North Bend,98045,0,1930,84,84.0,366.6666666666667,84.0,0,0.0,0.5,260.0,6.660575149839686,8.153637486385282,1,test,Compact Entry-Level
450000.0,3.0,1.5,2330,11740,1.0,0,0,3,1330,1000,1954,,Lake Forest Park,98155,0,1954,60,60.0,193.1330472103004,60.0,1,0.4291845493562232,0.5,517.7777777777778,7.754052639035757,9.370842268630211,0,test,Established Family Home
870000.0,4.0,2.75,2840,4000,1.5,0,0,5,1960,880,1912,,Seattle,98144,0,1912,102,102.0,306.3380281690141,102.0,1,0.30985915492957744,0.6875,420.74074074074076,7.951911381854188,8.294299608857235,0,test,Established Family Home
725000.0,4.0,2.5,2490,5170,2.0,0,0,4,2490,0,2000,,Redmond,98052,0,2000,14,14.0,291.16465863453817,14.0,0,0.0,0.625,383.0769230769231,7.820439515262181,8.550821372396221,3,test,New-Build Suburban Family
275000.0,2.0,1.0,770,4840,1.0,0,0,4,770,0,1927,,Seattle,98126,0,1927,87,87.0,357.1428571428572,87.0,0,0.0,0.5,256.6666666666667,6.647688373563329,8.484876589939695,1,train,Compact Entry-Level
645000.0,3.0,2.75,1850,16960,1.0,0,2,4,1850,0,1953,,Seattle,98177,0,1953,61,61.0,348.64864864864865,61.0,0,0.0,0.9166666666666666,321.7391304347826,7.523481312573497,9.738671869871839,2,train,Premium View Property
152000.0,3.0,1.0,1090,3264,1.0,0,0,4,1090,0,1969,,Auburn,98092,0,1969,45,45.0,139.4495412844037,45.0,0,0.0,0.3333333333333333,272.5,6.994849985833071,8.09101504171053,1,train,Compact Entry-Level
315000.0,4.0,2.0,1780,5336,1.5,0,0,5,930,850,1918,,Seattle,98178,0,1918,96,96.0,176.96629213483146,96.0,1,0.47752808988764045,0.5,296.6666666666667,7.484930283289661,8.582418976333944,0,train,Established Family Home
190000.0,1.0,0.75,930,29258,1.0,0,0,3,930,0,1941,,Seattle,98178,0,1941,73,73.0,204.3010752688172,73.0,0,0.0,0.75,531.4285714285714,6.836259277277067,10.283942497640124,1,train,Compact Entry-Level
700000.0,4.0,2.5,2770,5686,2.0,0,0,3,2770,0,2004,,Sammamish,98075,0,2004,10,10.0,252.70758122743683,10.0,0,0.0,0.625,426.15384615384613,7.9269635448629785,8.645938147306799,3,train,New-Build Suburban Family
233000.0,3.0,1.0,1250,6180,1.5,0,0,3,1250,0,1955,,Shoreline,98155,0,1955,59,59.0,186.4,59.0,0,0.0,0.3333333333333333,312.5,7.1316985104669115,8.729235349659273,1,train,Compact Entry-Level
249000.0,4.0,2.25,1830,6136,2.0,0,0,3,1830,0,1990,,Kent,98030,0,1990,24,24.0,136.0655737704918,24.0,0,0.0,0.5625,292.8,7.5126175446745105,8.722091302389098,3,train,New-Build Suburban Family
310000.0,2.0,1.0,870,5400,1.0,0,0,3,870,0,1950,2007.0,Seattle,98126,1,2007,64,7.0,356.32183908045977,7.0,0,0.0,0.5,290.0,6.769641976852503,8.594339400592892,1,train,Compact Entry-Level
265950.0,3.0,1.5,1150,8450,1.0,0,0,4,1150,0,1951,,Seattle,98178,0,1951,63,63.0,231.2608695652174,63.0,0,0.0,0.5,255.55555555555554,7.048386408721883,9.042040056544483,1,test,Compact Entry-Level
860000.0,5.0,3.25,4500,9648,2.0,0,4,4,3000,1500,1968,,Seattle,98125,0,1968,46,46.0,191.11111111111111,46.0,1,0.3333333333333333,0.65,545.4545454545455,8.412054873292933,9.174609562020384,2,train,Premium View Property
200000.0,3.0,1.0,1150,4800,1.5,0,0,4,1150,0,1938,,Auburn,98002,0,1938,76,76.0,173.91304347826087,76.0,0,0.0,0.3333333333333333,287.5,7.048386408721883,8.476579508530941,1,train,Compact Entry-Level
402000.0,4.0,2.25,2000,3672,2.0,0,0,5,1650,350,1926,,Seattle,98117,0,1926,88,88.0,201.0,88.0,1,0.175,0.5625,320.0,7.601402334583733,8.208764045819667,0,train,Established Family Home
305000.0,6.0,2.0,1900,8240,1.0,0,0,2,1200,700,1964,,Seattle,98125,0,1964,50,50.0,160.52631578947367,50.0,1,0.3684210526315789,0.3333333333333333,237.5,7.550135342488429,9.016876974763383,0,train,Established Family Home
505000.0,3.0,1.75,1640,10695,1.0,0,2,3,1640,0,1975,,Kirkland,98034,0,1975,39,39.0,307.9268292682927,39.0,0,0.0,0.5833333333333334,345.2631578947368,7.403061091090091,9.27762511878178,1,train,Compact Entry-Level
1355000.0,3.0,1.5,2680,4775,2.0,0,2,5,1880,800,1913,,Seattle,98109,0,1913,101,101.0,505.5970149253731,101.0,1,0.29850746268656714,0.5,595.5555555555555,7.893945138235959,8.471358655072438,2,train,Premium View Property
482000.0,3.0,2.5,2420,7307,2.0,0,0,3,2420,0,1998,,Snoqualmie,98065,0,1998,16,16.0,199.17355371900825,16.0,0,0.0,0.8333333333333334,440.0,7.791935956938058,8.896724917497897,3,train,New-Build Suburban Family
299950.0,3.0,1.75,1790,7650,1.0,0,3,3,1790,0,1978,,Federal Way,98023,0,1978,36,36.0,167.56983240223462,36.0,0,0.0,0.5833333333333334,376.8421052631579,7.490529402060711,8.942591637231851,2,train,Premium View Property
770000.0,4.0,2.5,3920,12415,2.0,0,0,3,3920,0,1997,,Sammamish,98075,0,1997,17,17.0,196.42857142857144,17.0,0,0.0,0.625,603.0769230769231,8.27410200229233,9.426741242423,3,train,New-Build Suburban Family
245700.0,3.0,2.25,1640,8400,1.0,0,0,3,1180,460,1968,,Kent,98032,0,1968,46,46.0,149.8170731707317,46.0,1,0.2804878048780488,0.75,312.3809523809524,7.403061091090091,9.036106025364846,0,train,Established Family Home
283000.0,3.0,1.0,890,8400,1.0,0,0,4,890,0,1954,,Renton,98056,0,1954,60,60.0,317.97752808988764,60.0,0,0.0,0.3333333333333333,222.5,6.792344427470809,9.036106025364846,1,train,Compact Entry-Level
650000.0,4.0,2.75,1910,16532,1.0,0,0,4,1420,490,1940,,Seattle,98117,0,1940,74,74.0,340.31413612565444,74.0,1,0.25654450261780104,0.6875,282.962962962963,7.555381944240273,9.713113662551345,0,train,Established Family Home
530000.0,5.0,2.25,2140,7910,1.0,0,0,3,1070,1070,1962,,Bellevue,98007,0,1962,52,52.0,247.6635514018692,52.0,1,0.5,0.45,295.17241379310343,7.669028288589683,8.976009475021396,0,test,Established Family Home
440000.0,3.0,1.75,2030,17100,1.0,0,0,4,2030,0,1953,,Burien,98166,0,1953,61,61.0,216.7487684729064,61.0,0,0.0,0.5833333333333334,427.36842105263156,7.616283561580385,9.746892220313054,1,train,Compact Entry-Level
1005000.0,4.0,4.5,4225,284011,2.0,0,0,4,4225,0,1985,,Sammamish,98074,0,1985,29,29.0,237.8698224852071,29.0,0,0.0,1.125,497.05882352941177,8.349011198176003,12.556771769771816,3,test,New-Build Suburban Family
599990.0,3.0,2.25,2680,9162,1.0,0,0,3,1570,1110,1978,,Issaquah,98027,0,1978,36,36.0,223.87686567164175,36.0,1,0.4141791044776119,0.75,510.4761904761905,7.893945138235959,9.122928914965213,0,test,Established Family Home
544000.0,4.0,2.5,2030,3974,2.0,0,0,3,2030,0,1994,,Issaquah,98029,0,1994,20,20.0,267.9802955665025,20.0,0,0.0,0.625,312.3076923076923,7.616283561580385,8.287780027088433,3,train,New-Build Suburban Family
1700000.0,5.0,3.5,5850,22885,2.0,0,2,4,4670,1180,1978,,Bellevue,98004,0,1978,36,36.0,290.5982905982906,36.0,1,0.20170940170940171,0.7,688.2352941176471,8.674367865788236,10.03828064887766,2,test,Premium View Property
270000.0,2.0,1.0,2060,8398,1.0,0,0,3,1260,800,1962,,Seattle,98168,0,1962,52,52.0,131.06796116504853,52.0,1,0.3883495145631068,0.5,686.6666666666666,7.630946580890459,9.035867930125628,1,train,Compact Entry-Level
435000.0,2.0,1.0,1060,3036,1.5,0,0,4,1060,0,1943,,Seattle,98105,0,1943,71,71.0,410.37735849056605,71.0,0,0.0,0.5,353.3333333333333,6.966967138613983,8.01862546504575,1,train,Compact Entry-Level
349000.0,3.0,1.0,1010,8184,1.0,0,0,4,1010,0,1947,,Shoreline,98155,0,1947,67,67.0,345.5445544554456,67.0,0,0.0,0.3333333333333333,252.5,6.918695219020472,9.010058489805235,1,test,Compact Entry-Level
1140000.0,4.0,2.25,3310,127631,2.0,0,0,5,3310,0,1924,1956.0,Woodinville,98072,1,1956,90,58.0,344.4108761329305,58.0,0,0.0,0.5625,529.6,8.105005537547246,11.75690640215091,0,train,Established Family Home
320000.0,4.0,2.5,2000,10051,2.0,0,0,3,2000,0,1997,,Maple Valley,98038,0,1997,17,17.0,160.0,17.0,0,0.0,0.625,307.6923076923077,7.601402334583733,9.215526898663482,3,train,New-Build Suburban Family
804100.0,4.0,2.5,3070,8086,2.0,0,0,3,3070,0,2005,,Newcastle,98059,0,2005,9,9.0,261.92182410423453,9.0,0,0.0,0.625,472.3076923076923,8.029758520440822,8.998013113095823,3,train,New-Build Suburban Family
594000.0,3.0,2.25,1270,1406,2.0,0,0,3,1060,210,2014,,Seattle,98105,0,2014,0,0.0,467.7165354330709,0.0,1,0.16535433070866143,0.75,241.9047619047619,7.147559271189454,7.249215057114389,3,train,New-Build Suburban Family
531500.0,4.0,2.75,3110,49765,1.0,0,0,4,3110,0,1958,1972.0,Black Diamond,98010,1,1972,56,42.0,170.90032154340835,42.0,0,0.0,0.6875,460.74074074074076,8.042699496897637,10.81508729892216,0,test,Established Family Home
1150000.0,3.0,2.0,2110,18815,2.0,0,0,5,2110,0,1979,,Sammamish,98075,0,1979,35,35.0,545.0236966824644,35.0,0,0.0,0.6666666666666666,422.0,7.65491704784832,9.842462850698354,3,train,New-Build Suburban Family
374500.0,3.0,2.25,1400,11400,2.0,0,0,3,1400,0,1984,,Kenmore,98028,0,1984,30,30.0,267.5,30.0,0,0.0,0.75,266.6666666666667,7.244941546337007,9.34145634983372,3,train,New-Build Suburban Family
450000.0,4.0,2.75,2310,5650,1.0,0,2,3,1330,980,1952,2012.0,Seattle,98118,1,2012,62,2.0,194.8051948051948,2.0,1,0.42424242424242425,0.6875,342.22222222222223,7.745435610274381,8.639587799629844,2,train,Premium View Property
744500.0,5.0,2.5,2700,16570,1.0,0,0,4,1750,950,1967,,Bellevue,98005,0,1967,47,47.0,275.7407407407408,47.0,1,0.35185185185185186,0.5,360.0,7.901377353792616,9.715409458629793,0,train,Established Family Home
913888.0,5.0,2.25,2370,15512,2.0,0,0,4,2370,0,1981,,Bellevue,98006,0,1981,33,33.0,385.60675105485234,33.0,0,0.0,0.45,326.8965517241379,7.771067086065406,9.64943366106433,3,train,New-Build Suburban Family
760000.0,4.0,2.5,2760,6000,2.0,0,0,5,2230,530,1942,,Seattle,98115,0,1942,72,72.0,275.3623188405797,72.0,1,0.19202898550724637,0.625,424.61538461538464,7.923348211930154,8.699681400989514,0,train,Established Family Home
346500.0,2.0,1.75,1610,6300,1.0,0,0,3,1010,600,1941,,Seattle,98108,0,1941,73,73.0,215.2173913043478,73.0,1,0.37267080745341613,0.875,429.3333333333333,7.384610383176974,8.748463629942055,1,train,Compact Entry-Level
280000.0,3.0,1.75,1230,8250,1.0,0,0,3,1230,0,1966,,Renton,98058,0,1966,48,48.0,227.64227642276424,48.0,0,0.0,0.5833333333333334,258.94736842105266,7.115582126184454,9.018089684104343,1,train,Compact Entry-Level
557500.0,3.0,1.75,1900,11165,1.0,0,0,4,1900,0,1959,,Bellevue,98008,0,1959,55,55.0,293.42105263157896,55.0,0,0.0,0.5833333333333334,400.0,7.550135342488429,9.320628725870305,1,train,Compact Entry-Level
260000.0,3.0,1.5,1580,8184,1.0,0,0,3,1140,440,1954,,Des Moines,98148,0,1954,60,60.0,164.5569620253165,60.0,1,0.27848101265822783,0.5,351.1111111111111,7.365812837209472,9.010058489805235,0,train,Established Family Home
1330000.0,3.0,1.5,1940,2885,1.5,0,2,3,1940,0,1900,,Seattle,98119,0,1900,114,114.0,685.5670103092783,114.0,0,0.0,0.5,431.1111111111111,7.57095858316901,7.9676267393338165,1,train,Compact Entry-Level
640000.0,3.0,1.75,1620,6000,1.0,0,0,5,1040,580,1947,,Seattle,98103,0,1947,67,67.0,395.0617283950617,67.0,1,0.35802469135802467,0.5833333333333334,341.05263157894734,7.390798521735676,8.699681400989514,0,train,Established Family Home
280000.0,7.0,2.5,1940,5458,2.0,0,0,3,1940,0,1994,,Auburn,98092,0,1994,20,20.0,144.3298969072165,20.0,0,0.0,0.35714285714285715,204.21052631578948,7.57095858316901,8.605020901781758,3,train,New-Build Suburban Family
205000.0,3.0,1.0,1230,8750,1.0,0,0,3,1230,0,1965,,Federal Way,98003,0,1965,49,49.0,166.66666666666666,49.0,0,0.0,0.3333333333333333,307.5,7.115582126184454,9.076923258535832,1,train,Compact Entry-Level
957000.0,5.0,3.25,3160,5000,2.0,0,2,3,2180,980,2005,,Seattle,98199,0,2005,9,9.0,302.8481012658228,9.0,1,0.310126582278481,0.65,383.030303030303,8.058643712215618,8.517393171418904,2,train,Premium View Property
625000.0,5.0,2.5,2700,21208,1.0,0,0,4,1950,750,1955,,Bellevue,98005,0,1955,59,59.0,231.4814814814815,59.0,1,0.2777777777777778,0.5,360.0,7.901377353792616,9.962180898875346,0,train,Established Family Home
680000.0,4.0,1.5,1880,6200,1.0,0,2,5,1440,440,1954,,Seattle,98146,0,1954,60,60.0,361.7021276595744,60.0,1,0.23404255319148937,0.375,341.8181818181818,7.53955882930103,8.732465848349879,2,train,Premium View Property
150000.0,2.0,1.0,890,8100,1.0,0,0,3,890,0,1942,,Burien,98146,0,1942,72,72.0,168.53932584269663,72.0,0,0.0,0.5,296.6666666666667,6.792344427470809,8.999742789830492,1,train,Compact Entry-Level
255950.0,3.0,2.5,1720,3676,2.0,0,0,3,1720,0,1992,,Kent,98031,0,1992,22,22.0,148.8081395348837,22.0,0,0.0,0.8333333333333334,312.72727272727275,7.450660796211539,8.209852481301272,3,train,New-Build Suburban Family
246500.0,3.0,2.5,1620,7686,2.0,0,0,3,1620,0,1989,,Maple Valley,98038,0,1989,25,25.0,152.1604938271605,25.0,0,0.0,0.8333333333333334,294.54545454545456,7.390798521735676,8.947285869349132,3,train,New-Build Suburban Family
450000.0,2.0,1.0,1380,4390,1.0,0,0,4,880,500,1931,,Seattle,98115,0,1931,83,83.0,326.0869565217391,83.0,1,0.36231884057971014,0.5,460.0,7.2305631534092925,8.387312270561717,1,test,Compact Entry-Level
595888.0,3.0,1.75,1870,9000,1.0,0,0,5,1870,0,1958,,Seattle,98177,0,1958,56,56.0,318.65668449197864,56.0,0,0.0,0.5833333333333334,393.6842105263158,7.534228326274089,9.105090961257085,1,train,Compact Entry-Level
454000.0,3.0,1.0,1970,22144,1.0,0,0,4,1970,0,1970,,Snoqualmie,98065,0,1970,44,44.0,230.45685279187816,44.0,0,0.0,0.3333333333333333,492.5,7.58629630715272,10.0053670163573,1,test,Compact Entry-Level
299900.0,3.0,1.0,1110,8593,1.0,0,0,3,1110,0,1979,,Shoreline,98155,0,1979,35,35.0,270.1801801801802,35.0,0,0.0,0.3333333333333333,277.5,7.01301578963963,9.058819564334941,1,test,Compact Entry-Level
200000.0,3.0,2.0,1190,6833,1.0,0,0,3,1190,0,1995,,Auburn,98092,0,1995,19,19.0,168.0672268907563,19.0,0,0.0,0.6666666666666666,238.0,7.0825485693553,8.829665432675236,1,train,Compact Entry-Level
346500.0,3.0,1.0,1150,11802,1.0,0,0,4,1150,0,1932,1958.0,Seattle,98106,1,1958,82,56.0,301.30434782608694,56.0,0,0.0,0.3333333333333333,287.5,7.048386408721883,9.37610901542907,1,test,Compact Entry-Level
585000.0,4.0,2.75,2890,6825,1.0,0,0,3,1560,1330,1973,,Kirkland,98034,0,1973,41,41.0,202.4221453287197,41.0,1,0.4602076124567474,0.6875,428.14814814814815,7.969357742016346,8.828494129466652,0,test,Established Family Home
383000.0,3.0,1.75,1500,13430,1.0,0,0,3,1500,0,1977,,Woodinville,98072,0,1977,37,37.0,255.33333333333331,37.0,0,0.0,0.5833333333333334,315.7894736842105,7.313886831633462,9.505320746909074,1,train,Compact Entry-Level
519000.0,4.0,2.5,1950,2617,1.5,0,0,4,1250,700,1910,,Seattle,98107,0,1910,104,104.0,266.15384615384613,104.0,1,0.358974358974359,0.625,300.0,7.576097340623111,7.870165946469845,0,train,Established Family Home
410000.0,3.0,1.5,1250,7700,1.0,0,0,5,1250,0,1968,,Newcastle,98056,0,1968,46,46.0,328.0,46.0,0,0.0,0.5,277.77777777777777,7.1316985104669115,8.94910546953925,1,train,Compact Entry-Level
578000.0,4.0,2.5,2070,5415,2.0,0,0,3,2070,0,1996,,Issaquah,98029,0,1996,18,18.0,279.22705314009664,18.0,0,0.0,0.625,318.46153846153845,7.635786861395585,8.59711281459211,3,train,New-Build Suburban Family
1280000.0,4.0,3.5,4660,17398,2.0,0,2,3,4660,0,2003,,Bellevue,98006,0,2003,11,11.0,274.6781115879828,11.0,0,0.0,0.875,621.3333333333334,8.446985296372741,9.764168012286715,2,train,Premium View Property
395000.0,2.0,2.25,1350,1493,2.0,0,0,3,1050,300,2007,,Seattle,98136,0,2007,7,7.0,292.5925925925926,7.0,1,0.2222222222222222,1.125,317.6470588235294,7.208600337960199,7.309212365692763,3,train,New-Build Suburban Family
364000.0,3.0,2.5,1800,2790,2.0,0,0,3,1800,0,2011,,Seattle,98126,0,2011,3,3.0,202.22222222222223,3.0,0,0.0,0.8333333333333334,327.27272727272725,7.496097345175956,7.934155233536322,3,train,New-Build Suburban Family
240000.0,3.0,2.25,1481,2820,2.0,0,0,3,1481,0,2012,,Auburn,98002,0,2012,2,2.0,162.05266711681296,2.0,0,0.0,0.75,282.0952380952381,7.301147805856032,7.944846711001996,3,train,New-Build Suburban Family
328423.0,3.0,2.5,1730,3600,2.0,0,0,3,1730,0,2014,,Seattle,98146,0,2014,0,0.0,189.8398843930636,0.0,0,0.0,0.8333333333333334,314.54545454545456,7.456454555176209,8.188966863648876,3,test,New-Build Suburban Family
594000.0,4.0,2.75,2720,4613,2.0,0,0,3,2720,0,2005,,Kenmore,98028,0,2005,9,9.0,218.3823529411765,9.0,0,0.0,0.6875,402.962962962963,7.908754738783246,8.4368504387337,3,train,New-Build Suburban Family
425000.0,3.0,2.5,2320,2267,3.0,0,0,3,2320,0,2009,,Seattle,98177,0,2009,5,5.0,183.18965517241375,5.0,0,0.0,0.8333333333333334,421.8181818181818,7.749753406274437,7.7266536648476425,3,train,New-Build Suburban Family
309620.0,3.0,2.5,1860,3730,2.0,0,0,3,1860,0,2012,,Duvall,98019,0,2012,2,2.0,166.46236559139786,2.0,0,0.0,0.8333333333333334,338.1818181818182,7.528869256642251,8.224431573221159,3,train,New-Build Suburban Family
260000.0,5.0,2.5,2025,7760,2.0,0,0,3,2025,0,2007,,Pacific,98047,0,2007,7,7.0,128.39506172839506,7.0,0,0.0,0.5,270.0,7.613818684808629,8.95686647085414,3,train,New-Build Suburban Family
563500.0,3.0,2.5,1400,1312,3.5,0,0,3,1400,0,2007,,Seattle,98103,0,2007,7,7.0,402.5,7.0,0,0.0,0.8333333333333334,254.54545454545453,7.244941546337007,7.180069874302796,3,train,New-Build Suburban Family
975000.0,5.0,3.0,2620,5477,2.0,0,0,3,2620,0,2009,,Seattle,98115,0,2009,5,5.0,372.1374045801527,5.0,0,0.0,0.6,327.5,7.8713112033234065,8.608495349823023,3,train,New-Build Suburban Family
937000.0,3.0,1.75,2450,2691,2.0,0,0,3,1750,700,1915,,Seattle,98119,0,1915,99,99.0,382.4489795918368,99.0,1,0.2857142857142857,0.5833333333333334,515.7894736842105,7.804251383528112,7.898039690764619,0,train,Established Family Home
518500.0,3.0,3.5,1590,1102,3.0,0,0,3,1590,0,2010,,Seattle,98103,0,2010,4,4.0,326.1006289308176,4.0,0,0.0,1.1666666666666667,244.6153846153846,7.372118028337787,7.005789019253503,3,train,New-Build Suburban Family
563500.0,4.0,1.75,2085,174240,1.0,0,0,3,1610,475,1964,,Fall City,98024,0,1964,50,50.0,270.26378896882494,50.0,1,0.2278177458033573,0.4375,362.60869565217394,7.643003635560718,12.068194677360603,0,train,Established Family Home
1050000.0,4.0,3.5,3450,7832,2.0,0,0,3,3450,0,2007,,Bellevue,98006,0,2007,7,7.0,304.3478260869565,7.0,0,0.0,0.875,460.0,8.146419323098003,8.96610085736724,3,train,New-Build Suburban Family
350000.0,3.0,2.25,1780,16290,2.0,0,0,4,1780,0,1987,,Renton,98058,0,1987,27,27.0,196.6292134831461,27.0,0,0.0,0.75,339.04761904761904,7.484930283289661,9.69836808706617,3,test,New-Build Suburban Family
826000.0,4.0,2.5,3060,7140,2.0,0,0,3,3060,0,2006,,Issaquah,98029,0,2006,8,8.0,269.93464052287584,8.0,0,0.0,0.625,470.7692307692308,8.026496938945412,8.87360810154911,3,train,New-Build Suburban Family
225000.0,3.0,2.0,1700,11475,1.0,0,0,5,970,730,1945,,Burien,98146,0,1945,69,69.0,132.35294117647058,69.0,1,0.4294117647058823,0.6666666666666666,340.0,7.438971592395862,9.348013177101256,0,train,Established Family Home
235867.0,4.0,2.0,1330,5926,1.0,0,0,4,1330,0,1942,,Renton,98056,0,1942,72,72.0,177.3436090225564,72.0,0,0.0,0.5,221.66666666666666,7.193685818395112,8.687273461787838,1,train,Compact Entry-Level
399000.0,4.0,3.0,3060,5000,2.0,0,0,3,3060,0,2001,,Covington,98042,0,2001,13,13.0,130.3921568627451,13.0,0,0.0,0.75,437.14285714285717,8.026496938945412,8.517393171418904,3,train,New-Build Suburban Family
177500.0,3.0,1.5,1220,6000,1.0,0,0,3,1220,0,1968,,Renton,98057,0,1968,46,46.0,145.49180327868854,46.0,0,0.0,0.5,271.1111111111111,7.107425474110705,8.699681400989514,1,train,Compact Entry-Level
224000.0,4.0,1.5,1600,9289,1.0,0,0,4,1600,0,1959,,Auburn,98002,0,1959,55,55.0,140.0,55.0,0,0.0,0.375,290.90909090909093,7.3783837129967145,9.136693831807884,1,train,Compact Entry-Level
302000.0,4.0,1.75,1530,17664,1.5,0,0,3,1530,0,1968,,Renton,98058,0,1968,46,46.0,197.3856209150327,46.0,0,0.0,0.4375,266.0869565217391,7.333676395657684,9.779340559793246,1,train,Compact Entry-Level
760000.0,3.0,2.5,1980,13964,1.0,0,0,5,1980,0,1959,,Mercer Island,98040,0,1959,55,55.0,383.83838383838383,55.0,0,0.0,0.8333333333333334,360.0,7.591357046698551,9.544309478379278,0,test,Established Family Home
460000.0,3.0,2.5,1730,8490,1.0,0,0,3,1210,520,1969,,Kirkland,98034,0,1969,45,45.0,265.8959537572254,45.0,1,0.30057803468208094,0.8333333333333334,314.54545454545456,7.456454555176209,9.046762057999363,0,train,Established Family Home
415000.0,3.0,1.0,1170,6700,1.0,0,0,3,1170,0,1957,,Seattle,98125,0,1957,57,57.0,354.7008547008547,57.0,0,0.0,0.3333333333333333,292.5,7.065613363597717,8.81001204797317,1,test,Compact Entry-Level
669000.0,2.0,1.75,1950,10766,1.0,0,3,4,1160,790,1952,,Burien,98166,0,1952,62,62.0,343.0769230769231,62.0,1,0.40512820512820513,0.875,520.0,7.576097340623111,9.284241179815718,2,train,Premium View Property
254600.0,3.0,2.0,1470,20000,1.0,0,0,4,1470,0,1968,,Auburn,98092,0,1968,46,46.0,173.19727891156464,46.0,0,0.0,0.6666666666666666,294.0,7.293697720601438,9.90353755128617,1,train,Compact Entry-Level
357250.0,3.0,1.5,1400,8840,1.0,0,0,4,1400,0,1952,,Seattle,98125,0,1952,62,62.0,255.17857142857144,62.0,0,0.0,0.5,311.1111111111111,7.244941546337007,9.087155271405804,1,train,Compact Entry-Level
910000.0,4.0,3.5,4040,50479,2.0,0,0,3,4040,0,1987,,Woodinville,98077,0,1987,27,27.0,225.24752475247524,27.0,0,0.0,0.875,538.6666666666666,8.304247465078474,10.829332497215095,3,train,New-Build Suburban Family
725000.0,6.0,3.0,3110,5000,1.5,0,0,5,1810,1300,1921,,Seattle,98103,0,1921,93,93.0,233.11897106109325,93.0,1,0.4180064308681672,0.5,345.55555555555554,8.042699496897637,8.517393171418904,0,train,Established Family Home
670000.0,3.0,1.5,1490,4400,1.5,0,0,4,1490,0,1906,,Seattle,98122,0,1906,108,108.0,449.66442953020135,108.0,0,0.0,0.5,331.1111111111111,7.307202314764738,8.38958706681109,1,train,Compact Entry-Level
440000.0,4.0,1.5,1770,5750,2.0,0,0,3,1770,0,1947,,Seattle,98116,0,1947,67,67.0,248.58757062146893,67.0,0,0.0,0.375,321.8181818181818,7.479299637782834,8.657129031713755,3,train,New-Build Suburban Family
1025000.0,4.0,3.5,3320,19850,1.0,0,2,4,2040,1280,1977,,Mercer Island,98040,0,1977,37,37.0,308.73493975903614,37.0,1,0.3855421686746988,0.875,442.6666666666667,8.108021221376747,9.89600966268017,2,train,Premium View Property
320000.0,2.0,1.0,950,5316,1.0,0,2,3,950,0,1948,,Seattle,98126,0,1948,66,66.0,336.8421052631579,66.0,0,0.0,0.5,316.6666666666667,6.85751406254539,8.57866451350434,1,test,Compact Entry-Level
310000.0,4.0,2.5,2430,5499,2.0,0,0,3,2430,0,2002,,Covington,98042,0,2002,12,12.0,127.57201646090536,12.0,0,0.0,0.625,373.84615384615387,7.796057974316123,8.612503371220562,3,test,New-Build Suburban Family
772650.0,4.0,2.5,2660,10800,1.0,0,0,3,2660,0,1955,2014.0,Bellevue,98005,1,2014,59,0.0,290.46992481203006,0.0,0,0.0,0.625,409.2307692307692,7.886457270977689,9.287394001418473,0,train,Established Family Home
669950.0,4.0,2.5,2670,11877,2.0,0,0,3,2670,0,1996,,Sammamish,98074,0,1996,18,18.0,250.9176029962547,18.0,0,0.0,0.625,410.7692307692308,7.890208213109961,9.382443228575806,3,train,New-Build Suburban Family
690000.0,5.0,3.5,2720,7598,2.0,0,0,3,1860,860,1993,,Seattle,98115,0,1993,21,21.0,253.6764705882353,21.0,1,0.3161764705882353,0.7,320.0,7.908754738783246,8.935771938669784,3,train,New-Build Suburban Family
385000.0,4.0,2.5,3200,22651,1.0,0,0,5,1610,1590,1970,,Kent,98031,0,1970,44,44.0,120.3125,44.0,1,0.496875,0.625,492.3076923076923,8.071218539969863,10.028003427233696,0,train,Established Family Home
663000.0,3.0,2.5,2480,37843,1.5,1,3,4,2480,0,1974,,Vashon,98070,0,1974,40,40.0,267.33870967741933,40.0,0,0.0,0.8333333333333334,450.90909090909093,7.816416983691801,10.541227725824335,2,test,Premium View Property
300000.0,3.0,2.25,1780,10395,1.0,0,0,3,1780,0,1967,,Renton,98058,0,1967,47,47.0,168.53932584269663,47.0,0,0.0,0.75,339.04761904761904,7.484930283289661,9.249176395761381,1,train,Compact Entry-Level
225500.0,2.0,1.75,1590,11276,1.0,0,0,4,1590,0,1972,,Auburn,98002,0,1972,42,42.0,141.8238993710692,42.0,0,0.0,0.875,424.0,7.372118028337787,9.330520532232288,1,train,Compact Entry-Level
320000.0,3.0,2.0,1550,34175,1.5,0,0,3,1550,0,1999,,North Bend,98045,0,1999,15,15.0,206.4516129032258,15.0,0,0.0,0.6666666666666666,310.0,7.346655163176539,10.439278922319867,3,test,New-Build Suburban Family
775000.0,3.0,2.75,2850,14800,1.0,0,0,4,1920,930,1976,,Bellevue,98006,0,1976,38,38.0,271.9298245614035,38.0,1,0.3263157894736842,0.9166666666666666,495.6521739130435,7.955425088912672,9.60245002503719,0,test,Established Family Home
805000.0,3.0,2.75,2600,5875,1.5,0,2,5,1600,1000,1929,,Seattle,98116,0,1929,85,85.0,309.61538461538464,85.0,1,0.38461538461538464,0.9166666666666666,452.17391304347825,7.8636512654486515,8.678631537293768,2,train,Premium View Property
252750.0,4.0,1.0,1230,7410,1.5,0,0,3,1230,0,1944,,Burien,98166,0,1944,70,70.0,205.4878048780488,70.0,0,0.0,0.25,246.0,7.115582126184454,8.910720661951359,1,train,Compact Entry-Level
254000.0,5.0,2.0,2080,16117,1.0,0,0,5,1740,340,1959,,Auburn,98001,0,1959,55,55.0,122.1153846153846,55.0,1,0.16346153846153846,0.4,297.14285714285717,7.640603826393634,9.687691938884457,0,train,Established Family Home
620000.0,6.0,3.5,3600,6875,2.0,0,0,3,2740,860,2004,,Snoqualmie,98065,0,2004,10,10.0,172.22222222222223,10.0,1,0.2388888888888889,0.5833333333333334,378.94736842105266,8.188966863648876,8.83579236650274,3,train,New-Build Suburban Family
435000.0,4.0,2.75,2110,8751,1.0,0,0,3,1510,600,1962,,Bothell,98011,0,1962,52,52.0,206.1611374407583,52.0,1,0.2843601895734597,0.6875,312.5925925925926,7.65491704784832,9.077037524661762,0,train,Established Family Home
460000.0,4.0,2.5,2550,19017,1.0,0,0,4,1300,1250,1961,,Lake Forest Park,98155,0,1961,53,53.0,180.3921568627451,53.0,1,0.49019607843137253,0.625,392.3076923076923,7.844240718141811,9.85314117809939,0,train,Established Family Home
268000.0,3.0,2.5,1650,6684,2.0,0,0,3,1650,0,1991,,Kent,98031,0,1991,23,23.0,162.42424242424244,23.0,0,0.0,0.8333333333333334,300.0,7.409136443920128,8.807621489536043,3,train,New-Build Suburban Family
446000.0,2.0,1.5,1370,1221,2.0,0,0,3,1080,290,2008,,Seattle,98122,0,2008,6,6.0,325.54744525547443,6.0,1,0.2116788321167883,0.75,391.42857142857144,7.223295679562314,7.108244139731541,3,train,New-Build Suburban Family
285000.0,2.0,1.0,1010,7200,1.0,0,0,3,1010,0,1975,,Lake Forest Park,98155,0,1975,39,39.0,282.1782178217822,39.0,0,0.0,0.5,336.6666666666667,6.918695219020472,8.881975184248867,1,test,Compact Entry-Level
530000.0,3.0,2.0,2330,26571,2.5,0,0,3,2330,0,1987,,Bellevue,98005,0,1987,27,27.0,227.46781115879827,27.0,0,0.0,0.6666666666666666,466.0,7.754052639035757,10.187613308785131,3,train,New-Build Suburban Family
402000.0,2.0,1.0,620,2475,1.0,0,0,5,620,0,1911,,Seattle,98107,0,1911,103,103.0,648.3870967741935,103.0,0,0.0,0.5,206.66666666666666,6.431331081933479,7.814399633804487,1,train,Compact Entry-Level
358000.0,3.0,1.5,2450,12497,1.0,0,0,4,2450,0,1967,,Snoqualmie,98065,0,1967,47,47.0,146.12244897959184,47.0,0,0.0,0.5,544.4444444444445,7.804251383528112,9.433323910489028,1,train,Compact Entry-Level
354950.0,4.0,2.75,2530,7350,1.0,0,0,5,1280,1250,1977,,Federal Way,98023,0,1977,37,37.0,140.29644268774703,37.0,1,0.49407114624505927,0.6875,374.81481481481484,7.836369760545124,8.902591637374087,0,train,Established Family Home
405000.0,4.0,2.5,2220,4652,2.0,0,0,3,2220,0,2001,,Renton,98059,0,2001,13,13.0,182.4324324324324,13.0,0,0.0,0.625,341.53846153846155,7.7057128238944275,8.445267451844648,3,train,New-Build Suburban Family
568000.0,4.0,1.75,2110,265716,1.0,0,0,4,2110,0,1979,,Redmond,98053,0,1979,35,35.0,269.1943127962085,35.0,0,0.0,0.4375,366.95652173913044,7.65491704784832,12.490187111635661,0,train,Established Family Home
575000.0,5.0,3.0,3690,49709,1.0,0,2,3,2690,1000,1960,,Des Moines,98198,0,1960,54,54.0,155.82655826558266,54.0,1,0.27100271002710025,0.6,461.25,8.213652703029998,10.813961399088718,2,train,Premium View Property
315000.0,4.0,2.5,1940,10200,1.0,0,0,4,1140,800,1977,,Kent,98042,0,1977,37,37.0,162.37113402061857,37.0,1,0.41237113402061853,0.625,298.46153846153845,7.57095858316901,9.23024103368252,0,train,Established Family Home
280927.0,4.0,2.25,2070,7350,2.0,0,0,4,2070,0,1977,,Kent,98032,0,1977,37,37.0,135.71352657004832,37.0,0,0.0,0.5625,331.2,7.635786861395585,8.902591637374087,3,train,New-Build Suburban Family
440000.0,4.0,2.5,2160,7826,1.0,0,0,4,1390,770,1976,,Lake Forest Park,98155,0,1976,38,38.0,203.7037037037037,38.0,1,0.35648148148148145,0.625,332.3076923076923,7.6783263565068856,8.965334573804839,0,train,Established Family Home
270000.0,4.0,2.25,2600,9900,1.0,0,0,3,1600,1000,1965,,Seattle,98178,0,1965,49,49.0,103.84615384615384,49.0,1,0.38461538461538464,0.5625,416.0,7.8636512654486515,9.200391041122515,0,test,Established Family Home
755000.0,4.0,2.75,2880,4000,1.5,0,0,3,2100,780,1912,2000.0,Seattle,98144,1,2000,102,14.0,262.15277777777777,14.0,1,0.2708333333333333,0.6875,426.6666666666667,7.9658927350845286,8.294299608857235,0,train,Established Family Home
289659.0,4.0,2.25,2260,7200,2.0,0,0,4,2260,0,1984,,Kent,98031,0,1984,30,30.0,128.16769911504426,30.0,0,0.0,0.5625,361.6,7.72356247227797,8.881975184248867,3,train,New-Build Suburban Family
555000.0,5.0,3.0,3640,6930,2.0,0,0,3,3640,0,2004,,Maple Valley,98038,0,2004,10,10.0,152.47252747252747,10.0,0,0.0,0.6,455.0,8.200013648175434,8.843759381917984,3,train,New-Build Suburban Family
450000.0,3.0,1.5,1530,23660,1.0,0,0,3,1530,0,1952,,Lake Forest Park,98155,0,1952,62,62.0,294.11764705882354,62.0,0,0.0,0.5,340.0,7.333676395657684,10.0715834020661,1,train,Compact Entry-Level
1145000.0,3.0,2.5,2490,4000,2.0,0,0,5,1670,820,1918,,Seattle,98109,0,1918,96,96.0,459.83935742971886,96.0,1,0.3293172690763052,0.8333333333333334,452.72727272727275,7.820439515262181,8.294299608857235,0,train,Established Family Home
495000.0,3.0,1.75,1440,11787,1.0,0,0,3,1440,0,1983,,Sammamish,98074,0,1983,31,31.0,343.75,31.0,0,0.0,0.5833333333333334,303.1578947368421,7.273092595999522,9.374837343857585,1,train,Compact Entry-Level
1250000.0,3.0,3.0,3760,8500,2.5,0,3,4,3060,700,1910,,Seattle,98116,0,1910,104,104.0,332.4468085106383,104.0,1,0.18617021276595744,1.0,626.6666666666666,8.232440158470336,9.04793908261736,2,train,Premium View Property
580000.0,4.0,1.75,1720,6975,1.0,0,0,3,1420,300,1975,,Redmond,98052,0,1975,39,39.0,337.2093023255814,39.0,1,0.1744186046511628,0.4375,299.1304347826087,7.450660796211539,8.850230965588816,0,train,Established Family Home
560000.0,4.0,2.5,2480,16360,1.0,0,0,5,1510,970,1959,,Kenmore,98028,0,1959,55,55.0,225.80645161290323,55.0,1,0.3911290322580645,0.625,381.53846153846155,7.816416983691801,9.702655732983077,0,test,Established Family Home
1080000.0,4.0,3.5,3990,5267,2.0,0,0,3,3990,0,2008,,Bellevue,98006,0,2008,6,6.0,270.6766917293233,6.0,0,0.0,0.875,532.0,8.291797105048733,8.569406062863171,3,train,New-Build Suburban Family
450000.0,2.0,1.75,840,3340,1.0,0,0,3,700,140,1912,,Seattle,98107,0,1912,102,102.0,535.7142857142857,102.0,1,0.16666666666666666,0.875,224.0,6.734591659972948,8.114025442356757,1,train,Compact Entry-Level
815000.0,3.0,2.0,2270,11989,1.0,0,0,4,2270,0,1968,,Mercer Island,98040,0,1968,46,46.0,359.03083700440527,46.0,0,0.0,0.6666666666666666,454.0,7.7279755421055585,9.39182824802156,1,train,Compact Entry-Level
354000.0,4.0,2.5,2580,5476,2.0,0,0,3,2580,0,2005,,Kent,98031,0,2005,9,9.0,137.2093023255814,9.0,0,0.0,0.625,396.9230769230769,7.855932199718614,8.608312784783722,3,train,New-Build Suburban Family
279900.0,3.0,1.75,1580,6620,1.0,0,0,3,1580,0,1988,,Federal Way,98003,0,1988,26,26.0,177.15189873417722,26.0,0,0.0,0.5833333333333334,332.63157894736844,7.365812837209472,8.798001694924846,1,train,Compact Entry-Level
339000.0,2.0,1.0,950,7954,1.0,0,0,4,950,0,1941,,Seattle,98108,0,1941,73,73.0,356.8421052631579,73.0,0,0.0,0.5,316.6666666666667,6.85751406254539,8.981555940771887,1,train,Compact Entry-Level
1340000.0,4.0,3.5,3190,5040,2.0,0,3,3,2160,1030,2003,,Seattle,98144,0,2003,11,11.0,420.0626959247649,11.0,1,0.322884012539185,0.875,425.3333333333333,8.068089626278244,8.525359754082631,2,train,Premium View Property
710000.0,3.0,3.25,3740,136915,2.5,0,0,3,3100,640,1990,,Burien,98166,0,1990,24,24.0,189.83957219251337,24.0,1,0.1711229946524064,1.0833333333333333,598.4,8.227108234348146,11.827122878077736,3,train,New-Build Suburban Family
815000.0,4.0,2.75,2620,4743,1.0,0,2,4,1310,1310,1949,,Seattle,98117,0,1949,65,65.0,311.0687022900763,65.0,1,0.5,0.6875,388.14814814814815,7.8713112033234065,8.464635940677562,2,train,Premium View Property
800000.0,3.0,1.75,2080,75794,1.0,0,0,3,2080,0,1958,,Kirkland,98033,0,1958,56,56.0,384.61538461538464,56.0,0,0.0,0.5833333333333334,437.89473684210526,7.640603826393634,11.235787606394119,1,train,Compact Entry-Level
638000.0,3.0,2.0,1660,3729,1.0,0,0,5,970,690,1922,,Seattle,98116,0,1922,92,92.0,384.3373493975904,92.0,1,0.41566265060240964,0.6666666666666666,332.0,7.415175109613295,8.224163512637862,0,train,Established Family Home
475580.0,3.0,1.75,1520,11085,1.0,0,0,3,1520,0,1983,,Sammamish,98074,0,1983,31,31.0,312.88157894736844,31.0,0,0.0,0.5833333333333334,320.0,7.327123292259293,9.31343832997975,1,train,Compact Entry-Level
243800.0,3.0,1.0,1140,27760,1.0,0,0,4,1140,0,1981,,Issaquah,98027,0,1981,33,33.0,213.859649122807,33.0,0,0.0,0.3333333333333333,285.0,7.039660349862076,10.231387437026681,1,train,Compact Entry-Level
600000.0,3.0,2.5,3240,8016,2.0,0,0,3,2910,330,2004,,Snoqualmie,98065,0,2004,10,10.0,185.1851851851852,10.0,1,0.10185185185185185,0.8333333333333334,589.0909090909091,8.083637203141548,8.989319566042951,3,train,New-Build Suburban Family
620000.0,3.0,2.0,2460,41343,1.0,0,0,4,2460,0,1988,,Issaquah,98027,0,1988,26,26.0,252.03252032520325,26.0,0,0.0,0.6666666666666666,492.0,7.8083230503910555,10.629682587142273,0,test,Established Family Home
750000.0,4.0,2.75,1750,5080,1.5,0,0,3,1750,0,1903,,Seattle,98122,0,1903,111,111.0,428.57142857142856,111.0,0,0.0,0.6875,259.25925925925924,7.467942332285852,8.533263371593732,0,train,Established Family Home
626000.0,3.0,1.75,2430,5000,2.0,0,0,4,1760,670,1945,,Seattle,98117,0,1945,69,69.0,257.61316872427983,69.0,1,0.2757201646090535,0.5833333333333334,511.57894736842104,7.796057974316123,8.517393171418904,0,train,Established Family Home
230000.0,3.0,1.0,1060,9946,1.0,0,0,4,1060,0,1956,,SeaTac,98188,0,1956,58,58.0,216.9811320754717,58.0,0,0.0,0.3333333333333333,265.0,6.966967138613983,9.205026277152413,1,train,Compact Entry-Level
537000.0,3.0,3.0,2410,7479,2.0,0,2,3,2410,0,1942,1988.0,Lake Forest Park,98155,1,1988,72,26.0,222.82157676348547,26.0,0,0.0,1.0,401.6666666666667,7.787796878181171,8.919988070968524,2,train,Premium View Property
210000.0,2.0,1.0,720,8040,1.0,0,0,3,720,0,1943,,Burien,98166,0,1943,71,71.0,291.6666666666667,71.0,0,0.0,0.5,240.0,6.580639137284949,8.99230873254815,1,train,Compact Entry-Level
200500.0,3.0,1.75,1260,9346,1.0,0,0,4,1260,0,1963,,Kent,98030,0,1963,51,51.0,159.12698412698413,51.0,0,0.0,0.5833333333333334,265.2631578947368,7.13966033596492,9.142810715182584,1,train,Compact Entry-Level
253500.0,3.0,1.0,1640,12384,1.0,0,0,4,1090,550,1954,,Federal Way,98003,0,1954,60,60.0,154.5731707317073,60.0,1,0.3353658536585366,0.3333333333333333,410.0,7.403061091090091,9.42424134192346,0,train,Established Family Home
150000.0,3.0,1.0,1310,9612,1.0,0,0,3,960,350,1962,,Auburn,98001,0,1962,52,52.0,114.50381679389314,52.0,1,0.26717557251908397,0.3333333333333333,327.5,7.1785454837637,9.170871628065816,1,train,Compact Entry-Level
440000.0,3.0,1.5,2120,6290,1.0,0,0,4,1220,900,1949,,Seattle,98108,0,1949,65,65.0,207.54716981132077,65.0,1,0.42452830188679247,0.5,471.1111111111111,7.659642954564682,8.74687531957003,0,train,Established Family Home
667000.0,3.0,1.75,3320,478288,1.5,0,3,4,2260,1060,1933,1982.0,Enumclaw,98022,1,1982,81,32.0,200.9036144578313,32.0,1,0.3192771084337349,0.5833333333333334,698.9473684210526,8.108021221376747,13.077970431285591,2,train,Premium View Property
660000.0,3.0,1.0,1210,9622,1.0,0,1,3,1210,0,1955,2009.0,Bellevue,98006,1,2009,59,5.0,545.4545454545455,5.0,0,0.0,0.3333333333333333,302.5,7.099201743553092,9.171911345356401,1,train,Compact Entry-Level
695000.0,3.0,2.75,2590,12063,2.0,0,0,3,2590,0,1993,,Bellevue,98006,0,1993,21,21.0,268.33976833976834,21.0,0,0.0,0.9166666666666666,450.4347826086956,7.85979918056211,9.397981090247738,3,train,New-Build Suburban Family
440000.0,4.0,2.5,2250,7526,2.0,0,0,3,2250,0,1989,,Renton,98059,0,1989,25,25.0,195.55555555555557,25.0,0,0.0,0.625,346.15384615384613,7.719129840906732,8.926251835034533,3,train,New-Build Suburban Family
1388000.0,4.0,3.0,4040,20001,1.0,0,0,3,2020,2020,1972,2001.0,Clyde Hill,98004,1,2001,42,13.0,343.5643564356436,13.0,1,0.5,0.75,577.1428571428571,8.304247465078474,9.90358754753646,0,train,Established Family Home
219500.0,3.0,1.0,1090,6710,1.5,0,0,5,1090,0,1912,,Auburn,98002,0,1912,102,102.0,201.37614678899084,102.0,0,0.0,0.3333333333333333,272.5,6.994849985833071,8.811503250158239,1,test,Compact Entry-Level
220000.0,3.0,1.5,1660,15600,2.0,0,0,3,1660,0,1981,,Auburn,98001,0,1981,33,33.0,132.53012048192772,33.0,0,0.0,0.5,368.8888888888889,7.415175109613295,9.65509029374725,3,train,New-Build Suburban Family
270000.0,2.0,1.0,1780,81021,1.0,0,3,4,1780,0,1954,,Auburn,98001,0,1954,60,60.0,151.68539325842696,60.0,0,0.0,0.5,593.3333333333334,7.484930283289661,11.302476001714904,2,train,Premium View Property
900000.0,4.0,3.5,3370,5000,2.0,0,2,3,2470,900,2008,,Seattle,98126,0,2008,6,6.0,267.06231454005933,6.0,1,0.26706231454005935,0.875,449.3333333333333,8.12296471523406,8.517393171418904,2,test,Premium View Property
1990000.0,5.0,3.0,4480,5000,2.5,0,0,5,3420,1060,1902,,Seattle,98112,0,1902,112,112.0,444.19642857142856,112.0,1,0.23660714285714285,0.6,560.0,8.407601514786142,8.517393171418904,0,test,Established Family Home
800000.0,4.0,2.5,2990,16809,2.0,0,0,3,2990,0,1990,,Woodinville,98077,0,1990,24,24.0,267.55852842809367,24.0,0,0.0,0.625,460.0,8.003363058629947,9.729729226402661,3,train,New-Build Suburban Family
365000.0,5.0,2.0,2280,19000,1.5,0,0,3,2280,0,1924,,Burien,98166,0,1924,90,90.0,160.08771929824562,90.0,0,0.0,0.4,325.7142857142857,7.732369222284388,9.852246888342531,0,train,Established Family Home
1387800.0,3.0,3.0,2480,5500,2.0,0,3,3,1730,750,1950,2005.0,Seattle,98199,1,2005,64,9.0,559.5967741935484,9.0,1,0.3024193548387097,1.0,413.3333333333333,7.816416983691801,8.612685172875459,2,train,Premium View Property
451000.0,5.0,2.75,2830,8925,1.5,0,0,3,2830,0,1967,,Kirkland,98034,0,1967,47,47.0,159.36395759717314,47.0,0,0.0,0.55,365.16129032258067,7.9483852851118995,9.096723645189215,3,train,New-Build Suburban Family
202000.0,2.0,1.0,920,7569,1.0,0,0,4,920,0,1950,,Burien,98168,0,1950,64,64.0,219.56521739130437,64.0,0,0.0,0.5,306.6666666666667,6.825460036255307,8.931948346431495,1,train,Compact Entry-Level
1410000.0,4.0,2.25,3250,16684,2.0,0,0,3,3250,0,1979,,Medina,98039,0,1979,35,35.0,433.84615384615387,35.0,0,0.0,0.5625,520.0,8.086717920303906,9.722265391185474,3,train,New-Build Suburban Family
471000.0,2.0,1.75,1240,6417,1.0,0,0,5,1240,0,1924,,Seattle,98126,0,1924,90,90.0,379.8387096774193,90.0,0,0.0,0.875,330.6666666666667,7.123672785204607,8.766861821669803,1,train,Compact Entry-Level
827000.0,4.0,2.5,3230,12100,1.0,0,0,3,1870,1360,1977,,Bellevue,98006,0,1977,37,37.0,256.0371517027864,37.0,1,0.42105263157894735,0.625,496.9230769230769,8.080546965824498,9.401043372798053,0,test,Established Family Home
235000.0,5.0,2.5,2500,9583,1.0,0,0,3,1300,1200,1979,,Des Moines,98198,0,1979,35,35.0,94.0,35.0,1,0.48,0.5,333.3333333333333,7.824445930877619,9.16785032035523,0,train,Established Family Home
216500.0,2.0,1.75,1390,4482,1.0,0,0,4,1390,0,1980,,Des Moines,98198,0,1980,34,34.0,155.75539568345323,34.0,0,0.0,0.875,370.6666666666667,7.237778191923443,8.40804774415544,1,train,Compact Entry-Level
359000.0,5.0,1.75,1940,6654,1.5,0,0,4,1940,0,1953,,Burien,98166,0,1953,61,61.0,185.05154639175257,61.0,0,0.0,0.35,287.4074074074074,7.57095858316901,8.803123730829212,0,train,Established Family Home
252500.0,3.0,2.0,1900,8002,1.0,0,0,3,1900,0,1991,,Federal Way,98023,0,1991,23,23.0,132.89473684210526,23.0,0,0.0,0.6666666666666666,380.0,7.550135342488429,8.987571750367046,1,train,Compact Entry-Level
370000.0,3.0,1.5,2380,14500,1.0,0,0,4,1850,530,1961,,Kenmore,98028,0,1961,53,53.0,155.46218487394958,53.0,1,0.22268907563025211,0.5,528.8888888888889,7.7752758464868625,9.581972891547895,0,train,Established Family Home
663000.0,3.0,2.0,1480,3876,1.0,0,0,5,860,620,1928,,Seattle,98117,0,1928,86,86.0,447.97297297297297,86.0,1,0.4189189189189189,0.6666666666666666,296.0,7.300472814267799,8.262816937670928,0,train,Established Family Home
971971.0,4.0,3.75,3460,6738,2.0,0,0,3,3460,0,2013,,Renton,98059,0,2013,1,1.0,280.9164739884393,1.0,0,0.0,0.9375,446.4516129032258,8.149312843635345,8.815666824946216,3,train,New-Build Suburban Family
420000.0,3.0,1.75,1444,249126,1.5,0,0,3,1444,0,2008,,Vashon,98070,0,2008,6,6.0,290.85872576177286,6.0,0,0.0,0.5833333333333334,304.0,7.275864600546533,12.425718085581215,3,train,New-Build Suburban Family
330675.0,4.0,3.0,1930,3031,1.0,0,0,3,1200,730,2006,,Duvall,98019,0,2006,8,8.0,171.3341968911917,8.0,1,0.37823834196891193,0.75,275.7142857142857,7.565793282428515,8.016977746762262,0,train,Established Family Home
240000.0,4.0,1.0,1200,2171,1.5,0,0,3,1200,0,1933,,Seattle,98133,0,1933,81,81.0,200.0,81.0,0,0.0,0.25,240.0,7.0909098220799835,7.683403681053826,1,train,Compact Entry-Level
334888.0,3.0,2.5,1769,7324,2.0,0,0,3,1769,0,2012,,Auburn,98092,0,2012,2,2.0,189.30921424533636,2.0,0,0.0,0.8333333333333334,321.6363636363636,7.478734825567875,8.899048433885268,3,train,New-Build Suburban Family
414000.0,3.0,2.5,2490,4540,2.5,0,0,3,2490,0,2012,,Renton,98059,0,2012,2,2.0,166.26506024096386,2.0,0,0.0,0.8333333333333334,452.72727272727275,7.820439515262181,8.420902531097951,3,test,New-Build Suburban Family
782900.0,4.0,3.25,3060,3898,2.0,0,0,3,2300,760,2014,,Issaquah,98027,0,2014,0,0.0,255.8496732026144,0.0,1,0.24836601307189543,0.8125,422.0689655172414,8.026496938945412,8.268475388982598,3,train,New-Build Suburban Family
525000.0,4.0,2.75,3030,6625,2.0,0,0,3,3030,0,2011,,Renton,98059,0,2011,3,3.0,173.26732673267327,3.0,0,0.0,0.6875,448.8888888888889,8.016647877057803,8.798756582859841,3,test,New-Build Suburban Family
429900.0,3.0,2.5,2370,5353,2.0,0,0,3,2370,0,2009,,Duvall,98019,0,2009,5,5.0,181.39240506329116,5.0,0,0.0,0.8333333333333334,430.90909090909093,7.771067086065406,8.585599224080298,3,train,New-Build Suburban Family
390000.0,3.0,3.25,1370,913,2.0,0,0,3,1100,270,2006,,Seattle,98116,0,2006,8,8.0,284.6715328467153,8.0,1,0.19708029197080293,1.0833333333333333,219.2,7.223295679562314,6.81783057145415,3,train,New-Build Suburban Family
224000.0,3.0,1.75,1500,11968,1.0,0,0,3,1500,0,2014,,Black Diamond,98010,0,2014,0,0.0,149.33333333333334,0.0,0,0.0,0.5833333333333334,315.7894736842105,7.313886831633462,9.39007525287337,1,test,Compact Entry-Level
257500.0,3.0,2.25,1715,6819,2.0,0,0,3,1715,0,1995,,Federal Way,98003,0,1995,19,19.0,150.14577259475217,19.0,0,0.0,0.75,326.6666666666667,7.447751280047908,8.827614750837508,3,train,New-Build Suburban Family
665000.0,2.0,1.0,1110,3200,1.0,0,0,3,1110,0,1925,,Seattle,98119,0,1925,89,89.0,599.0990990990991,89.0,0,0.0,0.5,370.0,7.01301578963963,8.071218539969863,1,train,Compact Entry-Level
327000.0,5.0,2.75,2400,8050,2.0,0,0,3,2400,0,1998,,Auburn,98092,0,1998,16,16.0,136.25,16.0,0,0.0,0.55,309.6774193548387,7.783640596221253,8.993551586299981,3,train,New-Build Suburban Family
425000.0,3.0,1.0,1520,213444,1.5,0,3,5,1520,0,1988,,Renton,98059,0,1988,26,26.0,279.60526315789474,26.0,0,0.0,0.3333333333333333,380.0,7.327123292259293,12.271134467222122,2,train,Premium View Property
687500.0,4.0,2.75,3190,10970,2.0,0,0,3,3190,0,1994,,Sammamish,98075,0,1994,20,20.0,215.51724137931035,20.0,0,0.0,0.6875,472.5925925925926,8.068089626278244,9.30301070681749,3,test,New-Build Suburban Family
672500.0,3.0,2.25,2400,5300,1.5,0,0,4,1250,1150,1939,,Seattle,98117,0,1939,75,75.0,280.2083333333333,75.0,1,0.4791666666666667,0.75,457.14285714285717,7.783640596221253,8.575650760987806,0,train,Established Family Home
140000.0,3.0,1.0,1060,7473,1.0,0,0,3,1060,0,1959,,Des Moines,98198,0,1959,55,55.0,132.0754716981132,55.0,0,0.0,0.3333333333333333,265.0,6.966967138613983,8.91918561004543,1,train,Compact Entry-Level
215500.0,2.0,1.75,1220,15600,1.0,0,0,3,1220,0,1972,,Auburn,98001,0,1972,42,42.0,176.63934426229508,42.0,0,0.0,0.875,325.3333333333333,7.107425474110705,9.65509029374725,1,train,Compact Entry-Level
464900.0,4.0,2.25,2020,8424,1.0,0,0,4,1380,640,1979,,Kirkland,98034,0,1979,35,35.0,230.14851485148515,35.0,1,0.31683168316831684,0.5625,323.2,7.611347717403621,9.038958755220563,0,train,Established Family Home
417000.0,4.0,2.25,2300,7700,1.0,0,0,3,1380,920,1959,,Seattle,98125,0,1959,55,55.0,181.30434782608697,55.0,1,0.4,0.5625,368.0,7.741099090035366,8.94910546953925,0,test,Established Family Home
453000.0,4.0,2.75,2300,37533,1.0,0,3,5,1550,750,1979,,Vashon,98070,0,1979,35,35.0,196.95652173913044,35.0,1,0.32608695652173914,0.6875,340.74074074074076,7.741099090035366,10.533002467851217,2,train,Premium View Property
700000.0,3.0,2.5,1660,1545,2.0,0,2,3,1400,260,2002,,Seattle,98109,0,2002,12,12.0,421.68674698795184,12.0,1,0.1566265060240964,0.8333333333333334,301.8181818181818,7.415175109613295,7.343426229147367,2,train,Premium View Property
1619999.0,4.0,3.0,3900,9750,1.0,0,4,5,2520,1380,1972,,Bellevue,98006,0,1972,42,42.0,415.384358974359,42.0,1,0.35384615384615387,0.75,557.1428571428571,8.268988209506656,9.18512512283512,2,train,Premium View Property
259500.0,3.0,1.75,1650,12349,1.0,0,0,3,1650,0,1957,,SeaTac,98188,0,1957,57,57.0,157.27272727272728,57.0,0,0.0,0.5833333333333334,347.36842105263156,7.409136443920128,9.421411342056123,1,train,Compact Entry-Level
460000.0,4.0,2.5,2110,35091,1.0,0,0,4,1290,820,1985,,Issaquah,98027,0,1985,29,29.0,218.00947867298575,29.0,1,0.3886255924170616,0.625,324.61538461538464,7.65491704784832,10.465728463248274,0,train,Established Family Home
561500.0,3.0,1.75,1960,6380,1.0,0,0,4,980,980,1939,,Seattle,98115,0,1939,75,75.0,286.4795918367347,75.0,1,0.5,0.5833333333333334,412.63157894736844,7.581209826196346,8.761080103868347,0,train,Established Family Home
641000.0,4.0,2.5,2770,63118,2.0,0,0,3,2770,0,1997,,Carnation,98014,0,1997,17,17.0,231.40794223826717,17.0,0,0.0,0.625,426.15384615384613,7.9269635448629785,11.05277711255522,3,train,New-Build Suburban Family
330000.0,4.0,1.75,2440,7350,1.0,0,0,3,1610,830,1978,,Kent,98032,0,1978,36,36.0,135.24590163934425,36.0,1,0.3401639344262295,0.4375,424.3478260869565,7.80016307039296,8.902591637374087,0,test,Established Family Home
447000.0,2.0,1.0,1320,8380,1.0,0,0,3,1320,0,1953,,Seattle,98177,0,1953,61,61.0,338.6363636363636,61.0,0,0.0,0.5,440.0,7.186144304522325,9.033722518098907,1,train,Compact Entry-Level
320000.0,4.0,2.5,2570,4865,2.0,0,0,3,2570,0,2005,,Maple Valley,98038,0,2005,9,9.0,124.5136186770428,9.0,0,0.0,0.625,395.38461538461536,7.852050207265889,8.490027523343468,3,train,New-Build Suburban Family
212700.0,2.0,1.0,940,5040,1.0,0,0,3,940,0,1926,,Seattle,98126,0,1926,88,88.0,226.2765957446809,88.0,0,0.0,0.5,313.3333333333333,6.846943139585379,8.525359754082631,1,train,Compact Entry-Level
260000.0,2.0,1.0,700,4800,1.0,0,0,3,700,0,1922,,Seattle,98122,0,1922,92,92.0,371.4285714285714,92.0,0,0.0,0.5,233.33333333333334,6.55250788703459,8.476579508530941,1,train,Compact Entry-Level
410000.0,3.0,2.0,1400,45738,2.0,0,0,4,1400,0,1981,,Vashon,98070,0,1981,33,33.0,292.85714285714283,33.0,0,0.0,0.6666666666666666,280.0,7.244941546337007,10.73070660463555,3,train,New-Build Suburban Family
355000.0,4.0,2.5,1890,7867,2.0,0,0,3,1890,0,1996,,Maple Valley,98038,0,1996,18,18.0,187.83068783068785,18.0,0,0.0,0.625,290.7692307692308,7.544861068658458,8.97055917950895,3,train,New-Build Suburban Family
275500.0,2.0,1.0,720,11400,1.0,0,0,5,720,0,1951,,Shoreline,98133,0,1951,63,63.0,382.6388888888889,63.0,0,0.0,0.5,240.0,6.580639137284949,9.34145634983372,1,train,Compact Entry-Level
415000.0,3.0,1.75,2410,8944,1.0,0,0,4,1860,550,1967,,Renton,98058,0,1967,47,47.0,172.19917012448133,47.0,1,0.22821576763485477,0.5833333333333334,507.36842105263156,7.787796878181171,9.09884999594282,0,train,Established Family Home
279000.0,3.0,2.5,1630,7950,1.0,0,0,3,1320,310,1985,,Kent,98042,0,1985,29,29.0,171.16564417177915,29.0,1,0.1901840490797546,0.8333333333333334,296.3636363636364,7.396948602621014,8.981052985901483,0,train,Established Family Home
350000.0,5.0,1.75,2330,14322,1.0,0,0,4,1180,1150,1968,,Renton,98059,0,1968,46,46.0,150.21459227467813,46.0,1,0.49356223175965663,0.35,345.18518518518516,7.754052639035757,9.569621915779866,0,train,Established Family Home
355000.0,2.0,2.25,1330,10838,2.0,0,0,3,1330,0,1985,,Kenmore,98028,0,1985,29,29.0,266.9172932330827,29.0,0,0.0,1.125,312.94117647058823,7.193685818395112,9.29090601981575,3,train,New-Build Suburban Family
750000.0,4.0,2.25,3190,11597,2.0,0,0,3,2300,890,1984,,Sammamish,98074,0,1984,30,30.0,235.10971786833852,30.0,1,0.27899686520376177,0.5625,510.4,8.068089626278244,9.358587948436385,3,train,New-Build Suburban Family
235000.0,3.0,1.75,1400,6300,1.0,0,0,3,1400,0,1998,,Enumclaw,98022,0,1998,16,16.0,167.85714285714286,16.0,0,0.0,0.5833333333333334,294.7368421052632,7.244941546337007,8.748463629942055,1,test,Compact Entry-Level
209950.0,3.0,1.0,970,9583,1.0,0,0,4,970,0,1967,,Federal Way,98023,0,1967,47,47.0,216.44329896907217,47.0,0,0.0,0.3333333333333333,242.5,6.878326468291325,9.16785032035523,1,train,Compact Entry-Level
230000.0,3.0,1.75,1010,9600,1.0,0,0,5,1010,0,1969,,Covington,98042,0,1969,45,45.0,227.72277227722773,45.0,0,0.0,0.5833333333333334,212.6315789473684,6.918695219020472,9.169622538697624,1,test,Compact Entry-Level
725000.0,3.0,2.5,3580,54450,1.5,0,0,3,3580,0,1990,,Maple Valley,98038,0,1990,24,24.0,202.51396648044687,24.0,0,0.0,0.8333333333333334,650.9090909090909,8.183397369998433,10.905056493665374,3,train,New-Build Suburban Family
430000.0,2.0,1.0,1050,2570,1.0,0,0,5,850,200,1927,,Seattle,98117,0,1927,87,87.0,409.5238095238095,87.0,1,0.19047619047619047,0.5,350.0,6.957497370876951,7.852050207265889,1,train,Compact Entry-Level
661500.0,5.0,2.5,2500,7200,1.0,0,0,4,1490,1010,1977,,Redmond,98052,0,1977,37,37.0,264.6,37.0,1,0.404,0.5,333.3333333333333,7.824445930877619,8.881975184248867,0,train,Established Family Home
738000.0,3.0,3.0,2630,4896,2.0,0,0,3,2630,0,2006,,Redmond,98052,0,2006,8,8.0,280.6083650190114,8.0,0,0.0,1.0,438.3333333333333,7.875119281040293,8.496378051702317,3,train,New-Build Suburban Family
1820000.0,4.0,4.5,6640,53330,2.0,0,0,3,6640,0,1993,,Woodinville,98077,0,1993,21,21.0,274.09638554216866,21.0,0,0.0,1.125,781.1764705882352,8.801017833540714,10.884273054590794,3,train,New-Build Suburban Family
221000.0,3.0,1.0,910,8789,1.0,0,0,3,910,0,1966,,Seattle,98148,0,1966,48,48.0,242.8571428571429,48.0,0,0.0,0.3333333333333333,227.5,6.814542897259958,9.081369990679223,1,train,Compact Entry-Level
665000.0,3.0,2.5,2610,35000,2.0,0,0,3,2610,0,1988,,Woodinville,98072,0,1988,26,26.0,254.78927203065132,26.0,0,0.0,0.8333333333333334,474.54545454545456,7.8674885686991285,10.463131911491967,3,train,New-Build Suburban Family
255000.0,3.0,2.5,1720,6194,2.0,0,0,3,1720,0,1998,,Auburn,98092,0,1998,16,16.0,148.25581395348837,16.0,0,0.0,0.8333333333333334,312.72727272727275,7.450660796211539,8.731497794063243,3,test,New-Build Suburban Family
1195000.0,5.0,2.75,3650,13297,2.0,0,0,5,2750,900,1969,,Mercer Island,98040,0,1969,45,45.0,327.3972602739726,45.0,1,0.2465753424657534,0.55,470.96774193548384,8.202756381655638,9.495368926962401,0,train,Established Family Home
355000.0,3.0,1.75,2040,22693,1.0,0,0,4,2040,0,1980,,Kent,98042,0,1980,34,34.0,174.0196078431373,34.0,0,0.0,0.5833333333333334,429.4736842105263,7.621195162809845,10.029855851350934,1,train,Compact Entry-Level
755000.0,5.0,2.5,3260,24300,1.5,0,1,4,2310,950,1950,,Lake Forest Park,98155,0,1950,64,64.0,231.59509202453987,64.0,1,0.29141104294478526,0.5,434.6666666666667,8.089789175789319,10.098272780745283,0,train,Established Family Home
300000.0,3.0,1.5,1590,8911,1.0,0,0,3,1590,0,1956,,Kenmore,98028,0,1956,58,58.0,188.67924528301887,58.0,0,0.0,0.5,353.3333333333333,7.372118028337787,9.095153962167066,1,train,Compact Entry-Level
500000.0,4.0,1.0,1440,7100,1.5,0,0,3,1440,0,1906,,Seattle,98107,0,1906,108,108.0,347.22222222222223,108.0,0,0.0,0.25,288.0,7.273092595999522,8.867990898182093,1,train,Compact Entry-Level
191000.0,2.0,1.0,900,3400,1.0,0,0,5,900,0,1905,,Seattle,98108,0,1905,109,109.0,212.22222222222223,109.0,0,0.0,0.5,300.0,6.803505257608338,8.131824785007195,1,test,Compact Entry-Level
315000.0,6.0,4.0,3120,4240,2.0,0,2,4,2090,1030,1993,,Seattle,98106,0,1993,21,21.0,100.96153846153848,21.0,1,0.3301282051282051,0.6666666666666666,312.0,8.045908742270779,8.352554369474591,2,train,Premium View Property
415000.0,3.0,2.5,1060,1536,2.0,0,0,3,1060,0,2000,,Seattle,98117,0,2000,14,14.0,391.50943396226415,14.0,0,0.0,0.8333333333333334,192.72727272727272,6.966967138613983,7.337587743538596,3,train,New-Build Suburban Family
394000.0,4.0,2.5,3000,9793,2.0,0,0,3,3000,0,2002,,Maple Valley,98038,0,2002,12,12.0,131.33333333333334,12.0,0,0.0,0.625,461.53846153846155,8.006700845440367,9.189525232262262,3,train,New-Build Suburban Family
490000.0,3.0,2.5,2230,5348,2.0,0,0,3,2230,0,2000,,Snoqualmie,98065,0,2000,14,14.0,219.73094170403587,14.0,0,0.0,0.8333333333333334,405.45454545454544,7.7102051944325325,8.58466490653125,3,train,New-Build Suburban Family
523460.0,5.0,1.75,1890,5000,1.5,0,0,3,1090,800,1906,,Seattle,98107,0,1906,108,108.0,276.962962962963,108.0,1,0.42328042328042326,0.35,280.0,7.544861068658458,8.517393171418904,0,train,Established Family Home
550000.0,4.0,3.5,4150,16197,2.0,0,0,3,4150,0,2006,,Auburn,98092,0,2006,8,8.0,132.53012048192772,8.0,0,0.0,0.875,553.3333333333334,8.33110454805304,9.692643056808935,3,train,New-Build Suburban Family
342000.0,3.0,1.75,1780,10409,1.0,0,0,3,1280,500,1981,,Renton,98058,0,1981,33,33.0,192.13483146067412,33.0,1,0.2808988764044944,0.5833333333333334,374.7368421052632,7.484930283289661,9.250522161609014,0,train,Established Family Home
560000.0,4.0,2.5,2710,6583,2.0,0,0,3,2710,0,2003,,Renton,98059,0,2003,11,11.0,206.6420664206642,11.0,0,0.0,0.625,416.9230769230769,7.905072849498666,8.792397742356906,3,test,New-Build Suburban Family
1050000.0,4.0,4.25,4390,13833,2.0,0,3,3,3320,1070,2003,,Issaquah,98029,0,2003,11,11.0,239.17995444191345,11.0,1,0.2437357630979499,1.0625,532.1212121212121,8.387312270561717,9.53488460916053,2,train,Premium View Property
710000.0,2.0,1.5,1640,4080,1.5,0,0,5,1540,100,1916,,Seattle,98105,0,1916,98,98.0,432.9268292682927,98.0,1,0.06097560975609756,0.75,468.57142857142856,7.403061091090091,8.314097335405807,1,train,Compact Entry-Level
1020000.0,3.0,2.25,1670,4800,1.5,0,3,3,1670,0,1903,,Seattle,98119,0,1903,111,111.0,610.7784431137725,111.0,0,0.0,0.75,318.0952380952381,7.421177528595393,8.476579508530941,2,train,Premium View Property
399950.0,3.0,2.5,2570,10431,2.0,0,0,3,2570,0,1989,,Kent,98031,0,1989,25,25.0,155.6225680933852,25.0,0,0.0,0.8333333333333334,467.27272727272725,7.852050207265889,9.252633284166434,3,train,New-Build Suburban Family
480000.0,2.0,1.0,1500,3420,1.0,0,0,3,1500,0,1902,,Seattle,98103,0,1902,112,112.0,320.0,112.0,0,0.0,0.5,500.0,7.313886831633462,8.137688184977605,1,train,Compact Entry-Level
410000.0,3.0,1.0,2710,19000,2.0,0,3,4,2710,0,1950,,Burien,98166,0,1950,64,64.0,151.29151291512915,64.0,0,0.0,0.3333333333333333,677.5,7.905072849498666,9.852246888342531,2,train,Premium View Property
530000.0,4.0,1.75,2860,48351,1.0,0,0,3,1710,1150,1978,,Woodinville,98077,0,1978,36,36.0,185.3146853146853,36.0,1,0.4020979020979021,0.4375,497.39130434782606,7.95892649305011,10.786262865072466,0,train,Established Family Home
528000.0,2.0,0.75,840,40642,1.0,1,4,4,840,0,1937,,Vashon,98070,0,1937,77,77.0,628.5714285714286,77.0,0,0.0,0.375,305.45454545454544,6.734591659972948,10.612581898425521,2,train,Premium View Property
469900.0,4.0,2.5,2990,8913,2.0,0,0,4,2990,0,1991,,Renton,98058,0,1991,23,23.0,157.1571906354515,23.0,0,0.0,0.625,460.0,8.003363058629947,9.0953783535065,3,train,New-Build Suburban Family
397000.0,5.0,1.0,1170,6757,1.0,0,0,4,800,370,1944,,Seattle,98125,0,1944,70,70.0,339.3162393162393,70.0,1,0.3162393162393162,0.2,195.0,7.065613363597717,8.818482267274236,0,train,Established Family Home
718500.0,3.0,1.5,1200,6240,1.0,0,0,3,1030,170,1952,,Seattle,98112,0,1952,62,62.0,598.75,62.0,1,0.14166666666666666,0.5,266.6666666666667,7.0909098220799835,8.738895704934043,1,test,Compact Entry-Level
195000.0,2.0,1.0,1020,8100,1.0,0,0,3,1020,0,1940,,Seattle,98168,0,1940,74,74.0,191.1764705882353,74.0,0,0.0,0.5,340.0,6.928537818164665,8.999742789830492,1,test,Compact Entry-Level
285000.0,2.0,1.0,910,8155,1.0,0,0,4,910,0,1948,,Shoreline,98155,0,1948,66,66.0,313.1868131868132,66.0,0,0.0,0.5,303.3333333333333,6.814542897259958,9.006509131694346,1,test,Compact Entry-Level
295000.0,1.0,1.0,700,2500,1.0,0,0,4,700,0,1907,,Seattle,98106,0,1907,107,107.0,421.4285714285714,107.0,0,0.0,1.0,350.0,6.55250788703459,7.824445930877619,1,train,Compact Entry-Level
602000.0,4.0,1.75,2420,37800,1.0,0,0,4,1880,540,1981,,Redmond,98053,0,1981,33,33.0,248.7603305785124,33.0,1,0.2231404958677686,0.4375,420.8695652173913,7.791935956938058,10.540090836284206,0,test,Established Family Home
235000.0,3.0,1.75,1950,8712,1.0,0,0,3,1950,0,1960,,Renton,98055,0,1960,54,54.0,120.51282051282053,54.0,0,0.0,0.5833333333333334,410.5263157894737,7.576097340623111,9.072571442231286,1,test,Compact Entry-Level
465000.0,4.0,2.5,3060,6000,2.0,0,0,3,3060,0,2012,,Maple Valley,98038,0,2012,2,2.0,151.9607843137255,2.0,0,0.0,0.625,470.7692307692308,8.026496938945412,8.699681400989514,3,train,New-Build Suburban Family
234000.0,4.0,1.0,1390,18000,1.0,0,0,3,1390,0,1955,2013.0,Kent,98032,1,2013,59,1.0,168.3453237410072,1.0,0,0.0,0.25,278.0,7.237778191923443,9.798182590890704,1,train,Compact Entry-Level
504200.0,2.0,1.5,1200,1687,3.0,0,0,3,1200,0,2008,,Seattle,98103,0,2008,6,6.0,420.1666666666667,6.0,0,0.0,0.75,342.85714285714283,7.0909098220799835,7.431299675155903,3,train,New-Build Suburban Family
710000.0,3.0,2.5,2440,4153,2.0,0,0,3,2440,0,2003,,Redmond,98052,0,2003,11,11.0,290.9836065573771,11.0,0,0.0,0.8333333333333334,443.6363636363636,7.80016307039296,8.331827004436057,3,train,New-Build Suburban Family
589500.0,3.0,3.25,2310,3075,2.0,0,0,3,1730,580,2005,,Seattle,98116,0,2005,9,9.0,255.1948051948052,9.0,1,0.2510822510822511,1.0833333333333333,369.6,7.745435610274381,8.031385330625534,3,train,New-Build Suburban Family
415000.0,3.0,2.75,2600,64626,1.5,0,0,3,2600,0,2009,,Skykomish,98288,0,2009,5,5.0,159.6153846153846,5.0,0,0.0,0.9166666666666666,452.17391304347825,7.8636512654486515,11.076387559107486,3,test,New-Build Suburban Family
735000.0,3.0,2.25,1490,1212,2.0,0,0,3,1040,450,2011,,Seattle,98112,0,2011,3,3.0,493.28859060402687,3.0,1,0.30201342281879195,0.75,283.8095238095238,7.307202314764738,7.10085190894405,3,train,New-Build Suburban Family
427000.0,3.0,2.5,2432,9391,2.0,0,2,3,2432,0,2005,,Federal Way,98001,0,2005,9,9.0,175.57565789473685,9.0,0,0.0,0.8333333333333334,442.1818181818182,7.796880342783522,9.147613542067878,2,train,Premium View Property
982000.0,4.0,2.75,3610,8580,2.0,0,0,3,3610,0,2014,,Kirkland,98033,0,2014,0,0.0,272.0221606648199,0.0,0,0.0,0.6875,534.8148148148148,8.191740021277457,9.057305735807121,3,train,New-Build Suburban Family
459000.0,4.0,3.0,2530,10000,2.0,0,0,3,2530,0,2013,,Burien,98148,0,2013,1,1.0,181.42292490118575,1.0,0,0.0,0.75,361.42857142857144,7.836369760545124,9.210440366976517,3,train,New-Build Suburban Family
483453.0,4.0,2.75,2790,5527,2.0,0,0,3,2790,0,2014,,North Bend,98045,0,2014,0,0.0,173.28064516129032,0.0,0,0.0,0.6875,413.3333333333333,7.934155233536322,8.617581365447506,3,train,New-Build Suburban Family
246950.0,3.0,3.0,1670,4440,1.0,0,0,3,1670,0,2014,,Enumclaw,98022,0,2014,0,0.0,147.874251497006,0.0,0,0.0,1.0,278.3333333333333,7.421177528595393,8.398634855292102,3,train,New-Build Suburban Family
235000.0,1.0,1.5,1170,1456,2.0,0,0,3,1070,100,2007,,Seattle,98126,0,2007,7,7.0,200.85470085470087,7.0,1,0.08547008547008547,1.5,468.0,7.065613363597717,7.284134806195205,1,train,Compact Entry-Level
288790.0,4.0,2.0,1350,942,3.0,0,0,3,1350,0,2008,,Issaquah,98029,0,2008,6,6.0,213.9185185185185,6.0,0,0.0,0.5,225.0,7.208600337960199,6.849066282633458,3,train,New-Build Suburban Family
229800.0,2.0,1.75,1110,1773,2.0,0,0,3,1110,0,2014,,Seattle,98108,0,2014,0,0.0,207.02702702702703,0.0,0,0.0,0.875,296.0,7.01301578963963,7.480992162869525,3,train,New-Build Suburban Family
516500.0,1.0,1.25,1100,638,3.0,0,0,3,1100,0,2014,,Seattle,98112,0,2014,0,0.0,469.54545454545456,0.0,0,0.0,1.25,488.8888888888889,7.00397413672268,6.459904454377535,3,train,New-Build Suburban Family
1600000.0,3.0,4.25,2820,7200,2.0,0,0,4,2460,360,1930,,Seattle,98112,0,1930,84,84.0,567.3758865248227,84.0,1,0.1276595744680851,1.4166666666666667,388.9655172413793,7.944846711001996,8.881975184248867,0,train,Established Family Home
234000.0,3.0,1.0,1040,8128,1.0,0,0,3,1040,0,1983,,Duvall,98019,0,1983,31,31.0,225.0,31.0,0,0.0,0.3333333333333333,260.0,6.947937068614969,9.003193193746572,1,train,Compact Entry-Level
230000.0,2.0,1.75,1910,3376,2.0,0,0,3,1910,0,1980,,Maple Valley,98038,0,1980,34,34.0,120.41884816753928,34.0,0,0.0,0.875,509.3333333333333,7.555381944240273,8.124743020385568,3,test,New-Build Suburban Family
300000.0,4.0,1.0,1370,8499,1.0,0,0,3,1370,0,1949,,Shoreline,98155,0,1949,65,65.0,218.97810218978103,65.0,0,0.0,0.25,274.0,7.223295679562314,9.047821442478408,1,test,Compact Entry-Level
470000.0,3.0,1.5,1500,5000,1.5,0,0,4,1140,360,1927,,Seattle,98117,0,1927,87,87.0,313.3333333333333,87.0,1,0.24,0.5,333.3333333333333,7.313886831633462,8.517393171418904,0,test,Established Family Home
339900.0,3.0,1.0,1200,9087,1.0,0,0,5,1200,0,1969,,Newcastle,98056,0,1969,45,45.0,283.25,45.0,0,0.0,0.3333333333333333,300.0,7.0909098220799835,9.114710140960932,1,train,Compact Entry-Level
650000.0,2.0,1.0,1050,2542,1.0,0,0,3,880,170,1904,,Seattle,98122,0,1904,110,110.0,619.047619047619,110.0,1,0.1619047619047619,0.5,350.0,6.957497370876951,7.841099765422119,1,test,Compact Entry-Level
585000.0,5.0,2.5,2670,16777,1.5,0,0,4,1620,1050,1920,,Seattle,98125,0,1920,94,94.0,219.1011235955056,94.0,1,0.39325842696629215,0.5,356.0,7.890208213109961,9.72782378340624,0,train,Established Family Home
699900.0,4.0,2.5,2190,11500,1.0,0,0,4,1430,760,1972,,Bellevue,98006,0,1972,42,42.0,319.5890410958904,42.0,1,0.3470319634703196,0.625,336.9230769230769,7.692113339595466,9.350189267092581,0,train,Established Family Home
598000.0,4.0,2.5,3130,40918,2.0,0,0,3,3130,0,1994,,North Bend,98045,0,1994,20,20.0,191.05431309904156,20.0,0,0.0,0.625,481.53846153846155,8.049107721326406,10.619349781839288,3,test,New-Build Suburban Family
475000.0,3.0,2.5,1700,9100,1.0,0,0,3,1160,540,1998,,Seattle,98126,0,1998,16,16.0,279.4117647058824,16.0,1,0.3176470588235294,0.8333333333333334,309.09090909090907,7.438971592395862,9.116139576577355,0,train,Established Family Home
314500.0,3.0,1.75,1700,17355,1.0,0,0,3,1200,500,1978,,Maple Valley,98038,0,1978,36,36.0,185.0,36.0,1,0.29411764705882354,0.5833333333333334,357.89473684210526,7.438971592395862,9.761693546918242,0,test,Established Family Home
397000.0,3.0,3.5,1360,1275,2.0,0,0,3,1240,120,2007,,Seattle,98144,0,2007,7,7.0,291.9117647058824,7.0,1,0.08823529411764706,1.1666666666666667,209.23076923076923,7.215975002651466,7.151485463904735,3,train,New-Build Suburban Family
345000.0,3.0,2.0,1610,15005,1.0,0,0,4,1610,0,1986,,Carnation,98014,0,1986,28,28.0,214.28571428571428,28.0,0,0.0,0.6666666666666666,322.0,7.384610383176974,9.616205400105674,1,test,Compact Entry-Level
325000.0,5.0,2.75,2130,6222,1.0,0,0,3,1300,830,1991,,Seattle,98118,0,1991,23,23.0,152.58215962441315,23.0,1,0.38967136150234744,0.55,274.83870967741933,7.664346632098617,8.736007384569218,0,train,Established Family Home
265000.0,3.0,1.0,1800,7650,1.0,0,0,5,1800,0,1957,,Renton,98056,0,1957,57,57.0,147.22222222222223,57.0,0,0.0,0.3333333333333333,450.0,7.496097345175956,8.942591637231851,1,train,Compact Entry-Level
402000.0,4.0,2.75,2950,15540,1.0,0,0,4,2120,830,1974,,Kent,98042,0,1974,40,40.0,136.27118644067798,40.0,1,0.28135593220338984,0.6875,437.037037037037,7.989899374942939,9.651236971915612,0,train,Established Family Home
835000.0,3.0,2.25,2120,54014,2.0,0,0,4,2120,0,1964,,Bellevue,98005,0,1964,50,50.0,393.8679245283019,50.0,0,0.0,0.75,403.8095238095238,7.659642954564682,10.897017064751084,3,train,New-Build Suburban Family
780000.0,4.0,2.5,3500,7048,2.0,0,0,3,3500,0,2005,,Redmond,98053,0,2005,9,9.0,222.8571428571429,9.0,0,0.0,0.625,538.4615384615385,8.160803920954665,8.860641041773876,3,train,New-Build Suburban Family
250000.0,3.0,2.0,1440,9220,1.0,0,0,3,1440,0,1965,,Des Moines,98198,0,1965,49,49.0,173.61111111111111,49.0,0,0.0,0.6666666666666666,288.0,7.273092595999522,9.129238770539141,1,test,Compact Entry-Level
1200000.0,4.0,2.0,2120,3360,2.0,0,0,3,2120,0,1905,,Seattle,98112,0,1905,109,109.0,566.0377358490566,109.0,0,0.0,0.5,353.3333333333333,7.659642954564682,8.119993827725105,1,train,Compact Entry-Level
935000.0,2.0,2.5,1780,2067,2.0,0,0,5,1780,0,1974,,Bellevue,98004,0,1974,40,40.0,525.2808988764045,40.0,0,0.0,1.25,395.55555555555554,7.484930283289661,7.63433723562832,1,train,Compact Entry-Level
300000.0,2.0,1.0,960,8153,1.0,0,0,3,960,0,1947,,Shoreline,98155,0,1947,67,67.0,312.5,67.0,0,0.0,0.5,320.0,6.8679744089702925,9.006263883379198,1,train,Compact Entry-Level
419000.0,2.0,1.75,1510,4980,1.0,0,0,3,1510,0,2006,,Redmond,98053,0,2006,8,8.0,277.4834437086093,8.0,0,0.0,0.875,402.6666666666667,7.32052696227274,8.513385953073284,1,train,Compact Entry-Level
410000.0,1.0,1.5,1010,5750,1.0,0,0,3,1010,0,1911,1948.0,Seattle,98136,1,1948,103,66.0,405.940594059406,66.0,0,0.0,1.5,404.0,6.918695219020472,8.657129031713755,1,test,Compact Entry-Level
1165000.0,3.0,3.0,3790,5001,2.0,0,0,3,2810,980,1989,,Seattle,98122,0,1989,25,25.0,307.38786279683376,25.0,1,0.25857519788918204,1.0,631.6666666666666,8.240385115516334,8.517593111437565,3,test,New-Build Suburban Family
461000.0,3.0,1.75,3600,8666,2.0,0,0,4,2400,1200,1948,,Kirkland,98033,0,1948,66,66.0,128.05555555555554,66.0,1,0.3333333333333333,0.5833333333333334,757.8947368421053,8.188966863648876,9.067277989134345,0,train,Established Family Home
385000.0,3.0,1.75,1300,7030,1.0,0,0,3,1300,0,1968,,Kirkland,98034,0,1968,46,46.0,296.15384615384613,46.0,0,0.0,0.5833333333333334,273.6842105263158,7.170888478512505,8.858084222199162,1,train,Compact Entry-Level
669500.0,4.0,2.25,2500,4046,1.5,0,0,4,1520,980,1940,,Seattle,98117,0,1940,74,74.0,267.8,74.0,1,0.392,0.5625,400.0,7.824445930877619,8.305731144875866,0,train,Established Family Home
491950.0,3.0,2.25,2090,10733,1.0,0,0,3,1440,650,1958,,Seattle,98115,0,1958,56,56.0,235.38277511961724,56.0,1,0.31100478468899523,0.75,398.0952380952381,7.645397699428633,9.281171552736774,0,train,Established Family Home
1230000.0,3.0,1.75,2200,14630,1.5,0,1,3,2200,0,1948,2003.0,Bellevue,98004,1,2003,66,11.0,559.0909090909091,11.0,0,0.0,0.5833333333333334,463.1578947368421,7.696667081526462,9.590897844378162,1,train,Compact Entry-Level
560000.0,3.0,2.25,2070,15002,1.5,0,0,3,2070,0,1955,2013.0,Lake Forest Park,98155,1,2013,59,1.0,270.5314009661836,1.0,0,0.0,0.75,394.2857142857143,7.635786861395585,9.616005460087013,3,test,New-Build Suburban Family
370000.0,3.0,1.0,1320,7341,1.0,0,0,3,1320,0,1982,,Shoreline,98155,0,1982,32,32.0,280.3030303030303,32.0,0,0.0,0.3333333333333333,330.0,7.186144304522325,8.90136656405678,1,train,Compact Entry-Level
263400.0,4.0,2.0,1360,60548,1.0,0,0,3,960,400,1960,,Auburn,98001,0,1960,54,54.0,193.6764705882353,54.0,1,0.29411764705882354,0.5,226.66666666666666,7.215975002651466,11.01120823356823,0,train,Established Family Home
100000.0,2.0,1.0,930,7623,1.0,0,0,2,930,0,1942,,Burien,98166,0,1942,72,72.0,107.52688172043013,72.0,0,0.0,0.5,310.0,6.836259277277067,8.939056445334039,1,train,Compact Entry-Level
289950.0,3.0,2.5,1760,8584,1.5,0,0,5,1760,0,1937,,Burien,98148,0,1937,77,77.0,164.7443181818182,77.0,0,0.0,0.8333333333333334,320.0,7.473637108496206,9.057771773331575,1,train,Compact Entry-Level
263000.0,3.0,1.75,1410,8100,2.0,0,0,3,1410,0,1985,,Maple Valley,98038,0,1985,29,29.0,186.52482269503545,29.0,0,0.0,0.5833333333333334,296.8421052631579,7.252053951852814,8.999742789830492,3,train,New-Build Suburban Family
397500.0,4.0,2.5,2570,7859,2.0,0,0,3,2570,0,1992,,Maple Valley,98038,0,1992,22,22.0,154.66926070038912,22.0,0,0.0,0.625,395.38461538461536,7.852050207265889,8.969541885423252,3,train,New-Build Suburban Family
245000.0,3.0,2.75,1300,14197,1.0,0,0,3,860,440,1996,,Kent,98030,0,1996,18,18.0,188.46153846153845,18.0,1,0.3384615384615385,0.9166666666666666,226.08695652173913,7.170888478512505,9.560856388599332,0,train,Established Family Home
535000.0,3.0,1.0,1580,6300,1.0,0,0,3,1180,400,1925,,Seattle,98199,0,1925,89,89.0,338.60759493670884,89.0,1,0.25316455696202533,0.3333333333333333,395.0,7.365812837209472,8.748463629942055,1,train,Compact Entry-Level
449000.0,4.0,2.5,2960,6031,2.0,0,0,3,2960,0,2005,,Maple Valley,98038,0,2005,9,9.0,151.6891891891892,9.0,0,0.0,0.625,455.38461538461536,7.993282328101591,8.704833909687792,3,test,New-Build Suburban Family
490000.0,4.0,3.0,2330,3497,2.0,0,0,3,1920,410,2003,,Seattle,98108,0,2003,11,11.0,210.30042918454936,11.0,1,0.1759656652360515,0.75,332.85714285714283,7.754052639035757,8.159946655578548,3,test,New-Build Suburban Family
445800.0,4.0,2.25,2070,39446,1.0,0,0,3,1470,600,1977,,Lake Forest Park,98155,0,1977,37,37.0,215.3623188405797,37.0,1,0.2898550724637681,0.5625,331.2,7.635786861395585,10.582713277755028,0,train,Established Family Home
345000.0,2.0,1.0,970,5750,1.0,0,0,4,970,0,1932,,Seattle,98126,0,1932,82,82.0,355.6701030927835,82.0,0,0.0,0.5,323.3333333333333,6.878326468291325,8.657129031713755,1,train,Compact Entry-Level
327500.0,3.0,2.25,2310,7200,2.0,0,0,3,2310,0,1990,,Kent,98031,0,1990,24,24.0,141.77489177489178,24.0,0,0.0,0.75,440.0,7.745435610274381,8.881975184248867,3,train,New-Build Suburban Family
436500.0,4.0,2.5,2290,11173,2.0,0,0,4,2290,0,1988,,Renton,98058,0,1988,26,26.0,190.6113537117904,26.0,0,0.0,0.625,352.3076923076923,7.736743682453495,9.321344930019094,3,test,New-Build Suburban Family
550000.0,3.0,2.25,1720,9600,1.0,0,0,4,1220,500,1967,,Redmond,98052,0,1967,47,47.0,319.7674418604651,47.0,1,0.29069767441860467,0.75,327.6190476190476,7.450660796211539,9.169622538697624,0,train,Established Family Home
441000.0,2.0,1.5,1190,3400,1.0,0,0,3,990,200,1919,,Seattle,98115,0,1919,95,95.0,370.5882352941176,95.0,1,0.16806722689075632,0.75,340.0,7.0825485693553,8.131824785007195,1,train,Compact Entry-Level
406500.0,2.0,1.0,870,5750,1.0,0,0,4,870,0,1947,,Seattle,98116,0,1947,67,67.0,467.2413793103448,67.0,0,0.0,0.5,290.0,6.769641976852503,8.657129031713755,1,train,Compact Entry-Level
243000.0,2.0,1.5,1068,1758,2.0,0,0,3,1068,0,1990,,Kenmore,98028,0,1990,24,24.0,227.52808988764045,24.0,0,0.0,0.75,305.14285714285717,6.974478911025045,7.472500744737558,1,train,Compact Entry-Level
359500.0,4.0,2.75,2140,10316,2.0,0,0,3,2140,0,1993,,Auburn,98001,0,1993,21,21.0,167.99065420560748,21.0,0,0.0,0.6875,317.037037037037,7.669028288589683,9.241548299100376,3,train,New-Build Suburban Family
760000.0,4.0,2.5,3300,165528,2.0,0,0,3,3300,0,1984,,Woodinville,98077,0,1984,30,30.0,230.3030303030303,30.0,0,0.0,0.625,507.6923076923077,8.101980731853192,12.016901685034972,3,train,New-Build Suburban Family
1925000.0,5.0,4.25,4830,8050,2.5,0,2,4,3710,1120,1914,,Seattle,98144,0,1914,100,100.0,398.5507246376812,100.0,1,0.2318840579710145,0.85,522.1621621621622,8.482808764554406,8.993551586299981,2,train,Premium View Property
408000.0,5.0,3.25,2820,6589,1.5,0,0,3,2320,500,1906,2014.0,Seattle,98118,1,2014,108,0.0,144.68085106382978,0.0,1,0.1773049645390071,0.65,341.8181818181818,7.944846711001996,8.793308627496552,0,train,Established Family Home
480000.0,4.0,3.0,2440,9664,2.0,0,0,3,1890,550,1981,,Kenmore,98028,0,1981,33,33.0,196.72131147540983,33.0,1,0.22540983606557377,0.75,348.57142857142856,7.80016307039296,9.17626639164243,3,train,New-Build Suburban Family
875000.0,4.0,1.5,1800,3245,1.5,0,0,4,1800,0,1929,,Seattle,98103,0,1929,85,85.0,486.1111111111111,85.0,0,0.0,0.375,327.27272727272725,7.496097345175956,8.085178748074537,1,train,Compact Entry-Level
308000.0,3.0,1.0,1010,8800,1.0,0,0,4,1010,0,1954,,Seattle,98118,0,1954,60,60.0,304.9504950495049,60.0,0,0.0,0.3333333333333333,252.5,6.918695219020472,9.082620630373812,1,train,Compact Entry-Level
880000.0,4.0,2.75,3220,4392,1.5,0,0,4,2320,900,1931,,Seattle,98105,0,1931,83,83.0,273.2919254658385,83.0,1,0.2795031055900621,0.6875,477.037037037037,8.0774471493312,8.38776764397578,0,train,Established Family Home
1730000.0,5.0,3.5,5000,26540,2.0,0,3,3,3410,1590,2008,,Mercer Island,98040,0,2008,6,6.0,346.0,6.0,1,0.318,0.7,588.2352941176471,8.517393171418904,10.186445986151496,2,train,Premium View Property
170000.0,2.0,1.0,1200,24792,2.0,0,0,2,1200,0,1976,,Redmond,98053,0,1976,38,38.0,141.66666666666666,38.0,0,0.0,0.5,400.0,7.0909098220799835,10.118316634246252,1,train,Compact Entry-Level
491500.0,3.0,2.25,1470,4322,2.0,0,0,3,1470,0,1985,,Issaquah,98029,0,1985,29,29.0,334.3537414965986,29.0,0,0.0,0.75,280.0,7.293697720601438,8.371704884667631,3,train,New-Build Suburban Family
515000.0,3.0,2.5,2600,4506,2.0,0,0,3,2600,0,2003,,Kenmore,98028,0,2003,11,11.0,198.07692307692307,11.0,0,0.0,0.8333333333333334,472.72727272727275,7.8636512654486515,8.413387022690648,3,test,New-Build Suburban Family
550000.0,4.0,1.5,2750,128502,1.0,0,0,2,1500,1250,1958,,Renton,98055,0,1958,56,56.0,200.0,56.0,1,0.45454545454545453,0.375,500.0,7.919719760924575,11.763707529348393,0,train,Established Family Home
255000.0,2.0,1.0,1320,9967,1.0,0,0,3,940,380,1919,,Seattle,98108,0,1919,95,95.0,193.1818181818182,95.0,1,0.2878787878787879,0.5,440.0,7.186144304522325,9.207135241027235,1,train,Compact Entry-Level
635000.0,3.0,2.5,3350,4007,2.0,0,0,3,2550,800,2005,,Kirkland,98034,0,2005,9,9.0,189.55223880597012,9.0,1,0.23880597014925373,0.8333333333333334,609.0909090909091,8.11701408773731,8.2960476427647,3,train,New-Build Suburban Family
850000.0,3.0,2.5,2650,2387,2.0,0,0,3,1830,820,1920,,Seattle,98119,0,1920,94,94.0,320.75471698113205,94.0,1,0.30943396226415093,0.8333333333333334,481.8181818181818,7.8826922062890254,7.778211474512493,0,train,Established Family Home
265000.0,2.0,2.0,1860,10856,1.0,0,0,3,1260,600,1952,,Seattle,98178,0,1952,62,62.0,142.4731182795699,62.0,1,0.3225806451612903,1.0,465.0,7.528869256642251,9.292565312231853,0,train,Established Family Home
349810.0,3.0,1.0,960,8855,1.0,0,0,4,960,0,1958,,Shoreline,98155,0,1958,56,56.0,364.3854166666667,56.0,0,0.0,0.3333333333333333,240.0,6.8679744089702925,9.088850474388472,1,train,Compact Entry-Level
972000.0,4.0,1.75,2010,6300,1.0,0,2,5,1610,400,1937,,Seattle,98199,0,1937,77,77.0,483.5820895522388,77.0,1,0.19900497512437812,0.4375,349.5652173913044,7.606387389772652,8.748463629942055,2,train,Premium View Property
235000.0,2.0,1.0,900,28800,1.0,0,0,1,900,0,1928,,Snoqualmie,98065,0,1928,86,86.0,261.1111111111111,86.0,0,0.0,0.5,300.0,6.803505257608338,10.268165387743457,1,train,Compact Entry-Level
330000.0,4.0,2.5,2340,11784,2.0,0,0,3,2340,0,1997,,Kent,98042,0,1997,17,17.0,141.02564102564102,17.0,0,0.0,0.625,360.0,7.75833346749091,9.374582815370232,3,train,New-Build Suburban Family
500000.0,4.0,3.0,3720,15048,3.0,0,0,3,3720,0,1979,2014.0,Renton,98059,1,2014,35,0.0,134.40860215053763,0.0,0,0.0,0.75,531.4285714285714,8.221747728346623,9.619066822786719,3,train,New-Build Suburban Family
570000.0,3.0,2.0,1890,29185,1.0,0,0,3,1470,420,1949,2013.0,Bellevue,98006,1,2013,65,1.0,301.5873015873016,1.0,1,0.2222222222222222,0.6666666666666666,378.0,7.544861068658458,10.281444421227691,0,train,Established Family Home
1309500.0,4.0,2.5,2680,12215,1.0,1,4,3,1590,1090,1956,,Normandy Park,98166,0,1956,58,58.0,488.6194029850746,58.0,1,0.40671641791044777,0.625,412.3076923076923,7.893945138235959,9.410501846898468,2,train,Premium View Property
544000.0,3.0,2.5,1460,1613,2.0,0,0,3,1180,280,2007,,Seattle,98117,0,2007,7,7.0,372.6027397260274,7.0,1,0.1917808219178082,0.8333333333333334,265.45454545454544,7.2868764117507,7.3864708488298945,3,test,New-Build Suburban Family
439000.0,3.0,2.5,3180,7904,1.0,0,0,3,1810,1370,2006,,Renton,98056,0,2006,8,8.0,138.0503144654088,8.0,1,0.4308176100628931,0.8333333333333334,578.1818181818181,8.064950891749143,8.975250749643573,0,test,Established Family Home
530000.0,4.0,2.25,1980,15086,2.0,0,0,3,1980,0,1981,,Sammamish,98074,0,1981,33,33.0,267.67676767676767,33.0,0,0.0,0.5625,316.8,7.591357046698551,9.621588724840075,3,train,New-Build Suburban Family
427500.0,2.0,2.0,1090,934,3.0,0,0,3,1090,0,2008,,Seattle,98109,0,2008,6,6.0,392.2018348623853,6.0,0,0.0,1.0,272.5,6.994849985833071,6.840546529288687,3,train,New-Build Suburban Family
337000.0,4.0,2.5,2230,5970,2.0,0,0,4,2230,0,2002,,Covington,98042,0,2002,12,12.0,151.12107623318386,12.0,0,0.0,0.625,343.0769230769231,7.7102051944325325,8.694669696546992,3,train,New-Build Suburban Family
1095000.0,4.0,2.75,3330,9143,2.0,0,0,4,3330,0,1995,,Kirkland,98033,0,1995,19,19.0,328.8288288288288,19.0,0,0.0,0.6875,493.3333333333333,8.11102783819368,9.120853205474647,3,train,New-Build Suburban Family
435000.0,4.0,2.0,1880,3840,1.0,0,0,3,970,910,1904,,Seattle,98144,0,1904,110,110.0,231.38297872340425,110.0,1,0.48404255319148937,0.5,313.3333333333333,7.53955882930103,8.253488028345904,0,train,Established Family Home
765000.0,5.0,3.0,2870,5700,1.0,0,0,3,1950,920,1964,,Seattle,98103,0,1964,50,50.0,266.55052264808364,50.0,1,0.3205574912891986,0.6,358.75,7.962415680121064,8.648396877031582,0,test,Established Family Home
492650.0,4.0,1.75,2120,9786,1.0,0,0,3,1640,480,1967,,Shoreline,98177,0,1967,47,47.0,232.3820754716981,47.0,1,0.22641509433962265,0.4375,368.69565217391306,7.659642954564682,9.18881025342582,0,train,Established Family Home
383962.0,4.0,2.5,2700,6998,2.0,0,0,3,2700,0,2001,,Tukwila,98168,0,2001,13,13.0,142.20814814814815,13.0,0,0.0,0.625,415.38461538461536,7.901377353792616,8.85352256068954,3,train,New-Build Suburban Family
950000.0,4.0,2.5,3670,7680,2.5,0,0,3,3670,0,2007,,Issaquah,98029,0,2007,7,7.0,258.8555858310627,7.0,0,0.0,0.625,564.6153846153846,8.208219383496834,8.946505025998682,3,train,New-Build Suburban Family
457000.0,3.0,2.5,1220,1330,2.0,0,0,3,1010,210,2008,,Seattle,98117,0,2008,6,6.0,374.59016393442624,6.0,1,0.1721311475409836,0.8333333333333334,221.8181818181818,7.107425474110705,7.193685818395112,3,train,New-Build Suburban Family
1510000.0,5.0,3.25,4390,11250,2.0,0,0,3,4390,0,2007,,Mercer Island,98040,0,2007,7,7.0,343.9635535307517,7.0,0,0.0,0.65,532.1212121212121,8.387312270561717,9.328212292571072,3,train,New-Build Suburban Family
882566.0,4.0,2.5,3560,5265,3.0,0,0,3,3560,0,2014,,Redmond,98052,0,2014,0,0.0,247.91179775280895,0.0,0,0.0,0.625,547.6923076923077,8.177796683277778,8.569026340056254,3,train,New-Build Suburban Family
963000.0,4.0,3.25,3530,8589,2.0,0,0,3,3530,0,2007,,Kirkland,98033,0,2007,7,7.0,272.8045325779037,7.0,0,0.0,0.8125,486.8965517241379,8.169336395928386,9.0583540149783,3,test,New-Build Suburban Family
345000.0,4.0,2.5,2280,5000,2.0,0,0,3,2280,0,2006,,Maple Valley,98038,0,2006,8,8.0,151.31578947368422,8.0,0,0.0,0.625,350.7692307692308,7.732369222284388,8.517393171418904,3,train,New-Build Suburban Family
2065000.0,4.0,3.75,4350,7965,2.0,0,0,3,4350,0,2013,,Bellevue,98004,0,2013,1,1.0,474.7126436781609,1.0,0,0.0,0.9375,561.2903225806451,8.37816098272068,8.982937763741589,3,train,New-Build Suburban Family
800000.0,3.0,3.5,3830,221284,2.0,0,0,3,3530,300,1993,,Woodinville,98077,0,1993,21,21.0,208.87728459530027,21.0,1,0.0783289817232376,1.1666666666666667,589.2307692307693,8.25088114470065,12.307206742449521,3,train,New-Build Suburban Family
314500.0,3.0,2.0,2050,13303,1.0,0,0,3,2050,0,1993,,Federal Way,98003,0,1993,21,21.0,153.41463414634146,21.0,0,0.0,0.6666666666666666,410.0,7.62608275807238,9.495820020872763,1,test,Compact Entry-Level
530000.0,3.0,2.5,3660,39478,2.0,0,2,4,3260,400,1989,,Enumclaw,98022,0,1989,25,25.0,144.8087431693989,25.0,1,0.1092896174863388,0.8333333333333334,665.4545454545455,8.205491613120236,10.583524163945977,2,train,Premium View Property
650000.0,4.0,2.5,3350,46748,2.0,0,0,3,3350,0,2004,,Black Diamond,98010,0,2004,10,10.0,194.02985074626864,10.0,0,0.0,0.625,515.3846153846154,8.11701408773731,10.752548144113725,3,train,New-Build Suburban Family
349500.0,3.0,2.0,1270,3600,1.0,0,0,3,1270,0,1963,,Seattle,98122,0,1963,51,51.0,275.1968503937008,51.0,0,0.0,0.6666666666666666,254.0,7.147559271189454,8.188966863648876,1,train,Compact Entry-Level
1198000.0,4.0,3.5,3400,3850,2.5,0,0,3,2790,610,2008,,Seattle,98112,0,2008,6,6.0,352.3529411764706,6.0,1,0.17941176470588235,0.875,453.3333333333333,8.131824785007195,8.25608813381491,3,train,New-Build Suburban Family
165050.0,3.0,1.0,1200,8514,1.0,0,0,3,1200,0,1959,,Enumclaw,98022,0,1959,55,55.0,137.54166666666666,55.0,0,0.0,0.3333333333333333,300.0,7.0909098220799835,9.049584593096789,1,train,Compact Entry-Level
580000.0,3.0,2.5,2200,11000,2.0,0,2,3,2200,0,1978,,Bellevue,98008,0,1978,36,36.0,263.6363636363636,36.0,0,0.0,0.8333333333333334,400.0,7.696667081526462,9.305741456739435,2,train,Premium View Property
330000.0,3.0,2.5,1680,11312,1.0,0,0,3,1080,600,1959,,Seattle,98146,0,1959,55,55.0,196.42857142857144,55.0,1,0.35714285714285715,0.8333333333333334,305.45454545454544,7.427144133408616,9.333707785926467,0,train,Established Family Home
875000.0,5.0,3.5,3840,8279,2.0,0,0,3,3840,0,2001,,Sammamish,98074,0,2001,13,13.0,227.86458333333331,13.0,0,0.0,0.7,451.7647058823529,8.253488028345904,9.021598247379305,3,train,New-Build Suburban Family
500000.0,2.0,1.0,950,4500,1.0,0,2,3,850,100,1926,,Seattle,98103,0,1926,88,88.0,526.3157894736842,88.0,1,0.10526315789473684,0.5,316.6666666666667,6.85751406254539,8.412054873292933,1,train,Compact Entry-Level
445000.0,4.0,2.5,2280,42077,2.0,0,0,3,2280,0,1994,,Kent,98042,0,1994,20,20.0,195.17543859649123,20.0,0,0.0,0.625,350.7692307692308,7.732369222284388,10.647280317764965,3,train,New-Build Suburban Family
274900.0,4.0,2.5,1970,6600,2.0,0,0,3,1970,0,1987,,Kent,98030,0,1987,27,27.0,139.54314720812184,27.0,0,0.0,0.625,303.0769230769231,7.58629630715272,8.79497643168877,3,train,New-Build Suburban Family
219950.0,3.0,1.5,1620,9310,1.0,0,0,4,1620,0,1967,,Covington,98042,0,1967,47,47.0,135.7716049382716,47.0,0,0.0,0.5,360.0,7.390798521735676,9.138951775888529,1,train,Compact Entry-Level
691500.0,4.0,2.5,2600,7200,2.0,0,0,3,2600,0,1962,2002.0,Seattle,98115,1,2002,52,12.0,265.96153846153845,12.0,0,0.0,0.625,400.0,7.8636512654486515,8.881975184248867,3,train,New-Build Suburban Family
459500.0,2.0,1.0,1250,3825,1.0,0,0,3,850,400,1929,,Seattle,98117,0,1929,85,85.0,367.6,85.0,1,0.32,0.5,416.6666666666667,7.1316985104669115,8.249575150000199,1,train,Compact Entry-Level
955500.0,4.0,1.75,2130,5080,1.5,0,0,3,2130,0,1914,1993.0,Seattle,98119,1,1993,100,21.0,448.59154929577466,21.0,0,0.0,0.4375,370.4347826086956,7.664346632098617,8.533263371593732,1,test,Compact Entry-Level
328950.0,4.0,1.75,2550,8976,1.0,0,0,5,1300,1250,1978,,Kent,98031,0,1978,36,36.0,129.0,36.0,1,0.49019607843137253,0.4375,443.4782608695652,7.844240718141811,9.10242102975669,0,train,Established Family Home
307000.0,3.0,1.0,1150,6000,1.5,0,0,3,1150,0,1927,,North Bend,98045,0,1927,87,87.0,266.95652173913044,87.0,0,0.0,0.3333333333333333,287.5,7.048386408721883,8.699681400989514,1,train,Compact Entry-Level
382500.0,3.0,1.75,1040,9000,1.0,0,0,4,1040,0,1967,,Issaquah,98027,0,1967,47,47.0,367.7884615384616,47.0,0,0.0,0.5833333333333334,218.94736842105263,6.947937068614969,9.105090961257085,1,train,Compact Entry-Level
1150000.0,4.0,2.5,3340,10422,2.0,0,0,3,3340,0,1996,,Kirkland,98033,0,1996,18,18.0,344.311377245509,18.0,0,0.0,0.625,513.8461538461538,8.114025442356757,9.251770181739323,3,test,New-Build Suburban Family
1297000.0,6.0,2.75,2630,9420,2.0,0,0,5,2510,120,1900,,Seattle,98103,0,1900,114,114.0,493.15589353612165,114.0,1,0.045627376425855515,0.4583333333333333,300.57142857142856,7.875119281040293,9.150696519048667,0,train,Established Family Home
478000.0,3.0,2.25,1640,3896,2.0,0,0,3,1640,0,1994,,Issaquah,98029,0,1994,20,20.0,291.4634146341463,20.0,0,0.0,0.75,312.3809523809524,7.403061091090091,8.26796230533871,3,train,New-Build Suburban Family
260000.0,2.0,1.0,770,7906,1.0,0,0,4,770,0,1948,,Shoreline,98155,0,1948,66,66.0,337.6623376623377,66.0,0,0.0,0.5,256.6666666666667,6.647688373563329,8.975503722070927,1,train,Compact Entry-Level
850000.0,4.0,3.25,4350,112750,1.0,0,0,3,2200,2150,2006,,Issaquah,98027,0,2006,8,8.0,195.4022988505747,8.0,1,0.4942528735632184,0.8125,600.0,8.37816098272068,11.632937126505194,0,train,Established Family Home
616000.0,4.0,1.75,1700,5846,1.0,0,0,3,1700,0,1957,,Seattle,98199,0,1957,57,57.0,362.3529411764706,57.0,0,0.0,0.4375,295.6521739130435,7.438971592395862,8.67368398817567,1,test,Compact Entry-Level
540000.0,3.0,1.75,2050,9580,1.0,0,0,3,1400,650,1984,,Sammamish,98074,0,1984,30,30.0,263.4146341463415,30.0,1,0.3170731707317073,0.5833333333333334,431.57894736842104,7.62608275807238,9.167537249650874,0,train,Established Family Home
300000.0,3.0,2.25,1660,5128,2.0,0,0,3,1660,0,2001,,Duvall,98019,0,2001,13,13.0,180.72289156626505,13.0,0,0.0,0.75,316.1904761904762,7.415175109613295,8.542665987389269,3,train,New-Build Suburban Family
507500.0,3.0,1.75,1990,9594,1.0,0,0,3,1190,800,1977,,Redmond,98052,0,1977,37,37.0,255.0251256281407,37.0,1,0.4020100502512563,0.5833333333333334,418.94736842105266,7.596392304064196,9.1689974084418,0,train,Established Family Home
3800000.0,5.0,5.5,7050,42840,1.0,0,2,4,4320,2730,1978,,Clyde Hill,98004,0,1978,36,36.0,539.0070921985815,36.0,1,0.3872340425531915,1.1,671.4285714285714,8.860924729719041,10.665250866959651,2,train,Premium View Property
241000.0,3.0,2.0,1770,7000,1.0,0,0,3,1770,0,1986,,Auburn,98001,0,1986,28,28.0,136.1581920903955,28.0,0,0.0,0.6666666666666666,354.0,7.479299637782834,8.853808274977197,1,train,Compact Entry-Level
485000.0,3.0,2.25,2440,47916,2.0,0,0,3,2090,350,1991,,Redmond,98053,0,1991,23,23.0,198.7704918032787,23.0,1,0.14344262295081966,0.75,464.76190476190476,7.80016307039296,10.77722562648903,3,train,New-Build Suburban Family
695000.0,3.0,2.5,2620,51354,2.0,0,0,3,2620,0,1998,,Woodinville,98077,0,1998,16,16.0,265.2671755725191,16.0,0,0.0,0.8333333333333334,476.3636363636364,7.8713112033234065,10.846517581599905,3,train,New-Build Suburban Family
548000.0,4.0,2.5,2440,11005,2.0,0,0,3,2440,0,1994,,Newcastle,98056,0,1994,20,20.0,224.59016393442624,20.0,0,0.0,0.625,375.38461538461536,7.80016307039296,9.306195857619704,3,train,New-Build Suburban Family
345000.0,2.0,1.0,1080,7775,1.0,0,0,3,1080,0,1955,,Seattle,98136,0,1955,59,59.0,319.44444444444446,59.0,0,0.0,0.5,360.0,6.985641817639208,8.958797346140274,1,test,Compact Entry-Level
280000.0,3.0,1.0,1090,10710,1.0,0,0,4,1090,0,1962,,Renton,98056,0,1962,52,52.0,256.8807339449541,52.0,0,0.0,0.3333333333333333,272.5,6.994849985833071,9.27902652976463,1,train,Compact Entry-Level
450000.0,3.0,1.75,1400,13775,1.0,0,0,3,1400,0,1963,,Kenmore,98028,0,1963,51,51.0,321.42857142857144,51.0,0,0.0,0.5833333333333334,294.7368421052632,7.244941546337007,9.530683226667511,1,train,Compact Entry-Level
515000.0,3.0,2.5,2010,7200,2.0,0,0,3,2010,0,1994,,Kenmore,98028,0,1994,20,20.0,256.21890547263683,20.0,0,0.0,0.8333333333333334,365.45454545454544,7.606387389772652,8.881975184248867,3,train,New-Build Suburban Family
1014250.0,3.0,1.0,1640,12855,1.5,0,0,5,1500,140,1920,,Bellevue,98004,0,1920,94,94.0,618.4451219512196,94.0,1,0.08536585365853659,0.3333333333333333,410.0,7.403061091090091,9.461565907417349,0,train,Established Family Home
739900.0,5.0,2.5,3290,5029,2.0,0,0,3,3290,0,2004,,Sammamish,98075,0,2004,10,10.0,224.89361702127655,10.0,0,0.0,0.5,438.6666666666667,8.098946748943339,8.523175263093785,3,test,New-Build Suburban Family
600000.0,2.0,2.5,2510,14878,2.0,0,0,3,2510,0,1990,,Bothell,98011,0,1990,24,24.0,239.0438247011952,24.0,0,0.0,1.25,557.7777777777778,7.828436359157585,9.607706101827697,3,train,New-Build Suburban Family
370000.0,2.0,1.0,860,6050,1.0,0,0,3,860,0,1952,,Seattle,98116,0,1952,62,62.0,430.2325581395349,62.0,0,0.0,0.5,286.6666666666667,6.7580945044277305,8.707978826622321,1,train,Compact Entry-Level
729032.0,4.0,2.5,2840,12866,1.0,0,0,4,1780,1060,1977,,Bellevue,98005,0,1977,37,37.0,256.7014084507042,37.0,1,0.3732394366197183,0.625,436.9230769230769,7.951911381854188,9.46242117318499,0,test,Established Family Home
510000.0,3.0,1.75,1750,7020,2.0,0,0,3,1750,0,1934,1978.0,Black Diamond,98010,1,1978,80,36.0,291.42857142857144,36.0,0,0.0,0.5833333333333334,368.42105263157896,7.467942332285852,8.85666093701725,1,train,Compact Entry-Level
425000.0,3.0,1.5,1300,19163,1.0,0,0,3,1300,0,1964,,Redmond,98052,0,1964,50,50.0,326.9230769230769,50.0,0,0.0,0.5,288.8888888888889,7.170888478512505,9.860788798003012,1,train,Compact Entry-Level
1080000.0,3.0,2.75,3890,7216,2.0,0,1,3,3260,630,1967,2010.0,Seattle,98118,1,2010,47,4.0,277.63496143958866,4.0,1,0.16195372750642673,0.9166666666666666,676.5217391304348,8.266421472984554,8.884194633072273,3,train,New-Build Suburban Family
337000.0,3.0,2.25,1460,941,3.0,0,0,3,1460,0,2006,,Seattle,98133,0,2006,8,8.0,230.8219178082192,8.0,0,0.0,0.75,278.0952380952381,7.2868764117507,6.848005274576363,3,train,New-Build Suburban Family
563000.0,4.0,1.0,1410,3376,1.5,0,0,5,1410,0,1911,,Seattle,98107,0,1911,103,103.0,399.290780141844,103.0,0,0.0,0.25,282.0,7.252053951852814,8.124743020385568,1,train,Compact Entry-Level
1695000.0,4.0,2.75,3770,10900,2.0,0,2,5,3070,700,1924,,Seattle,98144,0,1924,90,90.0,449.6021220159152,90.0,1,0.1856763925729443,0.6875,558.5185185185185,8.235095497258357,9.296609807128359,2,train,Premium View Property
245000.0,3.0,2.0,1190,4072,1.5,0,0,5,1190,0,1907,,Seattle,98118,0,1907,107,107.0,205.8823529411765,107.0,0,0.0,0.6666666666666666,238.0,7.0825485693553,8.312135107648412,1,train,Compact Entry-Level
590000.0,3.0,2.0,1410,6413,1.0,0,0,4,910,500,1947,,Seattle,98115,0,1947,67,67.0,418.4397163120568,67.0,1,0.3546099290780142,0.6666666666666666,282.0,7.252053951852814,8.7662383802531,0,train,Established Family Home
695000.0,3.0,2.0,2500,4080,1.5,0,0,5,1680,820,1922,,Seattle,98103,0,1922,92,92.0,278.0,92.0,1,0.328,0.6666666666666666,500.0,7.824445930877619,8.314097335405807,0,train,Established Family Home
402500.0,2.0,1.0,800,2280,1.0,0,0,5,800,0,1946,,Seattle,98107,0,1946,68,68.0,503.125,68.0,0,0.0,0.5,266.6666666666667,6.68586094706836,7.732369222284388,1,train,Compact Entry-Level
435000.0,3.0,2.5,2530,13446,2.0,0,0,3,2530,0,1993,,Duvall,98019,0,1993,21,21.0,171.93675889328065,21.0,0,0.0,0.8333333333333334,460.0,7.836369760545124,9.50651131182387,3,train,New-Build Suburban Family
660000.0,3.0,2.0,2570,28500,1.0,0,0,3,1970,600,1983,,Redmond,98052,0,1983,31,31.0,256.8093385214008,31.0,1,0.23346303501945526,0.6666666666666666,514.0,7.852050207265889,10.25769445336048,0,train,Established Family Home
300000.0,3.0,2.75,2090,9620,1.0,0,0,3,1340,750,1987,,Federal Way,98023,0,1987,27,27.0,143.54066985645932,27.0,1,0.3588516746411483,0.9166666666666666,363.4782608695652,7.645397699428633,9.171703488361265,0,train,Established Family Home
600000.0,5.0,2.25,2980,7781,1.0,0,0,3,1580,1400,1960,,Seattle,98125,0,1960,54,54.0,201.34228187919464,54.0,1,0.4697986577181208,0.45,411.0344827586207,8.000014093678072,8.9595686535445,0,train,Established Family Home
205000.0,3.0,1.75,1170,8239,1.0,0,0,3,1170,0,1981,,Covington,98042,0,1981,33,33.0,175.2136752136752,33.0,0,0.0,0.5833333333333334,246.31578947368422,7.065613363597717,9.016755622903517,1,train,Compact Entry-Level
357500.0,3.0,3.5,2080,5100,2.0,0,0,3,2080,0,2004,,Maple Valley,98038,0,2004,10,10.0,171.875,10.0,0,0.0,1.1666666666666667,320.0,7.640603826393634,8.537191877922927,3,train,New-Build Suburban Family
1110000.0,5.0,3.25,3350,4000,2.0,0,0,4,2510,840,1997,,Seattle,98105,0,1997,17,17.0,331.34328358208955,17.0,1,0.2507462686567164,0.65,406.06060606060606,8.11701408773731,8.294299608857235,3,train,New-Build Suburban Family
332888.0,2.0,2.5,1050,1029,2.0,0,0,3,950,100,2007,,Seattle,98122,0,2007,7,7.0,317.0361904761905,7.0,1,0.09523809523809523,1.25,233.33333333333334,6.957497370876951,6.937314081223682,3,train,New-Build Suburban Family
174000.0,2.0,1.0,900,13531,1.0,0,0,3,900,0,1979,,Pacific,98047,0,1979,35,35.0,193.33333333333331,35.0,0,0.0,0.5,300.0,6.803505257608338,9.512812529900598,1,train,Compact Entry-Level
515000.0,2.0,1.0,1050,5000,1.0,0,0,5,1050,0,1907,,Seattle,98107,0,1907,107,107.0,490.4761904761905,107.0,0,0.0,0.5,350.0,6.957497370876951,8.517393171418904,1,train,Compact Entry-Level
392000.0,5.0,2.25,3740,32481,1.5,0,0,3,2240,1500,1958,,Des Moines,98198,0,1958,56,56.0,104.81283422459892,56.0,1,0.40106951871657753,0.45,515.8620689655172,8.227108234348146,10.388441368734549,0,train,Established Family Home
485000.0,4.0,1.75,1430,4096,2.0,0,0,3,1430,0,1900,,Seattle,98122,0,1900,114,114.0,339.16083916083915,114.0,0,0.0,0.4375,248.69565217391303,7.266128779556451,8.318010277546872,1,train,Compact Entry-Level
217500.0,3.0,1.75,1400,9546,1.0,0,0,4,1400,0,1984,,Federal Way,98003,0,1984,30,30.0,155.35714285714286,30.0,0,0.0,0.5833333333333334,294.7368421052632,7.244941546337007,9.163982247998034,1,train,Compact Entry-Level
502000.0,3.0,2.25,1600,45613,2.0,0,0,4,1600,0,1983,,Woodinville,98072,0,1983,31,31.0,313.75,31.0,0,0.0,0.75,304.76190476190476,7.3783837129967145,10.727969965926095,3,train,New-Build Suburban Family
820000.0,3.0,2.25,2880,9750,2.0,0,0,3,2880,0,1989,,Bellevue,98006,0,1989,25,25.0,284.72222222222223,25.0,0,0.0,0.75,548.5714285714286,7.9658927350845286,9.18512512283512,3,train,New-Build Suburban Family
1640000.0,3.0,3.25,3140,5445,2.0,0,3,4,2240,900,1913,,Seattle,98109,0,1913,101,101.0,522.2929936305733,101.0,1,0.28662420382165604,1.0833333333333333,502.4,8.052296499538647,8.602636673233706,2,train,Premium View Property
102500.0,2.0,1.0,820,4320,1.0,0,0,3,820,0,1937,,Seattle,98106,0,1937,77,77.0,125.0,77.0,0,0.0,0.5,273.3333333333333,6.710523109452428,8.371242135931933,1,train,Compact Entry-Level
925000.0,5.0,5.5,5190,12637,2.0,0,2,3,5190,0,2001,,Snoqualmie,98065,0,2001,13,13.0,178.22736030828517,13.0,0,0.0,1.1,494.2857142857143,8.55468163582723,9.444463427333401,2,test,Premium View Property
540000.0,4.0,2.5,2180,10140,1.0,0,0,4,1180,1000,1968,,Redmond,98052,0,1968,46,46.0,247.70642201834863,46.0,1,0.45871559633027525,0.625,335.38461538461536,7.687538766201629,9.224341891611996,0,train,Established Family Home
600000.0,2.0,1.0,910,2002,1.5,0,0,3,910,0,1900,,Seattle,98112,0,1900,114,114.0,659.3406593406594,114.0,0,0.0,0.5,303.3333333333333,6.814542897259958,7.602401335665818,1,train,Compact Entry-Level
406000.0,4.0,1.0,1580,8475,1.5,0,2,4,1580,0,1928,,Seattle,98178,0,1928,86,86.0,256.9620253164557,86.0,0,0.0,0.25,316.0,7.365812837209472,9.04499391938819,1,train,Compact Entry-Level
620000.0,4.0,3.0,2130,6325,1.0,0,0,5,1440,690,1948,,Seattle,98116,0,1948,66,66.0,291.0798122065728,66.0,1,0.323943661971831,0.75,304.2857142857143,7.664346632098617,8.752423403865594,0,train,Established Family Home
1060000.0,4.0,2.5,4570,16015,2.0,0,2,3,4570,0,1990,,Sammamish,98074,0,1990,24,24.0,231.94748358862145,24.0,0,0.0,0.625,703.0769230769231,8.427487278331744,9.681343501555002,2,train,Premium View Property
401000.0,3.0,2.0,1240,11172,1.0,0,0,3,1000,240,1984,,Sammamish,98074,0,1984,30,30.0,323.38709677419354,30.0,1,0.1935483870967742,0.6666666666666666,248.0,7.123672785204607,9.321255432547337,0,train,Established Family Home
725000.0,3.0,1.75,1860,6000,2.0,0,2,4,1860,0,1959,,Seattle,98144,0,1959,55,55.0,389.7849462365592,55.0,0,0.0,0.5833333333333334,391.57894736842104,7.528869256642251,8.699681400989514,2,train,Premium View Property
276000.0,1.0,0.75,370,1801,1.0,0,0,5,370,0,1923,,Seattle,98117,0,1923,91,91.0,745.9459459459459,91.0,0,0.0,0.75,211.42857142857142,5.916202062607435,7.496652438168283,1,train,Compact Entry-Level
500000.0,5.0,3.25,3130,12087,2.0,0,0,3,2180,950,1975,,Issaquah,98027,0,1975,39,39.0,159.7444089456869,39.0,1,0.3035143769968051,0.65,379.3939393939394,8.049107721326406,9.399968503952575,3,train,New-Build Suburban Family
375000.0,3.0,1.75,2530,35150,1.0,0,0,4,1800,730,1977,,Kent,98042,0,1977,37,37.0,148.22134387351778,37.0,1,0.2885375494071146,0.5833333333333334,532.6315789473684,7.836369760545124,10.467408346336265,0,train,Established Family Home
2300000.0,4.0,4.75,3970,9778,2.0,0,2,4,3390,580,1928,,Seattle,98119,0,1928,86,86.0,579.3450881612091,86.0,1,0.14609571788413098,1.1875,453.7142857142857,8.286773231131251,9.187992508312275,2,test,Premium View Property
260000.0,3.0,2.25,1920,9680,1.0,0,0,4,1300,620,1961,,Kent,98031,0,1961,53,53.0,135.41666666666666,53.0,1,0.3229166666666667,0.75,365.7142857142857,7.560601162768557,9.177920480720072,0,train,Established Family Home
1565000.0,4.0,2.75,2970,12750,1.5,0,1,4,2130,840,1918,1986.0,Bellevue,98004,1,1986,96,28.0,526.9360269360269,28.0,1,0.2828282828282828,0.6875,440.0,7.9966538754626075,9.453364978883542,0,train,Established Family Home
431000.0,4.0,2.5,2300,6087,2.0,0,0,3,2300,0,2001,,Renton,98056,0,2001,13,13.0,187.3913043478261,13.0,0,0.0,0.625,353.84615384615387,7.741099090035366,8.714074899541522,3,train,New-Build Suburban Family
321000.0,4.0,2.5,1830,9601,2.0,0,0,3,1830,0,2003,,Maple Valley,98038,0,2003,11,11.0,175.40983606557376,11.0,0,0.0,0.625,281.53846153846155,7.5126175446745105,9.169726689090886,3,train,New-Build Suburban Family
433000.0,4.0,1.5,1550,5053,1.0,0,0,4,1180,370,1963,,Seattle,98118,0,1963,51,51.0,279.35483870967744,51.0,1,0.23870967741935484,0.375,281.8181818181818,7.346655163176539,8.52793528794814,0,test,Established Family Home
920000.0,4.0,3.5,4080,10666,2.0,0,0,3,4080,0,2005,,Redmond,98053,0,2005,9,9.0,225.49019607843135,9.0,0,0.0,0.875,544.0,8.314097335405807,9.274910142625483,3,train,New-Build Suburban Family
482000.0,3.0,2.25,1710,21485,2.0,0,0,3,1710,0,1989,,Sammamish,98074,0,1989,25,25.0,281.87134502923976,25.0,0,0.0,0.75,325.7142857142857,7.444833273892193,9.975156839226488,3,train,New-Build Suburban Family
712000.0,3.0,2.5,2375,4094,2.0,0,0,3,2375,0,2002,,Redmond,98052,0,2002,12,12.0,299.7894736842105,12.0,0,0.0,0.8333333333333334,431.8181818181818,7.773173680482536,8.31752199628717,3,train,New-Build Suburban Family
505000.0,4.0,2.75,2200,9778,1.0,0,0,4,1100,1100,1962,,Bellevue,98006,0,1962,52,52.0,229.54545454545453,52.0,1,0.5,0.6875,325.9259259259259,7.696667081526462,9.187992508312275,0,train,Established Family Home
2367000.0,3.0,2.25,3530,17450,1.0,1,3,3,1840,1690,1930,1993.0,Mercer Island,98040,1,1993,84,21.0,670.5382436260624,21.0,1,0.47875354107648727,0.75,672.3809523809524,8.169336395928386,9.767152232578871,2,train,Premium View Property
452000.0,3.0,1.75,1110,9012,1.0,0,0,4,1110,0,1966,,Redmond,98052,0,1966,48,48.0,407.2072072072072,48.0,0,0.0,0.5833333333333334,233.68421052631578,7.01301578963963,9.10642325855641,1,train,Compact Entry-Level
581000.0,4.0,1.0,1630,2566,1.5,0,0,3,1630,0,1921,,Seattle,98122,0,1921,93,93.0,356.44171779141107,93.0,0,0.0,0.25,326.0,7.396948602621014,7.8504931808711405,1,test,Compact Entry-Level
952500.0,4.0,1.5,2550,5055,2.0,0,0,4,2550,0,1910,,Seattle,98112,0,1910,104,104.0,373.52941176470586,104.0,0,0.0,0.375,463.6363636363636,7.844240718141811,8.528330935826693,1,train,Compact Entry-Level
808000.0,4.0,2.25,2500,8866,2.0,0,0,4,2500,0,1987,,Bellevue,98007,0,1987,27,27.0,323.2,27.0,0,0.0,0.5625,400.0,7.824445930877619,9.090091799380007,3,train,New-Build Suburban Family
476000.0,4.0,3.0,2890,6885,1.0,0,0,3,1590,1300,1945,2013.0,Seattle,98115,1,2013,69,1.0,164.7058823529412,1.0,1,0.44982698961937717,0.75,412.85714285714283,7.969357742016346,8.83724564389847,0,train,Established Family Home
535000.0,4.0,1.75,1420,5000,1.5,0,0,4,1420,0,1945,,Seattle,98117,0,1945,69,69.0,376.76056338028167,69.0,0,0.0,0.4375,246.95652173913044,7.259116128097101,8.517393171418904,1,train,Compact Entry-Level
1356925.0,4.0,3.5,4270,5800,2.0,0,3,5,3170,1100,1937,,Seattle,98199,0,1937,77,77.0,317.78103044496487,77.0,1,0.2576112412177986,0.875,569.3333333333334,8.359603270841466,8.665785595466064,2,train,Premium View Property
629800.0,3.0,2.5,2390,1984,2.0,0,0,3,2220,170,2008,,Issaquah,98029,0,2008,6,6.0,263.5146443514644,6.0,1,0.07112970711297072,0.8333333333333334,434.54545454545456,7.779466967458324,7.59337419312129,3,train,New-Build Suburban Family
417838.0,4.0,2.5,2530,5048,2.0,0,0,3,2530,0,2014,,Maple Valley,98038,0,2014,0,0.0,165.15335968379446,0.0,0,0.0,0.625,389.2307692307692,7.836369760545124,8.526945482858915,3,train,New-Build Suburban Family
399895.0,4.0,2.5,2701,4500,2.0,0,0,3,2701,0,2014,,Auburn,98092,0,2014,0,0.0,148.054424287301,0.0,0,0.0,0.625,415.53846153846155,7.9017475185201445,8.412054873292933,3,test,New-Build Suburban Family
825000.0,4.0,2.75,3990,6637,2.0,0,0,3,3990,0,2003,,Redmond,98053,0,2003,11,11.0,206.7669172932331,11.0,0,0.0,0.6875,591.1111111111111,8.291797105048733,8.80056599227992,3,train,New-Build Suburban Family
300000.0,4.0,2.5,2303,3826,2.0,0,0,3,2303,0,2006,,Auburn,98092,0,2006,8,8.0,130.2648719062093,8.0,0,0.0,0.625,354.3076923076923,7.742402021815782,8.249836485425702,3,train,New-Build Suburban Family
640000.0,2.0,2.25,1540,965,3.0,0,0,3,1540,0,2007,,Seattle,98122,0,2007,7,7.0,415.5844155844156,7.0,0,0.0,1.125,362.3529411764706,7.340186835320115,6.873163834212518,3,test,New-Build Suburban Family
460000.0,3.0,2.5,1450,1053,2.0,0,0,3,940,510,2008,,Seattle,98107,0,2008,6,6.0,317.2413793103448,6.0,1,0.35172413793103446,0.8333333333333334,263.6363636363636,7.280008252884188,6.960347729101308,3,train,New-Build Suburban Family
525000.0,2.0,2.5,1160,1458,2.0,0,0,3,1040,120,2012,,Seattle,98119,0,2012,2,2.0,452.5862068965517,2.0,1,0.10344827586206896,1.25,257.77777777777777,7.057036981697891,7.285506548522785,3,train,New-Build Suburban Family
499990.0,4.0,2.75,2910,6334,2.0,0,0,3,2910,0,2013,,North Bend,98045,0,2013,1,1.0,171.81786941580756,1.0,0,0.0,0.6875,431.1111111111111,7.976251943745623,8.75384509275524,3,train,New-Build Suburban Family
1020000.0,4.0,3.5,3770,8501,2.0,0,0,3,3770,0,2008,,Kirkland,98033,0,2008,6,6.0,270.55702917771885,6.0,0,0.0,0.875,502.6666666666667,8.235095497258357,9.048056708918736,3,test,New-Build Suburban Family
675000.0,5.0,2.25,2900,10300,1.0,0,0,3,1450,1450,1985,,Bellevue,98006,0,1985,29,29.0,232.7586206896552,29.0,1,0.5,0.45,400.0,7.972810784121404,9.239996256883693,0,train,Established Family Home
512031.0,3.0,1.75,1540,3000,1.0,0,2,3,770,770,1920,,Seattle,98117,0,1920,94,94.0,332.4876623376624,94.0,1,0.5,0.5833333333333334,324.2105263157895,7.340186835320115,8.006700845440367,2,train,Premium View Property
310000.0,2.0,1.0,700,3000,1.0,0,0,4,700,0,1918,,Seattle,98103,0,1918,96,96.0,442.8571428571428,96.0,0,0.0,0.5,233.33333333333334,6.55250788703459,8.006700845440367,1,train,Compact Entry-Level
1075000.0,3.0,2.5,3280,10302,1.0,0,0,3,1680,1600,1970,,Seattle,98115,0,1970,44,44.0,327.7439024390244,44.0,1,0.4878048780487805,0.8333333333333334,596.3636363636364,8.0959035329611,9.240190393945069,0,train,Established Family Home
255000.0,4.0,2.0,2430,8960,1.0,0,0,3,1430,1000,1960,,Seattle,98178,0,1960,54,54.0,104.93827160493828,54.0,1,0.411522633744856,0.5,405.0,7.796057974316123,9.10063710688422,0,train,Established Family Home
435000.0,3.0,2.5,1900,7984,2.0,0,0,3,1900,0,1993,,Bothell,98011,0,1993,21,21.0,228.94736842105263,21.0,0,0.0,0.8333333333333334,345.45454545454544,7.550135342488429,8.985320060649112,3,train,New-Build Suburban Family
453000.0,3.0,2.0,1660,15050,1.0,0,0,3,1260,400,1983,,Kirkland,98034,0,1983,31,31.0,272.89156626506025,31.0,1,0.24096385542168675,0.6666666666666666,332.0,7.415175109613295,9.619199713152362,0,train,Established Family Home
260000.0,4.0,2.0,1620,7992,2.0,0,0,4,1620,0,1975,,Kent,98031,0,1975,39,39.0,160.49382716049382,39.0,0,0.0,0.5,270.0,7.390798521735676,8.98632143762602,3,train,New-Build Suburban Family
659000.0,4.0,2.0,2090,10800,1.0,0,0,4,2090,0,1951,,Mercer Island,98040,0,1951,63,63.0,315.311004784689,63.0,0,0.0,0.5,348.3333333333333,7.645397699428633,9.287394001418473,0,train,Established Family Home
223000.0,3.0,2.0,1110,7231,1.0,0,0,4,1110,0,1991,,Kent,98031,0,1991,23,23.0,200.9009009009009,23.0,0,0.0,0.6666666666666666,222.0,7.01301578963963,8.886270902072013,1,train,Compact Entry-Level
851000.0,5.0,3.25,3760,9792,2.0,0,0,3,2550,1210,1984,,Bellevue,98006,0,1984,30,30.0,226.32978723404256,30.0,1,0.32180851063829785,0.65,455.75757575757575,8.232440158470336,9.189423123720795,3,train,New-Build Suburban Family
605000.0,3.0,2.25,2080,12134,1.0,0,0,4,1530,550,1973,,Redmond,98052,0,1973,41,41.0,290.86538461538464,41.0,1,0.2644230769230769,0.75,396.1904761904762,7.640603826393634,9.403849118160702,0,train,Established Family Home
895000.0,4.0,2.25,1950,5950,1.0,0,0,3,1330,620,1947,,Seattle,98109,0,1947,67,67.0,458.97435897435895,67.0,1,0.31794871794871793,0.5625,312.0,7.576097340623111,8.691314551644853,0,train,Established Family Home
519000.0,5.0,2.25,2570,13054,1.0,0,1,3,1470,1100,1950,1992.0,Normandy Park,98166,1,1992,64,22.0,201.9455252918288,22.0,1,0.4280155642023346,0.45,354.48275862068965,7.852050207265889,9.47692648113323,0,train,Established Family Home
535000.0,3.0,1.75,2330,12141,1.0,0,0,3,1390,940,1983,,Woodinville,98072,0,1983,31,31.0,229.6137339055794,31.0,1,0.4034334763948498,0.5833333333333334,490.5263157894737,7.754052639035757,9.40442579569038,0,test,Established Family Home
489000.0,3.0,3.0,3700,10375,2.0,0,0,3,3700,0,1982,,SeaTac,98188,0,1982,32,32.0,132.16216216216216,32.0,0,0.0,1.0,616.6666666666666,8.216358332386156,9.24725072599628,3,train,New-Build Suburban Family
250000.0,3.0,2.25,1920,7738,1.0,0,0,3,1520,400,1965,,Burien,98148,0,1965,49,49.0,130.20833333333334,49.0,1,0.20833333333333334,0.75,365.7142857142857,7.560601162768557,8.95402775927046,0,train,Established Family Home
580000.0,3.0,2.25,1900,3960,1.5,0,0,3,1200,700,1905,,Seattle,98122,0,1905,109,109.0,305.2631578947368,109.0,1,0.3684210526315789,0.75,361.9047619047619,7.550135342488429,8.284251797621916,0,train,Established Family Home
1038000.0,4.0,1.75,1440,13296,1.0,0,0,4,1440,0,1967,,Bellevue,98004,0,1967,47,47.0,720.8333333333334,47.0,0,0.0,0.4375,250.43478260869566,7.273092595999522,9.495293724856706,1,test,Compact Entry-Level
605000.0,4.0,2.25,2940,48788,1.0,0,0,5,1520,1420,1961,,Kenmore,98028,0,1961,53,53.0,205.7823129251701,53.0,1,0.48299319727891155,0.5625,470.4,7.9865049385539955,10.795260156596557,0,train,Established Family Home
599950.0,4.0,3.5,2500,3080,2.0,0,0,3,1810,690,2008,,Redmond,98052,0,2008,6,6.0,239.98,6.0,1,0.276,0.875,333.3333333333333,7.824445930877619,8.033009498596668,3,train,New-Build Suburban Family
700000.0,3.0,2.5,2490,23891,2.0,0,0,3,2490,0,1993,,Redmond,98053,0,1993,21,21.0,281.12449799196787,21.0,0,0.0,0.8333333333333334,452.72727272727275,7.820439515262181,10.081298953852196,3,test,New-Build Suburban Family
480000.0,3.0,2.0,1470,10052,1.0,0,0,4,1470,0,1956,,Seattle,98125,0,1956,58,58.0,326.53061224489795,58.0,0,0.0,0.6666666666666666,294.0,7.293697720601438,9.215626376405421,1,train,Compact Entry-Level
329950.0,4.0,2.5,2120,4558,2.0,0,0,3,2120,0,2002,,Maple Valley,98038,0,2002,12,12.0,155.63679245283018,12.0,0,0.0,0.625,326.15384615384613,7.659642954564682,8.424858580213442,3,train,New-Build Suburban Family
250000.0,3.0,1.75,1200,24805,1.0,0,0,3,1200,0,1984,,Kent,98031,0,1984,30,30.0,208.33333333333331,30.0,0,0.0,0.5833333333333334,252.6315789473684,7.0909098220799835,10.118840838375275,1,train,Compact Entry-Level
345000.0,5.0,2.5,2450,6994,2.0,0,0,3,2450,0,2002,,Kent,98030,0,2002,12,12.0,140.81632653061226,12.0,0,0.0,0.5,326.6666666666667,7.804251383528112,8.852950887099581,3,train,New-Build Suburban Family
175000.0,4.0,2.5,1780,6000,2.0,0,0,3,1780,0,1991,,Des Moines,98198,0,1991,23,23.0,98.31460674157304,23.0,0,0.0,0.625,273.84615384615387,7.484930283289661,8.699681400989514,3,train,New-Build Suburban Family
185000.0,5.0,1.0,1590,6700,1.5,0,0,3,1090,500,1942,,Seattle,98146,0,1942,72,72.0,116.35220125786164,72.0,1,0.31446540880503143,0.2,265.0,7.372118028337787,8.81001204797317,0,train,Established Family Home
411000.0,4.0,2.0,2370,76665,2.0,0,0,4,2370,0,1978,,Auburn,98001,0,1978,36,36.0,173.41772151898735,36.0,0,0.0,0.5,395.0,7.771067086065406,11.247213603547241,3,train,New-Build Suburban Family
690000.0,3.0,1.5,1760,4000,2.0,0,0,3,1760,0,1922,,Seattle,98102,0,1922,92,92.0,392.04545454545456,92.0,0,0.0,0.5,391.1111111111111,7.473637108496206,8.294299608857235,1,train,Compact Entry-Level
265000.0,4.0,3.0,1940,8170,1.0,0,0,4,1940,0,1948,,Shoreline,98155,0,1948,66,66.0,136.5979381443299,66.0,0,0.0,0.75,277.14285714285717,7.57095858316901,9.008346579384707,0,train,Established Family Home
720000.0,4.0,3.0,3550,12327,1.5,0,0,4,2180,1370,1990,,Bothell,98011,0,1990,24,24.0,202.81690140845072,24.0,1,0.38591549295774646,0.75,507.14285714285717,8.174984532943087,9.419628376999952,0,train,Established Family Home
256000.0,4.0,2.5,2050,5787,2.0,0,0,3,2050,0,2002,,Des Moines,98198,0,2002,12,12.0,124.8780487804878,12.0,0,0.0,0.625,315.38461538461536,7.62608275807238,8.663542087751374,3,train,New-Build Suburban Family
255000.0,4.0,2.25,1680,3179,2.0,0,0,3,1680,0,2002,,Auburn,98092,0,2002,12,12.0,151.78571428571428,12.0,0,0.0,0.5625,268.8,7.427144133408616,8.064636475774222,3,train,New-Build Suburban Family
540000.0,3.0,2.25,1320,1800,2.0,0,0,3,1320,0,1994,,Seattle,98122,0,1994,20,20.0,409.09090909090907,20.0,0,0.0,0.75,251.42857142857142,7.186144304522325,7.496097345175956,3,train,New-Build Suburban Family
481015.0,3.0,2.25,1550,5511,2.0,0,0,3,1550,0,1987,,Kirkland,98033,0,1987,27,27.0,310.3322580645161,27.0,0,0.0,0.75,295.23809523809524,7.346655163176539,8.614682812693495,3,train,New-Build Suburban Family
575000.0,3.0,1.75,2680,8625,1.0,0,0,5,1590,1090,1974,,Issaquah,98027,0,1974,40,40.0,214.55223880597012,40.0,1,0.40671641791044777,0.5833333333333334,564.2105263157895,7.893945138235959,9.062536177207788,0,test,Established Family Home
339950.0,3.0,2.5,2390,34041,1.0,0,0,3,1840,550,1984,,Kent,98042,0,1984,30,30.0,142.23849372384936,30.0,1,0.2301255230125523,0.8333333333333334,434.54545454545456,7.779466967458324,10.435350335367918,0,test,Established Family Home
475000.0,4.0,2.5,2040,7260,2.0,0,0,4,2040,0,1963,,Shoreline,98133,0,1963,51,51.0,232.843137254902,51.0,0,0.0,0.625,313.84615384615387,7.621195162809845,8.890272839380247,3,train,New-Build Suburban Family
732000.0,3.0,3.75,2670,6517,2.5,0,4,4,2020,650,1977,,Seattle,98126,0,1977,37,37.0,274.1573033707865,37.0,1,0.24344569288389514,1.25,395.55555555555554,7.890208213109961,8.782322859397507,2,train,Premium View Property
860000.0,4.0,1.75,1880,3720,1.5,0,0,4,1880,0,1924,,Seattle,98109,0,1924,90,90.0,457.4468085106383,90.0,0,0.0,0.4375,326.95652173913044,7.53955882930103,8.221747728346623,1,train,Compact Entry-Level
389000.0,4.0,1.75,2400,7700,1.5,0,0,4,1500,900,1927,,Seattle,98133,0,1927,87,87.0,162.08333333333334,87.0,1,0.375,0.4375,417.39130434782606,7.783640596221253,8.94910546953925,0,train,Established Family Home
645000.0,3.0,1.75,2270,11472,1.0,0,0,4,1370,900,1956,,Seattle,98177,0,1956,58,58.0,284.1409691629956,58.0,1,0.3964757709251101,0.5833333333333334,477.89473684210526,7.7279755421055585,9.347751727799142,0,test,Established Family Home
475000.0,4.0,2.5,1850,5444,2.0,0,0,5,1850,0,1981,,Kirkland,98034,0,1981,33,33.0,256.7567567567568,33.0,0,0.0,0.625,284.61538461538464,7.523481312573497,8.602453035367061,3,test,New-Build Suburban Family
550000.0,4.0,2.75,2160,5005,1.0,0,0,3,1430,730,1987,,Seattle,98115,0,1987,27,27.0,254.6296296296296,27.0,1,0.33796296296296297,0.6875,320.0,7.6783263565068856,8.518392471991719,0,train,Established Family Home
305000.0,2.0,1.0,2160,12960,1.0,0,0,3,1360,800,1968,,Tukwila,98168,0,1968,46,46.0,141.2037037037037,46.0,1,0.37037037037037035,0.5,720.0,7.6783263565068856,9.469700127423375,1,train,Compact Entry-Level
782000.0,2.0,1.5,1570,3600,1.5,0,2,4,1320,250,1906,,Seattle,98119,0,1906,108,108.0,498.0891719745223,108.0,1,0.1592356687898089,0.75,448.57142857142856,7.359467638255621,8.188966863648876,1,train,Compact Entry-Level
545000.0,3.0,2.0,1340,7200,1.5,0,0,4,1340,0,1923,,Seattle,98118,0,1923,91,91.0,406.7164179104478,91.0,0,0.0,0.6666666666666666,268.0,7.201170883281678,8.881975184248867,1,train,Compact Entry-Level
394500.0,4.0,2.5,3002,6042,2.0,0,0,3,3002,0,2004,,Kent,98031,0,2004,10,10.0,131.41239173884077,10.0,0,0.0,0.625,461.84615384615387,8.00736706798333,8.706655856361559,3,test,New-Build Suburban Family
600000.0,5.0,2.0,2190,9072,1.0,0,0,5,1110,1080,1965,,Redmond,98052,0,1965,49,49.0,273.972602739726,49.0,1,0.4931506849315068,0.4,312.85714285714283,7.692113339595466,9.11305824916963,0,train,Established Family Home
1300000.0,4.0,1.75,2610,21600,1.0,0,0,4,2610,0,1966,,Clyde Hill,98004,0,1966,48,48.0,498.0842911877394,48.0,0,0.0,0.4375,453.9130434782609,7.8674885686991285,9.980494888896912,0,train,Established Family Home
300000.0,2.0,1.0,1010,11919,1.0,0,0,3,1010,0,1947,,Shoreline,98155,0,1947,67,67.0,297.029702970297,67.0,0,0.0,0.5,336.6666666666667,6.918695219020472,9.385972940619341,1,train,Compact Entry-Level
330000.0,4.0,2.5,2105,6093,2.0,0,0,3,2105,0,2003,,Kent,98042,0,2003,11,11.0,156.76959619952495,11.0,0,0.0,0.625,323.84615384615387,7.652545692693921,8.715059959545654,3,train,New-Build Suburban Family
723000.0,4.0,2.25,2430,4748,1.5,0,0,3,1630,800,1928,,Seattle,98116,0,1928,86,86.0,297.5308641975309,86.0,1,0.3292181069958848,0.5625,388.8,7.796057974316123,8.465689348549121,0,test,Established Family Home
2271150.0,4.0,3.25,4040,18916,1.0,0,0,4,4040,0,1954,,Medina,98039,0,1954,60,60.0,562.1658415841584,60.0,0,0.0,0.8125,557.2413793103449,8.304247465078474,9.847816267665664,0,train,Established Family Home
480000.0,5.0,2.5,2160,7737,2.0,0,0,3,2160,0,1998,,Snoqualmie,98065,0,1998,16,16.0,222.22222222222223,16.0,0,0.0,0.5,288.0,7.6783263565068856,8.953898535260459,3,test,New-Build Suburban Family
496000.0,2.0,1.0,900,9260,1.0,0,0,3,900,0,1946,,Seattle,98107,0,1946,68,68.0,551.1111111111111,68.0,0,0.0,0.5,300.0,6.803505257608338,9.13356731317027,1,train,Compact Entry-Level
625000.0,3.0,3.0,1820,1641,3.0,0,0,3,1540,280,2006,,Seattle,98119,0,2006,8,8.0,343.4065934065934,8.0,1,0.15384615384615385,1.0,303.3333333333333,7.507141079727608,7.403670290012373,3,train,New-Build Suburban Family
475000.0,4.0,2.0,2100,13468,1.0,0,0,5,1050,1050,1962,,Seattle,98125,0,1962,52,52.0,226.1904761904762,52.0,1,0.5,0.5,350.0,7.650168700845001,9.508146027598816,0,train,Established Family Home
275250.0,3.0,2.25,1520,7199,2.0,0,0,4,1520,0,1992,,Maple Valley,98038,0,1992,22,22.0,181.08552631578948,22.0,0,0.0,0.75,289.5238095238095,7.327123292259293,8.881836305004146,3,train,New-Build Suburban Family
253000.0,2.0,1.0,1310,7128,1.0,0,0,4,940,370,1980,,Kent,98031,0,1980,34,34.0,193.1297709923664,34.0,1,0.2824427480916031,0.5,436.6666666666667,7.1785454837637,8.871926251117628,1,train,Compact Entry-Level
630000.0,4.0,2.5,2190,9880,1.0,0,0,4,1410,780,1979,,Kirkland,98033,0,1979,35,35.0,287.67123287671234,35.0,1,0.3561643835616438,0.625,336.9230769230769,7.692113339595466,9.198369000194964,0,train,Established Family Home
660500.0,5.0,2.5,2950,5500,1.5,0,0,5,1720,1230,1918,,Seattle,98144,0,1918,96,96.0,223.89830508474577,96.0,1,0.41694915254237286,0.5,393.3333333333333,7.989899374942939,8.612685172875459,0,train,Established Family Home
262000.0,5.0,1.0,1870,7800,1.0,0,0,3,1580,290,1962,,Seattle,98168,0,1962,52,52.0,140.10695187165774,52.0,1,0.15508021390374332,0.2,311.6666666666667,7.534228326274089,8.962007209588313,0,test,Established Family Home
2147500.0,3.0,3.5,4660,5500,2.0,0,4,5,3040,1620,1909,,Seattle,98102,0,1909,105,105.0,460.83690987124464,105.0,1,0.34763948497854075,1.1666666666666667,716.9230769230769,8.446985296372741,8.612685172875459,2,train,Premium View Property
552000.0,3.0,2.5,1840,9900,1.0,0,0,3,1840,0,1978,,Bellevue,98007,0,1978,36,36.0,300.0,36.0,0,0.0,0.8333333333333334,334.54545454545456,7.518064181233078,9.200391041122515,1,train,Compact Entry-Level
1411600.0,2.0,2.5,3180,9400,2.0,0,4,5,2610,570,1985,,Bellevue,98006,0,1985,29,29.0,443.8993710691824,29.0,1,0.1792452830188679,1.25,706.6666666666666,8.064950891749143,9.148571345578551,2,test,Premium View Property
736000.0,2.0,1.0,1500,4000,1.0,0,0,3,1100,400,1933,,Seattle,98109,0,1933,81,81.0,490.6666666666667,81.0,1,0.26666666666666666,0.5,500.0,7.313886831633462,8.294299608857235,1,train,Compact Entry-Level
355000.0,3.0,1.75,1730,7416,1.5,0,0,3,1730,0,1954,,Shoreline,98133,0,1954,60,60.0,205.20231213872836,60.0,0,0.0,0.5833333333333334,364.2105263157895,7.456454555176209,8.911529941736559,1,train,Compact Entry-Level
305000.0,3.0,1.0,1580,7424,1.0,0,0,3,1010,570,1962,,Renton,98058,0,1962,52,52.0,193.0379746835443,52.0,1,0.36075949367088606,0.3333333333333333,395.0,7.365812837209472,8.9126079636709,1,train,Compact Entry-Level
484998.0,4.0,2.5,1540,1870,2.0,0,0,3,1540,0,2014,,Issaquah,98029,0,2014,0,0.0,314.9337662337662,0.0,0,0.0,0.625,236.92307692307693,7.340186835320115,7.534228326274089,3,train,New-Build Suburban Family
1054690.0,4.0,3.5,3390,3979,2.0,0,0,3,2610,780,2014,,Seattle,98199,0,2014,0,0.0,311.117994100295,0.0,1,0.23008849557522124,0.875,452.0,8.128880142125638,8.289037098278483,3,train,New-Build Suburban Family
334500.0,2.0,1.5,830,1858,2.0,0,0,3,830,0,2005,,Seattle,98144,0,2005,9,9.0,403.0120481927711,9.0,0,0.0,0.75,237.14285714285714,6.7226297948554485,7.527793987721444,1,test,Compact Entry-Level
475000.0,4.0,2.75,2620,6178,2.0,0,0,3,2620,0,2013,,North Bend,98045,0,2013,1,1.0,181.2977099236641,1.0,0,0.0,0.6875,388.14814814814815,7.8713112033234065,8.72891172506098,3,train,New-Build Suburban Family
309780.0,3.0,2.5,2242,4500,2.0,0,0,3,2242,0,2014,,Auburn,98092,0,2014,0,0.0,138.17127564674396,0.0,0,0.0,0.8333333333333334,407.6363636363636,7.715569534520208,8.412054873292933,3,train,New-Build Suburban Family
795000.0,4.0,2.5,2890,7798,2.0,0,0,3,2890,0,2005,,Bellevue,98006,0,2005,9,9.0,275.0865051903114,9.0,0,0.0,0.625,444.61538461538464,7.969357742016346,8.961750799330497,3,train,New-Build Suburban Family
274500.0,3.0,2.25,1450,4050,2.0,0,0,3,1450,0,2010,,Maple Valley,98038,0,2010,4,4.0,189.31034482758625,4.0,0,0.0,0.75,276.1904761904762,7.280008252884188,8.30671904320269,3,train,New-Build Suburban Family
265050.0,2.0,1.5,800,2119,2.0,0,0,3,800,0,2008,,Seattle,98106,0,2008,6,6.0,331.3125,6.0,0,0.0,0.75,228.57142857142858,6.68586094706836,7.659171367666058,1,train,Compact Entry-Level
567500.0,3.0,2.5,2280,2502,2.0,0,0,3,1880,400,2006,,Issaquah,98027,0,2006,8,8.0,248.90350877192984,8.0,1,0.17543859649122806,0.8333333333333334,414.54545454545456,7.732369222284388,7.8252452914317745,3,test,New-Build Suburban Family
915000.0,3.0,4.5,3850,62726,2.0,0,0,3,3120,730,2013,,Redmond,98053,0,2013,1,1.0,237.66233766233765,1.0,1,0.18961038961038962,1.5,513.3333333333334,8.25608813381491,11.046547255939533,3,test,New-Build Suburban Family
285000.0,5.0,2.5,2270,6300,2.0,0,0,3,2270,0,1995,,Auburn,98092,0,1995,19,19.0,125.55066079295156,19.0,0,0.0,0.5,302.6666666666667,7.7279755421055585,8.748463629942055,3,test,New-Build Suburban Family
445838.0,3.0,2.5,2250,5692,2.0,0,0,3,2250,0,2000,,Seattle,98146,0,2000,14,14.0,198.15022222222223,14.0,0,0.0,0.8333333333333334,409.09090909090907,7.719129840906732,8.646992628951082,3,train,New-Build Suburban Family
304900.0,4.0,1.75,2600,11325,1.0,0,0,4,1610,990,1969,,Kent,98031,0,1969,45,45.0,117.26923076923076,45.0,1,0.38076923076923075,0.4375,452.17391304347825,7.8636512654486515,9.33485624667375,0,train,Established Family Home
940000.0,4.0,2.0,2490,9525,2.0,0,0,5,2490,0,1968,,Mercer Island,98040,0,1968,46,46.0,377.5100401606426,46.0,0,0.0,0.5,415.0,7.820439515262181,9.161780181360806,0,test,Established Family Home
1127000.0,4.0,2.5,3160,8281,2.0,0,0,4,3160,0,1995,,Kirkland,98033,0,1995,19,19.0,356.6455696202532,19.0,0,0.0,0.625,486.15384615384613,8.058643712215618,9.021839764105513,3,train,New-Build Suburban Family
835000.0,4.0,4.25,4930,25714,2.0,0,0,3,4930,0,2005,,Auburn,98092,0,2005,9,9.0,169.3711967545639,9.0,0,0.0,1.0625,597.5757575757576,8.503297086224126,10.154829758209017,3,train,New-Build Suburban Family
290000.0,3.0,1.0,1440,11250,1.0,0,0,3,1440,0,1967,,Renton,98055,0,1967,47,47.0,201.38888888888889,47.0,0,0.0,0.3333333333333333,360.0,7.273092595999522,9.328212292571072,1,test,Compact Entry-Level
250000.0,3.0,1.75,1770,8868,1.0,0,0,4,1770,0,1959,,Auburn,98002,0,1959,55,55.0,141.24293785310735,55.0,0,0.0,0.5833333333333334,372.63157894736844,7.479299637782834,9.090317329376452,1,train,Compact Entry-Level
342000.0,4.0,2.5,2300,6448,2.0,0,0,3,2300,0,2001,,Kent,98030,0,2001,13,13.0,148.69565217391303,13.0,0,0.0,0.625,353.84615384615387,7.741099090035366,8.771680359010377,3,train,New-Build Suburban Family
1012000.0,4.0,2.5,2980,16263,2.0,0,0,3,2980,0,1989,,Bellevue,98006,0,1989,25,25.0,339.5973154362416,25.0,0,0.0,0.625,458.46153846153845,8.000014093678072,9.696709355308183,3,test,New-Build Suburban Family
400000.0,4.0,2.25,2230,7200,1.0,0,0,4,1300,930,1963,,Shoreline,98133,0,1963,51,51.0,179.37219730941703,51.0,1,0.4170403587443946,0.5625,356.8,7.7102051944325325,8.881975184248867,0,train,Established Family Home
312500.0,3.0,1.75,1830,7969,1.0,0,0,3,930,900,1950,2008.0,Renton,98055,1,2008,64,6.0,170.76502732240436,6.0,1,0.4918032786885246,0.5833333333333334,385.2631578947368,7.5126175446745105,8.98343977178426,0,train,Established Family Home
267000.0,3.0,1.0,1740,10875,1.0,0,0,4,1020,720,1962,,Tukwila,98188,0,1962,52,52.0,153.44827586206895,52.0,1,0.41379310344827586,0.3333333333333333,435.0,7.462214939768189,9.294313805752362,0,train,Established Family Home
575000.0,3.0,1.75,1530,6743,1.0,0,0,3,1410,120,1955,,Seattle,98116,0,1955,59,59.0,375.8169934640523,59.0,1,0.0784313725490196,0.5833333333333334,322.10526315789474,7.333676395657684,8.81640849968169,0,train,Established Family Home
810000.0,3.0,1.5,1520,9041,1.0,0,0,4,1520,0,1954,,Bellevue,98004,0,1954,60,60.0,532.8947368421053,60.0,0,0.0,0.5,337.77777777777777,7.327123292259293,9.109635667854551,1,train,Compact Entry-Level
850000.0,3.0,2.5,3230,5000,2.0,0,2,5,2430,800,1945,,Seattle,98117,0,1945,69,69.0,263.1578947368421,69.0,1,0.2476780185758514,0.8333333333333334,587.2727272727273,8.080546965824498,8.517393171418904,2,train,Premium View Property
1015000.0,3.0,3.25,3620,4000,2.0,0,0,3,2730,890,2005,,Seattle,98199,0,2005,9,9.0,280.3867403314917,9.0,1,0.24585635359116023,1.0833333333333333,579.2,8.19450550976564,8.294299608857235,3,train,New-Build Suburban Family
1100000.0,4.0,3.75,5070,60123,2.0,0,0,3,5070,0,2000,,Redmond,98053,0,2000,14,14.0,216.96252465483235,14.0,0,0.0,0.9375,654.1935483870968,8.531293315795018,11.004164375253117,3,train,New-Build Suburban Family
240000.0,3.0,1.75,1570,8750,1.0,0,0,3,1570,0,1960,,Burien,98148,0,1960,54,54.0,152.86624203821657,54.0,0,0.0,0.5833333333333334,330.5263157894737,7.359467638255621,9.076923258535832,1,train,Compact Entry-Level
198000.0,4.0,1.75,2080,7200,1.0,0,0,4,1050,1030,1966,,Auburn,98001,0,1966,48,48.0,95.1923076923077,48.0,1,0.4951923076923077,0.4375,361.7391304347826,7.640603826393634,8.881975184248867,0,train,Established Family Home
565000.0,4.0,2.5,2230,8624,1.0,0,0,4,1430,800,1969,,Redmond,98052,0,1969,45,45.0,253.3632286995516,45.0,1,0.35874439461883406,0.625,343.0769230769231,7.7102051944325325,9.062420241899561,0,test,Established Family Home
1195000.0,5.0,3.0,3420,18129,2.0,0,0,3,2540,880,1952,2005.0,Mercer Island,98040,1,2005,62,9.0,349.41520467836256,9.0,1,0.2573099415204678,0.6,427.5,8.137688184977605,9.805323303748898,0,train,Established Family Home
340000.0,8.0,2.75,2790,6695,1.0,0,0,3,1470,1320,1977,,Shoreline,98133,0,1977,37,37.0,121.86379928315412,37.0,1,0.4731182795698925,0.34375,259.5348837209302,7.934155233536322,8.80926561216931,0,train,Established Family Home
815000.0,4.0,2.5,3150,4203,2.0,0,0,3,3150,0,2002,,Kirkland,98033,0,2002,12,12.0,258.73015873015873,12.0,0,0.0,0.625,484.61538461538464,8.055475141757274,8.343791731996841,3,train,New-Build Suburban Family
1875000.0,4.0,3.25,3930,10929,2.0,0,0,3,3930,0,2006,,Bellevue,98004,0,2006,8,8.0,477.09923664122135,8.0,0,0.0,0.8125,542.0689655172414,8.27664912542186,9.299266581170585,3,train,New-Build Suburban Family
588000.0,5.0,3.0,2190,4900,2.0,0,0,5,1490,700,1940,,Seattle,98117,0,1940,74,74.0,268.4931506849315,74.0,1,0.319634703196347,0.6,273.75,7.692113339595466,8.497194544909547,0,test,Established Family Home
280500.0,4.0,2.5,1890,6962,2.0,0,0,3,1890,0,1997,,Auburn,98092,0,1997,17,17.0,148.4126984126984,17.0,0,0.0,0.625,290.7692307692308,7.544861068658458,8.848365694942547,3,train,New-Build Suburban Family
390000.0,4.0,2.0,1900,76877,1.0,0,0,3,1900,0,2004,,Kent,98042,0,2004,10,10.0,205.26315789473685,10.0,0,0.0,0.5,316.6666666666667,7.550135342488429,11.249975028737632,3,train,New-Build Suburban Family
509000.0,2.0,1.5,1930,3521,2.0,0,0,3,1930,0,1989,,Bellevue,98007,0,1989,25,25.0,263.73056994818654,25.0,0,0.0,0.75,551.4285714285714,7.565793282428515,8.166784289056151,3,train,New-Build Suburban Family
490600.0,3.0,2.5,3316,11447,2.0,0,0,3,3316,0,1986,,Federal Way,98023,0,1986,28,28.0,147.9493365500603,28.0,0,0.0,0.8333333333333334,602.9090909090909,8.106816038947052,9.345570321236286,3,train,New-Build Suburban Family
650000.0,3.0,1.5,1380,4500,1.0,0,0,5,1380,0,1960,,Mercer Island,98040,0,1960,54,54.0,471.0144927536232,54.0,0,0.0,0.5,306.6666666666667,7.2305631534092925,8.412054873292933,1,train,Compact Entry-Level
715000.0,3.0,4.0,2080,2250,3.0,0,4,3,2080,0,1997,,Seattle,98103,0,1997,17,17.0,343.75,17.0,0,0.0,1.3333333333333333,297.14285714285717,7.640603826393634,7.719129840906732,2,train,Premium View Property
529950.0,3.0,1.0,1240,5000,1.5,0,0,5,1240,0,1909,,Seattle,98107,0,1909,105,105.0,427.3790322580645,105.0,0,0.0,0.3333333333333333,310.0,7.123672785204607,8.517393171418904,1,test,Compact Entry-Level
265000.0,3.0,1.0,1020,8610,1.0,0,0,5,1020,0,1959,,Renton,98056,0,1959,55,55.0,259.80392156862746,55.0,0,0.0,0.3333333333333333,255.0,6.928537818164665,9.060795734696166,1,test,Compact Entry-Level
1755000.0,3.0,2.0,2360,4800,2.0,0,0,3,2360,0,1909,2014.0,Seattle,98112,1,2014,105,0.0,743.6440677966102,0.0,0,0.0,0.6666666666666666,472.0,7.766840537085513,8.476579508530941,1,train,Compact Entry-Level
1140000.0,3.0,2.5,2780,33503,1.5,0,1,4,2110,670,1969,,Sammamish,98075,0,1969,45,45.0,410.0719424460432,45.0,1,0.24100719424460432,0.8333333333333334,505.45454545454544,7.930565854233965,10.419420113670263,0,train,Established Family Home
610000.0,3.0,2.0,2300,13418,1.0,0,0,3,1430,870,1955,,Bellevue,98004,0,1955,59,59.0,265.2173913043478,59.0,1,0.3782608695652174,0.6666666666666666,460.0,7.741099090035366,9.504426892100957,0,train,Established Family Home
554729.0,4.0,2.5,2020,4350,2.0,0,0,5,1730,290,1943,,Seattle,98199,0,1943,71,71.0,274.6183168316832,71.0,1,0.14356435643564355,0.625,310.7692307692308,7.611347717403621,8.37816098272068,0,test,Established Family Home
395000.0,5.0,1.75,1840,10453,1.0,0,2,3,1360,480,1948,,Burien,98166,0,1948,66,66.0,214.67391304347825,66.0,1,0.2608695652173913,0.35,272.5925925925926,7.518064181233078,9.254739959272866,2,train,Premium View Property
341000.0,3.0,1.0,1390,4814,1.5,0,0,3,1390,0,1908,,Seattle,98115,0,1908,106,106.0,245.32374100719423,106.0,0,0.0,0.3333333333333333,347.5,7.237778191923443,8.479491324232226,1,train,Compact Entry-Level
264500.0,4.0,2.25,2060,11385,1.0,0,0,4,1200,860,1962,,Federal Way,98023,0,1962,52,52.0,128.39805825242718,52.0,1,0.4174757281553398,0.5625,329.6,7.630946580890459,9.340139809511028,0,train,Established Family Home
395000.0,4.0,2.75,2640,35070,1.5,0,0,3,2640,0,1963,,Kent,98031,0,1963,51,51.0,149.62121212121212,51.0,0,0.0,0.6875,391.1111111111111,7.878912912297133,10.465129857127469,3,test,New-Build Suburban Family
640000.0,3.0,2.25,1980,10115,1.0,0,0,3,1980,0,1959,,Bellevue,98005,0,1959,55,55.0,323.2323232323232,55.0,0,0.0,0.75,377.14285714285717,7.591357046698551,9.221873607789856,1,train,Compact Entry-Level
430000.0,3.0,1.5,1810,5080,1.0,0,0,3,1030,780,1958,,Seattle,98115,0,1958,56,56.0,237.56906077348063,56.0,1,0.430939226519337,0.5,402.22222222222223,7.501634457883413,8.533263371593732,0,train,Established Family Home
410000.0,4.0,2.5,1700,9000,1.0,0,0,5,1700,0,1972,,Kirkland,98034,0,1972,42,42.0,241.1764705882353,42.0,0,0.0,0.625,261.53846153846155,7.438971592395862,9.105090961257085,0,train,Established Family Home
220000.0,4.0,1.0,1200,6000,1.5,0,0,3,1200,0,1923,,Seattle,98106,0,1923,91,91.0,183.33333333333331,91.0,0,0.0,0.25,240.0,7.0909098220799835,8.699681400989514,1,train,Compact Entry-Level
1625000.0,4.0,3.25,2980,3600,2.0,0,0,3,2150,830,1999,,Seattle,98112,0,1999,15,15.0,545.3020134228188,15.0,1,0.2785234899328859,0.8125,411.0344827586207,8.000014093678072,8.188966863648876,3,train,New-Build Suburban Family
405500.0,2.0,2.75,1350,1252,2.0,0,0,3,1120,230,2006,,Seattle,98136,0,2006,8,8.0,300.3703703703704,8.0,1,0.17037037037037037,1.375,284.2105263157895,7.208600337960199,7.133295954896068,3,train,New-Build Suburban Family
633000.0,4.0,2.5,2360,10000,1.0,0,3,3,1980,380,1977,,Seattle,98126,0,1977,37,37.0,268.22033898305085,37.0,1,0.16101694915254236,0.625,363.0769230769231,7.766840537085513,9.210440366976517,2,train,Premium View Property
295950.0,2.0,1.0,1190,6200,1.0,0,0,3,1190,0,1948,,Shoreline,98133,0,1948,66,66.0,248.69747899159665,66.0,0,0.0,0.5,396.6666666666667,7.0825485693553,8.732465848349879,1,test,Compact Entry-Level
1042031.0,4.0,5.0,4110,43560,2.0,0,0,4,4110,0,1978,,Bellevue,98005,0,1978,36,36.0,253.53552311435524,36.0,0,0.0,1.25,456.6666666666667,8.321421586897879,10.681917533624532,3,train,New-Build Suburban Family
605000.0,4.0,2.5,2800,10786,1.0,0,0,3,1420,1380,1970,,Bellevue,98008,0,1970,44,44.0,216.07142857142856,44.0,1,0.4928571428571429,0.625,430.7692307692308,7.937731775260109,9.28609698437543,0,train,Established Family Home
255000.0,2.0,1.5,920,1598,2.0,0,0,3,920,0,1995,,Seattle,98133,0,1995,19,19.0,277.17391304347825,19.0,0,0.0,0.75,262.85714285714283,6.825460036255307,7.377133712833954,1,train,Compact Entry-Level
474000.0,3.0,1.75,1530,8000,2.0,0,0,3,1530,0,1978,,Redmond,98052,0,1978,36,36.0,309.80392156862746,36.0,0,0.0,0.5833333333333334,322.10526315789474,7.333676395657684,8.987321812850125,3,train,New-Build Suburban Family
370000.0,2.0,1.0,860,5040,1.0,0,0,3,860,0,1956,,Seattle,98117,0,1956,58,58.0,430.2325581395349,58.0,0,0.0,0.5,286.6666666666667,6.7580945044277305,8.525359754082631,1,train,Compact Entry-Level
288000.0,3.0,2.5,1520,3593,2.0,0,0,3,1520,0,2004,,Maple Valley,98038,0,2004,10,10.0,189.47368421052636,10.0,0,0.0,0.8333333333333334,276.3636363636364,7.327123292259293,8.187021067343505,3,train,New-Build Suburban Family
100000.0,2.0,0.75,660,5240,1.0,0,0,4,660,0,1912,,Kent,98032,0,1912,102,102.0,151.5151515151515,102.0,0,0.0,0.375,240.0,6.493753839851686,8.564267598802166,1,train,Compact Entry-Level
1150000.0,5.0,2.5,3580,8921,2.0,0,0,3,3580,0,2000,,Kirkland,98033,0,2000,14,14.0,321.2290502793296,14.0,0,0.0,0.5,477.3333333333333,8.183397369998433,9.09627541568821,3,train,New-Build Suburban Family
600000.0,5.0,2.25,3000,13899,2.0,0,0,4,3000,0,1975,,Redmond,98052,0,1975,39,39.0,200.0,39.0,0,0.0,0.45,413.7931034482759,8.006700845440367,9.539644119118783,3,test,New-Build Suburban Family
515000.0,5.0,3.25,2740,9629,1.0,0,0,5,1390,1350,1977,,Bothell,98011,0,1977,37,37.0,187.95620437956205,37.0,1,0.4927007299270073,0.65,332.1212121212121,7.916078096302786,9.172638504792172,0,train,Established Family Home
345000.0,4.0,2.5,2040,5523,2.0,0,0,3,2040,0,1999,,Burien,98148,0,1999,15,15.0,169.11764705882354,15.0,0,0.0,0.625,313.84615384615387,7.621195162809845,8.616857514529183,3,test,New-Build Suburban Family
975000.0,6.0,2.75,2520,54160,2.0,1,4,3,2520,0,1954,,Seattle,98146,0,1954,60,60.0,386.9047619047619,60.0,0,0.0,0.4583333333333333,288.0,7.83241092718792,10.899716371226633,2,test,Premium View Property
850000.0,3.0,2.0,2470,8800,2.0,0,0,3,2470,0,1961,2004.0,Mercer Island,98040,1,2004,53,10.0,344.12955465587044,10.0,0,0.0,0.6666666666666666,494.0,7.81237820598861,9.082620630373812,3,test,New-Build Suburban Family
439990.0,3.0,2.5,1930,1348,2.0,0,0,3,1300,630,2005,,Seattle,98199,0,2005,9,9.0,227.9740932642487,9.0,1,0.32642487046632124,0.8333333333333334,350.90909090909093,7.565793282428515,7.207118856207756,3,test,New-Build Suburban Family
554950.0,3.0,2.5,2950,10254,2.0,0,0,3,2950,0,2006,,Renton,98059,0,2006,8,8.0,188.11864406779665,8.0,0,0.0,0.8333333333333334,536.3636363636364,7.989899374942939,9.235520670506482,3,train,New-Build Suburban Family
605000.0,3.0,2.5,2610,6405,2.0,0,0,3,2610,0,2001,,Snoqualmie,98065,0,2001,13,13.0,231.8007662835249,13.0,0,0.0,0.8333333333333334,474.54545454545456,7.8674885686991285,8.764990330169104,3,train,New-Build Suburban Family
609000.0,3.0,1.75,1630,1526,3.0,0,0,3,1630,0,2014,,Seattle,98103,0,2014,0,0.0,373.6196319018405,0.0,0,0.0,0.5833333333333334,343.1578947368421,7.396948602621014,7.3310603052186325,3,train,New-Build Suburban Family
425000.0,3.0,1.5,1400,1022,3.0,0,0,3,1400,0,2007,,Seattle,98115,0,2007,7,7.0,303.57142857142856,7.0,0,0.0,0.5,311.1111111111111,7.244941546337007,6.930494765951626,3,train,New-Build Suburban Family
399900.0,2.0,1.75,1410,1005,1.5,0,0,3,900,510,2011,,Issaquah,98029,0,2011,3,3.0,283.6170212765957,3.0,1,0.3617021276595745,0.875,376.0,7.252053951852814,6.913737350659685,1,test,Compact Entry-Level
1025000.0,4.0,3.5,4370,10860,2.0,0,0,3,4370,0,2008,,Renton,98059,0,2008,6,6.0,234.5537757437071,6.0,0,0.0,0.875,582.6666666666666,8.382747094863314,9.292933670280036,3,test,New-Build Suburban Family
2351956.0,4.0,4.25,5010,19412,2.0,0,1,3,4000,1010,2014,,Mercer Island,98040,0,2014,0,0.0,469.45229540918166,0.0,1,0.20159680638722555,1.0625,607.2727272727273,8.519390774959724,9.873698223725375,3,train,New-Build Suburban Family
519995.0,4.0,3.0,2590,6160,2.0,0,0,3,2590,0,2014,,Renton,98059,0,2014,0,0.0,200.77027027027023,0.0,0,0.0,0.75,370.0,7.85979918056211,8.725994381014571,3,test,New-Build Suburban Family
625000.0,3.0,1.5,1300,7200,1.0,0,0,5,1300,0,1960,,Kirkland,98033,0,1960,54,54.0,480.7692307692308,54.0,0,0.0,0.5,288.8888888888889,7.170888478512505,8.881975184248867,1,test,Compact Entry-Level
600000.0,3.0,2.5,2320,7609,2.0,0,0,3,2320,0,2003,,Issaquah,98027,0,2003,11,11.0,258.62068965517244,11.0,0,0.0,0.8333333333333334,421.8181818181818,7.749753406274437,8.937218450855731,3,train,New-Build Suburban Family
1200000.0,4.0,2.5,2700,4275,2.0,0,0,3,2700,0,2004,,Seattle,98115,0,2004,10,10.0,444.44444444444446,10.0,0,0.0,0.625,415.38461538461536,7.901377353792616,8.360773272144936,3,train,New-Build Suburban Family
1738000.0,4.0,2.25,2920,6513,2.0,0,0,4,2260,660,1937,,Seattle,98112,0,1937,77,77.0,595.2054794520548,77.0,1,0.22602739726027396,0.5625,467.2,7.979681302387741,8.781708985836179,0,train,Established Family Home
671000.0,4.0,3.0,3130,5700,1.5,0,0,3,1750,1380,1953,,Seattle,98115,0,1953,61,61.0,214.37699680511184,61.0,1,0.44089456869009586,0.75,447.14285714285717,8.049107721326406,8.648396877031582,0,train,Established Family Home
459500.0,3.0,1.75,1470,4950,1.0,0,0,3,1030,440,1984,,Seattle,98133,0,1984,30,30.0,312.5850340136054,30.0,1,0.29931972789115646,0.5833333333333334,309.4736842105263,7.293697720601438,8.507344855361422,0,train,Established Family Home
499000.0,3.0,2.5,1540,1326,3.0,0,0,3,1390,150,1995,,Seattle,98119,0,1995,19,19.0,324.02597402597405,19.0,1,0.09740259740259741,0.8333333333333334,280.0,7.340186835320115,7.190676034332207,3,test,New-Build Suburban Family
1280000.0,4.0,2.5,3160,4620,1.5,0,4,3,2020,1140,1917,2005.0,Seattle,98116,1,2005,97,9.0,405.0632911392405,9.0,1,0.36075949367088606,0.625,486.15384615384613,8.058643712215618,8.438366410870266,2,train,Premium View Property
395000.0,3.0,1.75,1480,7700,1.0,0,0,3,1480,0,1975,,Kirkland,98034,0,1975,39,39.0,266.8918918918919,39.0,0,0.0,0.5833333333333334,311.57894736842104,7.300472814267799,8.94910546953925,1,train,Compact Entry-Level
861990.0,5.0,2.75,3595,5639,2.0,0,0,3,3595,0,2014,,Redmond,98053,0,2014,0,0.0,239.77468706536857,0.0,0,0.0,0.55,463.8709677419355,8.18757739559151,8.637639344492104,3,test,New-Build Suburban Family
382500.0,2.0,1.0,1190,4440,1.0,0,0,3,1190,0,1981,,Seattle,98125,0,1981,33,33.0,321.42857142857144,33.0,0,0.0,0.5,396.6666666666667,7.0825485693553,8.398634855292102,1,train,Compact Entry-Level
404950.0,4.0,2.25,2340,217014,1.0,0,0,4,2340,0,1982,,Auburn,98092,0,1982,32,32.0,173.05555555555554,32.0,0,0.0,0.5625,374.4,7.75833346749091,12.287721754557577,0,test,Established Family Home
530000.0,3.0,1.75,1320,2500,1.0,0,0,3,870,450,1918,,Seattle,98105,0,1918,96,96.0,401.5151515151515,96.0,1,0.3409090909090909,0.5833333333333334,277.89473684210526,7.186144304522325,7.824445930877619,1,test,Compact Entry-Level
195000.0,2.0,1.0,1190,27007,1.0,0,0,4,1190,0,1910,,Issaquah,98027,0,1910,104,104.0,163.8655462184874,104.0,0,0.0,0.5,396.6666666666667,7.0825485693553,10.203888397395684,1,train,Compact Entry-Level
747500.0,4.0,2.25,2350,18600,2.0,0,0,4,2350,0,1977,,Kenmore,98028,0,1977,37,37.0,318.0851063829787,37.0,0,0.0,0.5625,376.0,7.762596048540069,9.83097062169695,3,test,New-Build Suburban Family
199990.0,3.0,1.0,1100,8560,1.0,0,0,3,1100,0,1961,,Federal Way,98023,0,1961,53,53.0,181.8090909090909,53.0,0,0.0,0.3333333333333333,275.0,7.00397413672268,9.054972284742485,1,train,Compact Entry-Level
548800.0,4.0,1.0,1660,4704,1.5,0,0,3,1260,400,1930,,Seattle,98115,0,1930,84,84.0,330.6024096385542,84.0,1,0.24096385542168675,0.25,332.0,7.415175109613295,8.45638105201948,0,test,Established Family Home
870000.0,4.0,3.0,3040,36246,1.5,0,0,3,2680,360,1923,2014.0,Sammamish,98074,1,2014,91,0.0,286.1842105263158,0.0,1,0.11842105263157894,0.75,434.2857142857143,8.019941687677365,10.498111898237447,0,train,Established Family Home
588000.0,3.0,2.0,1860,4777,2.0,0,0,5,1860,0,1908,,Seattle,98115,0,1908,106,106.0,316.1290322580645,106.0,0,0.0,0.6666666666666666,372.0,7.528869256642251,8.471777327885755,1,train,Compact Entry-Level
775000.0,4.0,3.25,4100,241322,2.0,0,0,3,2500,1600,1981,,Woodinville,98072,0,1981,33,33.0,189.02439024390245,33.0,1,0.3902439024390244,0.8125,565.5172413793103,8.31898612539206,12.393891564103482,3,test,New-Build Suburban Family
670000.0,6.0,3.0,4050,36171,2.0,0,0,4,2620,1430,1970,,Issaquah,98027,0,1970,44,44.0,165.4320987654321,44.0,1,0.3530864197530864,0.5,450.0,8.30671904320269,10.496040617860372,0,train,Established Family Home
445000.0,2.0,2.0,1240,2500,2.0,0,0,3,1240,0,1985,,Seattle,98117,0,1985,29,29.0,358.8709677419355,29.0,0,0.0,1.0,310.0,7.123672785204607,7.824445930877619,1,train,Compact Entry-Level
300000.0,4.0,3.0,2200,10800,1.0,0,0,3,2200,0,1960,,Renton,98058,0,1960,54,54.0,136.36363636363637,54.0,0,0.0,0.75,314.2857142857143,7.696667081526462,9.287394001418473,0,train,Established Family Home
480000.0,3.0,2.25,1680,9090,1.0,0,0,4,1130,550,1959,,Bellevue,98008,0,1959,55,55.0,285.7142857142857,55.0,1,0.3273809523809524,0.75,320.0,7.427144133408616,9.115040192121858,0,test,Established Family Home
300000.0,3.0,1.0,930,5160,1.5,0,0,5,930,0,1919,,Seattle,98106,0,1919,95,95.0,322.5806451612903,95.0,0,0.0,0.3333333333333333,232.5,6.836259277277067,8.548885638148727,1,test,Compact Entry-Level
360000.0,3.0,1.5,1800,22000,2.0,0,0,3,1800,0,1931,,Tukwila,98168,0,1931,83,83.0,200.0,83.0,0,0.0,0.5,400.0,7.496097345175956,9.99884318585288,1,train,Compact Entry-Level
527000.0,6.0,3.5,3000,8401,1.0,0,0,3,1500,1500,1979,,Seattle,98125,0,1979,35,35.0,175.66666666666666,35.0,1,0.5,0.5833333333333334,315.7894736842105,8.006700845440367,9.036225051729327,0,train,Established Family Home
875000.0,3.0,1.5,1820,12686,1.0,0,0,4,1820,0,1952,,Bellevue,98004,0,1952,62,62.0,480.7692307692308,62.0,0,0.0,0.5,404.44444444444446,7.507141079727608,9.448333126140598,1,train,Compact Entry-Level
266000.0,4.0,2.25,1995,7102,2.0,0,0,4,1995,0,1981,,Federal Way,98023,0,1981,33,33.0,133.33333333333334,33.0,0,0.0,0.5625,319.2,7.59890045687141,8.86827250899781,3,train,New-Build Suburban Family
866000.0,4.0,3.25,3990,9786,2.0,0,0,3,3990,0,2004,,Redmond,98053,0,2004,10,10.0,217.04260651629076,10.0,0,0.0,0.8125,550.3448275862069,8.291797105048733,9.18881025342582,3,train,New-Build Suburban Family
335950.0,2.0,1.5,800,5192,1.0,0,0,5,800,0,1951,,Seattle,98146,0,1951,63,63.0,419.9375,63.0,0,0.0,0.75,228.57142857142858,6.68586094706836,8.555066843844319,1,train,Compact Entry-Level
215000.0,3.0,1.0,960,9563,1.0,0,0,5,960,0,1967,,Federal Way,98023,0,1967,47,47.0,223.95833333333331,47.0,0,0.0,0.3333333333333333,240.0,6.8679744089702925,9.165761328578215,1,train,Compact Entry-Level
481000.0,4.0,2.5,2286,8269,2.0,0,0,3,2286,0,2002,,Renton,98056,0,2002,12,12.0,210.41119860017497,12.0,0,0.0,0.625,351.6923076923077,7.734996194022781,9.020389788017736,3,train,New-Build Suburban Family
320000.0,3.0,1.75,2220,11646,1.0,0,0,3,1270,950,1950,,Kenmore,98028,0,1950,64,64.0,144.14414414414415,64.0,1,0.42792792792792794,0.5833333333333334,467.36842105263156,7.7057128238944275,9.362803915102651,0,train,Established Family Home
295000.0,3.0,1.75,1940,7500,1.5,0,0,4,1940,0,1918,1985.0,Enumclaw,98022,1,1985,96,29.0,152.06185567010309,29.0,0,0.0,0.5833333333333334,408.42105263157896,7.57095858316901,8.922791623969637,1,train,Compact Entry-Level
295000.0,3.0,1.5,1640,7222,2.0,0,0,4,1640,0,1908,,Seattle,98108,0,1908,106,106.0,179.8780487804878,106.0,0,0.0,0.5,364.44444444444446,7.403061091090091,8.885025658050846,1,train,Compact Entry-Level
320000.0,3.0,1.0,1120,10576,1.0,0,0,4,1120,0,1969,,Woodinville,98077,0,1969,45,45.0,285.7142857142857,45.0,0,0.0,0.3333333333333333,280.0,7.02197642307216,9.266437111328052,1,train,Compact Entry-Level
780000.0,4.0,2.0,2600,4800,1.0,0,2,3,1400,1200,1953,,Seattle,98119,0,1953,61,61.0,300.0,61.0,1,0.46153846153846156,0.5,433.3333333333333,7.8636512654486515,8.476579508530941,2,train,Premium View Property
437500.0,3.0,2.0,1490,4800,2.0,0,0,5,1490,0,1948,,Seattle,98117,0,1948,66,66.0,293.6241610738255,66.0,0,0.0,0.6666666666666666,298.0,7.307202314764738,8.476579508530941,1,train,Compact Entry-Level
443000.0,5.0,1.75,1650,3000,1.5,0,0,3,1650,0,1902,,Seattle,98144,0,1902,112,112.0,268.4848484848485,112.0,0,0.0,0.35,244.44444444444446,7.409136443920128,8.006700845440367,1,train,Compact Entry-Level
575000.0,4.0,2.5,2400,6137,2.0,0,0,3,2400,0,1990,,Sammamish,98074,0,1990,24,24.0,239.58333333333331,24.0,0,0.0,0.625,369.2307692307692,7.783640596221253,8.722254235179681,3,test,New-Build Suburban Family
245000.0,2.0,1.0,1500,6685,1.0,0,0,3,1190,310,1926,,Seattle,98133,0,1926,88,88.0,163.33333333333334,88.0,1,0.20666666666666667,0.5,500.0,7.313886831633462,8.807771066980044,1,train,Compact Entry-Level
450000.0,3.0,2.5,1990,12793,2.0,0,0,3,1990,0,1993,,Kenmore,98028,0,1993,21,21.0,226.13065326633165,21.0,0,0.0,0.8333333333333334,361.8181818181818,7.596392304064196,9.456731590010083,3,train,New-Build Suburban Family
536000.0,2.0,1.5,1130,746,2.0,0,0,3,1030,100,2009,,Seattle,98107,0,2009,5,5.0,474.3362831858407,5.0,1,0.08849557522123894,0.75,322.85714285714283,7.030857476116121,6.616065185132817,1,train,Compact Entry-Level
685000.0,3.0,3.25,2030,11070,2.0,0,0,4,2030,0,1980,,Redmond,98052,0,1980,34,34.0,337.4384236453202,34.0,0,0.0,1.0833333333333333,324.8,7.616283561580385,9.312084355859467,3,train,New-Build Suburban Family
373000.0,4.0,1.75,1590,7920,2.0,0,0,4,1590,0,1960,,Shoreline,98133,0,1960,54,54.0,234.59119496855345,54.0,0,0.0,0.4375,276.5217391304348,7.372118028337787,8.97727273946428,1,train,Compact Entry-Level
450000.0,3.0,1.75,1480,8394,1.0,0,0,4,1480,0,1971,,Redmond,98052,0,1971,43,43.0,304.05405405405406,43.0,0,0.0,0.5833333333333334,311.57894736842104,7.300472814267799,9.035391569511642,1,train,Compact Entry-Level
645000.0,4.0,2.5,2690,18653,2.0,0,0,3,2690,0,1985,,Sammamish,98074,0,1985,29,29.0,239.77695167286245,29.0,0,0.0,0.625,413.84615384615387,7.897668150726906,9.833815879286808,3,train,New-Build Suburban Family
1275000.0,3.0,2.5,3870,46609,2.0,0,3,3,3870,0,1997,,Bellevue,98008,0,1997,17,17.0,329.4573643410853,17.0,0,0.0,0.8333333333333334,703.6363636363636,8.261268150577648,10.749570389366786,2,train,Premium View Property
230000.0,3.0,1.0,1390,6000,1.0,0,0,3,1390,0,1954,,Renton,98056,0,1954,60,60.0,165.46762589928056,60.0,0,0.0,0.3333333333333333,347.5,7.237778191923443,8.699681400989514,1,train,Compact Entry-Level
593000.0,3.0,2.75,1830,1850,2.0,0,0,3,1690,140,2011,,Issaquah,98027,0,2011,3,3.0,324.04371584699453,3.0,1,0.07650273224043716,0.9166666666666666,318.2608695652174,7.5126175446745105,7.523481312573497,3,train,New-Build Suburban Family
558000.0,2.0,2.0,1580,5750,1.0,0,0,5,790,790,1910,,Seattle,98116,0,1910,104,104.0,353.1645569620253,104.0,1,0.5,1.0,395.0,7.365812837209472,8.657129031713755,0,train,Established Family Home
538250.0,3.0,2.25,2590,15229,2.0,0,3,3,2590,0,1984,,Des Moines,98198,0,1984,30,30.0,207.8185328185328,30.0,0,0.0,0.75,493.3333333333333,7.85979918056211,9.631022445889208,2,train,Premium View Property
475000.0,5.0,2.5,2510,8050,1.0,0,0,4,1490,1020,1977,,Kirkland,98034,0,1977,37,37.0,189.24302788844625,37.0,1,0.4063745019920319,0.5,334.6666666666667,7.828436359157585,8.993551586299981,0,train,Established Family Home
209950.0,3.0,1.5,1180,7300,1.0,0,0,4,1180,0,1968,,Auburn,98002,0,1968,46,46.0,177.92372881355934,46.0,0,0.0,0.5,262.22222222222223,7.074116816197362,8.895766604056085,1,train,Compact Entry-Level
410000.0,3.0,2.25,1450,19206,2.0,0,0,3,1450,0,1989,,Sammamish,98074,0,1989,25,25.0,282.7586206896552,25.0,0,0.0,0.75,276.1904761904762,7.280008252884188,9.863030074904852,3,train,New-Build Suburban Family
1636000.0,3.0,2.5,3110,6765,2.0,0,1,4,2550,560,1946,,Seattle,98115,0,1946,68,68.0,526.0450160771704,68.0,1,0.18006430868167203,0.8333333333333334,565.4545454545455,8.042699496897637,8.819665349340653,0,train,Established Family Home
670000.0,5.0,2.5,2860,68519,2.0,0,0,5,2860,0,1958,,Snoqualmie,98065,0,1958,56,56.0,234.26573426573427,56.0,0,0.0,0.5,381.3333333333333,7.95892649305011,11.134880952438056,0,train,Established Family Home
821000.0,3.0,2.75,2760,8476,1.0,0,0,4,1690,1070,1967,,Mercer Island,98040,0,1967,47,47.0,297.463768115942,47.0,1,0.38768115942028986,0.9166666666666666,480.0,7.923348211930154,9.045111892608405,0,train,Established Family Home
665000.0,5.0,2.0,2800,17788,1.0,0,0,4,1400,1400,1963,,Kirkland,98033,0,1963,51,51.0,237.5,51.0,1,0.5,0.4,400.0,7.937731775260109,9.78633556772527,0,train,Established Family Home
339000.0,3.0,2.5,1450,3748,2.0,0,0,3,1450,0,2004,,Snoqualmie,98065,0,2004,10,10.0,233.79310344827587,10.0,0,0.0,0.8333333333333334,263.6363636363636,7.280008252884188,8.229244416735913,3,test,New-Build Suburban Family
631500.0,4.0,2.0,2530,5650,1.5,0,0,4,1910,620,1910,,Seattle,98116,0,1910,104,104.0,249.60474308300397,104.0,1,0.2450592885375494,0.5,421.6666666666667,7.836369760545124,8.639587799629844,0,train,Established Family Home
570000.0,3.0,2.0,1640,2808,1.0,0,3,4,820,820,1924,,Seattle,98144,0,1924,90,90.0,347.5609756097561,90.0,1,0.5,0.6666666666666666,328.0,7.403061091090091,7.940583827104244,2,train,Premium View Property
437000.0,3.0,1.75,2220,17568,1.0,0,0,4,2220,0,1967,,Woodinville,98072,0,1967,47,47.0,196.8468468468469,47.0,0,0.0,0.5833333333333334,467.36842105263156,7.7057128238944275,9.773891264365055,1,train,Compact Entry-Level
542500.0,3.0,2.5,2040,10086,2.0,0,0,3,2040,0,1987,,Redmond,98052,0,1987,27,27.0,265.9313725490196,27.0,0,0.0,0.8333333333333334,370.90909090909093,7.621195162809845,9.219002745054835,3,test,New-Build Suburban Family
229500.0,3.0,1.0,1230,6000,1.0,0,0,4,1230,0,1967,,Auburn,98002,0,1967,47,47.0,186.58536585365852,47.0,0,0.0,0.3333333333333333,307.5,7.115582126184454,8.699681400989514,1,train,Compact Entry-Level
170500.0,2.0,1.0,1060,7700,1.0,0,0,3,820,240,1981,,Renton,98055,0,1981,33,33.0,160.8490566037736,33.0,1,0.22641509433962265,0.5,353.3333333333333,6.966967138613983,8.94910546953925,1,train,Compact Entry-Level
391500.0,3.0,2.5,1920,9625,2.0,0,0,3,1920,0,1993,,North Bend,98045,0,1993,21,21.0,203.90625,21.0,0,0.0,0.8333333333333334,349.09090909090907,7.560601162768557,9.172223049863055,3,train,New-Build Suburban Family
296475.0,3.0,2.5,1520,4170,2.0,0,0,3,1520,0,2004,,Maple Valley,98038,0,2004,10,10.0,195.04934210526315,10.0,0,0.0,0.8333333333333334,276.3636363636364,7.327123292259293,8.335911094196945,3,train,New-Build Suburban Family
1450000.0,4.0,3.25,3770,4103,2.0,0,0,5,2710,1060,1925,,Seattle,98109,0,1925,89,89.0,384.61538461538464,89.0,1,0.28116710875331563,0.8125,520.0,8.235095497258357,8.319717386850606,0,train,Established Family Home
888550.0,3.0,2.5,3540,38322,2.0,0,0,3,3540,0,1989,,Redmond,98053,0,1989,25,25.0,251.00282485875707,25.0,0,0.0,0.8333333333333334,643.6363636363636,8.172164452111904,10.553805517120653,3,test,New-Build Suburban Family
1360000.0,4.0,3.0,5430,108900,2.0,0,0,4,5430,0,1987,,Redmond,98053,0,1987,27,27.0,250.46040515653772,27.0,0,0.0,0.75,775.7142857142857,8.599878558034845,11.598194491615347,3,train,New-Build Suburban Family
328000.0,3.0,2.0,2250,7904,1.5,0,0,3,2250,0,1998,,Auburn,98001,0,1998,16,16.0,145.77777777777777,16.0,0,0.0,0.6666666666666666,450.0,7.719129840906732,8.975250749643573,3,test,New-Build Suburban Family
300000.0,4.0,2.5,2090,5195,2.0,0,0,3,2090,0,2007,,Kent,98031,0,2007,7,7.0,143.54066985645932,7.0,0,0.0,0.625,321.53846153846155,7.645397699428633,8.55564437779049,3,train,New-Build Suburban Family
500000.0,3.0,2.5,1720,3012,2.0,0,0,3,1720,0,2011,,Seattle,98133,0,2011,3,3.0,290.69767441860466,3.0,0,0.0,0.8333333333333334,312.72727272727275,7.450660796211539,8.0106915391303,3,test,New-Build Suburban Family
494815.0,3.0,2.5,1910,2091,2.0,0,0,3,1910,0,2014,,Issaquah,98029,0,2014,0,0.0,259.065445026178,0.0,0,0.0,0.8333333333333334,347.27272727272725,7.555381944240273,7.645875825184813,3,train,New-Build Suburban Family
378000.0,3.0,2.5,1601,2491,3.0,0,0,3,1536,65,2007,,Seattle,98125,0,2007,7,7.0,236.1024359775141,7.0,1,0.04059962523422861,0.8333333333333334,291.09090909090907,7.379008127628304,7.820840879907344,3,test,New-Build Suburban Family
505000.0,2.0,2.25,1060,1209,2.0,0,0,3,940,120,2006,,Seattle,98102,0,2006,8,8.0,476.4150943396226,8.0,1,0.11320754716981132,1.125,249.41176470588235,6.966967138613983,7.098375638590786,3,train,New-Build Suburban Family
680000.0,4.0,2.75,2330,3920,2.0,0,0,3,2330,0,2005,,Issaquah,98029,0,2005,9,9.0,291.8454935622317,9.0,0,0.0,0.6875,345.18518518518516,7.754052639035757,8.27410200229233,3,train,New-Build Suburban Family
351999.0,3.0,2.5,2370,4200,2.0,0,0,3,2370,0,2014,,Maple Valley,98038,0,2014,0,0.0,148.52278481012658,0.0,0,0.0,0.8333333333333334,430.90909090909093,7.771067086065406,8.343077871169383,3,train,New-Build Suburban Family
510000.0,3.0,2.5,1420,1237,3.0,0,0,3,1420,0,2014,,Seattle,98107,0,2014,0,0.0,359.1549295774648,0.0,0,0.0,0.8333333333333334,258.1818181818182,7.259116128097101,7.121252453244542,3,train,New-Build Suburban Family
1300000.0,4.0,2.25,2360,4000,2.0,0,0,3,2360,0,2013,,Seattle,98112,0,2013,1,1.0,550.8474576271186,1.0,0,0.0,0.5625,377.6,7.766840537085513,8.294299608857235,3,test,New-Build Suburban Family
374000.0,2.0,1.5,1260,1575,2.0,0,0,3,1260,0,2001,,Seattle,98144,0,2001,13,13.0,296.8253968253968,13.0,0,0.0,0.75,360.0,7.13966033596492,7.362645270417825,1,train,Compact Entry-Level
509900.0,3.0,2.5,3030,9053,2.0,0,0,3,3030,0,2009,,Renton,98059,0,2009,5,5.0,168.2838283828383,5.0,0,0.0,0.8333333333333334,550.9090909090909,8.016647877057803,9.110961927995904,3,train,New-Build Suburban Family
230000.0,3.0,1.75,1140,1201,2.0,0,0,3,1140,0,2014,,Seattle,98108,0,2014,0,0.0,201.75438596491227,0.0,0,0.0,0.5833333333333334,240.0,7.039660349862076,7.091742115095153,3,train,New-Build Suburban Family
527700.0,5.0,2.5,2820,9375,1.0,0,0,4,1550,1270,1968,,Bellevue,98006,0,1968,46,46.0,187.12765957446808,46.0,1,0.450354609929078,0.5,376.0,7.944846711001996,9.145908511816794,0,test,Established Family Home
438000.0,2.0,2.0,1270,1372,3.0,0,0,3,1270,0,2000,,Seattle,98115,0,2000,14,14.0,344.88188976377955,14.0,0,0.0,1.0,317.5,7.147559271189454,7.224753405767971,3,train,New-Build Suburban Family
900000.0,3.0,2.5,3180,12600,2.0,0,0,4,3180,0,1978,,Sammamish,98074,0,1978,36,36.0,283.0188679245283,36.0,0,0.0,0.8333333333333334,578.1818181818181,8.064950891749143,9.441531454869693,3,test,New-Build Suburban Family
1131000.0,3.0,2.25,2790,13791,1.0,0,3,3,2790,0,2006,,Normandy Park,98166,0,2006,8,8.0,405.3763440860215,8.0,0,0.0,0.75,531.4285714285714,7.934155233536322,9.531843992903474,2,train,Premium View Property
439000.0,4.0,2.25,2570,9503,2.0,0,0,3,2570,0,1980,,Bothell,98011,0,1980,34,34.0,170.8171206225681,34.0,0,0.0,0.5625,411.2,7.852050207265889,9.159468041602427,3,test,New-Build Suburban Family
315000.0,2.0,1.0,1080,2674,1.0,0,0,4,720,360,1919,,Seattle,98108,0,1919,95,95.0,291.6666666666667,95.0,1,0.3333333333333333,0.5,360.0,6.985641817639208,7.891704659330107,1,test,Compact Entry-Level
765000.0,4.0,4.0,3010,7221,2.0,0,0,3,3010,0,2004,,Sammamish,98075,0,2004,10,10.0,254.15282392026575,10.0,0,0.0,1.0,376.25,8.010027528481734,8.884887201837403,3,train,New-Build Suburban Family
332000.0,3.0,2.25,2120,14915,1.0,0,0,3,1720,400,1979,,Auburn,98001,0,1979,35,35.0,156.60377358490567,35.0,1,0.18867924528301888,0.75,403.8095238095238,7.659642954564682,9.610189741298711,0,test,Established Family Home
600000.0,3.0,2.25,1900,46609,1.5,0,0,4,1440,460,1969,,Woodinville,98072,0,1969,45,45.0,315.7894736842105,45.0,1,0.24210526315789474,0.75,361.9047619047619,7.550135342488429,10.749570389366786,0,train,Established Family Home
378500.0,3.0,2.5,2860,43821,2.0,0,0,4,2860,0,1990,,Auburn,98092,0,1990,24,24.0,132.34265734265733,24.0,0,0.0,0.8333333333333334,520.0,7.95892649305011,10.687891253367626,3,test,New-Build Suburban Family
190000.0,3.0,1.0,910,10575,1.0,0,0,4,910,0,1968,,Federal Way,98003,0,1968,46,46.0,208.7912087912088,46.0,0,0.0,0.3333333333333333,227.5,6.814542897259958,9.266342562091468,1,train,Compact Entry-Level
645000.0,4.0,2.5,2850,37522,2.0,0,0,3,2850,0,1987,,Sammamish,98075,0,1987,27,27.0,226.31578947368425,27.0,0,0.0,0.625,438.46153846153845,7.955425088912672,10.532709357279819,3,train,New-Build Suburban Family
780000.0,2.0,2.5,2560,2500,2.0,0,0,5,1690,870,1901,,Seattle,98112,0,1901,113,113.0,304.6875,113.0,1,0.33984375,1.25,568.8888888888889,7.848153086199526,7.824445930877619,0,train,Established Family Home
370000.0,3.0,1.75,1570,16817,2.0,0,0,3,1570,0,1982,,North Bend,98045,0,1982,32,32.0,235.6687898089172,32.0,0,0.0,0.5833333333333334,330.5263157894737,7.359467638255621,9.730205020392843,3,train,New-Build Suburban Family
875000.0,4.0,3.5,3110,108464,2.0,0,2,4,3110,0,1979,,Sammamish,98075,0,1979,35,35.0,281.3504823151125,35.0,0,0.0,0.875,414.6666666666667,8.042699496897637,11.594182819277162,2,train,Premium View Property
1049000.0,4.0,3.75,4740,126759,2.0,0,0,4,4740,0,1991,,Issaquah,98027,0,1991,23,23.0,221.30801687763716,23.0,0,0.0,0.9375,611.6129032258065,8.464003362902119,11.750050813804856,3,train,New-Build Suburban Family
479000.0,3.0,1.0,1340,13750,1.0,0,0,4,1340,0,1955,,Bellevue,98006,0,1955,59,59.0,357.46268656716416,59.0,0,0.0,0.3333333333333333,335.0,7.201170883281678,9.528866827722945,1,train,Compact Entry-Level
245000.0,4.0,2.25,2600,6390,1.0,0,0,3,1390,1210,1978,,Federal Way,98023,0,1978,36,36.0,94.23076923076924,36.0,1,0.4653846153846154,0.5625,416.0,7.8636512654486515,8.762646029650282,0,train,Established Family Home
542000.0,3.0,1.75,1070,8030,1.0,0,0,3,1070,0,1966,2014.0,Redmond,98052,1,2014,48,0.0,506.5420560747664,0.0,0,0.0,0.5833333333333334,225.26315789473685,6.976348070447749,8.991064332188461,1,train,Compact Entry-Level
557500.0,3.0,2.25,1820,9670,2.0,0,0,3,1820,0,1984,,Redmond,98052,0,1984,30,30.0,306.31868131868134,30.0,0,0.0,0.75,346.6666666666667,7.507141079727608,9.176886995716963,3,train,New-Build Suburban Family
480000.0,2.0,1.0,1060,3040,1.0,0,0,3,860,200,1924,,Seattle,98103,0,1924,90,90.0,452.8301886792453,90.0,1,0.18867924528301888,0.5,353.3333333333333,6.966967138613983,8.019941687677365,1,train,Compact Entry-Level
330000.0,3.0,2.25,2220,4060,1.0,0,0,3,1330,890,1993,,Seattle,98118,0,1993,21,21.0,148.64864864864865,21.0,1,0.4009009009009009,0.75,422.85714285714283,7.7057128238944275,8.309184527686298,0,train,Established Family Home
160000.0,3.0,1.0,1350,8700,1.5,0,0,3,1350,0,1942,,SeaTac,98188,0,1942,72,72.0,118.51851851851852,72.0,0,0.0,0.3333333333333333,337.5,7.208600337960199,9.071193240566025,1,train,Compact Entry-Level
695500.0,5.0,2.75,2510,9180,1.0,0,1,4,1600,910,1975,,Redmond,98052,0,1975,39,39.0,277.0916334661355,39.0,1,0.36254980079681276,0.55,323.8709677419355,7.828436359157585,9.1248914101437,0,train,Established Family Home
235500.0,5.0,2.5,2340,13713,1.0,0,0,2,1670,670,1967,,Federal Way,98003,0,1967,47,47.0,100.64102564102564,47.0,1,0.2863247863247863,0.5,312.0,7.75833346749091,9.52617248784431,0,train,Established Family Home
326500.0,3.0,1.0,1060,7920,1.0,0,0,4,1060,0,1968,,Seattle,98106,0,1968,46,46.0,308.0188679245283,46.0,0,0.0,0.3333333333333333,265.0,6.966967138613983,8.97727273946428,1,train,Compact Entry-Level
300000.0,4.0,2.5,2200,8065,2.0,0,0,3,2200,0,1998,,Kent,98031,0,1998,16,16.0,136.36363636363637,16.0,0,0.0,0.625,338.46153846153845,7.696667081526462,8.995412975433313,3,train,New-Build Suburban Family
267000.0,3.0,1.0,1400,8100,1.5,0,0,3,1400,0,1944,,Seattle,98125,0,1944,70,70.0,190.7142857142857,70.0,0,0.0,0.3333333333333333,350.0,7.244941546337007,8.999742789830492,1,train,Compact Entry-Level
292600.0,3.0,1.5,1520,7123,1.0,0,0,4,1520,0,1959,,Renton,98056,0,1959,55,55.0,192.5,55.0,0,0.0,0.5,337.77777777777777,7.327123292259293,8.871224644409553,1,train,Compact Entry-Level
362000.0,5.0,3.0,1810,3000,2.0,0,0,3,1810,0,1998,,Seattle,98118,0,1998,16,16.0,200.0,16.0,0,0.0,0.6,226.25,7.501634457883413,8.006700845440367,3,train,New-Build Suburban Family
1087500.0,2.0,2.0,2360,11340,1.5,0,0,3,2360,0,1997,,Mercer Island,98040,0,1997,17,17.0,460.8050847457627,17.0,0,0.0,1.0,590.0,7.766840537085513,9.33617975681533,3,train,New-Build Suburban Family
357562.0,2.0,1.75,1210,1032,2.0,0,0,3,1210,0,2014,,Issaquah,98029,0,2014,0,0.0,295.5057851239669,0.0,0,0.0,0.875,322.6666666666667,7.099201743553092,6.940222469119639,3,test,New-Build Suburban Family
789900.0,3.0,2.5,3420,25150,1.0,0,0,4,1750,1670,1987,,Bellevue,98006,0,1987,27,27.0,230.96491228070172,27.0,1,0.48830409356725146,0.8333333333333334,621.8181818181819,8.137688184977605,10.132652936168832,0,train,Established Family Home
513000.0,3.0,2.5,1810,4592,2.0,0,0,3,1810,0,1992,,Issaquah,98029,0,1992,22,22.0,283.42541436464086,22.0,0,0.0,0.8333333333333334,329.09090909090907,7.501634457883413,8.432288684325794,3,train,New-Build Suburban Family
336000.0,3.0,2.25,2760,10160,1.0,0,0,3,2760,0,1969,,Renton,98058,0,1969,45,45.0,121.7391304347826,45.0,0,0.0,0.75,525.7142857142857,7.923348211930154,9.22631214148588,3,train,New-Build Suburban Family
560000.0,4.0,2.25,1950,9800,1.0,0,0,3,1330,620,1968,,Kirkland,98033,0,1968,46,46.0,287.1794871794872,46.0,1,0.31794871794871793,0.5625,312.0,7.576097340623111,9.19023970026918,0,train,Established Family Home
1150000.0,3.0,2.5,3830,48743,2.0,0,0,3,3830,0,1991,,Bellevue,98006,0,1991,23,23.0,300.2610966057441,23.0,0,0.0,0.8333333333333334,696.3636363636364,8.25088114470065,10.79433739192833,3,train,New-Build Suburban Family
410000.0,4.0,2.25,2060,7283,1.0,0,0,3,1220,840,1963,2013.0,Shoreline,98155,1,2013,51,1.0,199.02912621359224,1.0,1,0.4077669902912621,0.5625,329.6,7.630946580890459,8.8934354408475,0,train,Established Family Home
371500.0,3.0,1.0,1650,6400,1.0,0,0,4,980,670,1954,,Seattle,98106,0,1954,60,60.0,225.1515151515152,60.0,1,0.40606060606060607,0.3333333333333333,412.5,7.409136443920128,8.764209507142004,0,test,Established Family Home
368000.0,4.0,1.75,2100,11942,1.0,0,0,3,1030,1070,1964,,Seattle,98106,0,1964,50,50.0,175.23809523809524,50.0,1,0.5095238095238095,0.4375,365.2173913043478,7.650168700845001,9.387900611668426,0,train,Established Family Home
650000.0,4.0,3.0,3720,57499,1.0,0,0,3,1880,1840,2003,,Carnation,98014,0,2003,11,11.0,174.7311827956989,11.0,1,0.4946236559139785,0.75,531.4285714285714,8.221747728346623,10.959540226785442,0,train,Established Family Home
308950.0,4.0,2.5,1920,8562,2.0,0,2,4,1920,0,1994,,Enumclaw,98022,0,1994,20,20.0,160.91145833333334,20.0,0,0.0,0.625,295.38461538461536,7.560601162768557,9.055205875026193,2,train,Premium View Property
440000.0,3.0,2.0,1860,217800,2.0,0,2,3,1860,0,1998,,Renton,98059,0,1998,16,16.0,236.55913978494624,16.0,0,0.0,0.6666666666666666,372.0,7.528869256642251,12.291337080838684,2,train,Premium View Property
630000.0,2.0,2.5,2290,3507,2.0,0,0,3,2290,0,2005,,Issaquah,98029,0,2005,9,9.0,275.10917030567686,9.0,0,0.0,1.25,508.8888888888889,7.736743682453495,8.162801353492073,3,train,New-Build Suburban Family
228950.0,3.0,1.75,1200,9085,1.0,0,0,4,1200,0,1968,,Federal Way,98023,0,1968,46,46.0,190.79166666666663,46.0,0,0.0,0.5833333333333334,252.6315789473684,7.0909098220799835,9.114490046319348,1,train,Compact Entry-Level
782000.0,4.0,3.5,5270,53428,2.0,0,0,3,3440,1830,2004,,Renton,98058,0,2004,10,10.0,148.38709677419354,10.0,1,0.34724857685009486,0.875,702.6666666666666,8.569975376855206,10.886108948699558,3,train,New-Build Suburban Family
245000.0,3.0,2.5,1600,2788,2.0,0,0,4,1600,0,1992,,Kent,98031,0,1992,22,22.0,153.125,22.0,0,0.0,0.8333333333333334,290.90909090909093,7.3783837129967145,7.933438387627489,3,train,New-Build Suburban Family
410000.0,4.0,2.5,2560,4020,2.0,0,0,3,2560,0,2006,,Maple Valley,98038,0,2006,8,8.0,160.15625,8.0,0,0.0,0.625,393.84615384615387,7.848153086199526,8.299285906897275,3,test,New-Build Suburban Family
427550.0,2.0,1.0,880,4000,1.0,0,0,3,880,0,1940,,Seattle,98117,0,1940,74,74.0,485.8522727272728,74.0,0,0.0,0.5,293.3333333333333,6.78105762593618,8.294299608857235,1,train,Compact Entry-Level
235000.0,2.0,1.0,1020,7920,1.0,0,0,3,1020,0,1939,,Seattle,98108,0,1939,75,75.0,230.3921568627451,75.0,0,0.0,0.5,340.0,6.928537818164665,8.97727273946428,1,train,Compact Entry-Level
210000.0,3.0,2.0,960,9380,1.0,0,0,3,960,0,1949,,Seattle,98146,0,1949,65,65.0,218.75,65.0,0,0.0,0.6666666666666666,192.0,6.8679744089702925,9.14644164612595,1,train,Compact Entry-Level
485000.0,4.0,2.25,1900,7200,1.0,0,0,3,1370,530,1977,,Seattle,98146,0,1977,37,37.0,255.26315789473685,37.0,1,0.2789473684210526,0.5625,304.0,7.550135342488429,8.881975184248867,0,train,Established Family Home
410000.0,3.0,2.0,1320,6000,1.5,0,0,4,1320,0,1920,,Seattle,98144,0,1920,94,94.0,310.6060606060606,94.0,0,0.0,0.6666666666666666,264.0,7.186144304522325,8.699681400989514,1,train,Compact Entry-Level
435000.0,4.0,2.75,2230,9640,1.0,0,0,3,1320,910,1998,,Seattle,98125,0,1998,16,16.0,195.06726457399105,16.0,1,0.4080717488789238,0.6875,330.3703703703704,7.7102051944325325,9.17378011666438,0,train,Established Family Home
300000.0,3.0,1.0,1150,7314,1.0,0,0,3,1150,0,1960,,Bellevue,98008,0,1960,54,54.0,260.8695652173913,54.0,0,0.0,0.3333333333333333,287.5,7.048386408721883,8.897682313454224,1,train,Compact Entry-Level
455000.0,4.0,3.5,3440,6000,2.0,0,0,4,3440,0,2002,,Normandy Park,98198,0,2002,12,12.0,132.2674418604651,12.0,0,0.0,0.875,458.6666666666667,8.14351740579748,8.699681400989514,3,train,New-Build Suburban Family
210000.0,3.0,1.0,1070,8179,1.0,0,0,3,1070,0,1949,,Seattle,98146,0,1949,65,65.0,196.26168224299064,65.0,0,0.0,0.3333333333333333,267.5,6.976348070447749,9.009447429596793,1,train,Compact Entry-Level
1050000.0,4.0,2.75,2250,3433,1.5,0,0,3,1500,750,1927,2013.0,Seattle,98112,1,2013,87,1.0,466.6666666666667,1.0,1,0.3333333333333333,0.6875,333.3333333333333,7.719129840906732,8.141481041457421,0,train,Established Family Home
458400.0,4.0,2.5,1910,10300,1.0,0,0,3,1910,0,1921,1968.0,Shoreline,98177,1,1968,93,46.0,240.0,46.0,0,0.0,0.625,293.84615384615387,7.555381944240273,9.239996256883693,0,test,Established Family Home
390000.0,3.0,1.75,1180,16552,1.0,0,0,4,1180,0,1967,,Woodinville,98072,0,1967,47,47.0,330.5084745762712,47.0,0,0.0,0.5833333333333334,248.42105263157896,7.074116816197362,9.714322633260165,1,test,Compact Entry-Level
148226.0,3.0,1.0,1400,7360,1.0,0,0,4,1400,0,1968,,Auburn,98092,0,1968,46,46.0,105.87571428571428,46.0,0,0.0,0.3333333333333333,350.0,7.244941546337007,8.903951072058707,1,train,Compact Entry-Level
711600.0,4.0,3.0,3580,9316,2.5,0,0,3,2370,1210,1991,,Bellevue,98007,0,1991,23,23.0,198.7709497206704,23.0,1,0.33798882681564246,0.75,511.42857142857144,8.183397369998433,9.139595967450425,3,test,New-Build Suburban Family
819000.0,3.0,2.75,3176,13391,2.0,0,3,4,2726,450,1985,,Federal Way,98003,0,1985,29,29.0,257.8715365239295,29.0,1,0.14168765743073047,0.9166666666666666,552.3478260869565,8.063692634269517,9.502412792729256,2,test,Premium View Property
613000.0,2.0,2.0,1170,1890,1.5,0,1,4,1170,0,1927,,Seattle,98119,0,1927,87,87.0,523.9316239316239,87.0,0,0.0,1.0,292.5,7.065613363597717,7.544861068658458,1,test,Compact Entry-Level
592350.0,2.0,2.0,1570,4665,1.0,0,0,3,1570,0,2006,,Redmond,98053,0,2006,8,8.0,377.2929936305732,8.0,0,0.0,1.0,392.5,7.359467638255621,8.448057452581375,1,train,Compact Entry-Level
232000.0,3.0,1.5,1460,15000,1.0,0,0,3,1460,0,1966,,Auburn,98001,0,1966,48,48.0,158.9041095890411,48.0,0,0.0,0.5,324.44444444444446,7.2868764117507,9.61587214452889,1,train,Compact Entry-Level
250000.0,3.0,1.75,1140,10400,1.0,0,0,4,1140,0,1983,,Milton,98354,0,1983,31,31.0,219.2982456140351,31.0,0,0.0,0.5833333333333334,240.0,7.039660349862076,9.249657234353133,1,test,Compact Entry-Level
115000.0,1.0,2.0,1150,9812,1.0,0,0,4,1150,0,1962,,Auburn,98001,0,1962,52,52.0,100.0,52.0,0,0.0,2.0,383.3333333333333,7.048386408721883,9.191463316206494,1,test,Compact Entry-Level
1115000.0,4.0,2.5,3180,31931,1.0,0,0,4,2390,790,1978,,Bellevue,98007,0,1978,36,36.0,350.62893081761007,36.0,1,0.24842767295597484,0.625,489.2307692307692,8.064950891749143,10.37136392076569,0,test,Established Family Home
585000.0,4.0,2.5,2630,6185,2.0,0,0,3,2630,0,1999,,Renton,98056,0,1999,15,15.0,222.43346007604563,15.0,0,0.0,0.625,404.61538461538464,7.875119281040293,8.730043953245016,3,train,New-Build Suburban Family
580000.0,3.0,2.25,1940,5980,1.0,0,0,3,1520,420,1987,,Issaquah,98027,0,1987,27,27.0,298.96907216494844,27.0,1,0.21649484536082475,0.75,369.5238095238095,7.57095858316901,8.696343057044556,0,train,Established Family Home
165000.0,1.0,1.0,850,8050,1.0,0,0,2,850,0,1906,,Seattle,98118,0,1906,108,108.0,194.11764705882356,108.0,0,0.0,1.0,425.0,6.7464121285733745,8.993551586299981,1,train,Compact Entry-Level
430000.0,3.0,2.0,1550,6039,1.0,0,0,5,830,720,1942,,Seattle,98126,0,1942,72,72.0,277.4193548387097,72.0,1,0.4645161290322581,0.6666666666666666,310.0,7.346655163176539,8.706159290928861,0,train,Established Family Home
383000.0,3.0,2.25,2090,15000,1.0,0,0,3,2090,0,1961,,North Bend,98045,0,1961,53,53.0,183.2535885167464,53.0,0,0.0,0.75,398.0952380952381,7.645397699428633,9.61587214452889,1,train,Compact Entry-Level
1195000.0,4.0,3.5,3960,6654,2.0,0,0,3,2850,1110,2006,,Seattle,98199,0,2006,8,8.0,301.7676767676768,8.0,1,0.2803030303030303,0.875,528.0,8.284251797621916,8.803123730829212,3,train,New-Build Suburban Family
201500.0,3.0,1.0,1320,5000,1.5,0,0,3,1320,0,1912,,Seattle,98116,0,1912,102,102.0,152.65151515151516,102.0,0,0.0,0.3333333333333333,330.0,7.186144304522325,8.517393171418904,1,train,Compact Entry-Level
690000.0,4.0,2.5,3220,35400,2.0,0,0,3,3220,0,1991,,Woodinville,98072,0,1991,23,23.0,214.28571428571428,23.0,0,0.0,0.625,495.38461538461536,8.0774471493312,10.474495347310453,3,test,New-Build Suburban Family
325000.0,2.0,1.0,800,7260,1.0,0,0,3,800,0,1953,,Seattle,98126,0,1953,61,61.0,406.25,61.0,0,0.0,0.5,266.6666666666667,6.68586094706836,8.890272839380247,1,train,Compact Entry-Level
375000.0,3.0,1.75,1660,9673,1.0,0,0,3,1130,530,1976,,Woodinville,98072,0,1976,38,38.0,225.9036144578313,38.0,1,0.3192771084337349,0.5833333333333334,349.4736842105263,7.415175109613295,9.177197153382929,0,train,Established Family Home
600000.0,4.0,2.5,2250,11370,2.0,0,0,3,2250,0,1991,,Kirkland,98034,0,1991,23,23.0,266.6666666666667,23.0,0,0.0,0.625,346.15384615384613,7.719129840906732,9.338821533624722,3,train,New-Build Suburban Family
340000.0,3.0,2.25,2120,13090,1.0,0,0,3,2120,0,1997,,Auburn,98002,0,1997,17,17.0,160.37735849056602,17.0,0,0.0,0.75,403.8095238095238,7.659642954564682,9.479680250180099,3,train,New-Build Suburban Family
890000.0,4.0,2.75,2310,4020,3.0,0,0,5,2310,0,1979,,Seattle,98122,0,1979,35,35.0,385.28138528138527,35.0,0,0.0,0.6875,342.22222222222223,7.745435610274381,8.299285906897275,3,train,New-Build Suburban Family
415000.0,4.0,1.75,1920,7700,2.0,0,0,4,1920,0,1970,,Newcastle,98056,0,1970,44,44.0,216.14583333333331,44.0,0,0.0,0.4375,333.9130434782609,7.560601162768557,8.94910546953925,3,test,New-Build Suburban Family
255000.0,3.0,1.75,1550,9720,1.0,0,0,3,1050,500,1976,,Black Diamond,98010,0,1976,38,38.0,164.51612903225808,38.0,1,0.3225806451612903,0.5833333333333334,326.3157894736842,7.346655163176539,9.18204377282107,0,train,Established Family Home
530000.0,2.0,2.5,1785,779,2.0,0,0,3,1595,190,1975,,Bellevue,98004,0,1975,39,39.0,296.9187675070028,39.0,1,0.10644257703081232,1.25,396.6666666666667,7.487733761436444,6.659293919683638,3,train,New-Build Suburban Family
468000.0,3.0,1.5,1830,9848,1.0,0,0,5,1830,0,1962,,Newcastle,98056,0,1962,52,52.0,255.7377049180328,52.0,0,0.0,0.5,406.6666666666667,7.5126175446745105,9.195125206169703,1,train,Compact Entry-Level
970000.0,5.0,2.75,3500,5040,2.0,0,2,3,2950,550,1927,2007.0,Seattle,98126,1,2007,87,7.0,277.1428571428572,7.0,1,0.15714285714285714,0.55,451.61290322580646,8.160803920954665,8.525359754082631,2,train,Premium View Property
599000.0,3.0,2.0,2560,14680,1.0,0,0,3,1330,1230,1987,,Redmond,98052,0,1987,27,27.0,233.984375,27.0,1,0.48046875,0.6666666666666666,512.0,7.848153086199526,9.59430941973946,0,train,Established Family Home
399500.0,4.0,1.75,1360,4840,1.5,0,0,4,1360,0,1928,,Seattle,98126,0,1928,86,86.0,293.75,86.0,0,0.0,0.4375,236.52173913043478,7.215975002651466,8.484876589939695,1,train,Compact Entry-Level
2458000.0,4.0,5.25,6500,14986,2.0,0,0,3,5180,1320,2001,,Medina,98039,0,2001,13,13.0,378.1538461538461,13.0,1,0.20307692307692307,1.3125,702.7027027027027,8.77971129020447,9.614938437644996,3,train,New-Build Suburban Family
1205000.0,4.0,3.5,3150,5500,2.0,0,0,3,3150,0,2014,,Seattle,98105,0,2014,0,0.0,382.5396825396825,0.0,0,0.0,0.875,420.0,8.055475141757274,8.612685172875459,3,train,New-Build Suburban Family
325000.0,2.0,1.0,810,4080,1.0,0,0,4,810,0,1941,,Seattle,98126,0,1941,73,73.0,401.2345679012346,73.0,0,0.0,0.5,270.0,6.698268054115413,8.314097335405807,1,train,Compact Entry-Level
1135250.0,5.0,4.0,7320,217800,2.0,0,0,3,7320,0,1992,,Renton,98058,0,1992,22,22.0,155.08879781420765,22.0,0,0.0,0.8,813.3333333333334,8.898502209646642,12.291337080838684,3,train,New-Build Suburban Family
568000.0,4.0,1.75,2790,17476,1.0,0,2,3,1450,1340,1956,,Burien,98166,0,1956,58,58.0,203.584229390681,58.0,1,0.48028673835125446,0.4375,485.2173913043478,7.934155233536322,9.76864100976636,2,test,Premium View Property
517000.0,2.0,1.5,1920,3408,1.0,0,0,4,960,960,1912,,Seattle,98122,0,1912,102,102.0,269.2708333333333,102.0,1,0.5,0.75,548.5714285714286,7.560601162768557,8.134174272137903,1,train,Compact Entry-Level
469950.0,4.0,2.75,2530,14178,2.0,0,0,3,2530,0,1997,,Duvall,98019,0,1997,17,17.0,185.7509881422925,17.0,0,0.0,0.6875,374.81481481481484,7.836369760545124,9.559517275737559,3,train,New-Build Suburban Family
1675000.0,3.0,2.5,3490,8343,2.0,1,4,4,2150,1340,1939,1991.0,Seattle,98125,1,1991,75,23.0,479.9426934097421,23.0,1,0.3839541547277937,0.8333333333333334,634.5454545454545,8.157943507105037,9.029297996680608,2,train,Premium View Property
2180000.0,6.0,2.75,4710,11000,2.0,0,3,3,3690,1020,1931,,Seattle,98105,0,1931,83,83.0,462.84501061571126,83.0,1,0.21656050955414013,0.4583333333333333,538.2857142857143,8.45765547870004,9.305741456739435,2,train,Premium View Property
623000.0,3.0,1.75,2050,16313,1.0,0,0,2,2050,0,1973,,Mercer Island,98040,0,1973,41,41.0,303.9024390243902,41.0,0,0.0,0.5833333333333334,431.57894736842104,7.62608275807238,9.699778913860525,1,train,Compact Entry-Level
720000.0,4.0,2.25,2410,8400,2.0,0,0,5,2410,0,1965,,Bellevue,98008,0,1965,49,49.0,298.7551867219917,49.0,0,0.0,0.5625,385.6,7.787796878181171,9.036106025364846,3,train,New-Build Suburban Family
205000.0,3.0,1.0,1180,8240,1.0,0,0,4,1180,0,1967,,Federal Way,98003,0,1967,47,47.0,173.72881355932202,47.0,0,0.0,0.3333333333333333,295.0,7.074116816197362,9.016876974763383,1,test,Compact Entry-Level
148000.0,2.0,1.0,630,4200,1.0,0,0,3,630,0,1930,,Seattle,98106,0,1930,84,84.0,234.9206349206349,84.0,0,0.0,0.5,210.0,6.447305862541213,8.343077871169383,1,train,Compact Entry-Level
950000.0,3.0,2.5,3480,7800,1.0,0,0,4,1750,1730,1941,1998.0,Seattle,98177,1,1998,73,16.0,272.98850574712645,16.0,1,0.49712643678160917,0.8333333333333334,632.7272727272727,8.15507488781144,8.962007209588313,0,train,Established Family Home
405000.0,3.0,1.5,1010,7683,1.5,0,0,5,1010,0,1953,,Seattle,98125,0,1953,61,61.0,400.990099009901,61.0,0,0.0,0.5,224.44444444444446,6.918695219020472,8.946895523888447,1,train,Compact Entry-Level
293000.0,3.0,2.25,1910,3481,2.0,0,0,3,1910,0,2009,,Kent,98031,0,2009,5,5.0,153.40314136125656,5.0,0,0.0,0.75,363.8095238095238,7.555381944240273,8.155362120328135,3,train,New-Build Suburban Family
550000.0,3.0,3.5,2490,3582,2.0,0,0,3,1720,770,2005,,Issaquah,98027,0,2005,9,9.0,220.8835341365462,9.0,1,0.3092369477911647,1.1666666666666667,383.0769230769231,7.820439515262181,8.183955717304954,3,train,New-Build Suburban Family
435000.0,4.0,2.5,2150,3143,2.0,0,0,3,2150,0,2010,,Renton,98059,0,2010,4,4.0,202.32558139534885,4.0,0,0.0,0.625,330.7692307692308,7.67368812926773,8.053251153549096,3,train,New-Build Suburban Family
355000.0,4.0,2.75,3000,5470,2.0,0,0,3,3000,0,2005,,Maple Valley,98038,0,2005,9,9.0,118.33333333333331,9.0,0,0.0,0.6875,444.44444444444446,8.006700845440367,8.607216694063826,3,train,New-Build Suburban Family
673000.0,3.0,2.75,2830,3496,2.0,0,0,3,2830,0,2012,,Issaquah,98029,0,2012,2,2.0,237.809187279152,2.0,0,0.0,0.9166666666666666,492.17391304347825,7.9483852851118995,8.159660737063376,3,train,New-Build Suburban Family
449990.0,4.0,2.5,2680,5539,2.0,0,0,3,2680,0,2013,,North Bend,98045,0,2013,1,1.0,167.90671641791045,1.0,0,0.0,0.625,412.3076923076923,7.893945138235959,8.61974977974133,3,train,New-Build Suburban Family
249000.0,2.0,1.5,1090,2686,2.0,0,0,3,1090,0,1982,,Kirkland,98034,0,1982,32,32.0,228.44036697247705,32.0,0,0.0,0.75,311.42857142857144,6.994849985833071,7.8961806086154915,1,train,Compact Entry-Level
380000.0,4.0,2.5,1984,32400,1.0,0,0,3,1564,420,1962,,Des Moines,98198,0,1962,52,52.0,191.53225806451613,52.0,1,0.21169354838709678,0.625,305.2307692307692,7.59337419312129,10.385944565501662,0,train,Established Family Home
760005.0,4.0,2.75,3090,5859,2.0,0,0,3,3090,0,2010,,Sammamish,98074,0,2010,4,4.0,245.95631067961165,4.0,0,0.0,0.6875,457.77777777777777,8.036249942132116,8.675904882571059,3,train,New-Build Suburban Family
674600.0,4.0,2.5,2610,5140,2.0,0,0,3,2610,0,2006,,Seattle,98103,0,2006,8,8.0,258.46743295019155,8.0,0,0.0,0.625,401.53846153846155,7.8674885686991285,8.545002892055505,3,train,New-Build Suburban Family
812000.0,4.0,3.5,3370,3634,2.0,0,0,3,2750,620,2007,,Issaquah,98029,0,2007,7,7.0,240.94955489614244,7.0,1,0.18397626112759644,0.875,449.3333333333333,8.12296471523406,8.19836438996762,3,train,New-Build Suburban Family
333490.0,4.0,2.5,2250,3916,2.0,0,0,3,2250,0,2014,,Auburn,98092,0,2014,0,0.0,148.21777777777777,0.0,0,0.0,0.625,346.15384615384613,7.719129840906732,8.27308133366583,3,train,New-Build Suburban Family
320000.0,3.0,3.25,1450,1387,2.0,0,0,3,1180,270,2013,,Seattle,98106,0,2013,1,1.0,220.68965517241375,1.0,1,0.18620689655172415,1.0833333333333333,232.0,7.280008252884188,7.23561914106675,3,train,New-Build Suburban Family
999000.0,4.0,2.5,3130,10849,2.0,0,0,3,3130,0,2013,,Kirkland,98033,0,2013,1,1.0,319.1693290734824,1.0,0,0.0,0.625,481.53846153846155,8.049107721326406,9.291920358968605,3,train,New-Build Suburban Family
810000.0,2.0,2.75,2700,8572,1.0,0,0,3,2700,0,2007,,Redmond,98053,0,2007,7,7.0,300.0,7.0,0,0.0,1.375,568.421052631579,7.901377353792616,9.056373008678756,3,train,New-Build Suburban Family
399950.0,5.0,2.75,1970,5400,1.0,0,0,3,1320,650,1986,,Seattle,98144,0,1986,28,28.0,203.0203045685279,28.0,1,0.3299492385786802,0.55,254.19354838709677,7.58629630715272,8.594339400592892,0,train,Established Family Home
550000.0,3.0,2.0,1970,4166,2.0,0,3,5,1270,700,1929,,Seattle,98126,0,1929,85,85.0,279.18781725888323,85.0,1,0.3553299492385787,0.6666666666666666,394.0,7.58629630715272,8.334951631422454,2,train,Premium View Property
290000.0,3.0,1.5,1950,15954,1.0,0,0,4,1950,0,1959,,Federal Way,98003,0,1959,55,55.0,148.71794871794873,55.0,0,0.0,0.5,433.3333333333333,7.576097340623111,9.677527538712344,1,train,Compact Entry-Level
232500.0,3.0,1.5,1940,9887,1.0,0,0,4,1140,800,1969,,Federal Way,98003,0,1969,45,45.0,119.84536082474229,45.0,1,0.41237113402061853,0.5,431.1111111111111,7.57095858316901,9.199077179697472,0,train,Established Family Home
1355000.0,4.0,3.5,3550,11000,1.0,0,2,3,2260,1290,1999,,Bellevue,98006,0,1999,15,15.0,381.6901408450704,15.0,1,0.36338028169014086,0.875,473.3333333333333,8.174984532943087,9.305741456739435,2,train,Premium View Property
565000.0,3.0,2.5,2500,7394,2.0,0,0,3,2500,0,1990,,Woodinville,98072,0,1990,24,24.0,226.0,24.0,0,0.0,0.8333333333333334,454.54545454545456,7.824445930877619,8.9085593751449,3,train,New-Build Suburban Family
749950.0,4.0,2.75,2910,18700,1.0,0,0,3,2210,700,1957,1995.0,Shoreline,98177,1,1995,57,19.0,257.7147766323024,19.0,1,0.24054982817869416,0.6875,431.1111111111111,7.976251943745623,9.83633227734872,0,test,Established Family Home
720500.0,4.0,2.5,3350,35298,2.0,0,0,4,3350,0,1985,,Redmond,98053,0,1985,29,29.0,215.07462686567163,29.0,0,0.0,0.625,515.3846153846154,8.11701408773731,10.471609913908228,3,test,New-Build Suburban Family
507000.0,3.0,1.75,2140,40098,1.0,0,0,5,1490,650,1950,,Renton,98058,0,1950,64,64.0,236.9158878504673,64.0,1,0.3037383177570093,0.5833333333333334,450.5263157894737,7.669028288589683,10.599106675327851,0,train,Established Family Home
989000.0,5.0,4.5,4030,13474,2.0,0,0,3,4030,0,2000,,Sammamish,98075,0,2000,14,14.0,245.40942928039703,14.0,0,0.0,0.9,424.2105263157895,8.301769763117166,9.508591395777199,3,test,New-Build Suburban Family
463000.0,4.0,2.5,1980,6660,2.0,0,0,4,1980,0,1974,,Kirkland,98034,0,1974,40,40.0,233.83838383838383,40.0,0,0.0,0.625,304.61538461538464,7.591357046698551,8.804024902413179,3,train,New-Build Suburban Family
310000.0,3.0,1.5,1460,9908,1.0,0,0,3,1460,0,1952,,Des Moines,98148,0,1952,62,62.0,212.3287671232877,62.0,0,0.0,0.5,324.44444444444446,7.2868764117507,9.201198714058899,1,train,Compact Entry-Level
284000.0,4.0,1.75,1880,8800,1.0,0,0,3,1130,750,1960,,Seattle,98168,0,1960,54,54.0,151.06382978723406,54.0,1,0.39893617021276595,0.4375,326.95652173913044,7.53955882930103,9.082620630373812,0,train,Established Family Home
737500.0,3.0,1.75,2320,10900,2.0,0,0,3,2320,0,1935,1974.0,Seattle,98115,1,1974,79,40.0,317.88793103448273,40.0,0,0.0,0.5833333333333334,488.42105263157896,7.749753406274437,9.296609807128359,1,train,Compact Entry-Level
569000.0,3.0,3.25,2220,8227,1.5,0,0,5,1770,450,1929,,Seattle,98108,0,1929,85,85.0,256.3063063063063,85.0,1,0.20270270270270271,1.0833333333333333,355.2,7.7057128238944275,9.015298250772847,0,train,Established Family Home
700000.0,3.0,1.0,1410,7200,2.0,0,0,4,1410,0,1901,,Seattle,98144,0,1901,113,113.0,496.4539007092199,113.0,0,0.0,0.3333333333333333,352.5,7.252053951852814,8.881975184248867,1,train,Compact Entry-Level
660000.0,3.0,1.0,1240,3500,1.0,0,0,4,1240,0,1927,,Seattle,98103,0,1927,87,87.0,532.258064516129,87.0,0,0.0,0.3333333333333333,310.0,7.123672785204607,8.160803920954665,1,test,Compact Entry-Level
275000.0,4.0,2.0,2030,8426,2.0,0,0,3,2030,0,1944,,Tukwila,98168,0,1944,70,70.0,135.4679802955665,70.0,0,0.0,0.5,338.3333333333333,7.616283561580385,9.039196115772354,3,train,New-Build Suburban Family
570000.0,6.0,3.75,4000,6015,2.0,0,2,3,3080,920,2004,,Renton,98058,0,2004,10,10.0,142.5,10.0,1,0.23,0.625,410.2564102564103,8.294299608857235,8.702177865629675,2,train,Premium View Property
150000.0,3.0,0.75,490,38500,1.5,0,0,4,490,0,1959,,Skykomish,98288,0,1959,55,55.0,306.1224489795918,55.0,0,0.0,0.25,130.66666666666666,6.19644412779452,10.55843949396453,1,train,Compact Entry-Level
356000.0,3.0,2.5,1590,3411,2.0,0,0,3,1590,0,2000,,Snoqualmie,98065,0,2000,14,14.0,223.8993710691824,14.0,0,0.0,0.8333333333333334,289.09090909090907,7.372118028337787,8.13505390861157,3,train,New-Build Suburban Family
610000.0,3.0,2.5,2630,5827,2.0,0,0,3,2630,0,2001,,Redmond,98053,0,2001,13,13.0,231.93916349809885,13.0,0,0.0,0.8333333333333334,478.1818181818182,7.875119281040293,8.670429167315095,3,train,New-Build Suburban Family
498800.0,2.0,1.75,1350,4614,1.0,0,0,3,1350,0,2008,,Redmond,98053,0,2008,6,6.0,369.4814814814815,6.0,0,0.0,0.875,360.0,7.208600337960199,8.437067146936952,1,test,Compact Entry-Level
226550.0,3.0,1.0,990,4440,1.0,0,0,3,990,0,1943,,Seattle,98106,0,1943,71,71.0,228.83838383838383,71.0,0,0.0,0.3333333333333333,247.5,6.898714534329988,8.398634855292102,1,train,Compact Entry-Level
692500.0,4.0,2.75,3710,7984,2.0,0,0,3,3710,0,1999,,Snoqualmie,98065,0,1999,15,15.0,186.6576819407008,15.0,0,0.0,0.6875,549.6296296296297,8.219056661060598,8.985320060649112,3,train,New-Build Suburban Family
250000.0,3.0,1.0,990,8062,1.0,0,0,4,990,0,1960,,Des Moines,98198,0,1960,54,54.0,252.5252525252525,54.0,0,0.0,0.3333333333333333,247.5,6.898714534329988,8.995040974685022,1,train,Compact Entry-Level
660000.0,4.0,2.5,2510,4543,2.0,0,0,3,2510,0,2002,,Sammamish,98075,0,2002,12,12.0,262.9482071713147,12.0,0,0.0,0.625,386.15384615384613,7.828436359157585,8.421562960400987,3,train,New-Build Suburban Family
295000.0,2.0,1.0,800,6500,1.0,0,0,4,800,0,1953,,Shoreline,98133,0,1953,61,61.0,368.75,61.0,0,0.0,0.5,266.6666666666667,6.68586094706836,8.77971129020447,1,train,Compact Entry-Level
154950.0,4.0,1.0,1600,10183,1.0,0,0,4,1600,0,1966,,Auburn,98002,0,1966,48,48.0,96.84375,48.0,0,0.0,0.25,320.0,7.3783837129967145,9.228573140237243,1,train,Compact Entry-Level
409124.0,5.0,3.25,3320,11340,2.0,0,0,4,2480,840,1999,,Kent,98042,0,1999,15,15.0,123.23012048192771,15.0,1,0.25301204819277107,0.65,402.42424242424244,8.108021221376747,9.33617975681533,3,train,New-Build Suburban Family
287000.0,5.0,1.5,1730,9230,1.0,0,0,3,1010,720,1962,,Renton,98058,0,1962,52,52.0,165.89595375722544,52.0,1,0.4161849710982659,0.3,266.15384615384613,7.456454555176209,9.130322663990151,0,train,Established Family Home
810000.0,4.0,1.75,2000,3988,1.0,0,4,4,1000,1000,1958,,Seattle,98116,0,1958,56,56.0,405.0,56.0,1,0.5,0.4375,347.82608695652175,7.601402334583733,8.291295851905407,2,train,Premium View Property
525000.0,4.0,2.75,2910,6308,1.0,0,0,3,1640,1270,1985,,Bothell,98011,0,1985,29,29.0,180.41237113402065,29.0,1,0.436426116838488,0.6875,431.1111111111111,7.976251943745623,8.74973246437081,0,test,Established Family Home
525000.0,4.0,1.75,1710,10440,1.0,0,0,4,1710,0,1955,,Bellevue,98006,0,1955,59,59.0,307.0175438596491,59.0,0,0.0,0.4375,297.39130434782606,7.444833273892193,9.25349564229011,1,test,Compact Entry-Level
275000.0,3.0,1.0,1200,7800,1.0,0,0,4,1200,0,1954,,Seattle,98126,0,1954,60,60.0,229.16666666666663,60.0,0,0.0,0.3333333333333333,300.0,7.0909098220799835,8.962007209588313,1,train,Compact Entry-Level
583000.0,3.0,2.5,2600,5100,2.0,0,1,3,2600,0,1998,,Renton,98056,0,1998,16,16.0,224.23076923076923,16.0,0,0.0,0.8333333333333334,472.72727272727275,7.8636512654486515,8.537191877922927,3,test,New-Build Suburban Family
237950.0,2.0,1.75,1460,7926,1.0,0,0,4,1460,0,1987,,Covington,98042,0,1987,27,27.0,162.9794520547945,27.0,0,0.0,0.875,389.3333333333333,7.2868764117507,8.978029932837156,1,test,Compact Entry-Level
1065000.0,4.0,3.75,4260,9800,2.0,0,0,3,4260,0,2008,,Kirkland,98033,0,2008,6,6.0,250.0,6.0,0,0.0,0.9375,549.6774193548387,8.357259153499912,9.19023970026918,3,train,New-Build Suburban Family
679000.0,4.0,2.75,2100,4480,1.5,0,0,4,1780,320,1928,,Seattle,98105,0,1928,86,86.0,323.3333333333333,86.0,1,0.1523809523809524,0.6875,311.1111111111111,7.650168700845001,8.407601514786142,0,train,Established Family Home
1465000.0,6.0,4.5,4230,6420,2.0,0,3,4,2360,1870,1916,,Seattle,98119,0,1916,98,98.0,346.3356973995272,98.0,1,0.44208037825059104,0.75,402.85714285714283,8.350193650720067,8.76732914779405,2,train,Premium View Property
410000.0,3.0,1.75,1660,6250,1.0,0,0,3,830,830,1980,,Seattle,98116,0,1980,34,34.0,246.9879518072289,34.0,1,0.5,0.5833333333333334,349.4736842105263,7.415175109613295,8.740496729931813,0,train,Established Family Home
306000.0,3.0,1.0,1450,7200,1.0,0,0,3,1010,440,1969,,Kirkland,98034,0,1969,45,45.0,211.0344827586207,45.0,1,0.30344827586206896,0.3333333333333333,362.5,7.280008252884188,8.881975184248867,1,train,Compact Entry-Level
215000.0,4.0,1.5,1860,5040,1.5,0,0,5,1860,0,1920,,Enumclaw,98022,0,1920,94,94.0,115.59139784946235,94.0,0,0.0,0.375,338.1818181818182,7.528869256642251,8.525359754082631,1,train,Compact Entry-Level
594950.0,4.0,2.5,2720,10006,2.0,0,0,3,2720,0,1989,,Sammamish,98074,0,1989,25,25.0,218.7316176470588,25.0,0,0.0,0.625,418.46153846153845,7.908754738783246,9.211040127090456,3,train,New-Build Suburban Family
1250000.0,4.0,2.5,2920,5500,1.0,0,3,3,2030,890,1957,,Seattle,98199,0,1957,57,57.0,428.0821917808219,57.0,1,0.3047945205479452,0.625,449.2307692307692,7.979681302387741,8.612685172875459,2,train,Premium View Property
305000.0,3.0,1.5,1800,12196,1.0,0,0,4,1800,0,1966,,Federal Way,98023,0,1966,48,48.0,169.44444444444446,48.0,0,0.0,0.5,400.0,7.496097345175956,9.40894529884324,1,train,Compact Entry-Level
425000.0,2.0,1.0,1320,8830,1.0,0,0,3,1020,300,1939,,Seattle,98199,0,1939,75,75.0,321.969696969697,75.0,1,0.22727272727272727,0.5,440.0,7.186144304522325,9.086023537468803,1,train,Compact Entry-Level
215000.0,3.0,1.75,1770,29004,1.0,0,0,3,1770,0,1959,,Federal Way,98023,0,1959,55,55.0,121.46892655367232,55.0,0,0.0,0.5833333333333334,372.63157894736844,7.479299637782834,10.275223507900165,1,train,Compact Entry-Level
480000.0,5.0,2.75,2550,7725,1.0,0,0,5,1390,1160,1967,,Newcastle,98056,0,1967,47,47.0,188.23529411764707,47.0,1,0.4549019607843137,0.55,329.03225806451616,7.844240718141811,8.952346543226227,0,test,Established Family Home
550000.0,4.0,1.75,2150,9000,1.0,0,0,4,1110,1040,1966,,Redmond,98052,0,1966,48,48.0,255.8139534883721,48.0,1,0.48372093023255813,0.4375,373.9130434782609,7.67368812926773,9.105090961257085,0,train,Established Family Home
750000.0,4.0,2.5,3020,7465,2.0,0,0,3,3020,0,2004,,Sammamish,98075,0,2004,10,10.0,248.34437086092717,10.0,0,0.0,0.625,464.61538461538464,8.013343181386672,8.91811465947453,3,train,New-Build Suburban Family
137124.0,3.0,1.0,960,27442,1.0,0,0,4,960,0,1970,,Renton,98058,0,1970,44,44.0,142.8375,44.0,0,0.0,0.3333333333333333,240.0,6.8679744089702925,10.219866405309856,1,train,Compact Entry-Level
840000.0,3.0,2.0,2783,11177,2.0,0,0,3,2783,0,1910,1999.0,Seattle,98126,1,1999,104,15.0,301.8325547969817,15.0,0,0.0,0.6666666666666666,556.6,7.931644021454311,9.321702839829644,1,train,Compact Entry-Level
624800.0,3.0,2.0,2250,14274,1.0,0,0,4,1500,750,1964,,Mercer Island,98040,0,1964,50,50.0,277.68888888888887,50.0,1,0.3333333333333333,0.6666666666666666,450.0,7.719129840906732,9.56626503452421,0,train,Established Family Home
630000.0,3.0,1.75,1710,8767,1.0,0,0,4,1710,0,1986,,Kirkland,98033,0,1986,28,28.0,368.42105263157896,28.0,0,0.0,0.5833333333333334,360.0,7.444833273892193,9.078864009187797,1,train,Compact Entry-Level
590000.0,3.0,2.5,2650,9380,1.0,0,0,5,1680,970,1975,,Lake Forest Park,98155,0,1975,39,39.0,222.64150943396223,39.0,1,0.3660377358490566,0.8333333333333334,481.8181818181818,7.8826922062890254,9.14644164612595,0,train,Established Family Home
599950.0,3.0,3.25,1830,1804,3.0,0,0,3,1830,0,2014,,Seattle,98117,0,2014,0,0.0,327.8415300546448,0.0,0,0.0,1.0833333333333333,292.8,7.5126175446745105,7.498315870766981,3,train,New-Build Suburban Family
299880.0,3.0,2.5,1460,3044,2.0,0,0,3,1460,0,2000,,Seattle,98108,0,2000,14,14.0,205.3972602739726,14.0,0,0.0,0.8333333333333334,265.45454545454544,7.2868764117507,8.021256180143997,3,train,New-Build Suburban Family
400000.0,3.0,2.0,1760,6875,1.0,0,0,4,1760,0,1967,,Woodinville,98072,0,1967,47,47.0,227.27272727272728,47.0,0,0.0,0.6666666666666666,352.0,7.473637108496206,8.83579236650274,1,test,Compact Entry-Level
560000.0,3.0,2.5,1960,6058,2.0,0,0,3,1960,0,2002,,Sammamish,98074,0,2002,12,12.0,285.7142857142857,12.0,0,0.0,0.8333333333333334,356.3636363636364,7.581209826196346,8.70930004894499,3,test,New-Build Suburban Family
229000.0,4.0,2.25,2010,7688,1.0,0,0,3,1170,840,1979,,Federal Way,98023,0,1979,35,35.0,113.93034825870647,35.0,1,0.417910447761194,0.5625,321.6,7.606387389772652,8.94754601503218,0,train,Established Family Home
525000.0,4.0,2.5,3670,9958,2.0,0,0,3,3670,0,2005,,Renton,98058,0,2005,9,9.0,143.05177111716625,9.0,0,0.0,0.625,564.6153846153846,8.208219383496834,9.20623194393164,3,train,New-Build Suburban Family
737000.0,2.0,2.25,2290,9772,1.0,0,0,3,2290,0,2007,,Redmond,98053,0,2007,7,7.0,321.8340611353712,7.0,0,0.0,1.125,538.8235294117648,7.736743682453495,9.187378760338836,3,train,New-Build Suburban Family
680000.0,3.0,2.0,1780,5720,1.0,0,0,5,980,800,1925,,Seattle,98103,0,1925,89,89.0,382.0224719101124,89.0,1,0.449438202247191,0.6666666666666666,356.0,7.484930283289661,8.651898894268529,0,train,Established Family Home
635000.0,4.0,2.5,3080,35430,2.0,0,0,3,3080,0,1997,,Redmond,98053,0,1997,17,17.0,206.1688311688312,17.0,0,0.0,0.625,473.84615384615387,8.033009498596668,10.47534242212957,3,train,New-Build Suburban Family
740000.0,4.0,2.5,3360,15091,2.0,0,0,3,3360,0,1997,,Redmond,98052,0,1997,17,17.0,220.23809523809524,17.0,0,0.0,0.625,516.9230769230769,8.119993827725105,9.621920081084202,3,train,New-Build Suburban Family
335500.0,3.0,1.0,1370,6780,2.0,0,0,3,1370,0,1930,,Seattle,98125,0,1930,84,84.0,244.8905109489051,84.0,0,0.0,0.3333333333333333,342.5,7.223295679562314,8.821879862683842,1,train,Compact Entry-Level
270000.0,4.0,2.5,1660,8063,1.0,0,0,4,1660,0,1978,,Des Moines,98198,0,1978,36,36.0,162.65060240963857,36.0,0,0.0,0.625,255.3846153846154,7.415175109613295,8.99516499031115,0,train,Established Family Home
1037000.0,4.0,3.5,4440,10660,2.0,0,0,3,4440,0,2003,,Newcastle,98059,0,2003,11,11.0,233.55855855855856,11.0,0,0.0,0.875,592.0,8.398634855292102,9.274347501950475,3,train,New-Build Suburban Family
450000.0,5.0,2.5,2850,209523,1.0,0,0,4,1930,920,1925,1968.0,Renton,98058,1,1968,89,46.0,157.89473684210526,46.0,1,0.32280701754385965,0.5,380.0,7.955425088912672,12.252593570255563,0,train,Established Family Home
379000.0,3.0,2.5,1530,2913,2.0,0,0,4,1530,0,1986,,Kirkland,98033,0,1986,28,28.0,247.7124183006536,28.0,0,0.0,0.8333333333333334,278.1818181818182,7.333676395657684,7.97728198675515,3,train,New-Build Suburban Family
468000.0,4.0,2.5,2100,8400,1.0,0,0,4,1240,860,1976,,Woodinville,98072,0,1976,38,38.0,222.8571428571429,38.0,1,0.4095238095238095,0.625,323.0769230769231,7.650168700845001,9.036106025364846,0,train,Established Family Home
321500.0,1.0,1.0,730,1942,1.0,0,0,3,730,0,2008,,Seattle,98144,0,2008,6,6.0,440.4109589041096,6.0,0,0.0,1.0,365.0,6.594413459749778,7.57198844937744,1,train,Compact Entry-Level
443000.0,3.0,2.25,1920,8223,2.0,0,0,4,1920,0,1989,,Bothell,98011,0,1989,25,25.0,230.72916666666663,25.0,0,0.0,0.75,365.7142857142857,7.560601162768557,9.014811987694946,3,test,New-Build Suburban Family
340000.0,3.0,1.0,1600,7324,1.0,0,0,4,1600,0,1958,,Renton,98056,0,1958,56,56.0,212.5,56.0,0,0.0,0.3333333333333333,400.0,7.3783837129967145,8.899048433885268,1,train,Compact Entry-Level
470000.0,4.0,2.25,2380,17199,2.0,0,0,3,1530,850,1979,,Kenmore,98028,0,1979,35,35.0,197.47899159663865,35.0,1,0.35714285714285715,0.5625,380.8,7.7752758464868625,9.752664662801545,3,test,New-Build Suburban Family
545000.0,3.0,2.5,2760,17377,2.0,0,0,3,2760,0,2002,,Renton,98056,0,2002,12,12.0,197.46376811594203,12.0,0,0.0,0.8333333333333334,501.8181818181818,7.923348211930154,9.762960317399152,3,train,New-Build Suburban Family
415000.0,4.0,1.5,1840,11367,1.5,0,0,4,1840,0,1950,,Shoreline,98177,0,1950,64,64.0,225.5434782608696,64.0,0,0.0,0.375,334.54545454545456,7.518064181233078,9.338557669776936,1,train,Compact Entry-Level
599000.0,7.0,2.5,2580,5750,1.0,0,0,4,1880,700,1901,,Seattle,98122,0,1901,113,113.0,232.1705426356589,113.0,1,0.2713178294573643,0.35714285714285715,271.57894736842104,7.855932199718614,8.657129031713755,0,train,Established Family Home
759000.0,4.0,1.75,2100,4750,1.0,0,0,3,1340,760,1975,,Seattle,98103,0,1975,39,39.0,361.4285714285714,39.0,1,0.3619047619047619,0.4375,365.2173913043478,7.650168700845001,8.46611040118692,0,train,Established Family Home
300000.0,4.0,1.75,1820,5015,1.0,0,0,4,1190,630,1926,,Seattle,98108,0,1926,88,88.0,164.83516483516485,88.0,1,0.34615384615384615,0.4375,316.5217391304348,7.507141079727608,8.520388082312756,0,test,Established Family Home
1681000.0,5.0,5.25,4830,18707,2.0,0,1,5,3930,900,1952,1998.0,Mercer Island,98040,1,1998,62,16.0,348.03312629399585,16.0,1,0.18633540372670807,1.05,471.219512195122,8.482808764554406,9.836706518845777,2,train,Premium View Property
359000.0,3.0,1.5,1550,4980,1.0,0,0,3,1080,470,1978,,Seattle,98133,0,1978,36,36.0,231.6129032258065,36.0,1,0.3032258064516129,0.5,344.44444444444446,7.346655163176539,8.513385953073284,0,train,Established Family Home
550000.0,4.0,1.0,1440,3600,1.5,0,0,4,1440,0,1924,,Seattle,98116,0,1924,90,90.0,381.94444444444446,90.0,0,0.0,0.25,288.0,7.273092595999522,8.188966863648876,1,train,Compact Entry-Level
395000.0,2.0,1.0,930,6380,1.0,0,0,4,930,0,1940,,Seattle,98115,0,1940,74,74.0,424.7311827956989,74.0,0,0.0,0.5,310.0,6.836259277277067,8.761080103868347,1,test,Compact Entry-Level
486000.0,4.0,2.5,3560,12047,2.0,0,0,3,3560,0,1988,,Federal Way,98023,0,1988,26,26.0,136.51685393258427,26.0,0,0.0,0.625,547.6923076923077,8.177796683277778,9.396653950039674,3,train,New-Build Suburban Family
187000.0,2.0,1.0,840,11600,1.0,0,0,3,840,0,1952,,Burien,98168,0,1952,62,62.0,222.6190476190476,62.0,0,0.0,0.5,280.0,6.734591659972948,9.358846580275406,1,train,Compact Entry-Level
734950.0,4.0,3.25,4280,47179,2.0,0,0,3,3050,1230,2002,,Auburn,98092,0,2002,12,12.0,171.71728971962617,12.0,1,0.28738317757009346,0.8125,590.3448275862069,8.361941906144946,10.761725352961665,3,train,New-Build Suburban Family
284000.0,3.0,1.5,1500,10018,1.0,0,0,4,1500,0,1957,,Renton,98058,0,1957,57,57.0,189.33333333333331,57.0,0,0.0,0.5,333.3333333333333,7.313886831633462,9.212238569259263,1,train,Compact Entry-Level
696000.0,4.0,3.5,3650,38546,2.0,0,0,3,2550,1100,1996,,North Bend,98045,0,1996,18,18.0,190.68493150684927,18.0,1,0.3013698630136986,0.875,486.6666666666667,8.202756381655638,10.55963355495159,3,train,New-Build Suburban Family
380000.0,2.0,1.0,780,3910,1.0,0,0,3,780,0,1918,,Seattle,98126,0,1918,96,96.0,487.1794871794872,96.0,0,0.0,0.5,260.0,6.660575149839686,8.271548374755515,1,train,Compact Entry-Level
625000.0,4.0,1.0,1600,5500,1.5,0,0,4,1600,0,1946,,Seattle,98117,0,1946,68,68.0,390.625,68.0,0,0.0,0.25,320.0,7.3783837129967145,8.612685172875459,1,train,Compact Entry-Level
252000.0,4.0,1.75,1120,8250,1.0,0,0,4,1120,0,1966,,Renton,98058,0,1966,48,48.0,225.0,48.0,0,0.0,0.4375,194.7826086956522,7.02197642307216,9.018089684104343,1,train,Compact Entry-Level
560000.0,2.0,1.0,1010,9219,1.0,0,0,4,1010,0,1960,,Kirkland,98033,0,1960,54,54.0,554.4554455445544,54.0,0,0.0,0.5,336.6666666666667,6.918695219020472,9.12913031655064,1,train,Compact Entry-Level
395000.0,4.0,2.75,1970,37026,1.0,0,0,4,1970,0,1961,,Vashon,98070,0,1961,53,53.0,200.507614213198,53.0,0,0.0,0.6875,291.85185185185185,7.58629630715272,10.51940265523281,0,train,Established Family Home
900000.0,4.0,2.5,2230,4372,2.0,0,0,5,1540,690,1935,,Seattle,98103,0,1935,79,79.0,403.58744394618833,79.0,1,0.3094170403587444,0.625,343.0769230769231,7.7102051944325325,8.38320455141292,0,train,Established Family Home
2680000.0,5.0,3.0,4290,20445,2.0,0,0,4,4290,0,1985,,Medina,98039,0,1985,29,29.0,624.7086247086247,29.0,0,0.0,0.6,536.25,8.364275084991524,9.92554254331696,3,train,New-Build Suburban Family
625000.0,3.0,1.75,3160,76230,1.0,0,0,4,2160,1000,1978,,Auburn,98001,0,1978,36,36.0,197.78481012658227,36.0,1,0.31645569620253167,0.5833333333333334,665.2631578947369,8.058643712215618,11.241523483091212,0,train,Established Family Home
580000.0,3.0,1.75,1850,5100,1.0,0,0,3,1020,830,1909,,Seattle,98105,0,1909,105,105.0,313.5135135135135,105.0,1,0.4486486486486487,0.5833333333333334,389.4736842105263,7.523481312573497,8.537191877922927,0,train,Established Family Home
309000.0,3.0,2.25,1980,8755,1.0,0,0,4,1300,680,1963,,Des Moines,98198,0,1963,51,51.0,156.06060606060606,51.0,1,0.3434343434343434,0.75,377.14285714285717,7.591357046698551,9.077494458642754,0,train,Established Family Home
412000.0,4.0,3.5,3360,9767,2.0,0,0,3,2450,910,1990,,Federal Way,98023,0,1990,24,24.0,122.61904761904762,24.0,1,0.2708333333333333,0.875,448.0,8.119993827725105,9.18686701579054,3,train,New-Build Suburban Family
495000.0,3.0,2.0,2660,192099,1.0,0,0,4,2660,0,1964,,Enumclaw,98022,0,1964,50,50.0,186.09022556390977,50.0,0,0.0,0.6666666666666666,532.0,7.886457270977689,12.165771348756648,0,test,Established Family Home
215000.0,3.0,1.0,1200,7280,1.0,0,0,4,1200,0,1967,,Kent,98032,0,1967,47,47.0,179.16666666666666,47.0,0,0.0,0.3333333333333333,300.0,7.0909098220799835,8.893023494394711,1,train,Compact Entry-Level
741500.0,2.0,2.5,2150,5760,1.0,0,0,3,2150,0,2010,,Redmond,98053,0,2010,4,4.0,344.8837209302326,4.0,0,0.0,1.25,477.77777777777777,7.67368812926773,8.658866349732383,3,test,New-Build Suburban Family
749000.0,3.0,2.75,2820,5348,2.0,0,0,3,2820,0,2008,,Redmond,98052,0,2008,6,6.0,265.60283687943263,6.0,0,0.0,0.9166666666666666,490.4347826086956,7.944846711001996,8.58466490653125,3,test,New-Build Suburban Family
659950.0,4.0,2.75,3510,9400,2.0,0,0,3,3510,0,2014,,Renton,98059,0,2014,0,0.0,188.019943019943,0.0,0,0.0,0.6875,520.0,8.163656176168432,9.148571345578551,3,test,New-Build Suburban Family
530000.0,3.0,2.5,1790,3078,2.0,0,0,3,1790,0,2010,,Issaquah,98027,0,2010,4,4.0,296.0893854748603,4.0,0,0.0,0.8333333333333334,325.45454545454544,7.490529402060711,8.0323601479245,3,train,New-Build Suburban Family
749000.0,4.0,2.75,2700,6000,2.0,0,0,4,2100,600,1910,,Seattle,98116,0,1910,104,104.0,277.4074074074074,104.0,1,0.2222222222222222,0.6875,400.0,7.901377353792616,8.699681400989514,0,test,Established Family Home
2321000.0,5.0,4.75,5780,17004,2.0,0,0,3,4260,1520,2006,,Mercer Island,98040,0,2006,8,8.0,401.5570934256056,8.0,1,0.2629757785467128,0.95,592.8205128205128,8.662331957082475,9.741262697441297,3,train,New-Build Suburban Family
595000.0,4.0,3.25,3730,4560,2.0,0,0,3,2760,970,2013,,Seattle,98103,0,2013,1,1.0,159.51742627345843,1.0,1,0.26005361930294907,0.8125,514.4827586206897,8.224431573221159,8.4252971767117,3,train,New-Build Suburban Family
487000.0,4.0,2.5,2540,5001,2.0,0,0,3,2540,0,2005,,Seattle,98108,0,2005,9,9.0,191.73228346456693,9.0,0,0.0,0.625,390.7692307692308,7.840312983320164,8.517593111437565,3,test,New-Build Suburban Family
760000.0,4.0,2.25,3300,8365,3.0,0,0,3,3300,0,2014,,Seattle,98126,0,2014,0,0.0,230.3030303030303,0.0,0,0.0,0.5625,528.0,8.101980731853192,9.031931152002144,3,train,New-Build Suburban Family
1240000.0,5.0,3.5,5430,10327,2.0,0,2,3,4010,1420,2007,,Bellevue,98006,0,2007,7,7.0,228.3609576427256,7.0,1,0.26151012891344383,0.7,638.8235294117648,8.599878558034845,9.242613932526478,2,train,Premium View Property
435000.0,4.0,2.5,2550,5200,2.0,0,0,3,2550,0,2009,,Renton,98059,0,2009,5,5.0,170.58823529411765,5.0,0,0.0,0.625,392.3076923076923,7.844240718141811,8.556606193773073,3,test,New-Build Suburban Family
374950.0,3.0,2.25,1390,1484,3.0,0,0,3,1390,0,2007,,Seattle,98103,0,2007,7,7.0,269.7482014388489,7.0,0,0.0,0.75,264.76190476190476,7.237778191923443,7.3031700512368,3,train,New-Build Suburban Family
440000.0,3.0,1.5,1270,1413,3.0,0,0,3,1270,0,2007,,Seattle,98115,0,2007,7,7.0,346.45669291338584,7.0,0,0.0,0.5,282.22222222222223,7.147559271189454,7.254177846456518,3,train,New-Build Suburban Family
360000.0,4.0,2.5,2380,5000,2.0,0,0,3,2380,0,2005,,Maple Valley,98038,0,2005,9,9.0,151.26050420168067,9.0,0,0.0,0.625,366.15384615384613,7.7752758464868625,8.517393171418904,3,test,New-Build Suburban Family
879000.0,4.0,2.5,3360,22111,2.0,0,0,3,3360,0,1994,,Sammamish,98075,0,1994,20,20.0,261.60714285714283,20.0,0,0.0,0.625,516.9230769230769,8.119993827725105,10.003875726567397,3,train,New-Build Suburban Family
1550000.0,5.0,4.25,6070,171626,2.0,0,0,3,6070,0,1999,,Fall City,98024,0,1999,15,15.0,255.35420098846788,15.0,0,0.0,0.85,656.2162162162163,8.711278615130434,12.053078796316283,3,train,New-Build Suburban Family
505000.0,2.0,1.0,1240,57000,1.0,0,0,3,1240,0,1962,,Sammamish,98075,0,1962,52,52.0,407.258064516129,52.0,0,0.0,0.5,413.3333333333333,7.123672785204607,10.950824090522445,1,test,Compact Entry-Level
545000.0,2.0,2.0,2930,14057,1.0,0,2,4,1680,1250,1980,,Vashon,98070,0,1980,34,34.0,186.00682593856652,34.0,1,0.42662116040955633,1.0,732.5,7.983098940710892,9.55094690773585,2,train,Premium View Property
600000.0,2.0,2.5,2410,102366,1.0,0,0,4,1940,470,1912,1989.0,Fall City,98024,1,1989,102,25.0,248.96265560165972,25.0,1,0.1950207468879668,1.25,535.5555555555555,7.787796878181171,11.536319674023819,0,train,Established Family Home
775000.0,6.0,2.75,2980,5000,1.5,0,0,3,2480,500,1916,,Seattle,98103,0,1916,98,98.0,260.06711409395973,98.0,1,0.16778523489932887,0.4583333333333333,340.57142857142856,8.000014093678072,8.517393171418904,0,train,Established Family Home
725000.0,2.0,1.75,1950,2719,1.0,0,0,5,1010,940,1919,,Seattle,98103,0,1919,95,95.0,371.79487179487177,95.0,1,0.48205128205128206,0.875,520.0,7.576097340623111,7.908387159290043,0,train,Established Family Home
610000.0,4.0,2.75,2600,36583,1.0,0,0,5,1580,1020,1976,,Sammamish,98075,0,1976,38,38.0,234.6153846153846,38.0,1,0.3923076923076923,0.6875,385.18518518518516,7.8636512654486515,10.507366265337891,0,train,Established Family Home
350000.0,4.0,1.0,1170,8147,1.5,0,0,3,1170,0,1959,,Seattle,98125,0,1959,55,55.0,299.14529914529913,55.0,0,0.0,0.25,234.0,7.065613363597717,9.005527777346696,1,test,Compact Entry-Level
410000.0,3.0,1.0,1470,6500,1.0,0,0,4,1470,0,1953,,Burien,98166,0,1953,61,61.0,278.9115646258504,61.0,0,0.0,0.3333333333333333,367.5,7.293697720601438,8.77971129020447,1,train,Compact Entry-Level
639000.0,4.0,2.0,1840,5419,1.0,0,0,4,920,920,1942,,Seattle,98199,0,1942,72,72.0,347.2826086956522,72.0,1,0.5,0.5,306.6666666666667,7.518064181233078,8.597851094433691,0,train,Established Family Home
439000.0,4.0,2.0,1560,7500,1.0,0,0,4,1560,0,1968,,Kirkland,98034,0,1968,46,46.0,281.4102564102564,46.0,0,0.0,0.5,260.0,7.353081920515432,8.922791623969637,1,train,Compact Entry-Level
499950.0,4.0,1.75,1520,7700,1.0,0,0,4,1520,0,1967,,Kirkland,98034,0,1967,47,47.0,328.9144736842105,47.0,0,0.0,0.4375,264.3478260869565,7.327123292259293,8.94910546953925,1,train,Compact Entry-Level
800000.0,3.0,2.75,2220,4000,2.0,0,0,3,1700,520,1914,2000.0,Seattle,98122,1,2000,100,14.0,360.3603603603604,14.0,1,0.23423423423423423,0.9166666666666666,386.0869565217391,7.7057128238944275,8.294299608857235,0,train,Established Family Home
350000.0,4.0,2.5,2800,9538,2.0,0,0,3,2800,0,1993,,Federal Way,98003,0,1993,21,21.0,125.0,21.0,0,0.0,0.625,430.7692307692308,7.937731775260109,9.163143937145207,3,train,New-Build Suburban Family
279000.0,2.0,1.0,670,6300,1.0,0,0,5,670,0,1942,,Seattle,98126,0,1942,72,72.0,416.4179104477612,72.0,0,0.0,0.5,223.33333333333334,6.508769136971682,8.748463629942055,1,train,Compact Entry-Level
290256.0,3.0,2.25,1720,7885,2.0,0,0,3,1720,0,1983,,Federal Way,98023,0,1983,31,31.0,168.75348837209302,31.0,0,0.0,0.75,327.6190476190476,7.450660796211539,8.972844314437573,3,train,New-Build Suburban Family
355000.0,3.0,2.5,2110,4038,2.0,0,0,4,2110,0,1989,,Kent,98042,0,1989,25,25.0,168.24644549763033,25.0,0,0.0,0.8333333333333334,383.6363636363636,7.65491704784832,8.303752415563412,3,train,New-Build Suburban Family
263000.0,3.0,1.75,1580,9187,1.0,0,0,3,1180,400,1993,,Maple Valley,98038,0,1993,21,21.0,166.45569620253164,21.0,1,0.25316455696202533,0.5833333333333334,332.63157894736844,7.365812837209472,9.125653563808989,0,train,Established Family Home
880000.0,6.0,2.5,2640,3680,2.0,0,0,5,1760,880,1922,,Seattle,98126,0,1922,92,92.0,333.3333333333333,92.0,1,0.3333333333333333,0.4166666666666667,310.5882352941176,7.878912912297133,8.210939733379021,0,test,Established Family Home
426500.0,4.0,2.5,2700,6515,2.0,0,0,3,2700,0,1998,,Renton,98058,0,1998,16,16.0,157.96296296296296,16.0,0,0.0,0.625,415.38461538461536,7.901377353792616,8.782015969721936,3,train,New-Build Suburban Family
735000.0,3.0,2.5,2820,8159,2.0,0,0,3,2820,0,2004,,Issaquah,98029,0,2004,10,10.0,260.63829787234044,10.0,0,0.0,0.8333333333333334,512.7272727272727,7.944846711001996,9.006999447958153,3,train,New-Build Suburban Family
720000.0,4.0,2.5,3340,8930,2.0,0,2,3,3340,0,1999,,Snoqualmie,98065,0,1999,15,15.0,215.5688622754491,15.0,0,0.0,0.625,513.8461538461538,8.114025442356757,9.097283649683886,2,train,Premium View Property
265000.0,3.0,2.5,1530,6000,2.0,0,0,4,1530,0,1991,,Maple Valley,98038,0,1991,23,23.0,173.20261437908496,23.0,0,0.0,0.8333333333333334,278.1818181818182,7.333676395657684,8.699681400989514,3,train,New-Build Suburban Family
840000.0,4.0,3.5,3840,85728,2.0,0,0,3,3840,0,1998,,Carnation,98014,0,1998,16,16.0,218.75,16.0,0,0.0,0.875,512.0,8.253488028345904,11.3589464370766,3,train,New-Build Suburban Family
657500.0,3.0,2.0,2320,10960,1.0,0,0,3,1510,810,1956,,Bellevue,98005,0,1956,58,58.0,283.4051724137931,58.0,1,0.34913793103448276,0.6666666666666666,464.0,7.749753406274437,9.302098797215724,0,test,Established Family Home
850000.0,5.0,2.0,2310,13430,1.5,0,0,4,2310,0,1966,,Bellevue,98004,0,1966,48,48.0,367.965367965368,48.0,0,0.0,0.4,330.0,7.745435610274381,9.505320746909074,0,train,Established Family Home
436110.0,3.0,2.5,1770,1235,3.0,0,0,3,1600,170,2007,,Seattle,98103,0,2007,7,7.0,246.38983050847455,7.0,1,0.096045197740113,0.8333333333333334,321.8181818181818,7.479299637782834,7.119635638017636,3,train,New-Build Suburban Family
589900.0,2.0,3.0,3160,66646,2.0,0,0,3,3160,0,1993,,Woodinville,98077,0,1993,21,21.0,186.6772151898734,21.0,0,0.0,1.5,632.0,8.058643712215618,11.107165313341005,3,train,New-Build Suburban Family
620000.0,3.0,1.5,1620,6630,1.0,0,0,3,1280,340,1954,,Seattle,98117,0,1954,60,60.0,382.7160493827161,60.0,1,0.20987654320987653,0.5,360.0,7.390798521735676,8.799510901368867,0,test,Established Family Home
254000.0,4.0,2.0,1510,4235,1.0,0,0,3,1510,0,1955,,Seattle,98108,0,1955,59,59.0,168.21192052980132,59.0,0,0.0,0.5,251.66666666666666,7.32052696227274,8.351374706721296,1,train,Compact Entry-Level
375000.0,3.0,1.75,960,8106,1.0,0,0,3,960,0,1962,,Redmond,98052,0,1962,52,52.0,390.625,52.0,0,0.0,0.5833333333333334,202.10526315789474,6.8679744089702925,9.000483164987708,1,train,Compact Entry-Level
455000.0,4.0,2.25,1740,8449,1.0,0,0,4,1170,570,1958,,Bellevue,98008,0,1958,56,56.0,261.4942528735632,56.0,1,0.3275862068965517,0.5625,278.4,7.462214939768189,9.041921720351219,0,train,Established Family Home
445000.0,4.0,2.0,1470,8395,1.0,0,0,4,1470,0,1965,,Bellevue,98008,0,1965,49,49.0,302.72108843537416,49.0,0,0.0,0.5,245.0,7.293697720601438,9.035510680940524,1,test,Compact Entry-Level
568500.0,4.0,2.5,2460,4200,2.0,0,0,3,2460,0,1998,,Sammamish,98074,0,1998,16,16.0,231.09756097560972,16.0,0,0.0,0.625,378.46153846153845,7.8083230503910555,8.343077871169383,3,train,New-Build Suburban Family
352500.0,3.0,1.75,1170,8182,1.0,0,0,3,1170,0,1962,,Shoreline,98155,0,1962,52,52.0,301.28205128205127,52.0,0,0.0,0.5833333333333334,246.31578947368422,7.065613363597717,9.009814110527381,1,train,Compact Entry-Level
342500.0,2.0,1.75,1210,7507,1.0,0,0,3,1210,0,1982,,Kirkland,98034,0,1982,32,32.0,283.05785123966945,32.0,0,0.0,0.875,322.6666666666667,7.099201743553092,8.9237243977064,1,train,Compact Entry-Level
299950.0,3.0,2.5,1870,7942,2.0,0,0,3,1870,0,1990,,Auburn,98001,0,1990,24,24.0,160.40106951871658,24.0,0,0.0,0.8333333333333334,340.0,7.534228326274089,8.980046316633132,3,train,New-Build Suburban Family
425000.0,3.0,2.5,1950,5689,2.0,0,0,3,1950,0,2009,,Snoqualmie,98065,0,2009,5,5.0,217.948717948718,5.0,0,0.0,0.8333333333333334,354.54545454545456,7.576097340623111,8.646465527120377,3,test,New-Build Suburban Family
561000.0,4.0,2.5,2570,5250,2.0,0,0,3,2570,0,1990,,Issaquah,98029,0,1990,24,24.0,218.28793774319067,24.0,0,0.0,0.625,395.38461538461536,7.852050207265889,8.566173813637858,3,train,New-Build Suburban Family
455500.0,3.0,2.0,1460,10311,1.0,0,0,4,1460,0,1975,,Redmond,98052,0,1975,39,39.0,311.986301369863,39.0,0,0.0,0.6666666666666666,292.0,7.2868764117507,9.241063544619024,1,train,Compact Entry-Level
400000.0,3.0,2.5,2970,23100,1.0,0,0,3,1510,1460,1967,,Woodinville,98072,0,1967,47,47.0,134.68013468013467,47.0,1,0.49158249158249157,0.8333333333333334,540.0,7.9966538754626075,10.047631185616188,0,test,Established Family Home
443500.0,4.0,2.5,2040,21781,2.0,0,0,3,2040,0,1994,,Carnation,98014,0,1994,20,20.0,217.40196078431373,20.0,0,0.0,0.625,313.84615384615387,7.621195162809845,9.988839219635631,3,train,New-Build Suburban Family
1234582.0,5.0,3.25,3240,6551,1.5,0,4,4,2500,740,1939,,Seattle,98115,0,1939,75,75.0,381.0438271604938,75.0,1,0.22839506172839505,0.65,392.72727272727275,8.083637203141548,8.787525625532906,2,train,Premium View Property
370000.0,4.0,2.75,3150,67518,1.0,0,0,4,2250,900,1965,,Auburn,98092,0,1965,49,49.0,117.46031746031746,49.0,1,0.2857142857142857,0.6875,466.6666666666667,8.055475141757274,11.120164318733623,0,train,Established Family Home
475000.0,3.0,2.25,1820,8008,1.0,0,0,3,1240,580,1981,,Redmond,98052,0,1981,33,33.0,260.989010989011,33.0,1,0.31868131868131866,0.75,346.6666666666667,7.507141079727608,8.988321188323683,0,train,Established Family Home
580000.0,4.0,2.5,2130,35752,1.0,0,0,3,1490,640,1980,,Sammamish,98075,0,1980,34,34.0,272.30046948356807,34.0,1,0.3004694835680751,0.625,327.6923076923077,7.664346632098617,10.484389460685312,0,train,Established Family Home
518000.0,3.0,1.05,1430,8000,1.0,0,0,4,1430,0,1956,,Bellevue,98007,0,1956,58,58.0,362.23776223776224,58.0,0,0.0,0.35000000000000003,353.08641975308643,7.266128779556451,8.987321812850125,1,train,Compact Entry-Level
525000.0,3.0,2.55,2030,6970,2.0,0,0,4,2030,0,1991,,Issaquah,98029,0,1991,23,23.0,258.62068965517244,23.0,0,0.0,0.85,365.76576576576576,7.616283561580385,8.849513965486398,3,train,New-Build Suburban Family
236000.0,4.0,2.57,2000,5827,2.0,0,0,3,2000,0,1997,,Maple Valley,98038,0,1997,17,17.0,118.0,17.0,0,0.0,0.6425,304.41400304414003,7.601402334583733,8.670429167315095,3,train,New-Build Suburban Family
278500.0,4.0,2.3,1940,6206,2.0,0,0,3,1940,0,1990,,Federal Way,98023,0,1990,24,24.0,143.55670103092783,24.0,0,0.0,0.575,307.93650793650795,7.57095858316901,8.733432966413652,3,train,New-Build Suburban Family
205425.0,2.0,1.7,880,6780,1.0,0,0,4,880,0,1945,,Seattle,98178,0,1945,69,69.0,233.4375,69.0,0,0.0,0.85,237.83783783783784,6.78105762593618,8.821879862683842,1,train,Compact Entry-Level
248000.0,3.0,1.0,950,9400,1.0,0,0,4,950,0,1954,,Bellevue,98006,0,1954,60,60.0,261.05263157894734,60.0,0,0.0,0.3333333333333333,237.5,6.85751406254539,9.148571345578551,1,test,Compact Entry-Level
505000.0,3.0,2.25,1670,1596,2.0,0,0,3,1220,450,2002,,Seattle,98199,0,2002,12,12.0,302.3952095808383,12.0,1,0.2694610778443114,0.75,318.0952380952381,7.421177528595393,7.3758821482150125,3,train,New-Build Suburban Family
657500.0,3.0,2.5,2670,10496,2.0,0,0,3,2670,0,1989,,Sammamish,98074,0,1989,25,25.0,246.2546816479401,25.0,0,0.0,0.8333333333333334,485.45454545454544,7.890208213109961,9.258844781035798,3,train,New-Build Suburban Family
670000.0,3.0,2.5,2700,1438,2.0,0,0,3,1280,1420,2003,,Seattle,98102,0,2003,11,11.0,248.14814814814812,11.0,1,0.5259259259259259,0.8333333333333334,490.90909090909093,7.901377353792616,7.271703706887368,3,train,New-Build Suburban Family
202000.0,1.0,1.0,590,833,1.0,0,0,4,590,0,1926,,Seattle,98122,0,1926,88,88.0,342.3728813559322,88.0,0,0.0,1.0,295.0,6.3818160174060985,6.726233402358747,1,train,Compact Entry-Level
440000.0,4.0,2.25,2160,8119,1.0,0,0,3,1080,1080,1966,,Bellevue,98006,0,1966,48,48.0,203.7037037037037,48.0,1,0.5,0.5625,345.6,7.6783263565068856,9.002085433155724,0,train,Established Family Home
690000.0,4.0,2.5,2700,8810,2.0,0,0,3,2700,0,2004,,Redmond,98052,0,2004,10,10.0,255.55555555555557,10.0,0,0.0,0.625,415.38461538461536,7.901377353792616,9.08375621986673,3,train,New-Build Suburban Family
375000.0,6.0,2.25,3206,5793,2.0,0,0,3,3206,0,2012,,Kent,98032,0,2012,2,2.0,116.96818465377416,2.0,0,0.0,0.375,388.6060606060606,8.073091199693154,8.664578178329295,3,train,New-Build Suburban Family
291000.0,3.0,1.75,1560,9788,1.0,0,0,3,1560,0,1964,2000.0,Seattle,98178,1,2000,50,14.0,186.53846153846155,14.0,0,0.0,0.5833333333333334,328.42105263157896,7.353081920515432,9.18901458526143,1,train,Compact Entry-Level
230000.0,3.0,1.75,1400,6956,1.0,0,0,4,1400,0,1957,2001.0,Kent,98031,1,2001,57,13.0,164.28571428571428,13.0,0,0.0,0.5833333333333334,294.7368421052632,7.244941546337007,8.847503625923641,1,train,Compact Entry-Level
850000.0,4.0,3.25,3090,6744,2.0,0,4,3,3090,0,2013,,Shoreline,98177,0,2013,1,1.0,275.0809061488673,1.0,0,0.0,0.8125,426.2068965517241,8.036249942132116,8.816556768641856,2,test,Premium View Property
